video_id,comment,likes,published_at,replies,is_question
s0HnYY8sK94,"아빠도 이제 한계다. 그냥 나가 살아라. 유전자 탓 사회 탓 환경 탓 하지 마라. 아빠, 엄마도 충분히 기다려줬다. 니 엄마나 나나 어려운 환경에서 컸고, 먹고살기만 해도 바쁘고 힘든 시절이라 사랑을 많이 못 받고 자랐다. 그래서 결혼할때 우리 자식만은 행복하게 키우자고 약속했다. 네게 최고는 아니더라도 최선을 다해주고 싶었다. 내 욕심 참으며 네 옷, 먹는거, 교육 모두 누리게 해주고 싶었다. 네가 철없이 굴때도 앞에선 혼냈지만 뒤에서는 우리가 못해줘서 그런가보다 하며 네 애미랑 많이 울었다. 그래도 자식은 나보다 나은 삶을 살겠지. 나보단 선택의 자유를 누릴 수 있겠지. 이 생각만 하며 꾹 참으며 세월을 보냈다. 그런데 이게 뭐냐? 너 나이가 몇인지 알긴하냐? 도대체 그 나이에 혼자서 할 줄 아는게 뭐냐? 늘 불만은 많으면서 실천하는게 뭐냔 말이다. 거울을 보니 늙은 내 모습에 눈물이 나더라. 그냥... 이제 나가라 이 아빠도 지쳤다. 당장 짐싸라",1,2026-01-02T07:16:07Z,0,True
s0HnYY8sK94,Ai,3,2025-12-24T08:31:27Z,0,False
s0HnYY8sK94,Ai네 댓글 보신분들 속지 마세요,2,2025-12-27T04:15:42Z,0,False
-yOHXbtp0HA,"해당 장면은 지난 21일 서울 여의도 국회의원회관에서 열린 '우리 주식시장, 이대로 괜찮은가? 롤러코스터 삼전닉스 레버리지 ETF'를 주제로 열린 정책토론회 자리에서 촬영된 영상입니다.

구독과 좋아요는 영상 제작에 큰 힘이 됩니다. 감사합니다.",300,2026-07-31T00:42:45Z,19,True
-yOHXbtp0HA,"목소리에서 분노,좌절,간절함이 느껴집니다
많은 사람들이 새로운 희망을 가질수 있도록 국민청원 갑시다",862,2026-07-30T04:32:56Z,3,False
-yOHXbtp0HA,"국민청원  합시다.
코스닥 공매도 금지  제발 해주세요.",1191,2026-07-29T15:26:37Z,9,False
-yOHXbtp0HA,상품 먼든 놈 처벌하라,2301,2026-07-29T10:42:18Z,34,False
-yOHXbtp0HA,코스닥 공매도 금지라도 꼭 추진해주세요  촛불집회 할판입니다,2,2026-08-03T03:50:42Z,0,False
-yOHXbtp0HA,이게 뭐냐고요.. 주식시장 도박판 만들고 코스닥 나락가고. 언제 좋아질까 한숨만 나옴.,746,2026-07-29T09:03:49Z,1,True
-yOHXbtp0HA,진짜 내마음을 대변해주네. 감사합니다.,1219,2026-07-29T10:16:47Z,1,False
-yOHXbtp0HA,레버리지 상폐가 답이다.,2837,2026-07-29T10:06:02Z,26,False
-yOHXbtp0HA,만든놈들 허가한놈 처벌해야함,99,2026-08-02T09:26:21Z,1,False
-yOHXbtp0HA,"특검하라,, 정책실장 당장 경질하라",534,2026-07-29T14:15:22Z,2,False
-yOHXbtp0HA,코스닥 그냥 쓰레기 시장이 되었음,3017,2026-07-29T13:21:47Z,42,False
-yOHXbtp0HA,레버리지 상장 폐지하라!,1162,2026-07-29T07:49:26Z,18,False
-yOHXbtp0HA,"나도 살다살다 이런거 처음본다
이게 나라냐",174,2026-08-02T15:33:45Z,0,False
-yOHXbtp0HA,"진짜 이런장 처음 보네요
너무 힘드네요",577,2026-07-29T22:59:59Z,2,False
-yOHXbtp0HA,대표님 ㅠㅜ 답답하고 속상한 마음 너무잘표현해주셔서 감사합니다ㅠㅠ,384,2026-07-29T15:09:44Z,2,False
-yOHXbtp0HA,삼전닉스 레버리지 때문에 다죽는다,905,2026-07-29T09:19:51Z,1,False
-yOHXbtp0HA,공매도 없에야한다,45,2026-08-02T12:26:42Z,0,False
-yOHXbtp0HA,속이 시원하네요 결자해지하세요,186,2026-07-29T13:57:49Z,0,False
-yOHXbtp0HA,국민들 다 죽게 생겼음. 진짜 심각함,2045,2026-07-29T05:29:01Z,60,False
-yOHXbtp0HA,"도박장  

동감합니다 
눈물납니다",198,2026-07-29T16:04:37Z,0,False
-yOHXbtp0HA,"부동산 양도세 중과 세금폭탄 팔게하고 주가급등시켜 주식으로 돈 끌어모으고 집 보유세 올리고
이젠 금융이득 세금까지..뜯어가네",365,2026-07-29T08:55:55Z,2,False
-yOHXbtp0HA,기업에 악재가 없는데 미친듯이 흘러내린다,388,2026-07-30T03:23:18Z,4,False
-yOHXbtp0HA,숨이 안쉬어진다,184,2026-07-29T15:00:03Z,0,False
-yOHXbtp0HA,큰맘 먹고 사실된 쓴소리ㅠㅠ잘하셨습니다.,127,2026-07-29T13:55:51Z,0,False
-yOHXbtp0HA,특검해서 밝혀내라,1160,2026-07-29T12:56:57Z,8,False
-yOHXbtp0HA,울분이 넘치네요.  절망적인게 느껴집니다.,489,2026-07-30T05:42:20Z,0,False
-yOHXbtp0HA,이런 악마의 상품 기획한 자들과 승인한 자들 모두 한패다. 당장 상폐시키고 관련자들 모두 수사 후 구속시키고 이익금 환수 및 징벌적 손해배상 청구해야 함,1,2026-08-07T20:28:19Z,0,False
-yOHXbtp0HA,특검 꼭 실시하라~~,483,2026-07-29T14:15:57Z,0,False
-yOHXbtp0HA,맞습니다 심각합니다 정상 아닙니다,137,2026-07-29T15:32:00Z,0,False
-yOHXbtp0HA,이번일 그냥 넘어갈수 없다 이게 도박판이지 정상이냐 기본 -60  -70% 이다,269,2026-07-29T14:14:41Z,2,False
-yOHXbtp0HA,무조건 상폐해야 합니다,33,2026-08-02T13:37:27Z,1,False
-yOHXbtp0HA,삼닉스 때문에 코스닥 죽을맛이다~,423,2026-07-29T08:58:29Z,0,False
-yOHXbtp0HA,공매도금지  정말  다 죽겠생겼네,360,2026-07-30T01:24:02Z,1,False
-yOHXbtp0HA,이건 정책 실패가 맞음~~,523,2026-07-29T06:19:49Z,4,False
-yOHXbtp0HA,만든놈들 각출해서 100경 걷어라.,5,2026-08-05T17:07:21Z,0,False
-yOHXbtp0HA,진짜 대책을 마련해야 ㅠㅜ,64,2026-07-29T14:03:07Z,0,False
-yOHXbtp0HA,공매도 금지시키고 레버리지 정지부터 시켜라 무능한 정부야 다죽게생겼다,746,2026-07-29T09:46:49Z,14,False
-yOHXbtp0HA,특검하라.,117,2026-07-29T23:59:47Z,0,False
-yOHXbtp0HA,기존에 주식하던 사람들도 정털리는 장,6,2026-08-03T16:00:38Z,0,False
-yOHXbtp0HA,국정조사해서 만든놈 반드시 처벌해야한다,136,2026-07-29T14:33:17Z,0,False
-yOHXbtp0HA,상장 폐지하라,78,2026-07-29T22:52:07Z,0,False
-yOHXbtp0HA,"주식 20년차 금융위기 코로나 다 겪어봤지만 이런 말도안되는 급락은 처음입니다, 진짜 수많은 국민들 다 죽습니다",350,2026-07-30T10:26:48Z,13,False
-yOHXbtp0HA,이런분이계셔서 마음이놓입니다 응원합니다,1,2026-08-04T10:07:29Z,0,False
-yOHXbtp0HA,"아무것도 안하고 있음
정부 바로 해야지
맨날 검토라는 소리만",59,2026-07-29T12:28:46Z,0,False
-yOHXbtp0HA,"나라를 온통 초토화시켜놨네
주거사다리 각종세금 물가
주식마저 노름판으로 만들었으니
에휴...",274,2026-07-29T11:08:09Z,0,False
-yOHXbtp0HA,삼전 주식이 무슨 도박 같아짐. 코스닥 회사들은 엉망으로 정말 죽을 지경됨,162,2026-07-29T15:21:05Z,0,False
-yOHXbtp0HA,코스닥은 공매도 금지해야된다. 레버리지못지않게 외국인이 갖고노는장이되버렸다,6,2026-08-02T15:23:55Z,0,False
-yOHXbtp0HA,상장폐지해라,270,2026-07-29T14:29:30Z,0,False
-yOHXbtp0HA,지금이라도 진심으로 모든 역량을 발휘하여 수습하세요,43,2026-07-30T04:16:17Z,0,False
-yOHXbtp0HA,목소리에 울분과 분노 절박함이 느껴져요  힘든사람 너무 많아요,105,2026-07-30T10:00:32Z,0,False
-yOHXbtp0HA,"국민을 가난하게 만드는게 저들의 목표 입니다 
다 뒤집어 엎어야 될 정부 입니다",2,2026-08-04T01:40:24Z,0,False
-yOHXbtp0HA,특검합시다,74,2026-07-30T05:58:05Z,0,False
-yOHXbtp0HA,"진짜 공감합니다
피토하게 만들구 개인들 정말 미칠지경입니다",107,2026-07-30T04:17:33Z,0,False
-yOHXbtp0HA,폐지하라,222,2026-07-29T12:42:29Z,0,False
-yOHXbtp0HA,단일종목 레버리지로 국민거지 만든 대통령은 사과부터 하십시요.,1,2026-08-04T08:38:22Z,0,False
-yOHXbtp0HA,마음이 너무 아프네요,54,2026-07-29T11:29:32Z,0,False
-yOHXbtp0HA,최소한 코스닥시장만이라도  공매 금지 해야합니다,99,2026-07-29T14:33:03Z,0,False
-yOHXbtp0HA,상장폐지하라,172,2026-07-29T13:25:25Z,0,False
-yOHXbtp0HA,레버리지에 etf붙힌게 레전드임,1,2026-08-03T22:54:44Z,0,False
-yOHXbtp0HA,속이 다 시원하다,52,2026-07-29T13:17:23Z,0,False
-yOHXbtp0HA,치를떨며 소신발언해주셔서 감사합니다,25,2026-07-29T21:37:38Z,0,False
-yOHXbtp0HA,마음이 아프네….,98,2026-07-30T08:25:30Z,0,False
-yOHXbtp0HA,"잘하셨어요
.국민의 고통을
대변해주십니다.",3,2026-08-02T13:13:20Z,0,False
-yOHXbtp0HA,맞는말씀이십니다~,32,2026-07-29T22:38:21Z,0,False
-yOHXbtp0HA,그래도 사과는 안할 위인들~ 기대 안합니다,85,2026-07-29T10:20:20Z,0,False
-yOHXbtp0HA,이게 나라냐,71,2026-07-29T15:47:52Z,0,False
-yOHXbtp0HA,맞음니다,0,2026-08-03T14:35:11Z,0,False
-yOHXbtp0HA,분노합니다‼️‼️‼️🔥🔥🔥🔥,54,2026-07-30T02:38:17Z,0,False
-yOHXbtp0HA,분노가 온몸으로 느껴진다.,120,2026-07-30T14:12:38Z,1,False
-yOHXbtp0HA,옳소 ㅡㅡ 미 치겟어요 ㅡㅡ,35,2026-07-29T16:41:28Z,0,False
-yOHXbtp0HA,상장 폐지가 답이다,0,2026-08-03T02:47:30Z,0,False
-yOHXbtp0HA,"속시 시원합니다 
망쳐도 이렇게 쉽게 망칠수있을까요",21,2026-07-29T14:53:20Z,0,False
-yOHXbtp0HA,속시원합니다,59,2026-07-29T18:36:40Z,0,False
-yOHXbtp0HA,가장 시원하고 정확하게 말씀하심,54,2026-07-30T10:35:33Z,0,False
-yOHXbtp0HA,이거 진짜 맞는말씀. 역대급 이런 장은 처음 봄.,1,2026-08-03T14:50:21Z,0,False
-yOHXbtp0HA,구속수사하라,219,2026-07-29T07:49:08Z,0,False
-yOHXbtp0HA,살벌하구나 😮😮😮,37,2026-07-29T16:30:41Z,0,False
-yOHXbtp0HA,분노에 좌절 합니다. 이제 희망이 없다.,16,2026-07-30T09:21:59Z,0,False
-yOHXbtp0HA,어제 갑자기 또 공매도 늘어서 오늘도 죽어나가고 있습니다. 진짜 심각해요..좀 어떻게 해주세요..!!,1,2026-08-04T01:00:32Z,0,True
-yOHXbtp0HA,나라를 개판치고 있구나,108,2026-07-29T15:31:57Z,0,False
-yOHXbtp0HA,"레버리지 폐지해라
나라 망하겠다.
만든놈아 빨리 폐지해라.",29,2026-07-29T15:50:12Z,0,False
-yOHXbtp0HA,코스닥 가격이 25년전 가격임  장난도 이런장난은 안친다,46,2026-07-30T06:05:50Z,1,False
-yOHXbtp0HA,정부는 신속히 외국인 공매도 금지를 긴급발동하라 !,0,2026-08-03T13:50:50Z,0,False
-yOHXbtp0HA,진짜 이게 뭐냐구요 정부는 대책을세워라 공매도금지해야한다,121,2026-07-29T13:22:57Z,3,False
-yOHXbtp0HA,"레버리지
상폐하라",131,2026-07-29T10:49:53Z,0,False
-yOHXbtp0HA,"너무 맘 아프다.. 금지 시켜야한다. 이용할려는 세력들은 꼭 구속시키고 환수했으면 합니다... 제발, 현명한 대응이 되길 바랍니다.",66,2026-07-30T05:29:01Z,0,False
-yOHXbtp0HA,외인들이 거하게 먹기 좋은 시장임 20프로 국민이 털리던걸 60프로 국민들이 많은 비중으로 털리고 있는 상황이죠,0,2026-08-03T11:26:26Z,0,False
-yOHXbtp0HA,"레버리지 상장폐지!
속이 시원합니다.",93,2026-07-29T10:45:19Z,0,False
-yOHXbtp0HA,코스닥 미쳤다 정말 이건 정부정책 실패다.,80,2026-07-29T10:38:40Z,0,False
-yOHXbtp0HA,"고생하시네요
정말 속상합니다 레버리지 당장 상폐해라 ㅠ",105,2026-07-30T13:36:22Z,0,False
-yOHXbtp0HA,리더를 잘 뽑아야 합니다.,0,2026-08-03T05:43:58Z,0,False
-yOHXbtp0HA,진심이 느껴집니다ㅠㅠ,96,2026-07-29T16:21:04Z,0,False
-yOHXbtp0HA,저분 참 매번 열심히 해주시네요 행동하는 모습 좋습니다,59,2026-07-30T22:29:24Z,1,False
-yOHXbtp0HA,코스닥은 정말 답이 없음 얼마나 힘들까 느껴진다,28,2026-07-31T18:08:27Z,0,False
-yOHXbtp0HA,😢.,0,2026-08-02T11:28:44Z,0,False
-yOHXbtp0HA,"이거는  진짜  너무너무 합니다.
제발 살려 주세요",37,2026-07-30T14:54:21Z,0,False
-yOHXbtp0HA,딱  맞는 말씀입니다!!!,144,2026-07-30T04:48:56Z,0,False
-yOHXbtp0HA,"레버리지 , 인버스 상패해야됨",134,2026-07-29T10:24:35Z,1,False
-yOHXbtp0HA,진짜 나라가 미쳐돌아간다,0,2026-08-03T11:46:25Z,0,False
-yOHXbtp0HA,속시원합니다.,30,2026-07-29T21:11:12Z,0,False
5MHq-kzFDu8,반대로 5%손실에서 손절하니 급반등하는 경우도 많음.,33,2026-03-01T23:21:59Z,0,False
5MHq-kzFDu8,내이야기네 ;;계엄령때-3.6억손절 ㅋ.ㅋ 지금보니3배올라와있네 하;;,39,2026-02-21T15:38:08Z,0,False
5MHq-kzFDu8,"한 방에 큰 돈 벌겠다는 어리석은 생각을 버려야 된다.
주식으로 한 방에 큰 돈 벌어보겠다는 어리석은 생각을 버리지 않으면 주식뿐 아니라 다른 모든 분야에 해당되는  말이라는 걸 명심하고 세상 살아야 된다.",7,2026-03-18T08:23:11Z,0,False
5MHq-kzFDu8,내가팔면 올라가고 내가사면떨어지고   더열불나는건 팔고나면 올라가는것,54,2026-02-19T02:45:09Z,2,False
5MHq-kzFDu8,2만9천원에. 하이닉스사서 18년을 기다려서 3천프로.................  연구결과  60대 여성이 수익율이 가장높다네요 그냥 가지고있으면...........,16,2026-03-02T12:04:46Z,0,False
5MHq-kzFDu8,"반토막나면 더사넣고 기다려야됩니다
다만 우량주만  ㆍㆍ레버리지쓰면 절대안됩니다 망합니다",12,2026-03-02T09:16:36Z,0,False
5MHq-kzFDu8,한바구니에 당구공을 담아야지,22,2026-02-16T03:17:15Z,0,False
5MHq-kzFDu8,다 맞는 말씀이라고 생각하지만 저는 종목 선정이 첫째라고 봅니다,10,2026-03-08T11:12:20Z,0,False
5MHq-kzFDu8,"이게 쉽지가 않음
손실 나서 팔면 올라가니까 갖고 있는거임
수익나서 떨어지는 경우도 많고 이게 말이 쉽지 어떻게 맞춰 맨날 흔드는게 일인 주식판에서
시드를 적게 하면 개잡코인 들어가도 멘탈 안흔들리고
시드가 크다면 확신이 드는 종목만 사야지..",27,2026-02-15T07:16:59Z,0,True
5MHq-kzFDu8,단타는 무조건 안되요.자기 1달 생활비 용돈 아껴서  10년 20년 적금 부드식 해야 그나마  개미들은  수익봅니다.무조건 단타는  백전백패에요.,8,2026-03-06T07:11:57Z,0,False
5MHq-kzFDu8,빚내서 투자하면 절대 안됩니다,15,2026-03-08T14:39:55Z,1,False
5MHq-kzFDu8,"이광수 대표님 말씀처럼
많은 선한 사람들이 부를 누리기를...",6,2026-03-09T18:00:56Z,0,False
5MHq-kzFDu8,3억 주식으로.... 나도 마음이 아픕니다...,19,2026-02-22T08:02:37Z,0,False
5MHq-kzFDu8,희안하게 초심자의 행운이 따라오는 경우가 많지  모르고 번돈은 내돈이 아니다 항상 명심하세요 공부하세요,6,2026-02-15T08:58:47Z,1,False
5MHq-kzFDu8,"그런건 모르고..
나만 돈 벌면 되니까..",5,2026-02-21T22:32:48Z,0,False
5MHq-kzFDu8,옳은소리 제가 60%까지 손실,5,2026-03-02T07:55:02Z,0,False
5MHq-kzFDu8,"좋은 말씀
참으로 고맙습니다. 
구독&좋아요
꾸욱 누르고 갑니다.
다시 뵙겠습니다. 
새해 복 많이 받으세요^^",6,2026-02-15T07:20:12Z,1,False
5MHq-kzFDu8,감사드립니다. 최고 😊😊❤❤,1,2026-02-17T01:58:20Z,1,False
5MHq-kzFDu8,잘들었읍니다 감사합니다🎉🎉🎉,0,2026-03-07T07:08:35Z,1,False
5MHq-kzFDu8,손절 못하는거는 딱 내이야기,20,2026-02-15T20:09:50Z,2,False
5MHq-kzFDu8,"누구와. 똑같아 
그사람도 에코프로비엠 2억원 사서 3억이. 넘었었는데. 지금은 1억이됨",24,2026-02-15T07:03:11Z,0,False
5MHq-kzFDu8,"일년 365일 하루종일 컴퓨터 보고 있는, 무수한 투자 기법에 익숙할 뿐더러 수백억 굴리는 도사들 속에서 돈 먹겠다고? 주식은 기업의 성장과 기술에 돈을 투자하는 거지 그래프가 올라간다고 너도나도 투자하는 거 아니다.",9,2026-02-15T09:32:35Z,0,True
5MHq-kzFDu8,많이 배우고 갑니다,0,2026-02-17T10:36:57Z,1,False
5MHq-kzFDu8,미련 곰탱이이지. 3억 평가금액이 났다고 돈 버는것처럼 착각에 빠지지않나.,1,2026-04-17T17:13:00Z,0,False
5MHq-kzFDu8,코로나 상승장에 개인들 3%만 수익 나머지 97%손해 농혁 나무증권 통계 이제 장이 흔들리면 벌어 놓우 거 다 까먹는다 저 3명도 2~3천의 수익 이랍니다 주식하지 마세요 차라리 달러를 사세요,7,2026-02-15T09:52:41Z,0,False
5MHq-kzFDu8,잘 듣고 구독 찍고 좋아요 누르고 갑니다.😊😊😊😊😊,1,2026-03-07T11:38:25Z,1,False
5MHq-kzFDu8,"작년 6월 처음 주식을 시작하고 삼전 80주를 사서 두시간 있다가 12만원 이익남기고 팔았다  신났다 미장들어가서 아무거나 잡아서 몇십분 만에 10만원정도 익절하면서  돈을 벌었는데 밤새 20개정도를 사고 팔았는데 돈이 잘 벌렸는데 두달정도 지나니까 묶인 종목이 늘어났다 

 물타기 하다 80%손실난게 수두룩",20,2026-03-01T00:59:17Z,0,False
5MHq-kzFDu8,이미 8년전 부터 그리 하고있음.. 꾸준히 자신만의 규칙을 정해 규칙적으로..  매수와 매도의 타이밍과 비율을 정하고 손실은 적게 수익은 많게!! 빚내지 말고 내 수준에 맞게!! 탐욕은 스스로를 무너 뜨린다!!,15,2026-02-15T16:22:52Z,1,False
5MHq-kzFDu8,100번째 꾹,6,2026-02-15T06:22:36Z,1,False
5MHq-kzFDu8,"PER는 Forward-PER, ROE, EPS 추세를 같이 보고 판단하세요 .. PER만 보고 판단하면 일어날 수 일 : 과열이라 오판하고 낮은 수익률에 던져버림",6,2026-02-15T07:23:07Z,0,False
5MHq-kzFDu8,그렇게 잘알면 벌써 부자가되어 이런곳에 나오지 않아야한다,5,2026-03-09T09:05:01Z,0,False
5MHq-kzFDu8,욕심으로 잃은 걸 누굴 원망해,1,2026-06-21T00:34:21Z,0,False
5MHq-kzFDu8,난 사이버 머니 3억원이 5년만에 18억원이 되었는데... 레버리지는 아주 조금 썼고...,2,2026-03-08T15:38:32Z,0,False
5MHq-kzFDu8,딱 나네 ㄷㄷㄷ,0,2026-05-17T13:15:15Z,0,False
5MHq-kzFDu8,나도 엉겹결에 들어갓다 거의 1억 날림...그냥 포기하고 소소하게...,13,2026-02-22T08:26:10Z,0,False
5MHq-kzFDu8,한국이 안망하면 삼성과 현대는 살아 남읍니다..적은 돈으로 꾸준히 구매 하쎄요..정답 입니다..단기보단 장기 하쎄요..100배 올라 갑니다..그래야 기업도 살아남아요..그대신 열씸히 본인일에 전념 하쎄요..,22,2026-02-16T18:43:21Z,0,False
5MHq-kzFDu8,한탕 하러니 그러지 모르면 그냥 etf 에 한단 10 만원씩만 적금하듯 넣어라,5,2026-03-07T01:49:17Z,1,False
5MHq-kzFDu8,10가지 모두 다 어려운 것들임.,14,2026-02-15T05:21:21Z,1,False
5MHq-kzFDu8,"그냥 믿고 가는 놈을 딱 잡고 시간으로 승부하는 수 밖에요... 그런데, 믿고 가는 놈으로 ""지수""와 ""산업 대장주""가 맞긴 합니다.",0,2026-04-01T04:25:42Z,0,False
5MHq-kzFDu8,"15년전쯤 주식 첨시작했는대
하다보니 전재산을 넣게됐고 결과는 마이너스 94.8% ㅎㅎ;
실화입니다! 그뒤로는 주식 쳐다도 안보다가 우연히 한종목을 알게되서 주식을 다시하게 됐는대
현재 400% 이상 수익으로 예전에 손실난거 다 회복하고 수익중입니다 첨에 큰손실 났을때는 사팔사팔하고 그와중에 상폐도 2종목 경험했었는대;;; 지금  보유한 종목은 첨에 사놓고 한번도 매매없이 그대로 가지고 있습니다 지금도 수익이 큰대 앞으로도 전망이 좋아보여서 몇년더 가지고 가볼 생각입니다 저같은 경우는 초심자의 행운? 그런거 없이 폭삭 망했었는대 지나고나서 지금 생각하면 그때의 실패가 큰 교훈이 된거 같네요",17,2026-03-13T06:08:41Z,2,True
5MHq-kzFDu8,"분할매수로 한놈만 패라!
성공할것이다.
반듣이 우량주만 해라!
수익률 작다생각마라!
나중에 대박난다^^^^^^",4,2026-03-06T11:07:23Z,1,False
5MHq-kzFDu8,"한국인들의 99%는 잃을 수 밖에
조금 잃으면 팔아버리고
조금 오르면 몰빵투자",0,2026-03-22T04:32:16Z,0,False
5MHq-kzFDu8,부동산은 실물자산이고 주식은 투기판임,11,2026-03-09T08:26:24Z,0,False
5MHq-kzFDu8,이런거보고 최근 입문해서 삼전으로 수익보더니 나한테 조언하는분들 많아짐..졸라 웃겨.... 자기 스타일이 있는데.,2,2026-02-17T02:38:09Z,0,False
5MHq-kzFDu8,"10가지 함정
1. 과도한 레버리지
2. 무분별한 정보 맹신
3. FOMO (Fear Of Missing Out)_놓칠까 두려움
4. 묻지마 투자
5. 장기 전략 부재
6. 과도한 거래 수수료
7. 비현실적 수익 기대
8. 손절매 실패
9. 분산 투자 무시
10. 감정적 결정",4,2026-02-17T05:12:41Z,1,False
5MHq-kzFDu8,ㅋ. 나는 올라가는 etf에 위로 더 추매하는데,2,2026-02-28T06:04:24Z,0,False
5MHq-kzFDu8,"없어도 어렵지 않을돈으로 해야됩니다. 뉴로메카 평단 28 계속 한주두주 이렇게 모아서 47주가 되었는데 13만원까지갈때 수익률이 350%. 근데 안팔았어요. 내렸어요. 8만대로.
이 기업 맏으니까요.",2,2026-02-18T03:18:58Z,0,False
5MHq-kzFDu8,저는 건전하게 투자하고있었네요,0,2026-06-18T22:14:57Z,0,False
5MHq-kzFDu8,주식도은행에예금했다고생각하고연10프로이자 만족한다면 어렵지않다,0,2026-04-28T22:27:14Z,0,False
5MHq-kzFDu8,재무제표 보는법부터 공부하기! 차트공부하기 하루에 종가만 확인... 일주일 주봉만 봐도 됨. 코스피200  코스닥150  종목만 사기! 진입시 손절가는 필히 정하기... 주식 생각보다 쉽고도 어렵다!,1,2026-02-20T14:27:27Z,0,False
5MHq-kzFDu8,"명언이네요
그게 어데 마음
같이되나요
단 여유자금으로
4~5년 버틸
각오가있어야
될거입니다
삼전7층에서5년
이젠 숨",46,2026-02-15T07:26:11Z,9,True
5MHq-kzFDu8,"이거 다 헛소리임. 개인잘못으로 몰아가는데, 사실 가짜 정보 찌라시 터트리고 설거지하는 세력이 문제. 시장관리를 제대로 할 생각 없고 눈 먼 돈 서로 나눠먹기 게임임",2,2026-02-17T02:18:09Z,0,False
5MHq-kzFDu8,도박이다,0,2026-03-09T21:58:14Z,0,False
5MHq-kzFDu8,주식중독은 진짜 종아리 시퍼렇도록 백대맞아야  고쳐진다,0,2026-03-09T11:18:19Z,0,False
5MHq-kzFDu8,개미가 매수한종목 기관은 거기다 공매로 던진다 개미투자가 돈번사람없다 주식하지 마라!!!,0,2026-03-20T09:37:20Z,0,False
5MHq-kzFDu8,"딱 저네요ㅠ
빛은 아니지만 2차전지 특히 금양 억대잃엇습니다",0,2026-03-19T03:13:42Z,3,False
5MHq-kzFDu8,망하지 않을 회사에 장투,0,2026-09-08T00:46:49Z,0,False
5MHq-kzFDu8,"주식은 도박이다
난 안한다",1,2026-03-11T08:05:28Z,0,False
5MHq-kzFDu8,의식주에만  투자  소형주말고  중 대형주에만,0,2026-07-12T14:35:15Z,0,False
5MHq-kzFDu8,어떻게 이렇게 말 하면서 남을 위하는척?,0,2026-02-16T12:20:13Z,0,True
5MHq-kzFDu8,"여유 자금으로 수출하면 이익이 계속 나는 회사 주식만 사야 합니다 ~ 반도체주, 방산주, 원전주  등등 
비싸다고 생각되면, 사지 마세요 
싼 값에 사면, 버틸 수 있습니다.",8,2026-02-15T06:57:50Z,0,False
5MHq-kzFDu8,"영상 감사합니다 ~
주식초보로 단타해야겠다생각하고 팔았는데 얼마나 후회했는지모릅니다 ^^
단타보다 장기투자해야겠다고 생각을 바꿨습니다
즐거운 연휴되세요 😂",9,2026-02-15T00:09:30Z,1,False
5MHq-kzFDu8,주식에 0원은 없다. 10토막이 난다한들 0원은 안된다. 조금이라도 남든가ㅜ아님 왕창 마이너스거나 둘 중 하나,6,2026-02-21T13:36:19Z,1,False
5MHq-kzFDu8,도움 안된다...정답이없다..주식엔...돈1000만원가지고 30종목 가지고있니....,0,2026-02-16T21:50:33Z,0,False
5MHq-kzFDu8,올치,0,2026-03-13T07:40:44Z,0,False
5MHq-kzFDu8,주식의 진정한맛을알려면 몰빵해야지,4,2026-02-15T08:05:05Z,0,False
5MHq-kzFDu8,5년전에1억5천날리고 쳐다보지않음,2,2026-03-07T04:32:11Z,1,False
5MHq-kzFDu8,그럼 넌 세상의 돈 다 가졌겠네.ㅋㅋ,1,2026-02-22T04:04:15Z,0,False
5MHq-kzFDu8,"손익보다.손실에잘팔아야.
돈이된다.",0,2026-03-25T11:01:17Z,1,False
5MHq-kzFDu8,"딱~~지금 나 처지갔군요~~ㅠㅠ
정말. 맞는말습니다..",1,2026-02-15T13:32:24Z,1,False
5MHq-kzFDu8,말이되나,1,2026-03-07T07:02:51Z,0,False
5MHq-kzFDu8,"이득없이 풀매수
손해보고 풀매도",0,2026-03-15T16:39:52Z,1,False
5MHq-kzFDu8,정치인 우두머리들은 이런 사단이 올껄 다알겟지요 국민을 우롱햇다고봄,0,2026-03-07T22:10:18Z,0,False
5MHq-kzFDu8,지금이라도 빗투하라. 100조가 기다리고있다. 때돈 벌 기회다.,0,2026-03-08T08:12:59Z,0,False
5MHq-kzFDu8,이런말~곧이듣지맙시다~전문가말듣다가는~쪽박요~~~~~~,0,2026-03-20T11:50:42Z,0,False
5MHq-kzFDu8,삼전5만 하이닉스20만일때 들어가서 너무행복해하는중이다 ㅋ,1,2026-03-02T13:05:29Z,2,False
5MHq-kzFDu8,"너도 나도 2차전지 샀었지~
거품 꺼지니 반에 반토막 지금 반도체 관련주들은 어떨지 그래도 실적이 받혀주니 폭락은 않겠지~ 주식은 아무도 모른다",3,2026-02-16T02:16:57Z,0,False
5MHq-kzFDu8,"전 이렇게 투자합니다..
미래에셋 ISA 계좌로 매달 15일 주가에 상관없이 KODEX S&P500 70만원 KODEX 나스닥 30만원 입금합니다.. 딱 두종목만 꾸준히 10년간 넣을겁니다.. 10년 끝나고 5년 묵혀두면 그 다음부터 한달에 300씩 꺼내써도 원금 안 줄어듭니다.. 죽을때 애한테 물려주면 됩니다..",0,2026-03-11T14:35:53Z,0,False
5MHq-kzFDu8,이번에 삼전 4년동안 기다리면서 수익 1억8천만원 벌었는데 진짜 4년동안 너무 힘들었습니다.. 다들 성투 하시길,9,2026-03-08T05:44:50Z,1,False
5MHq-kzFDu8,촬영일시도 올려주세요 😊,4,2026-02-16T10:40:29Z,0,False
5MHq-kzFDu8,경제학 같은 튜버 느낌나네요?.?,3,2026-02-15T05:12:50Z,1,True
5MHq-kzFDu8,"단타위험성 가만하고 해야지.
빚없이 통장0원된거면 벌은거네요ㅋ",0,2026-03-12T00:02:33Z,1,False
5MHq-kzFDu8,"기업이 사업분야에서  다른경쟁기업이 따라올수없는 독보적인 1위기업을 잘골라
사업분야에 부진이 있다가 시장이 살아나 흑자로전환될때  여유자금으로 저가에매수
해 묻지도 따지지도말고 잦은매매없이 중장기투자
해  수익률 200프로이상나면 원금투자금만큼 매도하고 주식이 오르든 말든 원금은 회수했으니 즐기면서 시간에투자 하면 돈버는걸  간단한건데  욕심과 본능을 거스르지못하는 사람심리
ㅋㅋ 😂",0,2026-03-25T09:02:00Z,0,False
5MHq-kzFDu8,한바구리 달갈한알 뭐가문제냐  구글챗폿 기본값 지키라,0,2026-03-16T11:24:15Z,0,True
5MHq-kzFDu8,하긴 뭐.. 대통부터 부동산은 투기고 주식은 투자라고 우기는데...,14,2026-03-07T09:14:44Z,4,False
5MHq-kzFDu8,왜 빚으로 주식을 하냐 빚으로 주식하는 사람치고 돈 버는 사람 못봤음.,0,2026-02-22T13:17:16Z,1,True
5MHq-kzFDu8,"테슬라 per400이라도 끝까지가자
전무후무한 우주프로젝트 1주 1000만찍고 직업이 없어지는 그날 연금전환할때까지 믿고간다",3,2026-02-15T07:15:51Z,0,False
5MHq-kzFDu8,정부개입은 정부는 무슨종목에 투자하는지를 먼저알고 있다 그럼 정부관계자들이 먼저 선점하겠지 그리고 자금이 투입되면 폭등하겠지 그렇게 되면 주식충들이 들어와서 올려주겠지 그담에는 정부넘들을 처묵고 빠지겠지 다음은 국민들 쪽박차는거야 결군 정부가 개입하는거는 비리라고 보면 된다 주식충들아 답답하네,0,2026-03-08T12:17:58Z,0,False
5MHq-kzFDu8,재명이가 주식하라고했는데,1,2026-03-08T05:23:37Z,0,False
5MHq-kzFDu8,한종목에 몰빵하구 열씸히 일하쎄요..10년 기다려 보쎄요..절때 안까먹어요..공부하쎄요..,3,2026-02-16T18:37:56Z,0,False
5MHq-kzFDu8,주식 접한지 20년차... 난 단타같은거 예전에 해보려고 했는데... 정말 힘듬.. 이번해도 해보려고 했는데.. 물림.. 정말 힘듬... 그냥 놔둔거 수익률 50프로같다가 30프로 같다가 뒤죽 박죽.. 2년동안 묵혀두었음... 그냥 놔두려고 함....,5,2026-02-15T07:59:35Z,2,False
5MHq-kzFDu8,"지금 전자닉스 제외하고 거의 10~20프로  모두 손실인 현실 즉 주식 투자한 사람이 책임
하지만 투기꾼으로 몰고간 환경 조성은 이재명 정부와 일부 언론 책임",1,2026-05-20T01:21:51Z,0,False
5MHq-kzFDu8,유튜버들 때문,0,2026-04-06T22:06:20Z,0,False
5MHq-kzFDu8,"코끼리를 바늘로 한방에 죽이는 방법 바늘로 코끼리를 찌른다.
코끼리가 죽을때 까지 기다린다.
코끼리가 죽으면 바늘을 뽑는다.
간단하죠?
없어도 그만인 여윳돈을 우량 종목에 넣는다
목표치를 설정하고
기다린다. 끝. ..",3,2026-02-17T20:09:19Z,0,True
5MHq-kzFDu8,테마주 급등주 per 20 30이상 사지마,6,2026-02-15T06:12:50Z,2,False
5MHq-kzFDu8,하하하,2,2026-03-01T15:00:10Z,0,False
5MHq-kzFDu8,주식은 투자가 맞아요 좋은 회사에~장투하면  틀림없이 수익을 줍니다 ~~,1,2026-03-08T08:24:14Z,1,False
5MHq-kzFDu8,"올해 원전주의시대
두산에너빌리티ㆍ  우리기술. 우진ㆍ한전산업 3배이상범",0,2026-02-17T04:50:32Z,0,False
5MHq-kzFDu8,주식 2년차인데 레버리지 투자 빼고 다 해당되네요..나쁜 습관 고치려고 자성하고 있어요... 전 보유 종목 8개 중 한 때 수익을 안겨 주다 무한 하락한 두 종목에 대한 근거 없는 집착 내지 애정으로 손절을 못해 계좌가 엄청 녹아 내렸네요..ㅠ. ㅠ 12:17,0,2026-08-11T14:14:29Z,2,False
5MHq-kzFDu8,뭐 지들이 한다는데  냅두면안되요 주식해서 물리게 허공에 떠있는 돈 잡다가 진자 멍 해질걸  차리리 주식살봐에야 물건을사 잡히지도  않은 조작 잘 주식  딴사람이 있으면,1,2026-03-01T00:31:45Z,0,False
a8uDvaT2wiE,앞에서 했던 말과 뒤에서 하는 말이 서로간에 논리에 어긋나네요.,4,2025-10-21T21:24:54Z,1,False
a8uDvaT2wiE,수고하십니다,1,2025-10-21T12:56:56Z,1,False
a8uDvaT2wiE,🎉,1,2025-10-21T12:57:08Z,1,False
a8uDvaT2wiE,틀린말은 없네. 100공감.,0,2025-10-23T12:56:12Z,1,False
a8uDvaT2wiE,"주식시장에서 돈버는 주최는
거래수수료 받는 증권회사. 돈 빌려주는 금융기관, 거래세 받는 정부 뿐이다.
투자자들은 수익과 손실을 반복하면서 결국 다 잃게 되어 있다.
투자참여자는
투자조작, 투자사기치는 극히 일부만 수익을 얻는다.",1,2025-10-25T01:47:19Z,1,False
a8uDvaT2wiE,챗지피티가 만든 유튜브,1,2025-10-25T06:14:49Z,1,False
a8uDvaT2wiE,이것저것 짜집기 하신듯,1,2025-10-21T21:25:05Z,1,False
a8uDvaT2wiE,정답! 총체적 노답인 국장을 해서,1,2025-10-21T17:25:13Z,1,False
a8uDvaT2wiE,자동사냥채널,0,2025-10-22T01:26:44Z,1,False
-vPbgWEJg_g,"💸맞벌이 부부의 월급날 루틴

📍저희는 아내 수입을 생활비로 사용하고, 남편 수입으로는 저축+투자, 고정비를 지출해요.
📍지출은 ‘5가지 통장’ 으로 나누어 생활하고 있는데요.

1️⃣ 저축/투자
저축과 투자를 위한 증권사 통장에 넣고 주식을 매수해요

2️⃣고정지출 자동이체
고정지출 통장에 일정한 금액을 넣어놓으면 자동으로 이체돼요
그래서 월급날 ‘대출이자, 관리비, 보험료, 통신비를 자동이체 통장에 미리 이체해 두죠

3️⃣ 생활비통장
매월 1일에 생활비 통장에 60만원을 자동이체 해요
가계부에 지출내역 적어놓고 ‘주 15만원’으로 살기 하고 있어요
가계부 없으면 진짜 불안해요‼️

👉예비/신혼부부 가계부
https://link24.kr/2Uk9bsm

4️⃣ 용돈통장
둘 다 집에 있는 시간이 많아서 10만원 씩 용돈을 받아요
가끔 남편이 용돈으로 과자 사주며 생색낼 때도 있어요😆
중고등학교 시절로 돌아간 것 같은 느낌이라 재미있더라고요
용돈제할 때 중요한 점은 서로 어디에 사용했는지 절대 묻지 않기!!

5️⃣ 예비비 통장
경조사, 생일, 이벤트 등 갑작스러운 지출이 있으면 당황스럽죠
경제 시스템이 한 번 무너지면 “에라 모르겠다”하는 마음이 들 수 있고요
그래서, 미리 이벤트를 예측하고 따로 모아두어요.

📍여러분은 돈관리 어떻게 하시나요?

✔️ 이 영상은 유료광고를 포함하고 있지 않습니다.
✔️ 해당 영상은 투자 권유가 아니며, 모든 투자에 대한 책임은 본인에게 있습니다.

💌 INSTAGRAM : https://www.instagram.com/jaetekong/
💌 비지니스 및 협업문의: bsybom6@gmail.com",94,2025-12-23T04:19:55Z,8,True
-vPbgWEJg_g,"조롱하는 인간들 있는데 5년 후 아마 입장이 많이 달라져있을거야
이미 이 부부는 자산을 늘리려는 한 배에 같이 타 있음",1412,2025-12-25T15:33:25Z,12,False
-vPbgWEJg_g,내비둬~~ 본인들이 저리살고있다는데 뭔참견들이 이리많어ㅋㅋㅋㅋㅋㅋ 진짜웃기는양반들이네,306,2025-12-25T14:13:31Z,1,False
-vPbgWEJg_g,우와 애기 태어나면 답없어요ㅜㅜ 신혼때 많이모으세요,124,2025-12-26T09:32:00Z,0,False
-vPbgWEJg_g,용돈이 십만원…? ㅋㅋㅋㅋㅋ,1283,2025-12-23T09:02:36Z,49,True
-vPbgWEJg_g,"안녕하세요. 정말 대단하십니다.
이렇게살면 향후 10년내에 부자반열에오릅니다.
굳건하게 나아가세요",9,2026-01-20T07:05:51Z,0,False
-vPbgWEJg_g,"왤케 뭔가부정적인거같지..보기좋은데 되게 같이 합의점잘본거같구 노력한거같구 멋진데,,읭.,,왜지,,의잉..,왜지진짜왜지 되게열심히 잘사시는데,,.???왜 부정적이지,,, 되게머싯어요 예쁜사랑 오래오래하세요!!!",4,2026-01-20T14:16:05Z,0,True
-vPbgWEJg_g,"통장 구성이 참  좋아보입니다.
지출을 잘 통제하시는 게 대단해보여요.",11,2025-12-26T08:38:27Z,0,False
-vPbgWEJg_g,다들 왤케 남의 사정에 열을 올리는지 전 현명하다고 봐요!,35,2025-12-25T17:44:32Z,0,False
-vPbgWEJg_g,저렇게 관리하려는 노력 자체가 대단한거..,3,2025-12-27T00:17:09Z,0,False
-vPbgWEJg_g,"다들 자기들 기준으로만 생각하니..ㅎㅎ
잘 하고 계시는데 응원할게요~~",0,2026-02-11T05:31:38Z,0,False
-vPbgWEJg_g,진짜 존경합니다. 저도 고민해야겠어요.. 이렇게 살면 안되겠어!!!,2,2025-12-27T00:00:22Z,0,False
-vPbgWEJg_g,용돈..10으로 하시다니 대단해요!!,0,2026-02-19T01:22:38Z,0,False
-vPbgWEJg_g,굿이네여 저도 이렇게 야무진 와잎이 있으면 좋겠음 😢,1,2026-01-25T00:27:26Z,0,False
-vPbgWEJg_g,큰 부자 되실 듯. 리스펙트 합니다. 지금 좀 고난해도 언젠가 큰 부가 되어 돌아올 거에요.,0,2026-01-26T22:09:46Z,0,False
-vPbgWEJg_g,기특해요 ❤,0,2026-01-11T16:21:05Z,0,False
-vPbgWEJg_g,저렇게까지 살아야하나?하는 애들아...20년뒤에도 그런말 나올까?,1,2026-10-05T06:52:37Z,0,True
-vPbgWEJg_g,10만원을 터치하지않...?음? 그걸 터치하는건 양아치 아니오?,296,2025-12-25T08:43:43Z,2,True
-vPbgWEJg_g,깔끔하다.정리 잘했내요.물론 애기 태어나면 다시 수정하겠지만,0,2026-01-26T10:47:58Z,0,False
-vPbgWEJg_g,선생님. 각자 10만원 용돈으로 한 달 살 수 있는 비법을 유투브로 올려주시면.. 구독자가 어마어마 해질 것 같아요..,101,2025-12-23T13:06:46Z,5,False
-vPbgWEJg_g,모을수 있을때 모으세요~ 외벌이였다가 맞벌이 하고있는데 용돈은 그전부터 없었고 (옷 등은 잘 안사지만 사더라도 예비비에서 나감) 지금도 없는데 사회생활 잘하고 있고 아내인 제 월급 100퍼 적금해서 통장살림이 쭉쭉 나아지고 있습니다^^ 신경쓰지마시고 지금처럼 쭉 달리세요!! 응원합니다!!,0,2025-12-26T13:44:23Z,0,False
-vPbgWEJg_g,구독히고 갑니다.,0,2026-02-12T09:46:44Z,0,False
-vPbgWEJg_g,전 한달 용돈 10만원에서 무릎꿇고 갑니다... 죽었다 깨도 안되는 금액이에요.....,3,2026-01-11T10:06:24Z,0,False
-vPbgWEJg_g,와씨 대단하다 멋지네요,0,2025-12-29T11:12:51Z,1,False
-vPbgWEJg_g,알뜰하십니다요,1,2026-01-10T15:15:51Z,0,False
-vPbgWEJg_g,똑부러지게 생활하는거 멋지네요... 노후 대비는 확실히 할 수 있을 것 같네요 근데... 각각 용돈 10만원으로 생활이 가능해요? ㅜㅜ,0,2026-02-16T10:29:34Z,0,True
-vPbgWEJg_g,와 대단하네요 용돈 10만원이면 진짜 열심히 사시는 부부인듯. 자극 받고 갑니다👍,1,2026-01-11T03:15:27Z,1,False
-vPbgWEJg_g,관리비 15만 본적이 없는 숫자인데...19평아파트 사는데 관리비가 26 기본이에요ㅠㅠㅠ그래도 저렇게 딱 정해서 쓰는게 돈 아끼는게 맞는거같아요...노력해야겟어여,0,2026-02-12T07:39:04Z,0,False
-vPbgWEJg_g,"용돈 10장으로 가능한가요?
친구나 회사동료랑 술한잔해도 10만원인데..😊",32,2025-12-24T12:17:45Z,1,True
-vPbgWEJg_g,남편은 재택하고 와이프는 알바하나봄 그래서 10으로 되는거 같음,68,2025-12-25T13:22:29Z,0,False
-vPbgWEJg_g,"혹시 통장으로 쪼개는이유가 있을까요?
여러카드 혜택받으며 쪼개는게 좋은방법 아닐까요?😅",0,2025-12-27T00:26:31Z,0,True
-vPbgWEJg_g,안되진 않는데 엄청힘듬... 일 집 일 집 일 집임...,1,2025-12-26T04:59:11Z,0,False
-vPbgWEJg_g,아끼는건 좋지만 저렇게살다가 골병날듯,5,2025-12-26T05:15:33Z,0,False
-vPbgWEJg_g,저희랑 분류는 비슷하네요~ 저희가 1.5배는 마니 쓰지만 ㅋㅋ 용돈은 20이에요,0,2025-12-25T13:12:23Z,0,False
-vPbgWEJg_g,"저희도 이렇게 해서 등기쳤고 계속 하고 있습니다.
다만 저희는 예비비가 많이 남아서 없애버렸습니다.",0,2025-12-26T12:31:58Z,0,False
-vPbgWEJg_g,"istj 스러운 느낌... 멋지다 못해 존경스러움
내 통장 반성해라",0,2025-12-28T13:27:36Z,0,False
-vPbgWEJg_g,둘 다 비자금 통장도 까셔야죠,1,2025-12-26T10:40:20Z,0,False
-vPbgWEJg_g,의류나 미용등 좀 큰돈 나가게되는건 예비비 통장으로 사용하나요??,0,2025-12-27T08:06:11Z,1,True
-vPbgWEJg_g,용돈통장에 넣어놓고 가족카드로 쓰나요?  개인카드로 쓰려면   용돈통장에 20넣고 거기서 개인한테 또 10씩 옮기는거에요?,0,2025-12-23T22:53:13Z,1,True
-vPbgWEJg_g,아직 아이가 없나보우~~~~ ㅎㅎ,4,2025-12-25T19:18:14Z,0,False
-vPbgWEJg_g,우리 신혼때 보는거 같네요…. 진짜 개 힘들고 개 빡센데 초반에 빡 힘줘서 알뜰살뜰 살아야 후에 편해져요😂 가난이 몸에 배어있어서(?) 잘 아끼고 살게 됨,1,2025-12-29T03:44:48Z,1,True
-vPbgWEJg_g,용돈 20진짜 대단하다..,0,2026-02-17T13:09:54Z,0,False
-vPbgWEJg_g,가계부 쓰는 사람 중에 돈 많이 모은 사람 딱 한 명 밖에 못봤는데,0,2025-12-29T06:53:28Z,0,False
-vPbgWEJg_g,저축이랑 투자는 얼마씩 하시는지 궁금해요!!,0,2025-12-28T07:25:22Z,1,True
-vPbgWEJg_g,"용돈 기준이 어디까진가요?회사 점심, 친구들 약속 다 포함인건가요?",0,2025-12-29T02:53:26Z,1,True
-vPbgWEJg_g,그냥 혼자 살게요 ... 😢,0,2025-12-26T07:51:20Z,0,False
-vPbgWEJg_g,"통장을 쪼개어 사용하시는데, 통장의 명의는 누구꺼든 상관이 없나요?? (세금부분에있어서) 

저희도 이제 결혼을 준비하며 재정관리 어떻게할지 머리를 싸매고있습니다 -!!",0,2026-10-09T02:03:33Z,0,True
-vPbgWEJg_g,진짜 좋은데 단점은 용돈이나 다른 소비가 제한되는거 밖에 없는듯 근데 이건 본인들이 정한거니 뭐,1,2026-01-19T17:58:59Z,0,False
-vPbgWEJg_g,가계부는 어떤 양식 쓰세여?,0,2025-12-28T22:52:51Z,1,True
-vPbgWEJg_g,"관리비에 언급되지 않은 차액이 거주비신감?
저는 생활비로 변동지출과 식대를 묶진 않고
분리하는편입니다. 

1인가구고 점심은 회사에서 주니 월평균20 목표잡고 25는 안넘는?
+ 내가 사고싶은 걸 지르기 위해 다를 걸 처내야하기에 조금 더 항목을 나누게 되더라고요.
+ 근데... 내 평소식비는 과감히 처내는데 부모님이나 동생넘 먹일 때는 안아끼는거 보면 신혼부부가 식대까지 상세히 처내는 건 조금 그럴까요?",0,2025-12-26T07:57:04Z,0,True
-vPbgWEJg_g,"용돈10과 별개로
회사생활하면서 직급이 올라갔어도 개인돈 잔바리 지출이 많아지는 곳이면 회사수준도 생각해봐야됨...",0,2025-12-26T21:31:06Z,0,False
-vPbgWEJg_g,10만원으로 가능한 사람들 인가봐요 신기하네,0,2025-12-27T02:10:13Z,0,False
-vPbgWEJg_g,식비는 없나요...? 저금액이 가능한가요?...그것도 따로 올려주심 좋을꺼같아요,1,2025-12-24T11:01:23Z,2,True
-vPbgWEJg_g,개굿,0,2026-01-19T10:55:44Z,0,False
-vPbgWEJg_g,"용돈 10만원... 터치 할수가 없지,,",0,2026-01-23T13:06:42Z,0,False
-vPbgWEJg_g,재테콩님 궁금한게 있는데요 포인트혜택받는 신용카드쓰기 vs 체크카드쓰기 어떤걸 추천하나요? 일단 저는 신용카드쓰고 바로 돈 넣어두고 할부는 안하구요 그럼 월 총 6만원정도 포인트로 입금 받거나 할인받아요 이 6만원 때문에 체크카드쓰면 손해보는 것 같은 느낌이라 이렇게 루틴화하고 있는데 맞는건지 모르겠어요😢,0,2025-12-27T12:00:00Z,2,True
-vPbgWEJg_g,통장은 남편명의 아내명의 반반 해서 아무거나로 하면 될까요 ?,0,2025-12-27T10:24:06Z,0,True
-vPbgWEJg_g,아날로그 피피티는 오랜만이네요,0,2025-12-30T02:02:33Z,1,False
-vPbgWEJg_g,"웰케 식비가 적게들지? 했더니 아이들이없네요~ 신혼일때 바짝 모아둬야되요, 아이태어나면 훅훅 나갑니다, 크면클 수록 식비 교육비도 만만치않더라구요",0,2026-01-27T15:43:45Z,0,True
-vPbgWEJg_g,"악착같이 관리하고 모으는 것보다 페이와 복지포인트 전부 더주는곳으로 최대한 이직해서 시드키우고 사는게 좀 더 현명하다고 생각합니다. 사람마다 다르다고 하지만, 책임질게 더 많아지면 한정적인 수입으로만 지출을 커버해야할텐데 조금이라도 시간적 여유가 있을 때 커리어업하는게 맞다고 봐요.",0,2025-12-27T08:31:30Z,1,False
-vPbgWEJg_g,고정지출 3~40만원단위로 분리해서 신용카드 활용하는게 낫지않습니까?,0,2025-12-26T05:40:52Z,1,True
-vPbgWEJg_g,야무지다 ~~~~~,0,2026-01-21T08:10:08Z,0,False
-vPbgWEJg_g,저축/투자 비용 안 써있잖아요.. 이 부부가 얼마를 모으고 있고 얼마를 모았을지 모르면서 참견해요. 부족하면 사용금액 늘리겠죠,2,2026-01-11T02:47:06Z,0,False
-vPbgWEJg_g,왜남편이 더많이 돈드는거같지,1,2026-02-02T13:19:48Z,0,False
-vPbgWEJg_g,대출이 없는게 큰 거 같아요!!,0,2026-02-16T11:31:14Z,0,False
-vPbgWEJg_g,시스템은 우리랑비슷하네 근데 돈단위가 거의 이십년전 물가같은데..ㅋㅋ,11,2025-12-26T17:00:13Z,0,False
-vPbgWEJg_g,"식비 둘이서 주 15 가능함, 근데 용돈 10은..술담배친구 아무것도 안하고 오로지 일 집 일 집이면 가능함.",0,2026-02-10T11:31:31Z,0,False
-vPbgWEJg_g,나스닥이나 주식에 매달 얼마 들어가나요??,0,2025-12-28T06:30:36Z,1,True
-vPbgWEJg_g,회사 다니시면 회사 사람들한테 커피 쏴야하는 날도 있을텐데,23,2025-12-25T03:41:04Z,1,False
-vPbgWEJg_g,커피 돌릴돈은 따로 있으셔야 할텐데..,0,2025-12-26T13:28:18Z,0,False
-vPbgWEJg_g,와 엄청나네,0,2026-01-21T13:59:24Z,0,False
-vPbgWEJg_g,예비비 남으면 어떻게 사용하시나요? 그냥 두고 사용하시나요?,0,2026-02-16T11:01:08Z,1,True
-vPbgWEJg_g,"저희는 외벌이에 남편 용돈 30, 저는10만원이요. 그 마저도 미국주식에 매달 소수점 매수중이네요ㅋㅋ 맞벌이를 할 수 있다면 지금상태로 굴리고 제가 버는 돈은 100% 자본투자하고 싶네요ㅋㅋ",0,2025-12-29T15:15:06Z,0,False
-vPbgWEJg_g,저정도면 내 월급이 저 두분 월급보다 많은거 같은데 ㅋㅋㅋㅋ,1,2025-12-26T23:09:06Z,0,False
-vPbgWEJg_g,우린 남편이 번돈은 100% 연금과 저축하고 와이프꺼로 생활비 여행 아내 비자금,0,2026-01-19T23:30:57Z,0,False
-vPbgWEJg_g,렌트 대출이 없네 부럽노,0,2026-02-03T13:12:45Z,0,False
-vPbgWEJg_g,"다들 뭐라하는데 우리 회사에서도 결혼하고 아이 낳고 한달 용돈 10만원으로 살고 계신 분 계심... 커피는 카누, 식사는 사내식당에서 해결. 하고 싶은 거 다 하면서 돈 모을 생각하면 돈을 무진장 벌어야하는데 그게 아니면 돈을 아껴써야 돈을 모아지는 걸 몸소 보여주기 때매 난 이 분과 내 회사분을 존경함.",1,2025-12-28T03:50:17Z,0,False
-vPbgWEJg_g,"회사에서 점심을 주고, 도보로 출퇴근이 가능한가보네요..? 차도 없으신가 기름도안넣으시고
주거비도 없는거보면 자가에 대출하나도 없으신거구요?",1,2025-12-26T01:02:26Z,1,True
-vPbgWEJg_g,저렇게하면 나중에 연말정산 때 괜찮나요?,0,2026-07-08T01:53:50Z,1,True
-vPbgWEJg_g,이보다 수입 넘치는 분량은 어떻게 하시나요???,0,2025-12-23T13:29:29Z,1,True
-vPbgWEJg_g,용돈10만원인데 당연히 터치하면 안되는거지 ㅋㅋㅋ,0,2026-01-23T18:17:14Z,0,False
-vPbgWEJg_g,땍! 물가키있는데 담뱃값만 15만돈이요!,0,2025-12-26T07:43:02Z,1,False
-vPbgWEJg_g,저축 투자는 얼마씩 하나요?,0,2025-12-27T16:04:01Z,1,True
-vPbgWEJg_g,와 영상에 생활비 항목이 있는데도 용돈10만원 거리는거는. ..... 여기 백수나  미자 많은듯,2,2025-12-28T13:03:12Z,1,False
-vPbgWEJg_g,1주에 25000원 커피한잔만 묵네,2,2025-12-25T02:30:25Z,0,False
-vPbgWEJg_g,주식은 자동모으기로 사시는건가여?,0,2025-12-29T02:13:39Z,1,True
-vPbgWEJg_g,걍 생활비 받고 사는게 편하다 ㅋ,0,2025-12-29T06:45:38Z,0,False
-vPbgWEJg_g,저거는 부부가 같이 미래를 보고 가는 상황이면 더할나위없는 천생연분임 만약 저기에 아이가 있다면 상황은 180도로 바뀜 저렇게 관리하는 사람들은 아기가질 생각 자체를 안할테지만 한 50살 쯤 넘으먄 이분들은 십억단위 자산가는 되어 있으실거,0,2025-12-26T02:43:44Z,1,False
-vPbgWEJg_g,"우리집하고 비슷하네요
근데 투자비는 안써놓으셨",0,2025-12-25T22:28:48Z,0,False
-vPbgWEJg_g,일주일에 두사람씩 15만원? 쇼핑한번에 5만원씩 쓰는데.... 그래서 모으는구나...,0,2026-01-06T13:28:24Z,0,True
-vPbgWEJg_g,10은... 가능은 한데 빡세긴하다......,0,2026-01-23T13:28:36Z,0,False
-vPbgWEJg_g,교통비는 안드나요?,32,2025-12-25T06:12:49Z,0,True
-vPbgWEJg_g,보험이 두분이서 12에요?와.. 우린 남편한명만 20넘어요.. 너무 많이넣고있나 ... 아이까지 셋이서 한달에 50,0,2026-01-20T08:55:38Z,0,True
-vPbgWEJg_g,회사에서 밥값 커피값 다 나오면 가능하지 않나요?,0,2025-12-25T14:29:31Z,0,True
-vPbgWEJg_g,이렇게 적게 쓰면 연말정산에 뱉어내는게 더 이득인거죠??,1,2025-12-26T23:23:56Z,1,True
-vPbgWEJg_g,"10만???
대단... 난 절대못함",0,2026-01-23T06:50:58Z,0,True
-vPbgWEJg_g,어우 지나가다가 봤는데 조롱같은 댓글이 왜케 많음? 영상 뒤에 실제 사람이 있다는 거 잊지 말았으면 좋겠네ㅡㅡ 어려운 길인데 멋지기만 하고만,1,2025-12-27T14:24:54Z,0,True
-vPbgWEJg_g,"관리비15?
통신비6?
그게가능해요? 허..  진짜라면 너무대단한데요? 😂",3,2025-12-27T11:49:39Z,0,True
-vPbgWEJg_g,저희두 용돈 10이에용,0,2025-12-26T16:26:51Z,0,False
-vPbgWEJg_g,조롱하지마세요 진짜 훌륭한 포트네요 ㅠㅜ 저도 제 여자친구가 저랬으면 좋겠습니다...😢,0,2025-12-26T08:37:26Z,0,False
Z_ul2wo7NHs,ETF 투자 전략이나 영상 내용 중 이해가 안 가는 부분이 있다면 언제든 댓글로 질문 남겨주세요. 확인하는 대로 답변 달아드리겠습니다. 구독과 좋아요도 잊지 마세요! 👍,34,2026-03-06T23:30:51Z,2,True
Z_ul2wo7NHs,맞아요 어느 방송이나 유튜브에도 매도하라는말은 없어요,28,2026-03-07T05:25:43Z,0,False
Z_ul2wo7NHs,지금 시기에 저에겐 진짜 좋은 내용이네요ㅎ,66,2026-03-07T03:38:53Z,0,False
Z_ul2wo7NHs,"공감
많은 사람들이 보고 참고하기를..
요즘 주식하는 개인들보면 걱정입니다",21,2026-03-08T08:39:19Z,0,False
Z_ul2wo7NHs,"이거 정말 좋은 내용이네요.. 
전업 투자자가 아니라면 아주아주 중요하면서 얘기
저도 ETF 사팔 몇번해보니 분명히 약간씩 수익일때 팔았는데도 전체로 보니 번 게 별로 없더군요",20,2026-03-10T01:18:56Z,0,False
Z_ul2wo7NHs,"카지노 가서 인생 망한 스토리랑 비슷하네요.
투자는 여윳돈으로 장기로 가야 합니다.",10,2026-03-09T04:21:49Z,0,False
Z_ul2wo7NHs,저도 뺘저리게 느낍니다. 주식은 결국 심리전인데 이걸 극복하기가 쉽지 않아요,77,2026-03-08T11:25:48Z,2,False
Z_ul2wo7NHs,"젊을 때는 공격적으로 해도 된다고는 봄.
다만 계좌분리 원칙은 좋다고봄.
저도 적립매수 계좌 주식계좌 분리해놓고, 주식계좌 비중은 높게 해놓은 대신 단타로 벌면 적립식 매수 계좌로 옮기고 그 역은 절대 안함.

주식계좌도 테마주 etf 위주로 사면 우량기업에 공부하지 않고 투자할 수 있고, 적게 버는 대신 적게 잃어서 결국은 조금씩 벌게됨",48,2026-03-09T10:02:33Z,0,False
Z_ul2wo7NHs,진짜 좋은 영상입니다. 흔드릴뻔했는데 다시 마음 잡습니다,8,2026-03-09T06:31:01Z,0,False
Z_ul2wo7NHs,"동감이 가는 내용입니다.
초심자에게는 꼭 필요한 내용이네요",21,2026-03-07T07:54:55Z,0,False
Z_ul2wo7NHs,너무 좋은 말씀입니다.,7,2026-03-09T05:23:17Z,0,False
Z_ul2wo7NHs,"와...지수투자 심심해서 소액으로 급등주 테마주 단타 쳐볼까 생각하고 있었는데...다시 한번 돌아봅니다
좋은 영상 감사드립니다",20,2026-03-08T06:26:43Z,0,False
Z_ul2wo7NHs,좋은정보감사합니다.😊😊😊😊😊,5,2026-03-07T23:39:22Z,0,False
Z_ul2wo7NHs,"다시 마음을 
다잡게 만드는 영상 감사합니다",2,2026-03-12T04:24:46Z,0,False
Z_ul2wo7NHs,아 이거 좋은 영상이네요 .. 멘탈 잡기엔 이거 명심해야겠네요,6,2026-03-07T12:09:53Z,0,False
Z_ul2wo7NHs,😊 정답입니다,3,2026-03-10T01:37:25Z,0,False
Z_ul2wo7NHs,"한강물 차갑다.더럽게 춥네.
여름까지 기다려라.",7,2026-03-09T04:34:48Z,0,False
Z_ul2wo7NHs,지수가 종목보다 불기둥을 뿜는 판에,30,2026-03-07T08:13:42Z,0,False
Z_ul2wo7NHs,"주변 소음과 단절해야함 
잘하고 있는데 잘났다고 옆에서 속삭이는 나대는 인간들만 멀리하면 된다",2,2026-03-11T12:57:03Z,0,False
Z_ul2wo7NHs,정말 쉽지 않지만 맞는 말입니다.,23,2026-03-07T06:44:14Z,0,False
Z_ul2wo7NHs,"알고리즘때문인지 우연히 추천 영상으로 떠서 봤는데 많이 힘이되는 영상 이었습니다.
좋은 영상 만들어 주셔서 감사합니다",5,2026-03-09T14:07:31Z,1,False
Z_ul2wo7NHs,감사합니다,4,2026-03-07T05:17:10Z,0,False
Z_ul2wo7NHs,항상 좋은 내용 감사합니다 많은 도움이 됩니다 👍,1,2026-03-20T13:29:38Z,1,False
Z_ul2wo7NHs,시장 지수에는 이미 시장의 실패가 모두 반영되어 필요이상의 위험이 없는데 개인이 개별주 투자하면 불필요한 위험을 마주하게됨,21,2026-03-07T08:04:05Z,0,False
Z_ul2wo7NHs,와 영상 개!! 공감 완전 나잔아요.. ㅠ,2,2026-03-09T13:02:32Z,0,False
Z_ul2wo7NHs,마음 편히 가는 투자상품은 없다. 편안히 가려는 욕심으로 한방에 ㅋㅋㅋㅋㅋㅋㅋ,6,2026-03-09T07:00:13Z,0,False
Z_ul2wo7NHs,그래서 빨리 더벌고 싶어서 개별주식을 단기간 투자를 하죠,7,2026-03-07T11:49:37Z,0,False
Z_ul2wo7NHs,영상 보면서 내내 뜨끔뜨끔...방향 잡는데 많은 도움 되었어요. 진정성 있는 방송 감사드립니다.,0,2026-03-18T10:49:18Z,1,False
Z_ul2wo7NHs,슨피500 장기투자 하면 잃을일 거의 없을텐데 자꾸 손가락이 개별종목 매수로 감,45,2026-03-10T17:02:42Z,1,False
Z_ul2wo7NHs,지수가 계속 우상향이라 조정줄때 크게 들어가고 한참동안 묻어두는게 정답..적립식으로 계속 사 모으는건 단가 계속 높아져 큰 수익볼수 없음..보통 사람들이 100% 오르고 100% 내리면 본전이라 생각하지만 결과는 깡통임..하락할땐 날개가 달렸음.,4,2026-03-10T21:00:10Z,0,False
Z_ul2wo7NHs,5년 넘게 타이거 슨피 나스닥 Etf만 모았더니 수익률이 50프로 넘었습니다. 무엇보다 좋은점은 주식 신경 안써도 수익이 계속 난다는 점이죠.,10,2026-03-10T23:43:20Z,1,True
Z_ul2wo7NHs,개미들은 사팔하지마라 하고 본인들은 모니터 몇개씩 띄우고 단타침..,83,2026-03-08T11:56:56Z,5,False
Z_ul2wo7NHs,"구독 잘 안하는데...
제 경험과 저의 지금의 투자 심리가 너무 잘 나타난 영상이라서 구독과 좋아요 했습니다.
이 영상을 보니 뭔가 들킨거 같네요.
다시 한번 마음 다지는 기회였어요. 감사합니다.",3,2026-03-11T02:32:54Z,1,False
Z_ul2wo7NHs,나네요.....😿😿😿 다들 성투하세요..,1,2026-03-11T03:11:15Z,0,False
Z_ul2wo7NHs,"영상 잘 봤습니다! 계좌를 물리적으로 분리하는 방법이 인상적인데, 혹시 노후 대비용 A계좌(지수 추종)와 공격적인 B계좌의 비율을 9:1 외에 시장 상황에 따라 유동적으로 조절하는 것에 대해서는 어떻게 생각하시나요?",2,2026-03-11T04:11:59Z,0,True
Z_ul2wo7NHs,정확히 알고 계시네 중요한 건 수량이다,0,2026-03-12T01:06:48Z,0,False
Z_ul2wo7NHs,주식은 결국 공부하고 느긋한사람들만 돈범,3,2026-03-10T12:41:47Z,0,False
Z_ul2wo7NHs,백화점이 되면 안된다.   실천해야 겠습니다,1,2026-03-08T09:24:40Z,0,False
Z_ul2wo7NHs,꼭 필요한 초보들이 알아야할 정보네요,1,2026-03-10T08:09:51Z,0,False
Z_ul2wo7NHs,"노후 자금 10년 묻어두려던 ETF, 결국 단타치다 망하는 치명적인 이유",2,2026-03-11T14:43:12Z,0,False
Z_ul2wo7NHs,나 그정도 사람 아니야 라는 말을 매일 아침 되내어야 합니다,0,2026-03-12T01:07:29Z,0,False
Z_ul2wo7NHs,"다들 schd 욕할때 나는 믿었다
5년이 지난 시점 나만 웃고있다 ㅋㅋ
요즘 계좌 보면 든든 국밥이 이만한게 없다 
Ai 비트 이런거 모르겠고 그냥 슈드만 죽을때까지 모을란다 ㅋㅋㅋ",5,2026-03-10T16:50:43Z,0,False
Z_ul2wo7NHs,얘!! 멈추지않는 바겐 세일이란다,1,2026-03-09T02:36:59Z,0,False
Z_ul2wo7NHs,"제미나이나 쳇지티피랑 투자 상담 하세요 진짜 멘탈 잘잡아줌 한 4000정도 배당 ETF에 들어가려고 했던 주린이 인데 추격매수 못하게 멘탈잘 잡아 주고 대화 하면서 투자에 대한 방향도 스스로 잡을 수 있었었음
물론 100% 신뢰 할 수는 없겠지만 도움 됨… 물론 주린이 한정",2,2026-03-11T21:28:22Z,0,False
Z_ul2wo7NHs,뜨끔,11,2026-03-07T07:09:39Z,0,False
Z_ul2wo7NHs,운을 실력으로 착각한다~~^^♡,9,2026-03-08T09:21:42Z,0,False
Z_ul2wo7NHs,감사합니다. 역시 지수투자는 장기투자가 맞네요 ㅎㅎ,1,2026-03-09T11:08:13Z,0,False
Z_ul2wo7NHs,주식으로 돈 벌려면 기계가 되어야 함 ㅋㅋ 기계적으로 매수하고 매도하고 이렇게 지루하게 해야 성공함,9,2026-03-09T08:51:24Z,1,False
Z_ul2wo7NHs,"살아 남는 사람이 강한 사람입니다.
여기에서 이 유튜브방송 가르침이 알려 주는 수준 또는 경지, 단계에 오기 이전에 여기서 알려 주는 심리상황에 맞딱뜨리게 되고 결국 발버퉁 치지만 거의 전멸해 버립니다.
결국 살아 남아야 이 분의 가르침도 수긍이 충분히 될 것입니다.

중요한 것은 이 주식시장 이외에 장기적으로 돈을 벌 수 있는 
다른 어떠한 시장분야를 별도로 유지하고 있으냐 하고 그 다른 분야에서는 성공했다는 평가를 받을 정도는 되어야 하시고...반듯이!
결국, 살아남는 분이 될 것입니다.
단순하게 접근했다가는 마음이 버티어내지를 못합니다. 나중에는 몸까지...인생까지!",1,2026-03-22T01:38:12Z,0,True
Z_ul2wo7NHs,와 지금 제 심정.. 옆에서 시누가 억소리나게 벌고 있어서 욕심 좀 냈더니 코덱스200 고점에 물려 마이너스 중…,10,2026-03-08T12:54:31Z,0,False
Z_ul2wo7NHs,통장분리까진 했는데 ..돈을 옮기고있었네요.  내얘기다했습니다.😮,1,2026-03-10T21:27:07Z,0,False
Z_ul2wo7NHs,"4년 동안 폭락장에 매입하고 가만히 놔 두었던 etf들이 대부분 100% 이상의 수익률을 보이고 있네요.
앞으로 5년간은 미국 지수 etf 열심히 모아가는 것이 목표입니다. 사고 팔고를 잘 안 하니까 맘도 편하고~ 폭락하면 세일이라 많이 살 수 있어 좋네요.
얼른 목표 주수 채울 수 있기를",1,2026-03-11T18:17:55Z,0,False
Z_ul2wo7NHs,네...제가 뜨끔하고 있네요,0,2026-03-10T23:45:11Z,0,False
Z_ul2wo7NHs,섬성전자 하이닉스,5,2026-03-09T09:35:21Z,0,False
Z_ul2wo7NHs,삼성 현대 하이닉스 믿습니다,4,2026-03-09T11:38:10Z,0,False
Z_ul2wo7NHs,"그냥 다 팔아버렸어요 ㅋㅋ
금융위기 오면 그 때 줍줍 하려구요",0,2026-03-10T11:05:06Z,0,False
Z_ul2wo7NHs,ETF는 최소 3년은 보고 넣어야,1,2026-03-09T07:36:25Z,0,False
Z_ul2wo7NHs,소름...완전 제얘기입니다. 지금딱 소액으로 종목투자도 해볼까 나만 가만히있나..바보인가 싶어서 손꾸락 움찔거리는 중이었음 ㅠㅠ,0,2026-03-11T11:01:46Z,0,False
Z_ul2wo7NHs,보다가 헛 하고 웃게 되네요 ㅋㅋ 내가 딱 저랬는데 ㅋㅋ,0,2026-03-11T12:43:43Z,0,False
Z_ul2wo7NHs,일희일비하지말고 진득하니 기다리도록,0,2026-03-12T06:09:22Z,0,False
Z_ul2wo7NHs,밖에서 보면 사고 팔 시기가 보이는데 들어가면 안 보임,2,2026-03-13T12:22:13Z,1,False
Z_ul2wo7NHs,"차라리 좋은 것, 전망 있는 것 사고 증권사 어플 삭제",0,2026-03-20T21:59:13Z,0,False
Z_ul2wo7NHs,토스증권 쓰면 결국 단타치러 가게 됨 ... 다른증권 쓰세요,28,2026-03-10T09:38:46Z,3,False
Z_ul2wo7NHs,딱저네요ㅎ,6,2026-03-07T06:00:46Z,0,False
Z_ul2wo7NHs,나를 두고 하는 애기 같노 ㅠ 누수케일 ㅠ,2,2026-03-09T10:18:44Z,0,False
Z_ul2wo7NHs,"90%는 etf 또는 삼전 장기투자 .
10%는 별동대 단타. 이거 재미납니다.",1,2026-03-17T22:12:59Z,0,False
Z_ul2wo7NHs,"상승장에 집한채 벌었다가 하락장에서 고스란히 밷어내고 주식에서 손떼고 나서 얻은 교훈.
첫끗발은 실패의 지름길",0,2026-03-22T05:57:41Z,0,False
Z_ul2wo7NHs,"6월 국민성장펀드 ETF..
딱..40개월
이게 답입니다..",22,2026-03-09T10:29:21Z,0,False
Z_ul2wo7NHs,요즘 위험하긴합니다,0,2026-03-11T10:23:44Z,0,False
Z_ul2wo7NHs,"같은 시기 상승장에서 1배 2배 3배는 1-2년까진 압도적으로 3배가 높습니다 3년부턴 비슷해지면서 그 뒤로는 압도적으로 1배짜리가 수익률이 커집니다
레버리지는 롤업 비용을 떼가기 때문에
횡보나 하락장에서는 계좌가 녹는 거죠
특히 폭락장때 -50 -70 그 하락폭을 견딜 수 있을까요? 워렌 조차 레버리지를 절대 투자 목록에 넣지 않는 이유죠",3,2026-03-09T10:49:28Z,0,True
Z_ul2wo7NHs,"ETF는 노후준비라고 하던데...이버ㆍ에 주식세계로 들어온 초린입니당. 초심자의 행운, 앗! 저 오늘 돈 더 넣을거 후회했어요^^, 울아부지가 넘 신경쓰지 말라고. 계좌를 나눈다, 월급날 자동 매수. 맞아요 감사합니다. 계좌나누는게 인상적이네요",1,2026-03-11T17:25:33Z,1,False
Z_ul2wo7NHs,뭐지? 내 이야긴데?,8,2026-03-08T03:36:33Z,0,True
Z_ul2wo7NHs,그래 에스앤드피500 😊,1,2026-03-09T14:26:54Z,0,False
Z_ul2wo7NHs,"그치만 하락장에 싼 가격으로 팔아주는 우민이 있어야 충분한 수량을 밑에서 확보할 수 있는걸,,,
장투라면서 매일 증권 앱만 들여보는 사람들이 있어야 돈을 벌 수 있는걸,,,",0,2026-03-11T09:16:47Z,0,False
Z_ul2wo7NHs,리만사태처럼 30%까지 빠질때는 하락초기에 빼서 상승할때 다시 사는게 득이지 않나요?,1,2026-03-11T07:15:00Z,1,True
Z_ul2wo7NHs,ㅋㅋㅋㅋㅋㅋㅋ나다...,3,2026-03-09T09:05:39Z,0,False
Z_ul2wo7NHs,"백화점이 되면 안됩니다. 
저도 참기 힘들지만 메인으로 몇 가지 구성해서 꾸준히 가져가면 됩니다.",12,2026-03-07T11:28:42Z,1,False
Z_ul2wo7NHs,"맞아요
하지만 etf라 하더라도 결국 주식 시장과 연관 되어 있습니다
종목을 바꾸라는 것은 아니고 폭락장의 점도표가 예상 되면 현금전환하고 다시 매입하는 자세는 필요합니다
손실도 연복리로 계산되니까 수시 점검은 필수 입니다",19,2026-03-09T00:01:40Z,2,False
Z_ul2wo7NHs,"뭐가됐든 종목에 몇년동안 물려도 보고 
크게 손절도 해보고 반토막도 나보고 그 이상도 나보고
수년간 반성과 제대로 더 알아보지 못한 후회도 해보고 그러면서 시장이 올라가는거도 몇년간 지켜보며 포모도 겪어보고 그럼에도 마음의 평정을 유지하는 과정들이 필요함",4,2026-03-10T18:12:02Z,0,True
Z_ul2wo7NHs,"몇년 전,  제 예금까지 묶어놓고, 돌려주지 않으며 돌림노래 하시며 모순된 말씀으로 화만 내시던 어머니는 기어코 저의 입에서 ETF 이야기를 나오게 했습니다. 저의 논리성은 자신의 기준에서 벗어나면 오답인 그분에게 있어 이상한 소리였고, 논외로 기독교 강요만 받았습니다. 경제지식이나 도움은 받아 본적도 없고, 필요한 정서나 투자자문은 저세상 이야기 였습니다. 정제된 상태로 정신나간 사람이 되어 일반적인 주식도 진즉에 경제상황에 이어갔다면 큰 자본금이 형성되었을 텐데 말이죠.....하... 어쨌든 아쉽지만, 제가 가질 수 없던 길이라 여기기로 했습니다. 미련하게 희생하던 습관과 강제에 힘들어 안일했던 저의 잘못도 컸으니까요. 그렇게 어렵게 받아낸 것으로 투자 자본을 얻었습니다. 무시만 하시다 어느날 나는 기억안난다 하면서도 투자분야를 뉴스를 볼적에 묻다 왜 말 안했냐 하시더군요. ........말할때 그리 여자라고 무시하더니 아들따라 낙하 하시는 더랍니다. 그러고 현재 시점.........퇴직금 IRP를 ETF에 단타마냥 전부 넣으셨답니다. 왜 그 좋은걸 이야기 안하고, 말 안했냐 합니다...........신경 안씁니다.",1,2026-03-10T07:17:26Z,0,True
Z_ul2wo7NHs,4:30 육성으로 나잖아..? 했는데 절 보고 계신가요?ㅋㅋㅋㅋㅋㅋㅋㅋㅋ,0,2026-03-19T15:52:47Z,1,True
Z_ul2wo7NHs,모으기도 전에 계좌가 녹아내리고 있는데요... 뭐이리 들어가는게 많은지...,0,2026-03-09T20:37:24Z,0,False
Z_ul2wo7NHs,냅두라,0,2026-03-22T22:20:51Z,0,False
Z_ul2wo7NHs,전 이 영상대로 원칙은 지켰는데 너무 고가에 샀는지 마이너스,0,2026-03-11T09:18:44Z,0,False
Z_ul2wo7NHs,"금 1g에 8만원일 때 사서, 9만원 됐다고 좋다고 일부 팔았는데 그 뒤로도 계속 올랐죠.
그래서 1g 15만원쯤 할때 100g사서 묻어두기로 마음 먹었는데 지금 23~24만원정도 합니다.
지금 수익률은 예전에 사뒀던것 포함해서 80%가 좀 넘어요. 역시 안전, 우량 자산 존버가 답이에요.",2,2026-03-08T16:17:42Z,1,False
Z_ul2wo7NHs,"tsly  3년째 입니다 
마이너스 30퍼지만  배당금을 보니  우울하진 않습니다",0,2026-03-10T11:42:14Z,0,False
Z_ul2wo7NHs,Jepq 같은 배당주는어떤가요,0,2026-03-10T10:53:13Z,1,True
Z_ul2wo7NHs,증권은 무조건 10년 이상,0,2026-03-11T18:54:24Z,0,False
Z_ul2wo7NHs,영상을 보고 증권사 앱을 삭제했습니다.,0,2026-03-10T14:01:22Z,0,False
Z_ul2wo7NHs,하나더 인버스는 그날 끝나야한다,0,2026-03-08T14:07:25Z,0,False
Z_ul2wo7NHs,소액을 넣었기 때문에 기다릴수있었고 그만큼 벌수있었던걸 더 많이넣었으면 더벌었을텐데로 착각해버림,6,2026-03-09T21:12:49Z,0,False
Z_ul2wo7NHs,머리론 가능!,1,2026-03-10T01:48:44Z,0,False
Z_ul2wo7NHs,국내장은 모르겠지만 미장은 오래 쥐고 있면 오름,0,2026-03-11T02:50:33Z,0,False
Z_ul2wo7NHs,"진짜 큰 문제는 공부를 안함. 진짜 몇년 주식했다는 사람도 기초가 아예없음. 깜짝깜짝 놀람. 게다가, 주식을 대하는 접근방식이 틀려먹은 사람들도 많음. 투자를 통한 소득인데, 주식 오르면 공돈으로 생각하고 투기, 도박으로 인식함. 벌어도 숫자고 결국 다시 잃는다나 뭐라나...기초적인 공부도 안하고 그냥 돈넣고 돈벌기로 인식하고 접근하는게 가장 큰문제고...그런이들 이 태반인데 덕분에 아는이들만 돈버는 구조가 됨.",0,2026-03-11T09:55:02Z,0,False
Z_ul2wo7NHs,7:30,0,2026-03-09T08:38:54Z,0,False
Z_ul2wo7NHs,저는 괜찮습니다. 게으르거든요,0,2026-03-09T14:09:31Z,0,False
Z_ul2wo7NHs,"etf장기투자가 실패하는 이유중 
겁나 재미없는 투자라 중간에 낙오한다 말고
하나더 명심할게 있다. 
잡주나 코인은 안된다는 거다.
망할 확률 거의 없는 대형주나 etf를 해야한다.",28,2026-03-07T23:09:08Z,4,False
Z_ul2wo7NHs,자산 20프로만하다가 지금 60프로까지 주식하네요ㅜㅜ,0,2026-03-11T15:25:51Z,1,False
Z_ul2wo7NHs,네 지난 5개월동안 테마주로 많이 벌었으니 이제 살께요,0,2026-03-10T13:21:34Z,0,False
Z_ul2wo7NHs,지수etf유일한 단점이 지루하단거죠.. 그래서 지수시스템창시자 존버글은 ETF형태로 만들기를 싫어했죠 사팔이가 너무 쉽기에,11,2026-03-07T11:04:58Z,5,False
iacwbUHyqv4,주식은 인내심이 없는 자의 자본이 인내심이 많은 자에게로 흘러들어가는 구조이다,78,2026-05-07T06:40:52Z,0,False
iacwbUHyqv4,그 안 오르는 것들을 손절했더니 손절하자마자 어마어마하게 오르더라.,887,2025-10-31T13:53:22Z,33,False
iacwbUHyqv4,"돈 잘 버는 1등주만 사세요.
급등주 찾지 말고...",275,2025-11-08T12:09:33Z,1,False
iacwbUHyqv4,코로나 때부터 물려있던 거 어제 손절 치고 다른 거 샀더니 오늘 귀신같이 그건 빠지고 판 건 오르더라. 진짜 어이 없고 허탈한 그 기분... 이런 경험 몇 번 하면 말처럼 쉽지 않음,274,2025-11-04T12:47:49Z,10,False
iacwbUHyqv4,"주식은 자기만의 방법을 유지하는거다
정답 없다.",88,2025-11-04T10:13:15Z,1,False
iacwbUHyqv4,떨어질 종목은 안사고 오를 종목만 사서 오랫동안 가지고 있으면 됩니다. <- 이게 더 확실하겠네요.,23,2025-10-31T10:37:46Z,0,False
iacwbUHyqv4,"누구나 살빼는 법은 알지만, 살을 빼는 사람은 극소수다.",178,2025-11-05T04:57:02Z,3,False
iacwbUHyqv4,"그걸 몰라서 못하는 게 아니고,
내가 손절한 종목이 갑자기 올라가기 시작하고,
이익내서 길게 가져가려던 종목이 갑자기
빠지기 시작해서 다시 손절하면 올라가고

결곡, 손절 잘하다가는 소금주머니 물속에 넣다 뺀 것처럼
계좌 잔고가 줄어들게 시작하면 그 때 부터 손절 함부로 못하게 됨.

결론은 방송도 많이 보고 신문도 읽어서 실적이 좋아질 산업군내 대장주를 골라서 추자해야 한다.가 정답임.  그렇게 골랐는데도,  예상과 달리 하락추세를 만들면 미련없이 손절.",837,2025-10-29T14:20:15Z,41,False
iacwbUHyqv4,손절했더니 그 후 엄청 올라가는 경우를 겪어서 손절 못하고 있다,337,2025-10-31T00:33:28Z,14,False
iacwbUHyqv4,"우리가 살 빼는 방법은 다 알 잖아요. 그거랑 비슷한 겁니다.  알아도 잘 안됩니다. 실제 주식계좌에 내 종목, 내 돈 들어가 있으면 알아도 잘 안됩니다....",624,2025-10-30T08:01:00Z,14,False
iacwbUHyqv4,주식으로 성공한 부자들은 처음부터 부자였다..,177,2025-11-02T01:49:20Z,3,False
iacwbUHyqv4,"그걸 모르는 사람이 있냐? 
지나고나서 보니까 그렇구나 하는거지
오른다고 보장해주면 떨어지는애 떨쳐내지
떨쳐내면 걔가 오르고
버티면 떨어지니까 문제인거지",103,2025-10-30T12:31:41Z,1,True
iacwbUHyqv4,진짜 맞는말입니다 내가 똑똑해서 아니라 올라가는것 계속 올라갑니다  중간에 팔면 안되죠,5,2025-11-03T01:56:30Z,0,False
iacwbUHyqv4,근깐 손절이란 단어가 이세상에서 제일 현명한 단어다 라는걸 깨닫는순간 투자의 장인이 되는거여,9,2025-11-15T07:48:50Z,0,False
iacwbUHyqv4,결론은 떨어지는 건 팔고 오르는 건 냅둬라.,271,2025-10-31T04:20:05Z,10,False
iacwbUHyqv4,아닌건 빨리 손절하라~  그러게요~,12,2025-10-30T13:48:30Z,0,False
iacwbUHyqv4,감사합니다 수고하셨습니다 ❤,3,2025-10-30T02:33:20Z,0,False
iacwbUHyqv4,말이 쉽지.. 본인은 그렇게 잘 알아서 부자가 됐는지,28,2025-11-15T08:56:22Z,1,False
iacwbUHyqv4,내가산가격이 아른거려..손절이 너무 어려워~,26,2025-10-29T16:42:08Z,0,False
iacwbUHyqv4,"초보 때는 종목을 많이 보면 잘하는 줄 알았는데,
결국 오래 살아남는 사람들은 몇 개 종목을 깊게 보더라고요 
여러분은 몇 종목 정도 집중해서 보시나요?",10,2026-06-05T07:46:36Z,0,True
iacwbUHyqv4,"결국 손절이 중요하고, 버틴게 중요하다는 거군",5,2025-11-12T09:17:30Z,0,False
iacwbUHyqv4,맞아맞아...ㅠㅠ 어제 눈물의마이나스 처리했더니 수익이 드러나더군요,2,2025-10-30T21:38:09Z,0,False
iacwbUHyqv4,"투자금의 규모가 중요한 게 아니라 가치투자, 장기투자가 답이다.   그래서 시간이 무기인 것이다.   70대가 유리할까, 30대가 유리할까!",12,2025-10-30T13:52:36Z,2,False
iacwbUHyqv4,이제 우리나라 주식도 저렇게 되기를 기도해 봅니다!!!우리도 미국 일본 처럼 가즈아!!!!!!!!!!!!!!!!!!!!!!!,12,2025-10-31T06:55:44Z,0,False
iacwbUHyqv4,중요한데 더 중요한건 보는눈!!,3,2025-10-30T09:26:55Z,0,False
iacwbUHyqv4,"말 로는 쉬어 
알고있지만
현실은 힘들어
그게 문제..",3,2025-10-30T08:55:38Z,0,False
iacwbUHyqv4,ㅋ ㅋ 그냥 웃고 갑니당.,10,2025-11-21T14:41:53Z,0,False
iacwbUHyqv4,"진짜 주식 하기도 전인데 
설명을 너무 잘해주셔서
덕분에 이미 어떤 원리인지 이해하고 시작합니다.",0,2025-11-03T19:21:14Z,0,True
iacwbUHyqv4,이 말의 전제는 기업의 가치에 대한 투자자의 확산이 있어야 한다는 점이다. 이 기업의 미래가치를 알아야지 작전에 휘둘리지 않는다. 모르면 좀 떨어지면 바로 팔게 되어있다.,3,2025-11-01T22:45:44Z,0,False
iacwbUHyqv4,공부해서 대장주를 찾으란 말씀..,3,2025-11-02T23:55:27Z,0,False
iacwbUHyqv4,핵심 노하우 맞음,3,2025-10-30T23:55:24Z,0,False
iacwbUHyqv4,간단 명료 핵심 정답~,2,2025-10-30T09:50:58Z,0,False
iacwbUHyqv4,"일단 욕심을 버리는게 먼저다 욕심 때문에 성급해지고 판단이 흐려진다. 빠르게 돈을 벌려고 꼼수를 쓰니깐 계속 쳐다보고 조금만 올라도 줏대가 흔들려서 목표가도 설정안해놓고 장거래를 하니깐 큰 수익은 절대 못버는겁니다. 
개인적으로 제가 설정해놓고 하는 투자는 장투,단투 기준을 두지 않고 매일 경제뉴스를 읽으면서 키워드가 되는 단어들이 얼마나 계속 노출되나 캐치한다음 종목들을 몇개뽑아봅니다 그리고 그다음에 이 종목의 1년뒤 가격을 생각해 적어두고 조금씩 매수에 들어가면서 보유량을 늘립니다. 이방법으로 많이벌었습니다.",6,2025-11-06T03:36:57Z,0,False
iacwbUHyqv4,"와우~~~
내 머리를 ""땡~~~"" 치고 가네 !
좋은 말씀 감사합니다.",0,2026-02-07T06:24:29Z,0,False
iacwbUHyqv4,"뒷받침 자금이 충분하면 됨.
넣은 돈 잊고 살 만큼.",148,2025-10-29T20:50:46Z,4,False
iacwbUHyqv4,"결론은
갈 종목을 선택할수있는 눈이 있어야하고
그다음
단기가 아닌
장기로 끌고가야 
이번에 
두산  하닉 등등
단기가 아닌 중기 장기로 끌고 갔어야",2,2025-11-02T06:59:38Z,0,False
iacwbUHyqv4,여유는  두둑한주머니속에서 나오드라,4,2026-01-17T02:34:05Z,0,False
iacwbUHyqv4,설명이 어렵지 않아서 초보자도 보기 좋네요.,0,2026-06-10T09:43:12Z,0,False
iacwbUHyqv4,손절친거 오르던데 믿엇던 오르는 종목은 또 내려감 쉽지 않음 ㅋㅋㅋㅋ,3,2026-01-28T06:33:15Z,0,False
iacwbUHyqv4,맞는말씀 ~,2,2025-11-08T12:57:33Z,0,False
iacwbUHyqv4,일반적인 사람들이 하는 투자 방법..  10% 오른 종목과 10% 떨어진 종목이 있으면 오른 종목 팔고 떨어진 종목사서 물타기함.    그 결과 좋은 종목 다 팔고 떨어진 종목만 붙들고 있음,3,2025-11-01T04:04:55Z,0,False
iacwbUHyqv4,"너무나 당연한말ㅋㅋ
내려가는것도 물잘타면 대박납니다",0,2025-11-17T13:27:49Z,0,False
iacwbUHyqv4,말대로 됐으면 저 양반은 방송국 하나 만들 만큼 부자가 되어 있겠지.,4,2025-11-02T02:03:07Z,0,False
iacwbUHyqv4,끊었더니 어마어마하게 오르더라고요 것도 담날요ㅠ 손절을 못하거싷음,2,2026-05-09T06:13:39Z,0,False
iacwbUHyqv4,"뭔소린가 싶겠지만 저게 정답입니다..
 물리면 버티다 본전오면 팔고 정신승리들
  할겁니다.~",4,2026-01-11T14:15:14Z,0,False
iacwbUHyqv4,선택과 집중,0,2025-10-30T09:19:32Z,0,False
iacwbUHyqv4,몰빵투자만 안하고 언제든지 물탈 수 있는 두둑한 현금 보유와 물타는 타이밍 잘보고 1~10프로 빠졌다고 물타지 말고,6,2025-10-31T15:09:55Z,1,True
iacwbUHyqv4,아 그래요~❤,0,2025-10-30T14:56:31Z,0,False
iacwbUHyqv4,골프 백돌이입니다. 공 잘 치는 법 프로스윙 메커니즘 설명하라면 기가막히게 할 자신 있습니다. 투자는 말로 하는게 아닙니다. 투자해보신 분이라면 저렇게 쉽게 말하기어렵습니다. 삼성전자 하이닉스도 한 때 아니다 싶은 종목 일순위였습니다,5,2025-10-31T04:37:28Z,1,False
iacwbUHyqv4,오~~~귀에  쏙.,0,2026-03-08T11:31:30Z,0,False
iacwbUHyqv4,이래서 손절은 생명입니다..,7,2025-10-29T18:46:00Z,2,False
iacwbUHyqv4,시황이 중요하다 그 말임.,1,2025-11-02T14:34:36Z,0,False
iacwbUHyqv4,그러고 시포ᆢ 안돼 ㅠㅠ,40,2025-10-29T15:41:49Z,0,False
iacwbUHyqv4,그걸 누가 몰라 안되니까 그렇지,2,2025-10-30T18:53:01Z,0,False
iacwbUHyqv4,개잡주만 안 사면 개털려도 존버하면 되는데 개잡주는 답없이 상폐or큰 손실로 남음.,3,2025-11-05T06:04:07Z,0,False
iacwbUHyqv4,공부하는사람 이 법니다 주식은 물론 운도 따라야하지만요~,1,2025-11-15T08:50:16Z,0,False
iacwbUHyqv4,"한1년 공부하는 초보주린이인데 미장은 대장주들이 꾸준히 우상향 올라있는편  국장은 대장주들도 싸이클(주기별로 상승장 그후하락) 로 돔 그니까 투자방식도 좀 달라야하는것 같아요 국장은 오름 파세요 싸이클 끝나믄 꺼지는듯 반복이더라구요
물론 많이 오른 기업들이 있지만 초보라 조심스레 하는중이라 딱 현재 제수준은 미장은 적립식으로 모아가고 수익이 알아서 오르더군요 국장은 25프로면 익절 후 또 찾아서 10프로 익절 이런식으로해요 욕심안내면되요❤",3,2025-10-30T15:44:56Z,1,False
iacwbUHyqv4,깔끔하시네요,1,2025-12-09T02:53:15Z,0,False
iacwbUHyqv4,울 마누라 3년전에 두빌 사쥤는데 3배오름 나는   팔았다 샀다 본전 마눌 승,93,2025-10-29T23:59:32Z,2,False
iacwbUHyqv4,"너무나 맞는 말씀 !
5~6년전에 처음으로 엔비디아 4개를 산게 그게 200개가 됐는데 중간에 횡보디아로 다들 등돌릴때도 좋은 Company 이니 놔둬보자 했던거죠. 중간에 내릴때마다 더사서 많이 모았습니다.  사팔사팔 하지말고 진짜 아니다 싶을때 정리하시길..  모두들 부자되세요",1,2026-05-10T05:07:05Z,0,False
iacwbUHyqv4,"정말 정말 정답입니다. 
말씀하신내용 잘 느끼고 있고, 현실이 되고 있습니다. 

가장 어려우면서 위대힌 일이 가만히 있는 일이라고 생각합니다.",7,2025-10-29T23:20:14Z,0,False
iacwbUHyqv4,이것을 믿고 실천해야 된다 그런데 너무 어렵다 해보면 안다,1,2025-11-14T13:48:23Z,0,False
iacwbUHyqv4,"10만원씩 25종목, 언제 부자되는겨~",14,2025-10-29T21:49:06Z,2,True
iacwbUHyqv4,손절하고 내생각이 틀렸다면 다시 살수있어야지,1,2026-05-12T03:27:08Z,0,False
iacwbUHyqv4,"난꺼쿠로  했으니  마이나스  70프로가 돼있었지  지금은 마이나스  44프로  지금도 
정지가  세종목  70프로 넘는것도  못팔고 있으니",3,2025-10-30T01:25:57Z,1,False
iacwbUHyqv4,"손절? 말이 쉽지 절대 쉬운게 아님. 손절하지 말고 꾸준히 배당액이 증가하는 주식을 모아가는게 최고임. 주도주? 바이오?  다 개꿈임,자주 거래하다보면 다 날린다. 노후대비를 위해 배당성장주를 꾸준히 모아가길.",2,2026-06-11T11:26:52Z,0,True
iacwbUHyqv4,"그게 국영수 교과서 정독하고 기출문제집 풀고 모의고사 풀고 하고 오답노트 만들면 공부잘합니다..
이 습관이 몸에 베어야 공부 잘합니다.😊
공부 잘하는 사람들의  핵심특징입니다..
이런 맥락입니다.",18,2025-10-31T02:52:42Z,1,False
iacwbUHyqv4,어마어마 선생님이네... ㅋㅋ 어마어마 합니다.,0,2025-11-10T13:34:26Z,0,False
iacwbUHyqv4,싹수 없는거를   빨리 걸러내고 버티는것!,4,2025-10-29T18:14:34Z,1,False
iacwbUHyqv4,감사합니다.. 갑자기 눈이 확…  떠지네요.,0,2026-05-30T10:27:22Z,0,False
iacwbUHyqv4,"책보고 배운 투자는 헛방이다
스스로 체득 해야만한다",7,2025-11-22T16:06:49Z,2,False
iacwbUHyqv4,딱 말씀하시는게 저희 신랑이네요!!!!!!,0,2026-06-09T11:54:27Z,0,False
iacwbUHyqv4,저게 쉽다고 생각하는 사람은 주식해도 된다,12,2025-10-30T15:20:39Z,0,False
iacwbUHyqv4,주식은 시간을 녹여야함,47,2025-10-31T22:59:19Z,2,False
iacwbUHyqv4,"이제 뭔가 조금 알것 같아요 
아직 많은 경험과 공부를 해야 하겠지만  잘  들었습니다 
감사합니다",0,2026-05-28T11:31:39Z,0,False
iacwbUHyqv4,알테는  왜그래요  ㅠㅠ,4,2025-10-29T14:55:12Z,0,False
iacwbUHyqv4,"물 위를 걷는 사람이랑 원리가 똑같네. 
오른발 빠지기 전 왼발, 왼발 빠지기 전 오른발.",2,2026-05-30T02:28:47Z,0,False
iacwbUHyqv4,"저건 구라임
인간은 이익구간에도 떨어질까봐 
겁나 손털게 되있음
돈이 많은 사람들이
여유롭게 하는 
방식일뿐",11,2025-10-29T20:44:40Z,3,False
iacwbUHyqv4,경영자의 관상을 보고 투자 합니다 ~~~~~,1,2026-01-22T00:03:02Z,0,False
iacwbUHyqv4,이사람말은 그냥 운이란 말이네 오를 종목 내릴종목 다 아는 사람이 오딨냐 신도 모르는데,10,2025-10-31T01:19:20Z,0,False
iacwbUHyqv4,그 타이밍을 잘 못맞추는게 주식이고 인생이지ㅋㅋ손절하면 오르는게 주식이고 ㅠㅠ,1,2026-02-24T11:12:55Z,0,False
iacwbUHyqv4,아무리 좋은 기업도 악재 한방에 하한가 가는 게 주식이다. 삼성도 지금이야 좋다고 하지만 작년만 하더라도 망하네 마네 실적 대폭망 이야기 있었다 결국 4만전자 까지 간 거고.. 그래서 분산 투자가 중요하다. 집중을 하니까 오히려 고점에 물리고 현금 바닥으로 다른 종목들 매수도 못 하는 상황이 발생이 되는 거지.. 그래서 주식이 어려운 거다. 말은 쉽지. 결과론 적으로 삼성이 만약에 아직도 4만 원이라면 어쩔뻔했냐? 분산투자는 많이 할수록 좋다.,5,2025-10-31T15:24:23Z,2,True
iacwbUHyqv4,공부하고 한주씩 사보고 계속 공부하고 조금씩 늘려가보고 확신있는 기업이면 며칠 조정이 와도 기다려보고 ... 계속 공부 ...,0,2026-01-15T09:47:44Z,0,False
iacwbUHyqv4,부자는. 총알이 많은사람이 결국부자됨😅😅😅😅😅,20,2025-10-30T03:31:23Z,1,False
iacwbUHyqv4,아 그렇군요 ㅎ,0,2025-10-31T03:56:29Z,0,False
iacwbUHyqv4,"뜬구름 잡는 소리하구있어
더 가는걸 어케 아는지를 가르쳐줘야지
약장수냐?",16,2025-10-30T22:30:46Z,2,True
iacwbUHyqv4,손절매를 제대로 못하면서 조금 오르면 잘 매도 해버리는 주식을 지지리도 못하는 나!,0,2026-01-24T12:49:41Z,0,False
iacwbUHyqv4,여기서 핵심은 여유자금으로 해야하고 더핵힘은 주식창을 보지말아야함!!!,6,2025-10-30T08:26:00Z,0,False
iacwbUHyqv4,끊고 싶은데 거래정지가 되어서 눈빠지게 기다린 적이 있죠 ㅋㅋ 끊고 싶어도 못끊는 거래정지,0,2026-01-15T16:28:16Z,0,False
iacwbUHyqv4,"개미들 대부분 20,30%에서 팔지 100% 못 기다린다.  떨어질까 무서워서...
보통의 행동 패턴이 정상인 거다.",5,2025-10-30T04:51:50Z,1,False
iacwbUHyqv4,핵심은 종목 보는 눈,1,2025-11-02T01:51:07Z,0,False
iacwbUHyqv4,이사람 말하는거 공감못하거나 경험 못해본 애들은 주식하지마라. 진짜 100퍼 맞는말임.,3,2025-11-01T14:31:50Z,0,False
iacwbUHyqv4,내려가는 종목을 빨리 끊다보면 반대로 계속 올라가는 종목중에 잠깐 조정중일때  기다리지 못하고 매번 끊고 다른 종목으로 갈아 타다가 계속 기다리지 못하고 옮겨 다니기만  해서 결국 돈 못법니다.,1,2025-12-11T19:18:31Z,0,False
iacwbUHyqv4,이론은 그럴듯 하지~,1,2025-10-30T04:25:10Z,0,False
iacwbUHyqv4,"그게 원리고, 원칙은 진정한 기업투자가의 함께 성장하는 정신입니다.😂",0,2026-05-13T05:31:17Z,0,False
iacwbUHyqv4,볶잡하게 생각하지말고 좋은종목 수집하고 안팔생각으로 계속 갖고 있으면됨.,1,2026-08-24T01:32:37Z,0,False
iacwbUHyqv4,우리 갱이 얘기하는거 아니시죠 ㅋㅋㅋ,1,2025-10-30T02:17:00Z,0,False
iacwbUHyqv4,깡토님 책 손실은 짧게 수익은 길게가 숱한 전문가들에게 끼친 영향,1,2025-11-02T08:30:20Z,0,False
iacwbUHyqv4,"빨리 끊는 게 잘 안 되네요..
조금 이득 보고 끊은 애들은 몇 배씩 오르고..하...",0,2025-10-30T15:13:32Z,0,False
iacwbUHyqv4,이게 아닌종목이다 라는 결론자체가 불가능,0,2025-11-01T10:47:48Z,0,False
uYiKAfx04ZU,"'단 3개의 미국 ETF로 은퇴하라'의 저자이자
경제 전문 인플루언서 김지훈 작가님 (포메뽀꼬) 강연 내용의 일부입니다 😊

이 강연은 국내 1위 강사 섭외 플랫폼 호오컨설팅과 함께합니다.
강연 문의 👉 www.hooh.kr  
🎤 강사 소개 [ 김지훈 작가 : https://www.hooh.kr/sub/teacher/view.asp?m_idx=30892#/]",30,2026-04-16T00:00:16Z,0,True
uYiKAfx04ZU,ETF는 시간에 투자하기때문에 하루라도 빨리 투자를 하는것이 좋다고 생각합니다.,9,2026-06-30T06:18:56Z,0,False
uYiKAfx04ZU,지수투자가 제일 무난하게 모입니다😊,19,2026-04-23T11:34:33Z,0,False
uYiKAfx04ZU,"책 너무 잘 읽었습니다
마지막장에 딱 3문장이 기억나네요
넣어두고 운동하고 인생을 즐겁게 살기",20,2026-04-22T05:49:09Z,0,False
uYiKAfx04ZU,감사합니다❤,1,2026-08-22T08:17:36Z,0,False
uYiKAfx04ZU,강의 점점 재미있써요😅😅😅😅😅,10,2026-04-20T00:56:09Z,0,False
uYiKAfx04ZU,이분 강의 들어보고싶은 분중의 한분이십니다.😊,7,2026-04-17T00:09:22Z,0,False
uYiKAfx04ZU,잘봤습니다~*,3,2026-04-28T19:01:11Z,0,False
uYiKAfx04ZU,귀하네 누가이런말해주겠어 지수투자4년차 주식해도맘이편함,29,2026-04-17T04:36:12Z,0,False
uYiKAfx04ZU,내용도 쓸데없는소리 안하고 알차고 강의도 잘하시네,9,2026-06-27T01:50:55Z,0,False
uYiKAfx04ZU,"직장인 이라고 하셨는데
강의도 참 잘 하시네요
책도 읽어보고 싶어요.",1,2026-04-29T11:18:14Z,1,False
uYiKAfx04ZU,기다림의 미학 가장 어려울수도 있는 길이죠..,0,2026-08-19T10:58:56Z,0,False
uYiKAfx04ZU,강의도 잘 하시네요 ㅎㅎ,18,2026-04-16T12:31:25Z,0,False
uYiKAfx04ZU,극약처방 QQQ4주!,1,2026-08-17T08:30:42Z,0,False
uYiKAfx04ZU,물가 상승률 중위값 3프로 기준 현 300만 가치는 20년 뒤 600만 입니다.,0,2026-04-24T02:38:33Z,0,False
uYiKAfx04ZU,돈 뿌릴때마다 환율 오른다 이거자너...,1,2026-08-02T11:44:52Z,0,False
uYiKAfx04ZU,지수투자 가즈아,2,2026-06-16T08:30:54Z,0,False
uYiKAfx04ZU,미국주식 뭘매수하라건지요?,0,2026-08-21T06:49:34Z,0,True
uYiKAfx04ZU,"국내에도 상장되어 있으니, 퇴직금으로 적립식 모아 가세요~~~~ DC형요~~~",0,2026-08-30T03:05:46Z,0,False
uYiKAfx04ZU,"연평균수익률을 몇프로 잡고 계산했길래 한주가 1억6천이 되지?
높게 잡아 15%잡아도 5천5백인데,,,",0,2026-09-06T15:00:44Z,0,True
uYiKAfx04ZU,사실 저런 강의는 20-30대가 많아야하는데 ㅎㅎ 대부분 40-50대 이신것 같네요 ㅜ,48,2026-04-18T02:53:12Z,1,False
uYiKAfx04ZU,지금  삼전  하이닉스  가지고 계신분들은  이 영상보면   귀에  안들어올듯;;,2,2026-05-13T06:47:01Z,1,False
uYiKAfx04ZU,"저는 지수투자한지 불과 약 1년이 채 안되었지만, 미국지수에 투자한 후 팔지는 않고 거의 무지성으로 매수만 하고있는데 10%이상은 수익률이 나고 있어서 불안하지는 않습니다.",21,2026-04-29T12:55:41Z,1,False
uYiKAfx04ZU,강의력 진짜 많이 느셨다 부끄럼도 이젠 없어지시고ㅋㅋㅋ약파는 약쟁이마냥 넘 재밌게 말씀하시네요!ㅋㅋㅋ,9,2026-04-25T18:45:37Z,2,False
uYiKAfx04ZU,"한달에4주씩 사라는건데 제목만 처보고 댓다는애들 많네

근데한달에300투자할가능한사람이 5ㅔ%는넘나",4,2026-04-28T23:15:39Z,0,False
uYiKAfx04ZU,테슬라 사세용,0,2026-08-21T10:02:36Z,0,False
uYiKAfx04ZU,세상에 절대라는게 어딨냐 에센피500이 무조건 돈을 벌어다주는데 왜 안하는 사람들이 아직도 많냐,1,2026-08-01T07:48:08Z,1,True
uYiKAfx04ZU,qqq 4주 금액만큼 코덱스 나스닥 100사고 30년 지나도 동일한가요?,5,2026-05-16T13:08:50Z,1,True
uYiKAfx04ZU,다른 나라들도 돈 푼건 마찬가지였고 일본이나 미국은 말도 못했는데 거짓정보를…,0,2026-09-14T21:21:51Z,0,False
uYiKAfx04ZU,qld사 qqq 말고,2,2026-04-27T02:41:01Z,1,False
uYiKAfx04ZU,다 좋은데..30년 뒤엔 한달 생활비 300만원으로는 택도 없겠죠..ㅠㅠ전 늦게 시작한만큼 열심히 모아가보겠슺니다,2,2026-05-11T23:46:46Z,2,False
uYiKAfx04ZU,수익률 별루,0,2026-06-28T09:24:59Z,0,False
uYiKAfx04ZU,"저도 QQQ 많이 가지고 있습니다만, 20,30년 후에도 나스닥이 지난 20,30년간과 유사하게 성장을 지속할까요? 누구도 답할 순 없고, 대안도 적지만. 인생은 한번뿐이니 분산해야겠습니다. 끝까지 안보고 적은것이니 양해구합니다",5,2026-04-22T10:08:06Z,2,True
uYiKAfx04ZU,좀만 천천히 말씀부탁해요 원래팬입니다-,2,2026-04-29T19:53:20Z,0,False
uYiKAfx04ZU,국내상장 미국주식으로 가능하다면 몇주 구매해야할까요???,4,2026-04-16T13:18:36Z,2,True
uYiKAfx04ZU,30년후에 한주의 가치 75만원이 1억6천만원이 되려면 그간 2000배 수익률이 나야한다는건데 현실적으로 아주 어려운부분이고.. 30년간 물가 상승도 계산하면 더더욱 qqq 4주로 30년뒤에 은퇴해라는 말은 강의팔이로밖에 안들리네요,72,2026-04-22T02:22:21Z,10,False
uYiKAfx04ZU,요즘왜이렇게 주식강의 유투브가많은지 강의하는자들은 돈많이벌었나 돈많음쉬지왜저강의질하나,0,2026-06-29T01:07:18Z,1,False
uYiKAfx04ZU,그래서 어디에 투자 할까요?,2,2026-07-14T20:09:34Z,1,True
uYiKAfx04ZU,인정ㅋㅋㅋ,2,2026-04-16T11:11:10Z,0,False
uYiKAfx04ZU,지수투자야 안정적이고 좋지ㅋㅋ 30년뒤에 물가는 그대로 입니까ㅋㅋㅋ 무슨 한주 팔아서 10년 생활비ㅋㅋㅋ,9,2026-04-22T13:11:10Z,2,False
uYiKAfx04ZU,QQQM 사는건 어떤가요?,6,2026-04-17T09:38:59Z,4,True
uYiKAfx04ZU,"S&p500, tqqq, qqq 이건가요?",23,2026-04-16T12:22:41Z,10,True
uYiKAfx04ZU,혹시 3개 비율 아시는분?,2,2026-04-16T09:39:35Z,5,True
uYiKAfx04ZU,ㅋㅋㅋ 그만큼 올라가겟냐 분할하겟지 ㅋㅋㅉㅉ,0,2026-08-22T17:54:17Z,0,False
uYiKAfx04ZU,그런 생각이 듭니다. 그렇게 좋은거라면 왜 남에게도 알려줄까? 왜 다 강의하고 책팔이 하려고 하는걸까? 부수입을 원하는건지 아니면 강의하고 있는 내용으로 수익이 안되니 그런걸까 진위야 알 수 없지만 그래도 잘 보고 갑니다.,1,2026-05-03T13:41:51Z,3,True
uYiKAfx04ZU,먼소리야,0,2026-06-27T02:43:07Z,0,False
uYiKAfx04ZU,4주사면30년뒤  진짜로 3억댐?,8,2026-04-17T06:45:20Z,4,True
uYiKAfx04ZU,물가상승은 생각안함?? ㅋㅋㅋㅋ 그냥 약장수 ㅋㅋㅋㅋ,0,2026-05-15T07:56:18Z,1,True
Glk3J5ka-AA,초보자도 이해할수 있도록 핵심만 간결하게! 이제야 이해가 되네요 감사합니다,19,2025-10-24T04:25:24Z,0,False
Glk3J5ka-AA,정말 말끔하게 정리되네요,24,2025-10-24T12:23:37Z,0,False
Glk3J5ka-AA,깔끔한 정리.감~솨~,10,2026-03-01T07:37:11Z,0,False
Glk3J5ka-AA,시간초월님 깔끔 대마왕!!,5,2025-10-28T06:42:55Z,0,False
Glk3J5ka-AA,"진짜 초간단 쉽네요.
고맙습니다.",3,2026-04-10T13:19:07Z,0,False
Glk3J5ka-AA,쉽고 간결해서 좋았어요,0,2026-08-24T15:54:56Z,0,False
Glk3J5ka-AA,깔끔하게 정리하시네요 기본상식도 모르고 돈된다고 투자한 사람들이 문제고 단일종목 보다 etf에 돈이 쏠리고 자기종목이 빠지니까 상폐하라고 난리ㅎㅎ 쪼매만 오르면 팔고 쪼매만 떨어지면 사고 팔고 이게 투자야 돈넣고 돈먹기 도박이지ㅎㅎ,3,2026-07-24T02:51:44Z,0,False
Glk3J5ka-AA,우와 시간초월님 etf 귀에 쏙쏙!!,1,2025-10-24T04:25:28Z,0,False
Glk3J5ka-AA,오.. 이런 영상 좋아요~~ ^^,2,2025-10-24T04:29:36Z,0,False
Glk3J5ka-AA,감사합니다 ❤,0,2026-05-09T17:33:43Z,0,False
Glk3J5ka-AA,오... 좋아요~~~~,5,2026-06-05T15:02:07Z,0,False
Glk3J5ka-AA,감사 합니다,0,2026-05-06T17:45:57Z,0,False
Glk3J5ka-AA,"시간초월님, 강의통해 ETF 복리마법 세팅 완료합니다❤👍",0,2025-11-24T23:32:39Z,0,False
Glk3J5ka-AA,굿,2,2026-02-20T02:25:13Z,0,False
Glk3J5ka-AA,ㅎㅎ 궁금한거 다 얻었네요😊,1,2026-05-07T12:46:49Z,0,True
Glk3J5ka-AA,덕분에 ETF 완전정리 됐어요~,0,2025-10-24T10:43:16Z,1,False
Glk3J5ka-AA,깔끔하게  탁월한 설명. 감사합니다 엄지척 👍 입니다,2,2025-10-28T12:25:56Z,0,False
Glk3J5ka-AA,어머나^^  아메리카노~,1,2025-10-24T09:34:46Z,0,False
Glk3J5ka-AA,"감사!
예뻐요.~🎉🎉🎉",0,2026-08-21T04:29:46Z,0,False
Glk3J5ka-AA,귀엽따!,2,2026-06-05T09:36:38Z,0,False
Glk3J5ka-AA,와 이거 너무 좋아요,0,2025-10-24T07:35:40Z,0,False
Glk3J5ka-AA,Etf 단타는 ? 3 레버리지^^,0,2025-10-24T04:45:22Z,0,True
Glk3J5ka-AA,어디서 어떠케 하죠?,1,2026-03-09T13:02:23Z,0,True
Glk3J5ka-AA,"쌉이 뭐야 쌉이~~
아무리 그래도 표준용어 쓰고
영상 찍어요 나이도 있는 여자분
같은데 보기가 안좋네요.😱",2,2026-02-27T23:15:39Z,4,False
Glk3J5ka-AA,❤❤❤ 감사...,1,2026-01-28T06:23:33Z,0,False
AF4ZZmgkT1Y,출시 한 달 만에 투기판 논란으로 상장 폐지 요구가 빗발치는 레버리지 ETF! 여러분의 생각은? 🤔,360,2026-07-09T04:32:22Z,39,True
AF4ZZmgkT1Y,"책임지는 놈들이 하나도 없다는게 문제다.
누워서라도 막았어야 했다는 금감원장 대국민 사과하고  사퇴해라.
뒤집어쓰기싫으면 위에서 시킨 사람 있으면 불던가~~",375,2026-07-09T13:01:59Z,5,False
AF4ZZmgkT1Y,보완중이라 질질 끌지말고 당장 패지하라 개인투자돈 모두다 날라갔다고,128,2026-07-11T02:25:38Z,0,False
AF4ZZmgkT1Y,금감원장 처벌하라,170,2026-07-09T23:37:26Z,0,False
AF4ZZmgkT1Y,또 검토를 2달동안 하겠네.   빨리 결단해야 합니다,44,2026-07-11T10:19:03Z,0,False
AF4ZZmgkT1Y,좀 말만하지말고 이제 실천해라 정부야 세력들 조작하기 좋다,311,2026-07-09T11:15:25Z,1,False
AF4ZZmgkT1Y,먼저 책임자 부터 조사해야 ~,60,2026-07-10T12:41:52Z,0,False
AF4ZZmgkT1Y,폐지 해야 합니다,375,2026-07-09T10:50:52Z,0,False
AF4ZZmgkT1Y,상장폐지해랏,67,2026-07-10T23:24:42Z,0,False
AF4ZZmgkT1Y,국민들 더 털리기 전에 서두르자.,275,2026-07-09T05:29:00Z,1,False
AF4ZZmgkT1Y,맞습니다 상장폐기해야합니다,30,2026-07-11T09:26:29Z,0,False
AF4ZZmgkT1Y,"상장패지가 답이다...
정부 책임자들 사과하고 사퇴하세요😠😡🤬",222,2026-07-09T12:40:48Z,0,False
AF4ZZmgkT1Y,"정책 대 실패!
즉시 폐지하라!",23,2026-07-14T06:48:36Z,0,False
AF4ZZmgkT1Y,"이거 진짜 문제 많아요.
이러다 여럿 파산할판이다",287,2026-07-09T12:49:52Z,0,False
AF4ZZmgkT1Y,당장 폐지하라ㅠ,22,2026-07-11T07:58:26Z,0,False
AF4ZZmgkT1Y,폐지하라,567,2026-07-09T11:30:19Z,4,False
AF4ZZmgkT1Y,상장폐지가답이다,21,2026-07-11T15:27:28Z,0,False
AF4ZZmgkT1Y,게다가 그와중에  사팔을 그렇게한대,197,2026-07-09T10:13:14Z,0,False
AF4ZZmgkT1Y,당장 상장 폐지해라. 국민들의 피눈물이 안보이느냐. 국민들의 자산이 다 녹아 내리고 있는 중이다. 한심한. 아유 욕나온다,14,2026-07-11T14:55:21Z,0,False
AF4ZZmgkT1Y,"대한민국 최고에 위기다
상장페지   꼭!",362,2026-07-09T13:00:05Z,1,False
AF4ZZmgkT1Y,상장폐지하라 젊은이들 다죽는다,110,2026-07-10T23:35:24Z,0,False
AF4ZZmgkT1Y,삼전닉스 레버리지 때문에 증시가 비정상이다 폐지가 답이다.,314,2026-07-09T13:34:29Z,0,False
AF4ZZmgkT1Y,"폐지는 빠를수록 좋다.
제발! 정신차려라.",19,2026-07-11T16:05:00Z,0,False
AF4ZZmgkT1Y,"하루빨리폐지하라
개미들 다죽인다",67,2026-07-10T02:20:14Z,0,False
AF4ZZmgkT1Y,"맞습니다  
장장폐지  해야 합니다",14,2026-07-11T10:35:39Z,0,False
AF4ZZmgkT1Y,이건 외국 세력들이 맘대로 주가 조작 하게 만듬,277,2026-07-09T10:44:03Z,0,False
AF4ZZmgkT1Y,"개미들다죽을거임
개미들죽이기위한정책일까하네요",11,2026-07-12T14:20:04Z,0,False
AF4ZZmgkT1Y,레버리지 페지해라 이러다 나라 망한다,257,2026-07-09T06:41:20Z,0,False
AF4ZZmgkT1Y,"SK하이닉스, 삼성전자 단일종목 레버리지가 도입되면서 SK하이닉스와 삼성전자 제대로 올라가지 못하고 있고, 변동성이 심해 지면서 다른 주식들까지 크게 빠지고 있는데 반드시 상폐 가야한다에 적극 찬성합니다!
우리 가정들과 기업들을 파괴하고 나라 경제에 큰 피해를 주고 있습니다!",15,2026-07-11T16:06:19Z,0,False
AF4ZZmgkT1Y,빨리 단일종목 레버리지 없애라 다 죽일 셈이냐,39,2026-07-09T14:58:15Z,0,False
AF4ZZmgkT1Y,이정도면 개미들 다 잃게.만들고 배급할려고 하는건가,11,2026-07-10T13:09:46Z,0,False
AF4ZZmgkT1Y,"빨리레베리지폐지해라
출렁이는주식시장에
외국인들도 주식장에들어올까ㅠ",58,2026-07-10T10:07:24Z,0,False
AF4ZZmgkT1Y,레버리지 ETF  상장페지하라,13,2026-07-11T14:03:51Z,0,False
AF4ZZmgkT1Y,"국민들 다 피가
녹아내린다
당장 폐지하라
코스닥은 뭔 피해냐",130,2026-07-09T19:59:34Z,0,False
AF4ZZmgkT1Y,레버리지로 외인들의 놀이터가 됨 국장 완벽하게 이해하며 가지고 놀고있음 주식 하는건 개인 의지지만 레버리지는 하지마라 깡통찬다.,12,2026-07-11T02:55:39Z,0,False
AF4ZZmgkT1Y,빨리 사장폐지 하라고~  ㅠㅠ 개미운다고,299,2026-07-09T11:29:21Z,3,False
AF4ZZmgkT1Y,"폐기해라  왜 외국인만돈벌어가게만들어
개인들다죽는다",7,2026-07-14T07:03:50Z,0,True
AF4ZZmgkT1Y,폐지가 답이다,216,2026-07-09T12:55:22Z,0,False
AF4ZZmgkT1Y,"제발 상장폐지  시켜주십시오
부탁합니다
개미들 다 죽이네요",3,2026-07-14T08:22:29Z,0,False
AF4ZZmgkT1Y,카지노판 더이상 만들지 말고 꼭 폐지하여야합니다~,19,2026-07-10T06:31:36Z,0,False
AF4ZZmgkT1Y,"개미 다 쥑인다!!
즉시 상폐하라!!
누구를 위한 정책이냐?!!
한국 주식시장이 라스베가스 카지노냐??
이 얼빠진 정책 입안자들아!!!  😢😢😢😢",9,2026-07-11T21:21:28Z,0,True
AF4ZZmgkT1Y,폐지하고 정부가 어느정도 책임도 져야지 스트레스가 미치게 올라온다 ..,38,2026-07-09T14:11:47Z,0,False
AF4ZZmgkT1Y,"주식시장 망치는 
단일종목 레버리지 폐지해라",5,2026-07-11T13:42:05Z,0,False
AF4ZZmgkT1Y,폐지국민청원가자,147,2026-07-09T12:35:10Z,0,False
AF4ZZmgkT1Y,보완을 해도 또 문제가 생긴다 상장폐지를 하라,4,2026-07-11T18:40:52Z,0,False
AF4ZZmgkT1Y,"보안책이아니고
폐지해라. 당장
투자가아니고
투기판. 이그.",26,2026-07-09T22:40:18Z,0,False
AF4ZZmgkT1Y,"도대체 어느누가 이따위 정책으로
주식시장이 투기판이 되었는가!
철저히 수사하여 책임소재를 밝혀라!",2,2026-07-14T17:33:15Z,0,False
AF4ZZmgkT1Y,"내일이라도
중지시키는게맞는것같아요
이러다주식시장다망가지고
다시부동산이나
미장으로옮길듯
무슨
도박장
진짜누가만든건지어이없네요ㅠ",42,2026-07-09T12:54:55Z,0,False
AF4ZZmgkT1Y,손대는곳마다 이게 왠일이야~~,3,2026-07-13T15:23:20Z,0,False
AF4ZZmgkT1Y,"이젠 국장에서 빠집니다 
심장떨려서 재산녹는소리에",25,2026-07-09T20:33:24Z,0,False
AF4ZZmgkT1Y,"우리나라 주주가
손해봤다면 번사람은 누군데",4,2026-07-10T13:19:41Z,0,False
AF4ZZmgkT1Y,폐지해야 한다,142,2026-07-09T12:26:57Z,0,False
AF4ZZmgkT1Y,"모든etf가 주가 조작하는 주범, 감옥으로",3,2026-07-14T06:49:33Z,0,False
AF4ZZmgkT1Y,일단 중지하고 대책을 논의해라.개미들 다 죽이지 말고.,22,2026-07-10T08:44:07Z,0,False
AF4ZZmgkT1Y,여러 종목을 합산하여 etf를 운용하라!,2,2026-07-15T21:44:52Z,0,False
AF4ZZmgkT1Y,"아니 지금 시장이 다 죽어가고
챠트봐라 다 낭떠러지다
우리가 다 폐가망신하겠디
빨리 정지해야지 언제까지
대응책 마련만 하고 있을래?
다 망힌담에????",32,2026-07-09T17:06:49Z,0,True
AF4ZZmgkT1Y,"패지해야한다.
나라가망해간다",4,2026-07-11T13:58:08Z,0,False
AF4ZZmgkT1Y,빨 리 빨리 페지해라!,167,2026-07-09T11:49:50Z,0,False
AF4ZZmgkT1Y,즉시 폐지하고 책임자를 처벌해야 한다,0,2026-07-13T00:50:04Z,0,False
AF4ZZmgkT1Y,말만하지 말고 당장 폐지해라 아님 중지 부터 하고 해결책을 내던지 해야지,102,2026-07-09T16:23:41Z,0,False
AF4ZZmgkT1Y,"이게주식이냐
보안책이거 나발이고
빨리 상폐시켜라",1,2026-07-14T11:19:46Z,0,False
AF4ZZmgkT1Y,폐지고 뭐고 당장 중지를 먼저 하라고~,108,2026-07-09T16:53:11Z,0,False
AF4ZZmgkT1Y,상장폐지하고 만든 놈 찾아서 민사소송해야지,1,2026-07-14T09:45:56Z,0,False
AF4ZZmgkT1Y,도대체 뭐하고 자빠졌냐,136,2026-07-09T11:03:40Z,0,False
AF4ZZmgkT1Y,폐지폐지폐지,2,2026-07-14T06:49:06Z,0,False
AF4ZZmgkT1Y,"마련을 언제 할껀가~
개미들 다 몰살되고?",22,2026-07-09T20:13:49Z,0,True
AF4ZZmgkT1Y,"잘못된 투기판을 당장 시정해야 한다.
인정하지 않으면 더 큰 재앙이 올 것이다.",0,2026-07-13T21:54:47Z,0,False
AF4ZZmgkT1Y,완전 투기판이다 빨 상폐해야,135,2026-07-09T10:47:43Z,1,False
AF4ZZmgkT1Y,"폐지가문제가아니다,담당놈들은전재산털어변상하라,그리고한국을떠나라,죽이고싶은사람들너무많다",1,2026-07-22T13:03:27Z,0,False
AF4ZZmgkT1Y,대안으로 코스닥도 살려라.,30,2026-07-09T11:54:16Z,0,False
AF4ZZmgkT1Y,보완책 만든다는 지가 언제야. 지금 당장 정지시키고 보완책을 만들던지 상페를 하던지 해라. 계좌는 벌써 반토막 난지 오래고 하루하루 변동성 때문에 우울증 걸린 듯.,1,2026-07-16T05:31:25Z,0,True
AF4ZZmgkT1Y,일주일 기간주고 폐지한던지 최소한 단일가 매매로 해라,17,2026-07-09T20:32:17Z,0,False
AF4ZZmgkT1Y,정부에서 만든 레버리지 빨리 폐지하고 만든 사람 처단하라!!,1,2026-07-14T07:13:49Z,0,False
AF4ZZmgkT1Y,"완전 도박판~~~!!!!!!!!!!!
거래정지 바로시키고 상폐하라~~!!!",19,2026-07-09T14:45:59Z,0,False
AF4ZZmgkT1Y,정책실폐 인정  ....  빨리 ...  상장폐지  해라,1,2026-07-17T08:01:39Z,0,False
AF4ZZmgkT1Y,도박장이 되어버린 주식장  ㅠ,20,2026-07-09T19:58:12Z,0,False
AF4ZZmgkT1Y,"보안책은 도대체 언제
다 죽고나서!!!",0,2026-07-14T03:02:35Z,0,True
AF4ZZmgkT1Y,"당장, 지금즉시, 하루빨리 상장폐지하라",77,2026-07-10T01:45:20Z,0,False
AF4ZZmgkT1Y,당장폐지하라~~나라망한다 ~정부는주식판 사기치지마라,1,2026-07-11T08:20:50Z,0,False
AF4ZZmgkT1Y,"이건 좀 아니지 싶다가..
얼마 안되서 심각함을 알았습니다.",21,2026-07-09T12:25:43Z,1,False
AF4ZZmgkT1Y,시범적으로 해보지 않코 지랄하더니 뭐하는 짓인지 청와대에 카지노를 만들어라,1,2026-07-11T15:56:52Z,0,False
AF4ZZmgkT1Y,토지 소유자는 범죄자 취급하며  투기는 조장하냐,13,2026-07-09T12:05:57Z,0,False
AF4ZZmgkT1Y,"중지해놓고 회의해주세요
하루가 두려워요",1,2026-07-14T16:48:00Z,0,False
AF4ZZmgkT1Y,"외국에는 다 하는 레버리지
우리나라는 아직 안되는거네",23,2026-07-09T12:06:52Z,1,False
AF4ZZmgkT1Y,"상장폐지 뿐 아니라
관계자들 다 검찰조사
받고 처벌 받아야 한다",0,2026-07-14T11:49:32Z,0,False
AF4ZZmgkT1Y,"레버리지 상폐
레버리지 상폐
레버리지 상폐",14,2026-07-09T12:08:40Z,0,False
AF4ZZmgkT1Y,정책 실패에 대한 책임을 져야죠.  결정권자가 누구고 누구의 지시로 하게 됏는지 특검을 하던지 해서 앞으로 이런일이 없게 해야죠.,0,2026-07-14T04:27:03Z,0,False
AF4ZZmgkT1Y,단타용,34,2026-07-09T08:02:14Z,0,False
AF4ZZmgkT1Y,"당장 중지하고  대책마련하고 발표한후
다시 시작하는 것이 ~~~",0,2026-07-13T02:17:31Z,0,False
AF4ZZmgkT1Y,레버리지  패지 해주세요 ~,75,2026-07-09T05:08:27Z,0,False
AF4ZZmgkT1Y,이런 미친 레버리지 만든넘 당장  문책하라,1,2026-07-11T22:14:18Z,0,False
AF4ZZmgkT1Y,이 상품출시이후 생난리에 꿀렁대고,10,2026-07-09T10:12:16Z,0,False
AF4ZZmgkT1Y,당장 투기판 레버리지 상장폐지하라,0,2026-07-11T08:18:10Z,0,False
AF4ZZmgkT1Y,"우리나라국민은 도박을 좋아한다
인정하고 제재해라",38,2026-07-09T12:08:23Z,0,False
AF4ZZmgkT1Y,일단 정지시켜요!!!정지시키고 논의하라구요,0,2026-07-13T10:35:36Z,0,False
AF4ZZmgkT1Y,당장폐지하고경질시켜라,0,2026-07-14T02:52:04Z,0,False
AF4ZZmgkT1Y,투자자들은 50대50이지 어차피 오를지 떨어질지 모르는건데 상폐해야 다른투자자들을 살릴수있다,37,2026-07-09T07:33:21Z,0,False
AF4ZZmgkT1Y,정책실장.빨리내려오고.주식시장을.도박판으로만든.이유가무엇인지.누가와.상의해서.했는지.구속.수사를.해야된다,0,2026-07-14T11:56:51Z,0,True
AF4ZZmgkT1Y,"결국은 나도 레버리지etf 인버스,곱버스에 투자하는게 마지막으로 버는 길일까요ᆢ이러다가는 본전도 못찾을 정도의 악순환이 계속될거 같아요ᆢ개미들은 여윳돈을 몽땅 털어넣었는데 누가 끌어 올리겠습니까?",7,2026-07-09T11:52:04Z,0,True
AF4ZZmgkT1Y,"그나마삼닉스가벌어온걸
요상한거만들어다털리노",7,2026-07-09T12:36:08Z,0,False
8d8lurBu7bU,"아니 이렇게 좋은 친구가 있는데 왜 조언을 안들어?
와 그 조언 너무 듣고싶다",424,2025-10-12T12:24:38Z,1,True
8d8lurBu7bU,"정말 100% 맞는 애기입니다
10명에 1명정도 할까말까 일겁니다..안하는게 아니라 못합니다
그래서 부자보다 부자가 아닌 사람이 많다는걸 알았습니다",366,2025-10-12T15:17:17Z,4,False
8d8lurBu7bU,"진짜 ㄹㅇ로 하라해도 안하고 어짜피 할 사람들은 이미 조용히 다 하고 있음.... 그니까 투자, 일은 하기 싫고 부자는 되고 싶어하는게 말이 안됨...",235,2025-10-15T17:50:58Z,0,False
8d8lurBu7bU,"인정합니다.
주식 시작이 어렵습니다.
저도 한 2~3년 고민하다가 100만원으로 시작했었죠",118,2025-10-23T11:12:25Z,0,False
8d8lurBu7bU,"이거 딱 내얘기네 나도 황현희 같은 아는 형이 한명있음
한 5년 전 코로나 시국에 그형이 딱 그맘때 월급쟁이하면서도 재산을 몇배로 불리던 시기였음
그형은 주식하는법, 자산 굴리는법 자기가 어떻게 투자하는지 등등 상세하게 다 알려줬음
나는 아 그렇구나~ 했지만 그형이랑 헤어지면 무슨말했는지 기억도 안나고 실행한거 하나도 없었음
그리고 5년이 지난 지금 그형은 신도시 아파트 들어가고 나는 아직도 집한채 못사고있음
그형이 하는말 그대로 따라했으면 나도 지금 재산 3배 정도 불리는데 성공했을거라고 생각함

최근에 생각이 들더라. 내가 왜 그때 그형이 알려주는대로 하지 않았는지. 실행하는데 별로 어려운 것도 아니었는데. 눈앞에 그 형의 억단위 계좌잔고를 보면서 왜 동기부여가 안됐는지.
머리가 나빠서? 귀찮아서? 
다 맞는말이야. 근데 가장 큰이유는 간절함이 없었기 때문이라고 생각해.
당시 삶에 충분히 만족하고 있었으니까. 더 나은삶을 원하지 않았으니까.
근데 최근 들어서 달라지기 시작했음.
부모님도 은퇴하시고 결혼도 앞두게되니까 점점 돈이 필요해지기 시작하더라. 간절해지기 시작한거야.
그래서 요즘 그 형한테 다시 조언 구하면서 투자공부 열심히 하는 중임. 하면서 항상 5년 전에 시작했으면 이미 더 많이 벌었을텐데 하며 이가 갈리긴 하지만 내가 아니라 가족을 위한 삶을 살게되니 그런생각도 점점 안들기 시작하더라.

부모님이 건강하실 때는 소홀히 하다가 가실때가되면 갑자기 소중하게 느껴지는것 처럼 결국 사람을 움직이는건 간절함이다.
황현희나 그형은 필요를 너머 야망이 있는 사람이기 때문에 가능한거고.
누구 인생 부러워할 것도 없고 후회할 것도 없다.
자기만의 레이스에서 최선을 다하길 바란다.",135,2026-04-02T05:36:45Z,19,True
8d8lurBu7bU,90%는 열심히 안살고 10%끼리 싸움임..어느분야나..,416,2025-10-12T13:21:13Z,9,False
8d8lurBu7bU,"괜한 조언안하는게 좋음
같이 잘살자는 개념으로 해본사람은 어느순간 다들 묵언수행으로 변신 공감할거임
어차피 정답이 없는게 투자라서 그냥 물어보면 담백하게 말하는게 서로 좋음",58,2025-10-13T06:24:25Z,1,False
8d8lurBu7bU,"하는 사람은 정해져있음, 성향 차이든 환경 영향이든 어느 분야든 공부든 투자든 실천이든 습관이든 꾸준히 쌓아올리고 그 결과와 가치를 맛본 사람들만이 행하는거.",36,2025-10-30T16:30:31Z,0,False
8d8lurBu7bU,이거 진짜 공감 알려줘도 안해 ㅋㅋㅋㅋ,53,2025-11-11T19:10:23Z,0,False
8d8lurBu7bU,"주변에 근로만 열심히 합니다.
근로만 하다가 아픕니다 ,,",319,2025-10-16T16:06:08Z,11,False
8d8lurBu7bU,"어맞아 학교쌤도 예전에그얘기함
공부열심히하는애 의외로없어.ㅋ",48,2025-10-24T17:14:38Z,0,False
8d8lurBu7bU,"천국은 가고싶은데, 죽고싶은 사람은 없다.",165,2025-10-13T02:28:35Z,6,False
8d8lurBu7bU,"너무 공감
입아프게 알려주고 조언해주면 뭐해
주변지인 친구 내형제들조차 안합니다
그러면서 시간이 없다고 여유가 없다고 하죠",20,2025-12-19T22:41:21Z,0,True
8d8lurBu7bU,"시작이 반
시작조차 안하면 아무것도 안됨",25,2025-10-18T18:17:19Z,0,False
8d8lurBu7bU,"와... 맞아요
학생가르친지 10년째인데 아이들도 똑같습니다
야단치고 혼내고 잘못된 부분 지적해야 겨우 합니다
근데 요즘애들 그렇게 지도하면 자기한테 화냈다고 부모한테 가서 욕하고 학원때려칩니다
알아서 열심히하는 사람? 10프로 미만입니다
그리고 사회나가면 누가 옆에서 얘기해줍니까?
다 열심히 안합니다 진정성이 없어요",16,2025-10-14T00:39:30Z,0,True
8d8lurBu7bU,저도 요즘 느낍니다. 제가 아니까 다들 알줄 알았는데 생각보다 모르고 안하더라구요...,90,2025-10-12T14:41:42Z,2,False
8d8lurBu7bU,진짜 뼈를 때리네. 저렇게 좋은 친구가 있는데 듣고도 안 하다니.,12,2025-11-08T00:52:58Z,0,False
8d8lurBu7bU,그래서 결국 소수만 투자자&부자가되고 90프로이상 다수는 중서민으로 남는거에요 그게 신이 만든 섭리...모두가 똑똑하고 열심히 한다면 그또한 이상할듯~ 저도 주변에 오지랖많이하고 이젠 말수가 적어지더군요 귀찬아요,16,2025-10-27T11:38:36Z,0,False
8d8lurBu7bU,"맞아요
자기기가  공부하지않으면
절대 투자하지못하더라구요",28,2025-10-15T03:25:48Z,0,False
8d8lurBu7bU,"울회사 사람들도 아무도 안해요 
나만 외롭게 투자 중",20,2025-10-25T07:17:13Z,0,False
8d8lurBu7bU,"그말 맞아요 저 신혼때부터 부동산,보험,주식,꾸준한 직장생활을 조언해주었는데 아무도 안하더니 1명은 한참후에 제 방향대로 조금씩 따라주어 안정권인데  몇명은 차이가 많이 벌어지게 삽니다.전 늘 끊임없이 생각하고 공부하고 일도 하면서 더 나은삶을 살려고 노력하는데 저를 부러워 하면서도 생각보다 관심 없는 사람들도 꽤 있더라구요.",7,2025-11-08T00:15:51Z,1,False
8d8lurBu7bU,맞아요 그래서 한끗차이 라는 말이 나온게 아닐까 싶기도해요 그 한끗차이를 만드는 사람들이 성공하는거구요,21,2025-10-15T06:07:49Z,0,False
8d8lurBu7bU,아~~황현히 씨 친구들 부럽다 저런사람이  옆에 있음 든든 할텐데~~,32,2025-10-26T11:43:58Z,0,False
8d8lurBu7bU,"관성이란거죠 일상에서 뭔가를 더 할 여력이 없는 사람들..
그 관성을 깨는 소수의 사람만 변화하죠. 그래서 사람 안변한다 말 나오는거고요",9,2025-12-07T22:49:10Z,0,False
8d8lurBu7bU,파레토 법칙이야... 어느 동네 어디 그룹 아디를 가도 동일해... 대중의 통념의 반대편에 선다는 건 = 똘아이 = 부든 뭐든 얻게됨 = 그저 본능을 넘어서야하니 두려운 것,17,2025-10-13T03:52:56Z,0,True
8d8lurBu7bU,"로또도 사야 당첨된다
투자 없이는 기대도 하지 말자",57,2025-10-26T05:29:59Z,2,False
8d8lurBu7bU,공부한다고 그저 youtube를 보는 게 끝이 아니고. 실제로 투자라는 행동으로 옮겨야지만 공부인 것이고. 열심히 사는 사람들을 곁에 두고 가까이하면 어느 정도 자신도 따라가게 된다고 생각합니다.,7,2025-10-13T01:50:24Z,0,False
8d8lurBu7bU,"실행력중요한데..
왜인지 너는 되지만
나는 안될것같은
느낌때문에 😂😂😂",15,2025-10-15T04:32:54Z,0,False
8d8lurBu7bU,와닿는다,14,2025-10-12T15:44:47Z,0,False
8d8lurBu7bU,"잘되는사람이유있지요~~!
주변에주식얘기하니
~~이해못하는 사람의외로 많다",13,2025-10-22T23:51:18Z,0,False
8d8lurBu7bU,실제로 안하는사람 진짜 많아요 ㅋㅋㅋ,139,2025-10-13T05:05:03Z,0,False
8d8lurBu7bU,"맞습니다  절대 안합니다   못믿기
보다는  본인 생각이 강하고 
자기 소견이  옳다 한대로  갑니다 
저도  조금  알고 있지만   주위에  말 안하는게   나아요   떨어지면  이상한  사람되고  관계 깨집니다 
나중  차이가  벌어지면  알겠죠",3,2026-05-27T15:42:19Z,0,False
8d8lurBu7bU,"이거 ㄹㅇ 이다 모든 분야에 적용댐
오답노트 정답노트 다 잇는데 
말 안들음",5,2025-10-31T10:34:33Z,0,False
8d8lurBu7bU,"저도 젤친한 친구한테 10번정도 말했는데 결국 안하더라구요 ㅎㅎ
돈 없다고 하더니 벤츠차삼;;; 그때 느꼇죠... 아... 돈 주식할 돈이 없는 거구나 ㅠㅠ",27,2025-10-13T15:12:57Z,2,False
8d8lurBu7bU,실행이 답이다,25,2025-10-12T13:54:55Z,0,False
8d8lurBu7bU,"맞아요. 안해요.
저런얘기 해줘도  결국 그들은 하지 않더라구요.
결국 늘 차값, 밥값, 술값만 제가 내는 그런 상황만 되서 관계 유지하기 싫어지고요.
제가 노력해서 공부해서 아껴서 불린 거고 함께 하고파서 정보 공유해줬지만  안하는 그들 눈에는 제가 좀더 '있는' 사람이 되버린거죠. 그들은  돈이 생기는대로 써버리고는 돈없다 힘들다고 해요. 얘기 들어주고 밥사주고 정보까지 얘기해줘도..그대로 입니다. 늘 그대로예요. 
부자들이 왜 본인의 자산에 관한 얘길 안하는지 이제 알거 같아요.",4,2025-12-11T00:17:19Z,0,True
8d8lurBu7bU,"내가 공부하지 않고 스스로 느끼지 못하면 못합니다. 공부만이 살길!!
그 단톡방에 들어가고 싶네요^^",8,2025-11-01T12:34:43Z,0,False
8d8lurBu7bU,실행력~~~,117,2025-10-13T02:31:59Z,0,False
8d8lurBu7bU,맞아요 안하더라고 그래놓고 주식으로 돈벌면 뒷다마 까고 속으론 배아픈거죠,6,2025-10-14T08:44:18Z,0,False
8d8lurBu7bU,"아무리 이야기해도 안됩니다. 진짜 깨닫고 알게된걸, 시간이 얼마나 중요한지 알게되었을때 계속 시간이 흘러가게 두지말고 같이 해나갔으면 하는 바램으로 이것저것 가르챠주고 설명해줘도 안할사람 절대 안합니다….",7,2025-10-20T04:29:00Z,1,False
8d8lurBu7bU,"알려줘도 말로만 알았다 그러고 행동은 안합니다.
백날 말해줘도 몰라여...계속 옆에서 강압적으로 하라고하면 시작은 합니다. 근데 그 시작이 끝이예요..",5,2025-12-03T12:16:52Z,0,False
8d8lurBu7bU,"인간들 안 할 거 왜 물어보는지 모르겠음. 친구가 어떤 책 읽어야 돼 책 하나만 추천해 줘 물어보길래 고심해서 그 친구 수준에 맞는 필요한 책 추천해 줌. 나중에 물어보면 바빠서 책 읽을 시간이 없었느니, 그때 뭐 추천해 줬더라? 이러고 있음.",2,2026-09-15T03:44:52Z,0,True
8d8lurBu7bU,행님...그 단톡방 제가들어가겠습니다,15,2025-10-13T00:47:09Z,0,False
8d8lurBu7bU,이게 팩트인게 꿀인 직업이잇고 내가 그걸로 그래도 나름...그래도 내 나이에 비해 한달에800벌고 700저금하는데 ㅋㅋ주변 유일하게 친한 지인에게만알려줘도 그 일 절대 안함...왜냐 몸쓰는일 남이 봣을때 비천해보이는 일이기에 ㅋㅋ결국 하는 사람이 하고 벌 사람이 버는거...같은 맥락,6,2025-12-15T02:40:01Z,0,False
8d8lurBu7bU,진짜 안해요.달러자산 모아야한다 말했는데 안해요.그래서 부자가 일프로만 생기는듯,60,2025-10-26T07:29:20Z,2,False
8d8lurBu7bU,"저는 재테크에 관심이 많아
모일때 그런얘기하면 
눈빛이 자랑하나? 이런 눈빛.
그러고는 다른 주제로 넘어가더라구요.
나는 나도 공부중이지만 이렇다더라... 하면서 알려주는 건데...
적금에도 주식에도 부동산에도 관심 없는 사람들이 의외로 많은 걸 알았어요.

그 사람들에게 재테크 주제는 그냥 자랑으로 들리나봐요. 그래서 그냥 재밌는 얘기만 합니다.
단 한친구만 재테크 주제가 같아요.
서로 밀고 당겨줍니다.",10,2025-10-13T12:06:47Z,0,True
8d8lurBu7bU,"개그하실때도 전 느꼈어요 조금 다르시다는것을.제촉이 맞아서 기뻐요
멋진 현희씨👍👍👍",11,2025-11-24T19:18:31Z,0,False
8d8lurBu7bU,깊게 들어가면 머리 아프다고  안 들을려고함,15,2025-10-13T13:01:23Z,1,False
8d8lurBu7bU,맞아요~저도 아무리 얘기해도 실천 안해요~예전에 선배들이 얘기하면 저만 따라했답니다.,2,2026-04-26T19:45:33Z,0,False
8d8lurBu7bU,"하는 사람은 하지 말라고 해도 열심히 하죠
제 주변에는 잠도 안자고 다들 공부해서, 수익률 10배 먹은 사람도 수두룩 하네요
소수의 사람들은 상상외로 열심히 해서, 엄청난 결과를 얻는다는",3,2025-12-11T13:04:45Z,0,False
8d8lurBu7bU,말 잘들을 자신있는데 친구해주면 좋겠다😂,5,2025-10-30T02:09:14Z,0,False
8d8lurBu7bU,"근데 말해준대로 안하는 사람 입장에선
괜히 했다가 잘못됐을때 나도 모르게 원망하지 않을까 걱정돼서 안하는 경우도 있긴함...
내가 그랬음ㅜ",2,2025-10-30T04:11:45Z,0,False
8d8lurBu7bU,"맞아요 이야기 다해주고 투자라생각하고
버텨라 해도 절대못합니다.
다 개박살나죠
저도 그런걸 느끼고 요즘은 이야기안합니다.
어차피 안할꺼라는걸 알거든요",1,2025-12-10T20:31:47Z,0,False
8d8lurBu7bU,제가 성급히 행동하다가 주식 코인 다말아먹었습니다 진짜 본인만의 기준을 갖고 손절과 목표점 확실하게 잡고가야합니다 분할매수 분할매도 당연하고요 하지만 모두가 알다시피 그게 안돼요 하루종일 휴대폰 쳐다봐야돼고 그래서 결론을 내렸습니다 그냥 알람해놓고 목표가및 손절가에 예약매도 걸어놓으세요 그게 제일 맘편합니다,5,2025-10-13T03:22:55Z,1,False
8d8lurBu7bU,"이게 진심인게 금융지식을 배워 남이 아닌 와이프, 친형한테 조언을 해도 안한다는 겁니다
지금 투자할 돈 없다, 나중에 할게, 준 책 볼 시간이 없어… 
안되는 사람은 안되는겁니다",1,2026-06-22T15:03:36Z,0,False
8d8lurBu7bU,"100 프로 공감합니다. 저는 45살에 이미 평생 먹고 살 돈 이상으로 다 벌었습니다. 그런데 제가 가지고 있는 정보를 주변 친구나 지인에게 전부 말을 하였으나 아무도 안했습니다. 
그래서 저만 혼자 부를 갖게 되었습니다.
저도 깨달았습니다. 각자가 알아서 살아야 한다😊",95,2025-10-12T20:56:28Z,14,False
8d8lurBu7bU,"내 친구 주식 10년 넘게 했는데 아직도 급락 한번 있으면 무셔~무셔~ 하고 추천해주면 1주 딱 사고 기다립니다. 그러다가 내가 매도 할때 되면 이제 사도 돼? 그럽니다.
공부도 안하는지 속 터져 이제는 내가 먼저는 주식 얘기 안합니다",6,2025-10-13T04:38:28Z,0,True
8d8lurBu7bU,"하루에 천이상씩 버는 지인에게
내가 요구한건~하루를 어떻게 지내는지
뭘보고 어떻게 종목선정하는지등등
방법을 물어봤다
그대로 따라하면서 궁금하면 또 추가 질문한다
아주 아주 좋아졌어요
이런친구있으면 너무 너무 복이지
고기잡는법을 배워야지~~",3,2026-03-10T05:57:56Z,0,True
8d8lurBu7bU,완전공감합니다^^,8,2025-10-13T23:40:23Z,0,False
8d8lurBu7bU,"나도 매년 몇억씩 수익 나는데 누가 물어보면 다 말해줌.
사는사람 아무도 없음 ㅋ",7,2025-12-05T15:15:14Z,1,False
8d8lurBu7bU,"전할께요
저한테 다얘기해주세용 ㅎ ㅎ 진심",9,2025-10-13T01:32:55Z,0,False
8d8lurBu7bU,신인개그맨으로 나왔을때 개그보단 뭔가 크게되겠다했는데 내가 딱맞췄음~~,2,2025-10-28T15:27:24Z,0,False
8d8lurBu7bU,도전 정신이 부족함. 원금 까질거 각오하고 해야하는데 원금 까일까봐 무서워서 진입도 못하고 어차피 안할거라 공부도 안함...,2,2025-11-24T02:59:48Z,0,False
8d8lurBu7bU,"맞는말씀 생각보다
열심히 하는분들 적습니다",1,2025-10-14T20:49:52Z,0,False
8d8lurBu7bU,그조언 나도 듣고싶다 진짜 열심히듣고 행동으로도 할거같은데,1,2025-10-28T10:38:40Z,0,False
8d8lurBu7bU,맞아요. 저도 좋은 아파트 투자 할때 꼭 하라고 주변에 말해도 아무도 안했어요. 맨날 네가 사랄때 살걸.. 이 말만,25,2025-10-27T15:53:09Z,0,False
8d8lurBu7bU,남말 듣고 주식 사지 말라는 얘기를 귀에 딱지가 생기도록 들어서 그럴 확률이 높다고 봄 ㅋㅋㅋ,1,2026-03-02T11:10:25Z,0,False
8d8lurBu7bU,그정도로 열심히하는 사람들은 단톡방이나 술자리에서 저렇게 물어보지 않음 주발에 혼자 계획을 짜서 공부하고 책읽고 발품팔고 이미 하고있지,5,2025-10-13T04:41:04Z,0,False
8d8lurBu7bU,공감. 내가 하고 싶으말,5,2025-10-13T09:51:07Z,0,False
8d8lurBu7bU,아무리 비트코인 책 사주고 공부하고 투자하라고 해도 안 함. 나 혼자 90%  수익 중,2,2025-11-01T06:20:54Z,0,False
8d8lurBu7bU,맞아요 안해요 ㅎㅎ,6,2025-10-29T11:50:29Z,0,False
8d8lurBu7bU,"네 그게 저에요
또 반성만 하다 갑니다",1,2025-10-13T14:05:51Z,0,False
8d8lurBu7bU,저런 친구 있음 좋은데,4,2025-10-21T20:45:53Z,0,False
8d8lurBu7bU,나도저런친구있슴좋겠다.,6,2025-10-16T07:50:33Z,0,False
8d8lurBu7bU,ㅇㅈ   😂😂😂,5,2025-10-15T10:22:11Z,0,False
8d8lurBu7bU,"하라는대로 안하는 이유는 사람마다 깨닫는시기가 다르기때문이랍니다.
제가 그랬습니다. 39살까지 땡전한푼 못모으고 다 써재끼다가 2024년 주식시작하고 소비줄이고 돈모으고 수익나서 모은돈이 단 2년만에 6천이네요. 어릴때부터 주식을 안했던것이 한탄스럽지만 저의 운이 이런거겠지요",2,2026-05-14T15:19:19Z,0,False
8d8lurBu7bU,"저도 주식으로 나름 성공해서 퇴사했는데
직원들이 당시 저한테 물어보면 이렇게
저렇게 해서 수익났다 해도 안합니다
그때만 했어도 다들 대박났을텐데..
공감합니다",1,2026-05-30T02:43:40Z,0,False
8d8lurBu7bU,흐름을 알면 종목이 큰 의미가 없음 단타치고 종목에 목매는것들 잘될수가 없음. 그냥 죽을 고비 몇번 넘기면 큰 흐름이 보임. 그때부터는 그냥 시간이 해결해줄뿐,9,2025-10-13T05:25:36Z,5,False
8d8lurBu7bU,저는 알려주면 따라갑니다,4,2025-11-02T13:49:58Z,0,True
8d8lurBu7bU,"진짜 아무도 안해요.. 
조카만 비트코인과 리플(50만원) 투자해서 리플 5배 올랐습니다. 리플 양이 작아 후회하더라구요.",3,2025-11-01T04:23:48Z,0,False
8d8lurBu7bU,"주식은 공격보다 방어가 먼저라는 말씀, 뼈저리게 공감합니다",0,2026-06-24T07:22:49Z,0,False
8d8lurBu7bU,제 친구들도 똑같습니다.,3,2025-10-15T11:50:48Z,0,False
8d8lurBu7bU,공감,1,2025-10-14T02:32:40Z,0,False
8d8lurBu7bU,친구이고 싶다 난 할 수 있다 ㅋ,4,2025-10-14T15:06:25Z,0,False
8d8lurBu7bU,50년 전에도 그랬음.,3,2025-11-01T13:04:48Z,0,False
8d8lurBu7bU,"진짜 아무도 안 합니다.
성공한 친구가 있고 스스로 꺼드럭 거리지 않고 친구 기분 헤아려가며 기분 상하지 않게 그 방법을 알려주려고 하는 친구가 있다는 건 엄청난 행운인데 열등감, 자기만의 괴상한 내러티브, 자존심 등으로 인해 최근 코로나 이후 5년의 폭등장 속에서도 이상한 투자만 하며 수익도 전혀 못 보고 .. 에휴 정말 답답합니다😂
이제 저 또한 마음 상해서 안 가르쳐줍니다. 5년이면 할만큼 한 거 아닌가요?
5년 동안 1-2달에 한번 만나서 밥 사맥여가며 2-3시간 구구절절, 생각날 때마다 카톡으로 구구절절 말해봤지만 안 됩니다.
찾아오는 건 특정 종목이 폭등하면 그제서야 “물린 거 뭐뭐 팔고 지금 사볼까?”",3,2025-11-28T22:06:01Z,1,True
8d8lurBu7bU,"저는 주식으로 많은 돈을 잃었고
돈을 많이 따고 벌어도 사람들한테
주식 추천하지 않을거 같아요. 왜냐하면 잃었을 때 고통이 너무 크기때문이에요.
시도하지 않는 사람들은 신중한 사람들이겠죠.그사람들이 잘못됐다고
생각하지 않아요.도전해서 실패했을 때의
쓰라린 경험을 원하지 않고 소소한 일상을 만족하며 행복하게 살아가는것도 가치 있는일이라 생각해요.정답은 없는거 같아요.",1,2026-06-22T06:39:57Z,0,False
8d8lurBu7bU,저도  알고싶네요.~^^,2,2025-10-23T09:14:05Z,0,False
8d8lurBu7bU,"정답.투자는 자신의 재산 보호인데, 공부 진짜 징글 징글하게 안 함",4,2025-10-24T07:19:05Z,0,False
8d8lurBu7bU,"열심히 발로뛰고 공부해서 종목선택 여러번 성공. 오른,오를 주식 종목 알려달라는대로 모두에게 다 오픈하지만 단한명도 안삼. 그러고 오른뒤에 넋두리만 엄청 함. 남편조차 지금 로그인해서 이종목 몇주만 사라고 해도 안삼..",1,2025-10-26T16:40:59Z,0,False
8d8lurBu7bU,"실적도 안 나오는 꿈과 희망으로만 움직이는 주식 말고 탄탄한 우량주나 지수를 하라고 해도 말 안 들음 
같은 투자기간에 그 친구는 아직도 손실중",1,2025-11-15T02:42:39Z,0,False
8d8lurBu7bU,정답!! 쉬운 대답만 듣고 싶어하지 진짜 대답은 들어도 안함.,1,2025-11-30T05:25:47Z,0,False
8d8lurBu7bU,맞아요!! 진짜 쉽게 주면 안해요!!!!!!!!!,0,2025-10-15T14:29:26Z,0,False
8d8lurBu7bU,"저는 투자 하고 싶은 마음이 있던차에 지인이 이야기 해주더라구요. 황현희님처럼 알려주고 싶어 하더라구요. 어찌어찌 시작하게 되고, 지금 주린이지만 지인이 알려주는 대로 하려고 노력 중인데 쉽지는 않더라구요. 워낙 모르고 살던 분야라서. 
지인 말이 황현희님 말이랑 똑같이 하더군요.  가까운 사람들도 다 같이 잘 되면 좋겠다는 마음에 이야기 해주는데 안한다구요. 오희려 사기꾼처럼 보는 사람도 있고, 그거 벌자고 그거하냐는 식으로 말하는 사람도 있고...암튼 안한다는 말에 좀 놀랐어요. 진짜 알려줘도 안하는 사람들이 많은가봐요...",1,2025-10-22T00:19:03Z,0,True
8d8lurBu7bU,정말 공감.... 이제  얘기안함 절대,0,2025-10-29T16:35:22Z,0,False
8d8lurBu7bU,"저도 코인투자 9년차인데, 모든 사람들은 투자에 성공하는 방법을 알고 있음 ㅎㅎ 근데 절대 알려준대로 안함ㅎㅎ 하락 때 사라고 하면 더 내려갈가봐 못사고 올라가면 그때 지금이라도 사도 되냐고 물어봄 ㅎㅎㅎ 저말 100% 공감함요~~그래서 지금은 잘하는 사람들끼리만 코인 이야기함요~~",18,2025-11-11T18:04:54Z,3,False
8d8lurBu7bU,너무 공감합니다!!,3,2025-11-18T04:38:12Z,0,False
8d8lurBu7bU,"우리나라는 주변사람 말을 안믿어요.
내가 최고이거든요.
전세계1등 두뇌😊",1,2025-12-06T14:56:19Z,0,False
8d8lurBu7bU,"괜히 따라 사고, 변동성에 흔들려서 매도하거나 공부안하고 매번 연락 할 수도 있고,
매수는 말해 줄수 있어도 매도는 각자 알아서 해야하는데, 매수는 잘 해도 매도를 못해서 물릴 수도 있고, 매도 하라고 연락 해줘도 질질 끌면서 매도 안할 수도 있고..
투자라는게 직접 공부를 해야 하는데, 남 덕분에 성공 경험을 갖으면, 열심히 공부 할수 도 있지만, 안할 수도 있음.돈 더 끌어와서 뭐 투자해야 하냐고 할수도.😅",1,2025-10-14T18:38:48Z,0,False
8d8lurBu7bU,"맞아요
아무도 안해요~~",1,2026-01-15T05:03:23Z,0,False
8_YxWzVTbro,넘 슬프다,393,2026-08-08T04:33:29Z,33,False
8_YxWzVTbro,슬픈 스토리지만 많은 사람들에게 교육 자료가 되었다고 생각합니다. 5억 모은다는 것도 대단한 것 같습니다..,156,2026-08-10T12:41:33Z,0,False
8_YxWzVTbro,햐~~~~ 주식에는 정답은 없다지만 정말 명언들이 많이 보이네요...감사합니다 이런 훌륭한 경험을 이렇게 알려주시니....다시는 이런 실패하지 마시고 승승장구 하시길 기원드리겠습니다.,25,2026-08-15T07:53:48Z,0,True
8_YxWzVTbro,"마음이  너무 아파요
앞으로 성공하셔서 5억이상 5십억 부자 되세요.",188,2026-08-09T08:12:38Z,0,False
8_YxWzVTbro,와 이 영상은 진짜 주식을 시작 할 마음을 먹은 사람이라면 꼭 필수로 시청하거나 주식을 하고 있는 중간중간에더라도 원칙을 잊지 않기 위해 수시로 시청해줘야 하는 영상입니다. 말씀하시는것 하나하나가 전부 맞는 말이고 이 지식을 얻으려면 큰 손실을 봐야만 깨달을 수 있는 주옥같은 내용들입니다.,11,2026-08-15T13:59:13Z,0,False
8_YxWzVTbro,"긴 영상이었지만, 시간 가는 줄 모르고 공감하며 봤습니다. 일부 구독자의 반응에 민감하게 대응하는 건, 매일 주식창을 켜고 노심초사하는 마음과 별반 다르지 않다고 봅니다. 그런 개미들 모두 털어내고  초심대로 묵묵히 가시옵소서.",48,2026-08-09T13:10:24Z,0,False
8_YxWzVTbro,용기내서 공유해주셔서 감사합니다. 실패를 경험으로 그 이상으로 성공하시길 바라요.,5,2026-08-12T06:07:54Z,0,False
8_YxWzVTbro,좋은 영상 만들어주셔서 감사합니다. 마지막에 해주신 말씀 마음 깊이 새기겠습니다. 앞으로 모든 일이 잘 풀리시길 진심으로 기원합니다.,10,2026-08-09T22:34:26Z,0,False
8_YxWzVTbro,항상 성공하신분 영상만 나오는 세상에 이렇게 자신의 실패를 알려주셔서 감사합니다...어린 20대 저 같은 사람에게 큰 생각을 주셨다고 개인적으로 생각합니다. 화이팅 하십쇼,8,2026-08-11T12:22:38Z,0,True
8_YxWzVTbro,코로나 시절에 다음편 언제올라오나 기다리다. 잘봤는데. 다시 통합편을 몇년 지난후에 봐도 그때 생각 또 나게하네요.,14,2026-08-08T14:26:57Z,0,True
8_YxWzVTbro,좋은말씀 감사합니다. 응원합니다 주식말고 로또 맞아 대박나실거에요 화이팅,6,2026-08-11T13:21:47Z,0,False
8_YxWzVTbro,무한배터리 오리지널 컨텐츠가 통합본으로 올라왔군요. 주식투자 실패  유튜브 분야 1황 유튜버. 이후에도 수억을 잃었다고 하는 유튜버들이 많이 나타났지만 구독자 5만명이상은 무한배터리가 유일함. 주식투자 실패를 유튜브 컨텐츠로 승화시키는 것은 쉽지 않음. 앞으로 5억을 복구하는 과정에서 10만 유튜브가 되시길 바랍니다.(절약하는 생활습관 컨텐츠도 통합본이 나오면 좋겠네요),40,2026-08-08T09:48:30Z,0,False
8_YxWzVTbro,힘내세요! 개인투자자 여러분 단디하고 성공합시다!,7,2026-08-10T14:39:32Z,0,False
8_YxWzVTbro,참 많은 것을 배운 영상입니다. 영상 만들어 주셔서 감사합니다.,12,2026-08-09T08:20:23Z,0,False
8_YxWzVTbro,"영상 잘 봤고
반성도 많이 했습니다.
힘내시고 다시 일어설 수 있도록 기도할께요",5,2026-08-14T03:10:07Z,0,False
8_YxWzVTbro,계좌가있는거보니 감동실화였구나..,66,2026-08-10T01:13:46Z,0,False
8_YxWzVTbro,"와~~~~~~~~~이 영상을 보고 또보고 반면교사로 삼겠습니다!!!
형님도 힘내십시오!!",5,2026-08-24T15:45:56Z,0,False
8_YxWzVTbro,"댓글 잘 안다는데 정말 간접적으로 큰   도움 됩니다 
무배님 화이팅 하십시오 반드시 다시 일어나셔서 꼭 성공하시길 응윈합니다",35,2026-08-08T12:01:02Z,0,False
8_YxWzVTbro,개미가 베짱이로 가는길은 멀고도 험하구나ㅠ,15,2026-08-13T05:09:19Z,0,False
8_YxWzVTbro,주식 투자한지 오래돼진 않았지만 바닦에서 급하게 물타려다 잘 못 선택하여 매도를 누른 같은 실수까지 너무나 공감이 가고 큰 도움이 된거 같습니다.,4,2026-08-17T12:50:18Z,0,False
8_YxWzVTbro,제목만 봐도 어질어질하네요. 영상 잘보겠습니다. 소중한 경험 공유해주셔서 감사합니다.,3,2026-08-15T16:05:47Z,0,False
8_YxWzVTbro,좋은영상 감사합니다 앞으로 투자에 대해서 많이 생각하고 투자하도록 해보겠습니다,3,2026-08-15T07:21:32Z,0,False
8_YxWzVTbro,잘 보었습니다. 진솔함이 듬뿍 묻어있네요!,3,2026-08-17T21:04:05Z,0,False
8_YxWzVTbro,30대에 3억을 만드셨으니 다시 만드실것이라 생각합니다. 100세시대에 아직 반도 오지않았습니다. 힘내세요,111,2026-08-11T01:33:09Z,1,False
8_YxWzVTbro,필력이 너무 좋으십니다!잘봤습니다,8,2026-08-08T15:00:50Z,0,False
8_YxWzVTbro,주식고수시네요^^ 저도 12년간 깨닫고 이득보고 있습니다.  그동안 깨닫고 학습한 것들이 모두 녹아있네요.  투자는 기다림.,30,2026-08-11T16:23:09Z,7,False
8_YxWzVTbro,솔직한 영상에 감사한 마음으로 보고갑니다 감사합니다,4,2026-08-08T15:34:50Z,0,False
8_YxWzVTbro,너무너무 귀한 자료에요. 저와 겹치는 부분도 있고 해서.. 지루함 1도 없이 한번에 다 시청했어요. 투자를 해야하는 것은 맞는데.. 자산을 지킬 줄 알아야 한다는 점에서... 정말 큰 귀감이 된 영상이었습니다!!!,1,2026-08-23T05:28:23Z,0,False
8_YxWzVTbro,마지막 내용은 레버리지 3배 넣었다가 깡통된 시나리오겠네,63,2026-08-13T10:27:42Z,0,False
8_YxWzVTbro,"예전에 봣던 영상이 통합본이 됐네요
다시 봐도 현실적이고 개미로써 공감가는 영상이네요",1,2026-08-23T15:51:57Z,0,False
8_YxWzVTbro,저라도 같은 선택을 했을것 같습니다.ㅜㅜ 아픈 경험 공유해주셔서 감사합니다.,5,2026-08-16T02:52:59Z,0,False
8_YxWzVTbro,무한 배터리님 응원합니다! 실패한 과거의  경험을 토대로 이것이 약이되어 고수로 받돋음 할 것입니다.  이 영상을 통해 다시한번 주식에 대해 여러가지 생각을 하게 되었고 투기적인 마음으로 주식에 접근할때 어떠한 결과가  나오는지에 대해 압축적으로 보여주는 좋은 영상이었습니다.  무한한 발전 있기를 기원합니다.,1,2026-08-16T11:59:09Z,0,False
8_YxWzVTbro,소중한 경험 공유해주셔서 감사합니다,8,2026-08-09T07:38:15Z,0,False
8_YxWzVTbro,힘내시고 좋은날 오시리라 믿습니다.,3,2026-08-16T07:06:37Z,0,False
8_YxWzVTbro,무한배터리님. 좋은 영상 만들어주셔서 앞으로 주식투자를 하는데 있어서 평생 가슴속에 새겨 절대 잊지 않고 살아가도록 하겠습니다. 무한배터리님 덕분에 지금 이 영상을 시청하시는 분들께서는 소중한 생명을 구해주신 것이나 다름없다고 생각합니다. 지옥같았던 아픔을 이렇게 공공연하게 다른사람들을 위하여 영상으로 제작하고 알려주시는 이 용기는 감히 존경과 감사와 넓은 아량으로 받아들이겠습니다. 무한배터리님을 잠시나마 안타깝게 여겼던 제가 한심하고 부끄러울 따름입니다. 다시한번 영상 감사드립니다.,27,2026-08-08T05:38:09Z,1,True
8_YxWzVTbro,동병상련의 아픔이 있어 더욱 슲프네요.,38,2026-08-12T15:02:59Z,0,False
8_YxWzVTbro,찐한교훈입니다....,7,2026-08-09T17:11:44Z,0,False
8_YxWzVTbro,"가장 탐욕스런시장에서 탐욕을 부리지말아야 실패하지않는다.

욕심부리면 리스크관리 가 안되고
이시장은 리스크관리가 전부거든",3,2026-08-21T19:22:08Z,0,False
8_YxWzVTbro,주식10프로손해가 50프로되는건 순식간입니다.떨어질때는 절벽같이 떨어져요.주가가 두세배올랐을때도 제때 못팔면 닭쫓던개됩니다.철처히 준비하고 해야됩니다.,32,2026-08-08T15:00:21Z,1,False
8_YxWzVTbro,이제 막 주식을 알게된 사람으로써 정말 좋은 영상이내요 정말 감사합니다. 비슷한 나이 또래이셔서 더 감명깊게 봤습니다. 제가 한국이 아닌 싱가폴에서 살고있는지라 멀리서지만 잘되시기를 응원하겠습니다 힘내세요 ^^,1,2026-08-21T22:48:54Z,0,False
8_YxWzVTbro,"아이고 고생하셨소... 전 5억이 7천 됐네요, 근데 그냥 놔두고 있습니다. 10억 될 거라 믿고 있기 때문입니다.",64,2026-08-08T15:09:04Z,1,False
8_YxWzVTbro,"남일 같지 않아 더 공감가네요.
매매는 잘하는것 같은데... 지금같이 좋은 장엔 큰 수익냈을것 같습니다.
잘보고, 배우고 갑니다.",6,2026-08-16T13:17:29Z,0,False
8_YxWzVTbro,"저도 처음 주식 시작했을때가 코로나시국 전인데.. 전재산 분산투자 했다가 심리적으로 안정이 되지 않더군요.. 그래서 아! 내 그릇을 빨리 판단하게 되었고 지금까지 총 자산에 30% 미만으로만 투자를 이어가고 있습니다. 주변에서 왜 추세를 따라가지 않냐 왜 배당주를 들고 있냐.. 별의별 소리를 다 듣지만, 남들 20~40% 수익낼때 전 10%일지라도 만족하며 투자를 이어가고 있어요..  투자는 진짜.. 잃지 않는것도 중요하지만.. 심리적인 유혹들을 이겨내는것도 엄청 중요한것 같습니다. 화이팅 응원합니다",46,2026-08-08T14:43:38Z,5,True
8_YxWzVTbro,"침착신이 괜히 은퇴한게 아니지  
너무 욕심부린듯  깡통으로 가는길임",7,2026-08-15T07:23:19Z,0,False
8_YxWzVTbro,에구..저랑비슷하네요..12천손절..왜  영상보면서 눈물이 흐르는지...,24,2026-08-08T14:00:07Z,0,True
8_YxWzVTbro,이번 7월 저를 보는 거 같네요ㅠ,35,2026-08-12T14:40:13Z,0,False
8_YxWzVTbro,"주식은 원금찾아 떠나는 모험입니다
마치 원피스(원금) 를 찾으러 무기한으로 떠나는 여행과도 같죠",7,2026-08-16T09:42:19Z,0,False
8_YxWzVTbro,빚투가 이렇게 위험합니다...... 순수 자기자본 100%였으면 주식창 닫고 며칠 어디 다녀오면 되는데 빚이 끼어드는 순간 그게 불가능하게 되지요;;;;,9,2026-08-15T09:49:27Z,0,True
8_YxWzVTbro,아으 이건 안보는게 약이다.. 무의식중에 따라할까봐 겁난다. 진짜 개인이 거만하기 짝이 없는 투자를 하셨네.,5,2026-08-15T12:36:29Z,0,False
8_YxWzVTbro,"저는 주식 자산 6억을 만들고  과감히  주식판을 미련없이 떠났습니다.
 10억으로 마이너스 4억 ㅠㅠ",284,2026-08-08T09:44:09Z,15,False
8_YxWzVTbro,얼마나 많이 공부했는지 느껴지는 영상이네요. 그럼에도 투자는 참으로 어려운 것 같습니다,1,2026-08-15T17:47:59Z,0,False
8_YxWzVTbro,정말 좋은정보 감사합니다,6,2026-08-08T22:39:42Z,0,False
8_YxWzVTbro,투자원칙을 만드는것은 투자의 두번째 원칙. 첫번째 투자원칙은 두번째 투자원칙을 지키는것.,2,2026-08-13T01:44:09Z,0,False
8_YxWzVTbro,좋은 말씀 잘 세겨 듣겠습니다. 감사합니다.,3,2026-08-18T09:13:03Z,0,False
8_YxWzVTbro,매우 도움이 되는 인간드라마를 들은것같습니다.,5,2026-08-16T01:00:37Z,0,False
8_YxWzVTbro,잘보고 갑니다. 성투하시길.,3,2026-08-17T09:13:19Z,0,False
8_YxWzVTbro,"우연히 봤는데 정말 고마운 내용입니다. 공감도 많이 되고요. 
아 나도 자칫 했으면 운이좋아 그때 바뻤거나 다른일로 못보고 넘어가 운좋게 지금까지 바티고 있구나 깨닳았습니다.
반복해서 보고 아들에게도 추천해 주겠습니다. 
아픈경험 공유해 주셔서 정말 감사합니디.
건강하세요.",1,2026-08-18T10:06:07Z,0,True
8_YxWzVTbro,삶이 힘들다  이럴때 이 영상을 추천합니다,10,2026-08-24T15:17:35Z,1,False
8_YxWzVTbro,"통계로 검증된 edge가 없는데 이것 저것 맛보기를 비중 실어서 한게 핵심이네요, 운으로 벌고 운으로 잃은듯 .",2,2026-08-14T11:56:31Z,0,False
8_YxWzVTbro,좋은 내용이네요.,6,2026-08-08T09:21:27Z,0,False
8_YxWzVTbro,"저는 인생에 태도가 가장 중요하다고 생각합니다.
무한배터리님은 아직 젊음이 있고 지금처럼 시련을 복기하는 모습을 보니 앞으로의 투자자로서의 성장이 기대됩니다.
구독하고 갑니다.",1,2026-08-16T13:02:10Z,0,False
8_YxWzVTbro,인간 승리의 표본,5,2026-08-12T11:59:23Z,0,False
8_YxWzVTbro,실패를 교훈삼아 반드시 다시 일어나실분 고맙습니다,0,2026-08-18T23:08:39Z,0,False
8_YxWzVTbro,가슴이 아프다~  주식하는 사람들 생각은 다 똑같은 가봐요~,5,2026-08-08T13:33:12Z,0,False
8_YxWzVTbro,"참 대단하다.....
어떻게 시총이 작은 주식을 살 생각을 했을까....대단하다.....",55,2026-08-11T13:10:36Z,1,True
8_YxWzVTbro,물리니까 별 생각이 다나죠 라는 말이 떠오른당,27,2026-08-08T14:31:28Z,0,False
8_YxWzVTbro,"좋은영상감사합니다
빚내서 하지말자 주식은 멘탈싸움이다",0,2026-08-13T14:17:18Z,0,False
8_YxWzVTbro,"5년전 1편 떴을때도 공감대 많이 받았었는데 지금 또 좋은타이밍에 통합본이라니,, 주식쟁이라면 누구나 한번은 겪어야된다 옆에서 애기해도 귀에 안들어온다 투자금이 작고 크고의 차이는 운인거 같다 저 실수를 격고 이겨낸사람들이 투자원칙이 생기면서 오래 살아남게 된다.",13,2026-08-08T15:43:13Z,0,False
8_YxWzVTbro,솔직 담백한 심정 잘 보았습니다. 많은 생각과 교훈을 새길수있는 영상이었습니다.,0,2026-09-14T14:35:59Z,0,False
8_YxWzVTbro,"저도 코로나때 날린 돈 생각하니 너무 아쉽네요~~ 벌써 6년전이네요~
이렇게 값진영상 만들어주셔서 감사합니다",19,2026-08-15T23:53:29Z,0,False
8_YxWzVTbro,훈훈한 사연 잘보고 갑니다❤,1,2026-08-30T05:11:31Z,0,False
8_YxWzVTbro,이 영상은   한 개인이 목숨을 걸고 최소 5억이상을 들여 여러사람을 살릴려는 목적으로 제작된 실제 사연 이라는 말 듣고싶진 않네요. 😨 무서워요.,8,2026-08-08T05:37:31Z,0,False
8_YxWzVTbro,처음에 올라왔을 때도 봤는데 다시 올라왔네요 많이 벌었지만 다시 마음에 새기기 위해 봅니다,1,2026-08-17T16:06:22Z,0,False
8_YxWzVTbro,주식하면서 절대 급등주 단타매매를 하면 안된다는 교훈을 다시 마음에 새기게 됩니다.좋은 영상 만들어주셔서 감사합니다,0,2026-08-13T11:02:57Z,0,False
8_YxWzVTbro,"한 종목 몰빵 투자
자기합리화
현금 들고 있으면 손해라는 생각
급등주 매매
상상 매수매도
동전주 매매

모든 게 완벽하네요.",4,2026-08-23T11:13:10Z,0,False
8_YxWzVTbro,더 할말이없다 이게 삶의 영웅입니다 화이팅입니다,1,2026-09-06T11:44:55Z,0,False
8_YxWzVTbro,무배 행동이랑 말하는거보면 갑갑한게 아직 남아있긴하지만 멘탈하나만큼은 인정할 수 밖에 없음,6,2026-08-08T06:19:09Z,0,False
8_YxWzVTbro,내가 힘들때 나보다 못한 사람을 보고 위안을 삼고 내가 잘나갈떈 나보다 잘난 사람을보고 겸손해지라던데  위안이 됩니다,1,2026-08-23T01:51:20Z,0,False
8_YxWzVTbro,많은 것을 배우고 느낍니다. 다른 어떤 손실영상 보다도 울림이 있는 교훈이 있네요.,8,2026-08-10T05:21:16Z,0,True
8_YxWzVTbro,"용기내어 영상만들어 주셔서 감사합니다 
명심하고 또 명심하겠습니다",0,2026-08-29T09:07:43Z,0,False
8_YxWzVTbro,어쩜 저의 과거랑 80%가 똑같을까요? 수익보던 15년 주식이 4개월만에 휴지가 되었답니다.(마지막 파멥신). 너무너무 공갑했습니다. 바로 저 니깐요ㅠㅠ,8,2026-08-08T06:20:59Z,0,True
8_YxWzVTbro,손절을 잘하는 것 특히 익절을 잘하는게 기술이라고 생각했는데 그냥 가만히 들고 있으면서 물타기 하는게 더 좋은 전략일 수 있군요.,2,2026-08-13T14:51:46Z,0,False
8_YxWzVTbro,자 이제부터 수익을 낸 스토리로😊,18,2026-08-08T09:50:16Z,0,False
8_YxWzVTbro,다 아는 내용이라 생각했는데 무심코 스쳐갔던 내용이 있네요. 슬슬 투자자본 커지고 있어서 참고가 됐습니다.,0,2026-10-02T12:58:22Z,0,False
8_YxWzVTbro,현재 다 복구하고 10억가까이 있으신분인데 그럼에도 용기를 주시려고 부끄러운 과거도 오픈하신건데 이걸 헐뜯는사람들은 무배님을 오랫동안 본적 없는사람들이네요.. 전 너무나 고맙습니다..위로가 되네요,6,2026-08-08T11:08:57Z,2,False
8_YxWzVTbro,진짜 내가 써논 일기를 오랜만에 읽는 느낌이네요 ㅋㅋㅋ,2,2026-08-18T06:10:57Z,0,False
8_YxWzVTbro,많이 배웠습니다.,8,2026-08-09T11:14:56Z,0,False
8_YxWzVTbro,참 신기하게 사람 심리는 다 똑같네요 그래서 개미들은 항상 손해를 보는 것일지도,2,2026-08-16T06:04:10Z,0,False
8_YxWzVTbro,"이영상의 가장 큰 실수는,  주식이든 코인이든 *투자*는 여유돈으로 하는것이지, 자신이 열심히 모은돈과 대출 혹은 빚으로 했다면 그것은 투자가 아니고 투기입니다. 이영상은 후회를 하는듯 하면서도, 다시 그때로 돌아가고 싶어하는 내용이 많은데, 그때로 돌아가서 주식을 할게 아니라 , 그때로 돌아간다면 주식을 하지않는것이 답이지 않을까하네요.",6,2026-09-26T14:13:26Z,0,False
8_YxWzVTbro,좋은정보에 큰도움입니다. 아무튼 무한배터리님 다시 힘내시길 바랍니다.,0,2026-09-29T21:27:14Z,0,False
8_YxWzVTbro,지금은 성공하셨으니 다행입니다,14,2026-08-09T14:14:39Z,0,False
8_YxWzVTbro,"큰 교훈을 남겼으니 이러한 분석 자체가 대단하네요
너무나 공감됩니다",0,2026-09-28T14:22:36Z,0,False
8_YxWzVTbro,"이렇게 똑똑한 양반도 돈을 잃는데, 지난 1년 운좋게 상승장만을 경험했던 게 전부인 50대인 내가 어찌 돈을 따리오... 7월 급락맞고 현재 마이너스 1천만원T.T",4,2026-08-19T08:35:09Z,0,False
8_YxWzVTbro,소중한 경험 공유 감사드립니다..,1,2026-08-23T10:53:12Z,0,False
8_YxWzVTbro,역시 제예상이 맞았네요 다시 제기하셨다니 다행입니다 이정도 분석력이랑 이걸 뜯어고칠수만 있다면 큰성공 가능합니다,13,2026-08-08T14:55:20Z,0,False
8_YxWzVTbro,"마음이 아픔니다,,,
공부를 해도 분위기에 취하는법이지요
괜히 우량주 사라는 말이 있는게 아니죠 그만큼 망할 확률이 적으니",2,2026-08-15T14:21:19Z,0,False
8_YxWzVTbro,명작이다 두번보아도 명작이야,17,2026-08-10T10:54:29Z,1,False
8_YxWzVTbro,건강하시고 꼭 성공하세요. 잘 보고 갑니다.,0,2026-09-13T10:07:52Z,0,False
8_YxWzVTbro,5억이라는 큰 수업료를 내신 겁니다. 젊으니까 앞으로는 반드시 성공투자 하실겁니다.,13,2026-08-17T03:42:12Z,3,False
8_YxWzVTbro,100% 공감되고 저도 똑같이 우선주로 다 날렸어요~ 더러운주식장 버리고 코인장에서 살아났습니다,1,2026-08-15T13:42:15Z,0,False
X08HjlsEvpo,"헷갈려요.옆으로 나란히 쓰면좋겠네요.
1.안정성ㅡSPY
2.성장성ㅡqqq
3.배당성ㅡschd
이렇게 쓰셔야 한눈에 나란히 보고 
기억하기 쉽죠",201,2026-06-24T12:08:25Z,7,False
X08HjlsEvpo,장기로 보면 QQQ보단 QQQm을 사야합니다. 연 수수료 차이가큼,34,2026-07-26T08:52:52Z,0,False
X08HjlsEvpo,일반 서민들에게 슈드는 그냥 주종목이 아닌 방어용으로 일부만 해야 맞을듯,58,2025-12-25T11:21:23Z,1,False
X08HjlsEvpo,"어디 넣을지 고민했는데 , 이렇게 확 얘기해주시니 감사합니다",14,2026-01-30T13:07:36Z,0,True
X08HjlsEvpo,"감사합니다.
주식을 모르는 1인입니다.
세개 다..조금씩 해볼께요~😅",53,2026-01-25T08:09:35Z,1,False
X08HjlsEvpo,"안정성 schx
성장성 schg
가격이 싸서 수량 모으기 좋아요.",78,2025-10-26T13:45:30Z,0,False
X08HjlsEvpo,ETF 투자해보고싶은 초보인데 저렇게 세 가지 나눠서 투자해봐야겠네요ㅎㅎ 감사합니다,3,2026-06-18T11:22:43Z,0,False
X08HjlsEvpo,짱쉬운설명!! 전 스파이에 좀 많이 넣어왔어요 😊,36,2025-10-26T08:49:32Z,0,False
X08HjlsEvpo,오 QQQ 한번 사봐야겠네요  좋은 정보 감사해요,44,2025-10-26T07:43:37Z,0,False
X08HjlsEvpo,깔끔한 설명에 감사합니다!!,5,2025-12-12T01:13:26Z,0,False
X08HjlsEvpo,와 진짜 하나도 몰랐지만 어쨋든 spy 하고 있었는데 ㅋㅋㅋㅋ 나머지 두개도 이해가 완전 쉽네요 ㅠㅠ,2,2026-03-31T21:37:28Z,0,False
X08HjlsEvpo,아기 키우면서 경력 단절 되고 ㅠ 부업은 다 사기 같고 (이미 다단계 같은 곳에서 데였어요 하하) 암튼 틈나는대로 재테크 공부 조금이라도 해야 될 것 같아서 막막했는데 이렇게 알기 쉽게 영상 남겨주셔서 감사해요 ❤ 조금씩 절약해서 살림에 보태볼게요 🙏🏻,3,2026-07-10T05:25:06Z,0,False
X08HjlsEvpo,사랑합니다~~ 😊😊😊😊,2,2026-04-20T08:31:53Z,0,False
X08HjlsEvpo,다 가진 선생님 고맙습니다  잘 듣고 보고 있어요 응원합니다,8,2025-12-01T12:15:15Z,0,False
X08HjlsEvpo,쉬운 설명 감사합니다 :),15,2025-12-30T06:56:34Z,0,False
X08HjlsEvpo,"정말  설명 잘하시네요
  머리에 쏙 쏙 들어옵니다
  구독  굿
  미장 정보 자주 부탁드립니다",2,2025-11-29T06:50:47Z,0,False
X08HjlsEvpo,천천히지만 확실히 오릅니다!,2,2025-11-27T09:23:10Z,0,False
X08HjlsEvpo,Schd는... 1만원 2만원 계속 사두면 좋긴한데 2030이 도전하긴엔 좀 어렵습니다. 개인적으로 연금주 성향이 좀 크다고 생각하구요 당장 현금 흐름이 필요하신분은 딴 거 알아보세요 분기마다 배당금이 좀 달달하긴 한데 것도 몇억 들어갔을때 얘기이구... 몇천만원씩 큰돈 필요할 나이일때 저거에 돈 묶여 있고 12월 배당락 이후 주가도 좀 크게 빠지는 경향이 있어서 10년 20년 바라보는게 아니면 은행 예금만 못합니다,72,2026-01-20T15:37:31Z,3,False
X08HjlsEvpo,굿 설명 잘하심,0,2025-12-01T13:02:50Z,0,False
X08HjlsEvpo,최고이심~~,0,2025-12-07T03:31:00Z,0,False
X08HjlsEvpo,와 옛날  영상도 진짜 좋은거 많구나,1,2026-05-03T00:23:04Z,0,False
X08HjlsEvpo,"전 그냥 국내상장 나스닥 100 ETF 할려구요
꾸준히 장기적으로",6,2026-05-28T05:23:39Z,1,False
X08HjlsEvpo,이 분은  누구길래  설명을 쉽게  잘하시는가❤,2,2026-07-05T21:20:26Z,0,False
X08HjlsEvpo,구독용ㅎ,2,2025-12-15T22:26:03Z,0,False
X08HjlsEvpo,"슈트 투자 5개월째인데 수익률 3%정도임
splg, qqqm이랑 3등분해서 3억 들어갔는데,  수익률이
슈드는 3프로, qqqm은 16프로 splg는 13프로정도임
배당은 1년동안 총 4백정도",133,2025-10-26T12:36:56Z,11,False
X08HjlsEvpo,"세 가지를 다 구매하고 싶은데, 최소 얼마를 넣어야 된다고 생각하세요?",3,2026-02-18T12:20:57Z,0,True
X08HjlsEvpo,3개다사면 좋겠다,12,2026-01-11T05:52:49Z,0,False
X08HjlsEvpo,3가지만 나눠서 사면 노후준비는 끝임,137,2026-01-05T13:52:38Z,5,False
X08HjlsEvpo,"슈드 작년 4월부터 꾸준히 모았는데 지금 +27%ㅎㅎ
그래도 오르더라고요.",1,2026-05-30T22:23:39Z,0,False
X08HjlsEvpo,이해완,5,2025-10-27T00:56:56Z,0,False
X08HjlsEvpo,저것들로 배당받으면 이자수익 즉 건보료에 영향 미치나요??,3,2026-01-14T15:08:32Z,2,True
X08HjlsEvpo,schd 와 jepi 두개 한번에 넣고 있는데 괜찮을까요? …;;,0,2026-02-13T16:01:07Z,2,True
X08HjlsEvpo,ISA에서 S&P500 적립식으로 사면 안되나요?,4,2026-01-13T08:14:20Z,2,True
X08HjlsEvpo,감사합니다,1,2026-08-16T12:19:04Z,0,False
X08HjlsEvpo,난 VOO!!!,89,2025-11-05T16:38:38Z,1,False
X08HjlsEvpo,개인적으로 슈드는 젊을때 살필요는 없는 듯 qqq에  투자 집중하고 sgov에 20%정도 적금한다 생각하고 모으면 좋을 듯,2,2026-08-16T11:51:32Z,0,False
X08HjlsEvpo,혹시 10년보구  각각 3천씩 1억정도 넣어놔도 될까요?,0,2026-02-01T13:41:20Z,1,True
X08HjlsEvpo,저기 투자해서 부자되려면 최소 한달에 600-800만원 꾸준히 넣어야된다 그거 아니면 재미 볼 생각 말고 걍 개별 종목에 넣으시오..,2,2025-12-11T16:24:35Z,1,False
X08HjlsEvpo,"슈드 들어갔던거 다 빼고 
젭큐로 갈아탐",3,2025-12-11T23:45:56Z,0,False
X08HjlsEvpo,배당글을  많이주는 건는 뭔가요?,0,2025-12-21T05:05:45Z,0,True
X08HjlsEvpo,이 분 내 서타일임! 친해지고 싶음😂,3,2025-12-21T08:36:22Z,0,False
X08HjlsEvpo,미국 주식에 투자할려면 ? 일반계좌에서 투자하면되나요? ?,1,2026-01-11T15:06:41Z,1,True
X08HjlsEvpo,평생 쓰고도 남을 돈이 있어서 난 굳이 이런 거 안 합니다.,1,2026-07-03T18:03:56Z,0,False
X08HjlsEvpo,자 50대는 Voo  qqq,6,2025-10-31T07:11:08Z,1,False
X08HjlsEvpo,감사합니다.,1,2026-06-23T08:28:54Z,0,False
X08HjlsEvpo,파는 전략도 알려주세요😢,2,2026-04-22T22:59:20Z,0,True
X08HjlsEvpo,"요새 하나같이 저 세개 추천하네
슬슬 정리해야하나",46,2025-12-02T23:33:52Z,5,False
X08HjlsEvpo,JEPQ도 추가해주세요 담에,6,2025-12-23T06:21:23Z,0,False
X08HjlsEvpo,오,2,2025-10-30T11:47:11Z,0,False
X08HjlsEvpo,저런 종목들은 시드머니 최소 1억부터임 안전하게 투자하고 싶은 사람들만 하는거임 그래서 부자들이 많이 함 우리같은 개미들은 그냥 개별 성장주 사서 빨리 시드머니 불리는게 중요함,10,2025-12-25T02:40:54Z,1,False
X08HjlsEvpo,"글씨체 진짜 쩐다,,,",8,2025-10-26T10:30:34Z,1,False
X08HjlsEvpo,Isa나 연저펀으로 snp500 나스닥 etf상품 사모으는 것보다 미장 바로 사모으는게 유리할까요?ㅜ,1,2026-07-10T01:22:51Z,0,True
X08HjlsEvpo,팩트 셋다 비쌈,11,2025-12-10T08:17:06Z,0,False
X08HjlsEvpo,와 ..썸네일로 욕하게끔 들어와선 줄 잇기라니..엄청난 어그로네요 클릭을 안할수가없었습니다,0,2026-06-19T13:29:58Z,0,False
X08HjlsEvpo,잘 봤습니다 ~❤❤ 저는 QQQ,3,2025-10-26T23:48:24Z,0,False
X08HjlsEvpo,Spy근데 제일오래되긴했는데 그만큼 수수료도 겁나쎄요 ㅠ,18,2025-11-27T09:37:20Z,2,False
X08HjlsEvpo,슈듴ㅋㅋㅋㅋ,5,2025-10-26T11:40:50Z,0,False
X08HjlsEvpo,커버드콜은 슈드인가?,1,2026-09-06T13:20:25Z,0,True
X08HjlsEvpo,어떻게 어디서 사요?,2,2025-11-08T12:49:59Z,1,True
X08HjlsEvpo,"적립식 투자 : QLD SSO UPRO
리밸런싱 투자 : TQQQ",1,2026-08-17T00:34:09Z,0,False
X08HjlsEvpo,한국은 tsll,6,2025-10-26T11:02:12Z,1,False
X08HjlsEvpo,요새 환율이 안 좋은 상황인데 미국etf 사도 되나요?,0,2026-01-24T07:57:34Z,0,True
X08HjlsEvpo,그대의 미소 을마에 살 수 있소?,1,2026-01-03T14:37:55Z,1,True
X08HjlsEvpo,나란히 써야지 크로스로쓰니까 헷갈리잖아요,31,2026-01-18T18:31:54Z,6,False
X08HjlsEvpo,오소 난 세개 다ㅈ가지고 있네 ㅋㅋㅋㅋㅋㅋ,1,2026-01-20T22:26:04Z,0,False
X08HjlsEvpo,배당금은 1년에 몇번 주나요?,1,2026-08-04T00:23:10Z,0,True
X08HjlsEvpo,"레버러지, 인버스가 없어.....",1,2026-05-24T09:30:34Z,0,False
X08HjlsEvpo,"주식을 20년정도 했는데 남들이 모를때는 많이먹었는데 저것도 한번 씨게맞을것같다 …. 
느낌이그래… 매년 10프로 15프로 많게는 19 20까지도 가지만 너도나도 하니뭔가 … 깨림직한게 올것같네 닷컴마냥…",1,2026-08-15T10:21:32Z,0,False
X08HjlsEvpo,미국주식 사려면. 국내 주식계좌 입출금 자유로운거 하면 되나요ㅡ??,0,2026-02-23T14:31:43Z,1,True
X08HjlsEvpo,TQQQ로 올해만 100% 먹고 있음,12,2025-10-26T12:08:08Z,2,False
X08HjlsEvpo,나는 voo랑 qqqm,7,2026-01-06T02:16:38Z,0,False
X08HjlsEvpo,전 qqqm에 몰빵중ㅎ,2,2026-05-16T22:05:02Z,0,False
X08HjlsEvpo,etf는 퀀트매매 하세요,1,2026-05-14T01:11:45Z,0,False
X08HjlsEvpo,RIA 계좌는 뭔가요 ?,1,2026-07-18T03:44:48Z,0,True
X08HjlsEvpo,"55세인 저는 매달 50만원으로, 한국미국4대지수ETF를 1주씩 산 다음에, 나머지 돈으로 각 종 ETF를 딱 1주씩 쇼핑❤❤ 너무 재밌음 ㅎㅎ 딸랑딸랑 동전 모으기",7,2026-02-08T08:32:54Z,0,False
X08HjlsEvpo,voo 살게요,1,2026-07-07T12:32:31Z,0,False
X08HjlsEvpo,뭔말인지 도통 모르겠다 1대1 면담 요청합니다~~!,5,2025-12-31T18:02:15Z,0,False
X08HjlsEvpo,배당이라면 1년 몇프로 인가요?,0,2026-04-19T21:05:03Z,3,True
X08HjlsEvpo,qqq 40 spy 30 schd30 끝,28,2026-02-10T16:51:40Z,0,False
X08HjlsEvpo,가입 방법은요?,1,2026-05-28T04:16:49Z,0,True
X08HjlsEvpo,슈드늗 지났다,1,2025-12-23T13:31:09Z,0,False
X08HjlsEvpo,이것도 주가 떨아짐 사들여야함?,0,2026-04-16T03:12:56Z,0,True
X08HjlsEvpo,schd 단기채 sgov도 못이기는 상품 제발 그만..,0,2025-11-29T14:27:57Z,0,False
X08HjlsEvpo,순서를 일부러 틀리게 한건가 ?,1,2026-05-10T21:41:44Z,0,True
X08HjlsEvpo,삼성전자 지금 사요?,1,2026-08-16T09:19:06Z,0,True
X08HjlsEvpo,잘 기억해 로또 걸리면 tqqq,13,2025-10-30T04:44:30Z,2,False
X08HjlsEvpo,이미 상한가  임,0,2026-03-04T22:49:00Z,0,False
X08HjlsEvpo,spmo나 사라.,0,2025-10-26T12:09:18Z,0,False
X08HjlsEvpo,너무 식상한데 먼가 특별한 투자없을까요?,0,2026-06-19T17:18:41Z,0,True
X08HjlsEvpo,"qqqn, spym,  나스닥 100 jp모건 이렇게 가지고 있는데 뭘 빼고 뭘 넣는게 좋을까요?",0,2026-03-11T07:43:01Z,1,True
X08HjlsEvpo,미국ETF 사보려고 하는데.. 정보 감사합니다 ^^,0,2026-06-20T23:08:44Z,0,False
X08HjlsEvpo,안정성이면 VOO일텐데,7,2025-10-30T14:21:32Z,2,False
X08HjlsEvpo,코스피200 코스닥150 추천 드립니다. ㅎㅎ,1,2026-05-18T11:19:54Z,1,False
X08HjlsEvpo,세금이 22% 시부레....,0,2026-08-07T16:06:59Z,1,False
X08HjlsEvpo,지수20퍼이상 빠진다 qld 30퍼빠진다 티큐에 ㅅ비 전재산 꼴아박어잇,0,2026-01-11T17:52:11Z,0,False
X08HjlsEvpo,나도 qqq,1,2026-06-05T08:59:33Z,0,False
X08HjlsEvpo,그래서 어디서 어떻게만들어서 투자하나요 ㅠㅠ 설명좀해줘요 이왕이면 자세하게요^^부탁임,2,2026-01-26T18:18:40Z,0,True
X08HjlsEvpo,몰라 걍 이뻐,1,2025-11-20T12:27:03Z,0,False
X08HjlsEvpo,지나가던 똥개도 주식하는 상황 > 앞으로 수년간 개폭락 예정,0,2026-07-02T13:46:04Z,0,False
X08HjlsEvpo,애초에 억단위씩 넣을 간땡이작은사람은 주식하지마라. 입문해보니 왜 투자라고하는지 알겟다,7,2026-04-21T03:58:50Z,0,True
M0fHTKInPNc,어쩔수 없이 장기투자를 하게 되는 개미들의 슬픈 이야기네요!,526,2025-10-26T08:35:55Z,3,False
M0fHTKInPNc,"주식 은 정답이 없네요
마이너스 50% 에서  끝까지 장투하여  플러스 30% 먹고 나온 기억이 있네요 하여 정답이 없슴",81,2025-11-08T07:12:43Z,0,False
M0fHTKInPNc,이게 반반임. 마이너스 잡주인데 갑자가 테마주되 어서 수익주는 것도 있고 그냥 계속 쭉 빠지는 것도 있고 주식은 참 힘듦.,62,2026-06-23T11:57:05Z,0,False
M0fHTKInPNc,그 어려운걸   내가 하고 있는중.,723,2025-10-27T11:35:57Z,26,False
M0fHTKInPNc,"그런데 내가 손절하면 귀신 같이 폭등함. 큰손이 기가막히게 개미들이 손절한 뒤에, 손절한 물량 모아서 급상승시킴. 그리고 큰손은 급상승하는 주식을 추격매수하는 개미들에게 물량 떠넘기고 떠난다.",100,2026-07-10T04:55:15Z,5,False
M0fHTKInPNc,맞는말인데.. 슬프네 익절은 짧고 손실은 길게 가져가는..,188,2025-10-27T08:55:10Z,1,False
M0fHTKInPNc,"마지막에 너무 슬프다 ""영원히""래ㅋㅋㅋ",44,2025-11-06T04:38:42Z,0,False
M0fHTKInPNc,네..맞아요ㅠ 그래서 결국 3년 묵히다가 -80프로에 팔았네요ㅠㅠ,91,2025-10-27T10:37:53Z,6,False
M0fHTKInPNc,"제 이야기 입니다
귀한 영상 감사드립니다",128,2025-10-26T12:02:32Z,0,False
M0fHTKInPNc,"아,빵터짐❤ 해맑게 영원히~",96,2025-10-27T17:40:44Z,0,False
M0fHTKInPNc,원치않는 장투에 들어섰다가 요즘 분위기때문에 거의 회복중 ㅎㅎ 오르니깐 본전에서 팔지못하고 또 기대하고 있는 쫄보 ㅠㅠ,79,2025-10-28T11:34:08Z,1,False
M0fHTKInPNc,맞아요. 그렇게 물려서 수년 고생하는거죠.,131,2025-10-27T14:27:47Z,2,False
M0fHTKInPNc,ㅋㅋㅋㅋㅋㅋㅋㅋㅋㅋㅋㅋㅋㅋ 나도 사장이다,65,2025-10-27T14:26:16Z,2,False
M0fHTKInPNc,"완전공감 😂😂
내이야기 하는줄. 
50프로 손실중",19,2025-10-29T09:35:24Z,0,False
M0fHTKInPNc,나는 회사 주인되여 오도가도 못함,30,2025-10-26T12:47:21Z,0,False
M0fHTKInPNc,맞아요 그러다묵혀서 손해보구 팔았네요 안보니까 좀 계자보기가 편해졌어요,6,2025-11-01T09:06:19Z,0,False
M0fHTKInPNc,저렇게 해서 버틴결과로 돈을 번 경우도 잇고 물려서 몇년가다가 청산하는 경우도 잇고 케이스가 너무 다양함,9,2025-10-30T00:23:10Z,0,False
M0fHTKInPNc,"손절은 마이너스
하락시 모아가면
익절로 마무리됨.
단 좋은 회사 주식일때 가능.
단순함
반복
인내가  답.",16,2025-10-31T08:55:49Z,1,False
M0fHTKInPNc,"난 그 어려운걸 수년째 하고 있고
지금은 주식창 볼때 마다 구름 위에 있는것 같다~",8,2025-10-31T06:35:40Z,0,False
M0fHTKInPNc,저의 얘기입니다,26,2025-10-28T11:40:41Z,0,False
M0fHTKInPNc,난 여러군데 주인이다 ~~ ㅜㅜ,15,2025-11-07T15:35:38Z,0,False
M0fHTKInPNc,가슴 아픈 손가락인데  휴벼 파시네요....꼭  이런 사람 있어요  모르는거  아님...절망에서  희망을  새기며  살아 가는겁니다,1,2025-11-09T10:57:19Z,0,False
M0fHTKInPNc,"좋은 현상입니다
물따기 금물
스스로 일어나야",3,2025-11-06T02:06:04Z,0,False
M0fHTKInPNc,"""..갑자기 회사의 주인이 돼버려..""
격한 공감.. 웃픈 말씀입니다",2,2026-01-17T06:03:34Z,0,False
M0fHTKInPNc,"주식은 파는게 아니다. 내말을 믿어,,, 물론 족보있는 주식을 먼저 매수하고 , 그리고 팔지않는게 답이다.",53,2025-10-27T03:50:50Z,1,False
M0fHTKInPNc,알아 안다고 근데 못벗어나겠어 ㅜㅜ,5,2025-10-31T03:23:10Z,0,False
M0fHTKInPNc,그걸 손절하고 다른걸사면 더빠지니 손절못하는것입니다 그러면서 잔고가 녹아요,3,2025-12-01T07:08:42Z,0,False
M0fHTKInPNc,"결국 자기 본성과의 싸움이라
말처럼 쉽지않죠….",1,2026-02-14T17:07:37Z,0,False
M0fHTKInPNc,"저런 상태가 오면 손실을 회피하고자 하는 것은 맞는데.
분할매도로... 좋은 투자종목 찾아서 매도한 분할매도 액을 투자하면서 손실액을 최대로 줄였고 익절하면서 빠져나온 경험이... ..",24,2025-10-26T10:07:07Z,0,False
M0fHTKInPNc,3년가지고있었는데 망설이다얼마전팔았더니100%올라가더라구요(두산),16,2025-10-28T23:30:45Z,2,False
M0fHTKInPNc,"마이너스 난 주식 3년 만에 익절하고 팔았네요.  
아무 생각없이 주식을 사는 사람은 없습니다.
나름 공부도 하고 연구도 하면서 매수버튼 눌렀다고 생각해요~
결국 회사에 대한 신뢰의 문제지, 확신이 생긴다면 기다리면 언젠가는 올라옵니다.

저 분이 말하는 건 '투자'가 아니라, '투기'입니다.",40,2025-10-29T08:12:28Z,1,False
M0fHTKInPNc,내가  그 역사속 삼전 9.3임 ㅋㅋㅋ  이제 수익,25,2025-10-31T14:28:23Z,2,False
M0fHTKInPNc,사랑도 똑같다....,1,2025-10-28T15:04:14Z,0,False
M0fHTKInPNc,그런 사람 여기있어요 ㅜㅡ,4,2025-10-30T15:17:19Z,0,False
M0fHTKInPNc,"나두..
그냥..애증",1,2025-11-04T19:15:21Z,0,False
M0fHTKInPNc,더빠지면 물을 태우죠 ㅋㅋ,15,2025-10-30T04:06:50Z,0,False
M0fHTKInPNc,지나고 나서는 누구나 이야기할 수 있다.,2,2026-02-15T16:04:12Z,0,False
M0fHTKInPNc,"그냥 듣보잡 단타주식을 저렇게 하면 안된다는 말임, 대형주는 그냥 가지고 있으면 오름",220,2025-10-26T13:08:56Z,7,False
M0fHTKInPNc,"회사에 주인이 된다는 말에 처음으로 댓글을 달았어요
공감 짱",0,2026-06-14T06:37:28Z,0,False
M0fHTKInPNc,"이 불장에 지금 나의 투자방식인데 ㅠ
믿음을 갖고 희망을 갖고 있다가
주인이 되버린 나 ㅠ",0,2025-10-31T02:23:35Z,0,False
M0fHTKInPNc,맞아요~~그게 저예요 ㅜ ㅜ,1,2025-10-31T13:25:40Z,0,False
M0fHTKInPNc,이 얘기가 최고점에서 10% 정도 빠지면 버티지 말고 손절매하라는 얘기던데. 큰 손실 피하는 최소한의 안전장치를 말하는 겁니다. 이게 전부는 아니지만 중요한 얘기인데 왜 아니라고 하는지...,4,2025-10-26T08:27:35Z,0,True
M0fHTKInPNc,미국에 투자해서 성공할 확률이 높은 기업으로 장기투자,1,2025-10-29T14:35:18Z,0,False
M0fHTKInPNc,내려가기만 하는 주식은 없다.,4,2026-07-28T06:33:35Z,0,False
M0fHTKInPNc,삼전우 몇년동안 마이너스였지만 결국은 수익났다.. 개미는 어쩔수없이 대형주 장투로 가는게 이기는 길이다..,4,2025-11-03T12:33:17Z,0,False
M0fHTKInPNc,내 금주식이 이 불장에 유일한 마이너스 ㅡㅡ;;;,2,2025-10-28T16:05:16Z,0,False
M0fHTKInPNc,처음 단타할려고 샀다가 결국 회사주인이 되어있는 내모습!,0,2025-10-30T14:17:15Z,0,False
M0fHTKInPNc,더 기다렸으면 지금 전 오히려 수익이 몇배였는데 못참고팔아서 배아픈케이스 ㅋ 그걸알면 다 부자게요,3,2025-10-28T15:30:42Z,0,False
M0fHTKInPNc,"난 반대로 손실의 고통을 싫어해서 좀 버티다 홀랑 팔아버림. 그래서 대박을 놓치기도 하고, 쪽박을 피하기도 하고... 이게 정답이 없으니... 손실의 고통을 장기간 버티는 분들 정말 놀라움. 그러다 초대박 나신 분들도 있고. 반대로 쪽박 되기도 할꺼고. 결국은 다 필요없고 종목을 고르는 안목, 혜안이 전부지. 
하이닉스 장투한 사람, 에코프로 장투한 사람...",3,2025-11-02T13:24:53Z,0,False
M0fHTKInPNc,저사람들...나를 정확하게 알고있네....뭐지???ㅠㅠ,0,2025-10-30T12:42:42Z,0,True
M0fHTKInPNc,파니까 오르자나!!!!¡!!!!!!!,3,2025-11-02T04:12:04Z,0,False
M0fHTKInPNc,"2014년 삼성중공업 샀다
2025년 본 왔다 ㅎㅎ",9,2025-11-01T11:31:32Z,1,False
M0fHTKInPNc,"마이너스  ㅡ5천이라서  안되요
시간이  약",9,2025-11-04T14:22:05Z,0,False
M0fHTKInPNc,오라클 요근래 10프로 이상빠졌는디 존버하면 결국 가져감,2,2025-10-26T10:45:33Z,0,False
M0fHTKInPNc,지수와 배당주에 투자하는이유 끊임없는 물타기와 존버. 상폐는있어도 손절은없다,2,2025-10-28T13:14:05Z,1,False
M0fHTKInPNc,"생각을해봐야겠네요~
손해보더라도 매매할 때 있었는데
며칠 지나면
또 그것이 또 오르기시작함.
열받을때가 많이 있었답니다",1,2026-06-18T07:25:50Z,0,False
M0fHTKInPNc,그러면 말씀하시는분은 다 아시니까 돈 몇조쯤 갖고 계시겠네,5,2025-10-31T00:09:05Z,0,False
M0fHTKInPNc,삼성전자 오천미만에 매수한것 근 20년 지킴 앞으로 15만 매도 예정입니다  현대중공업 한때는 50이상 9만원때 매도 현재  또 50십이상 주식은 장기 가 답이다,3,2025-10-30T03:53:26Z,0,False
M0fHTKInPNc,이 방식은 국장에서는 맞는말. 미국장에서는 좀 다르게 생각해볼 필요 있을듯 합니다,0,2025-10-26T09:28:52Z,0,False
M0fHTKInPNc,대형주는 내려가도 언젠가 오릅니다 시간이 약입니다 이상한 주식만 안사면 됩니다,4,2025-10-29T13:03:26Z,0,False
M0fHTKInPNc,"이 얘기를 주가 회복해서  와인먹고 듣고 싶네용
손절안하면   손실 아니다 ㅠㅠ",0,2025-11-01T03:34:49Z,0,False
M0fHTKInPNc,"그렇지도않음.돌아오더라구요.
장투의미덕~~",2,2026-07-01T22:57:43Z,0,False
M0fHTKInPNc,그런 슬픈 얘기를 웃으면서 하시다니,0,2026-01-08T14:52:47Z,0,False
M0fHTKInPNc,딱나네요,1,2025-11-02T02:43:10Z,0,False
M0fHTKInPNc,"팔아도 살게 없어서 다른 살만한게 없으니 팔지 못해요
그런데 지금은 딱 투자할 곳이 보이니 과감하게 버릴 수 있네요",0,2025-11-02T03:08:08Z,0,False
M0fHTKInPNc,"확신 갖고 매수 말고, 분할로 꾸준히 모아야",1,2026-09-18T20:27:28Z,0,False
M0fHTKInPNc,나다..,6,2025-10-27T12:34:08Z,0,False
M0fHTKInPNc,저는 -60%된 종목을 몇 달 물리다 손절했는데 그 다음날부터 계속 오르더니 제 평단가보다 더 높은 금액까지 왔네요 아. . . .,2,2026-02-02T13:54:12Z,0,False
M0fHTKInPNc,이해가 되면서도.. 알수가 없는..데이터.,0,2025-12-06T12:14:27Z,0,False
M0fHTKInPNc,나두  ᆢㅋ ㅋㅋ,0,2025-11-02T15:14:43Z,0,False
M0fHTKInPNc,"꼭 절 두고 하시는 말씀
인것 같아 맴찢하네요
4년갖고 있다가 2주전에
겨우탈출 했더니 그게
110%꺼정ㅜㅜ",0,2026-01-11T07:17:01Z,0,False
M0fHTKInPNc,으찌합니까~으찌해야 할까요~😢😢😢😢😢,2,2025-11-21T14:11:39Z,0,False
M0fHTKInPNc,"부동산  그렇게 떨어진다고 하더니
이제 예상이 틀리니 주식으로 와서ㅜㅜ",2,2025-11-10T23:58:00Z,0,False
M0fHTKInPNc,웃프다😂😂😂,2,2025-10-26T16:14:07Z,0,False
M0fHTKInPNc,"손절말고 15프로 떨어질때마다 산만큼 추매함 그럼 계속 평단 마이너스 7프로쯤인데 반등 한번만 오면 본전임
그 뒤에 반절 팔고 관망",1,2025-10-31T23:42:08Z,0,False
M0fHTKInPNc,"여러분, 주식투자는  꼭 주식,경제기본을 공부하고 원칙을 세워서, 멘탈 잘 잡고 장기투자해야 합니다. 길게 봐야 돼요. 자주 들여다볼 필요 없어요. 그러면 보통은 성공 가능합니다. 인생과 똑같아요. 원칙을 세울 수 있고 대응이 가능하다면 주식을 하는 거예요. 공부없이 일확천금 쫒으면 초반이나 중기까지 아무리 돈을 벌었다고 해도 투자는 평생이기 때문에 결국 나락 갈 수 있어요. 주식이 오르던지 내리던지 대응할 수 있어야 하고 멘탈을 지킬 수 있어야 해요. 주가가 내려서 멘탈이 다 무너졌다. 이러면 주식 잘못하고 있는 겁니다. 공부 먼저 하고 시작하세요. 장기 투자하라는 주식 명인들의 얘기가 어떤 말인지 점점 와닿게 될 거에요. 하지만 본인이 전혀 공부를 안 하고, 모르고 시작한다면 주식 대가들의 이야기도 자기 식대로 마구잡이로 해석하며 흔들리고 결국 손해를 보게 됩니다. 길게 보세요 길게.",2,2026-08-03T02:06:50Z,0,True
M0fHTKInPNc,아~내가 주인였어😂😂😂,2,2026-07-05T12:38:03Z,0,False
M0fHTKInPNc,그러면서 즐겁게  웃음이 나오지...,0,2025-10-26T12:58:20Z,0,False
M0fHTKInPNc,투자 공부 제대로 헤도 50퍼센트 씩 쳐 맞을 때도 있음. 그걸 견디는 건 내 공부와 기업 가치를 제대로 받을 때까지 기다리는 거지,1,2026-02-21T14:26:57Z,0,False
M0fHTKInPNc,장투하다 오르면 본전에 팔아버림ㅋㅋ 국룰ㅋㅋ,1,2026-07-29T09:19:21Z,0,False
M0fHTKInPNc,"남든 안남든 5년은 가지고 있어라~~존리~~
그말 믿고 무조건 고~",2,2025-12-26T03:17:24Z,0,False
M0fHTKInPNc,광수 미래에셋 에서 부동산 장사하더니 갑자기 주식전문가인척..  돈은 벌어야겠지..,3,2025-10-31T14:28:13Z,0,False
M0fHTKInPNc,여러분 이런 말 믿지 마세요...주식투자는 절대 이렇게 하는거 아닙니다..,8,2025-10-26T08:02:15Z,4,False
M0fHTKInPNc,2022년에 미국주식 66%까지 손실났어도 세계최고 수준의 기업이라 믿고 놔뒀더니 지금은 투자금이 두배이상 되어있어요,18,2025-10-30T14:08:40Z,2,False
M0fHTKInPNc,"마이너스도 어느 선을 넘어가버리면 아무 생각이 안 들더라. 
시드가 크면 더더욱",1,2026-02-17T07:23:19Z,0,False
M0fHTKInPNc,"주식 구매는 회사의 주주가 되는 것!
투기를 부추기는 단타는 결국 종말!",0,2025-11-01T07:16:29Z,0,False
M0fHTKInPNc,저두요 3년 째,0,2025-10-29T14:37:29Z,0,False
M0fHTKInPNc,회사의 주인이 되..,0,2025-12-06T09:50:26Z,0,False
M0fHTKInPNc,"그건 아무도 모른다.. 주식에 대해서는 분석가들은 프레임 안에 가두어 둘려고 하지만 주식은 리얼타임이다,, 감각적으로 실행을 하느냐 마느냐 하는 것이다",0,2025-11-05T09:40:04Z,0,False
M0fHTKInPNc,동전주이런건 안사는게 마음편한..대형주 배당주로 사놓으면 배당받으면서 있다보면 언젠가는 이익임 절대 손해보고안판다,1,2026-03-20T04:02:48Z,0,False
M0fHTKInPNc,아 ㅜㅜ저의 현실을 말해주시네요   ..팬입니다,0,2026-10-04T11:13:15Z,0,False
M0fHTKInPNc,물타기로  탈출,0,2025-10-31T12:10:21Z,0,False
M0fHTKInPNc,삼성전자 빠졌다고 손절했어봐 종목 나름이지,4,2025-10-31T14:34:21Z,0,False
M0fHTKInPNc,시달..나만 그런게 아니었어.. ㅋㅋ,0,2025-10-31T08:41:06Z,0,False
M0fHTKInPNc,회사의 주인ㅋㅋㅋㅋㅋ,31,2025-10-28T22:42:36Z,1,False
M0fHTKInPNc,그래서..삼성으로 웃고 있습니다😅,3,2025-10-28T09:12:44Z,1,False
M0fHTKInPNc,"좋은 종목 골라서 내 사전에 손절은 없다
마이너스 플러스 다시 마이너스 견디니 많은 이익 나더라",0,2025-11-01T18:33:42Z,0,False
M0fHTKInPNc,꼭 접니다~😮,0,2025-10-30T12:26:25Z,0,False
M0fHTKInPNc,3분의1 도막 가서 포기하고 물타기하다 현타와서 현실부정 8년 이제 윈금 회복하고 프러스  와서 행복합니다. 또람프 이재명 형님 감사합니다~^^♡,2,2025-11-01T23:07:25Z,0,False
M0fHTKInPNc,지금 행복합니다,0,2026-02-12T18:37:47Z,0,False
sEzSDUgvY28,"공부 하고 주식 한다 해서 잘 하는거 아니고 시기도 중요 하지만..
  소액 으로 투자 하면서 공부해서 몸으로 익혀야됨 심리는 공부로 되는게 아님",43,2026-02-10T17:30:03Z,6,False
sEzSDUgvY28,누가 내 얘기를 저작권없이 만들라고 했어?ㅠㅠ,93,2026-02-07T02:09:06Z,7,True
sEzSDUgvY28,"돈만 잃는게 아니라 건강도 잃는다.
결국 대한민국 젊은이들 주식 중독에 결혼 못한다.",25,2026-02-10T09:46:33Z,1,False
sEzSDUgvY28,"이 영상 확실함..우리 직원 주식하다 들켜서 본업 충실 안할거면 그만두라고 했음. 
정신이 다른데 가 있고..주식 퍼렇게 떨어진날 얼굴이 시퍼렇게 질려서 멍~~~~",25,2026-02-10T11:04:48Z,2,False
sEzSDUgvY28,난가...? 괜히 식품주 샀다가 -55퍼 찍어봄 ㅠㅠ....,11,2026-02-10T17:52:15Z,0,True
sEzSDUgvY28,친구들 수익 자랑에 들어간 나ㅋㅋㅋㅋㅋㅋㅋㅋ 작은 돈으로 급하게 들어간 거 나라고요 ㅠㅠㅠㅠㅠㅠ,6,2026-02-11T02:17:19Z,0,False
sEzSDUgvY28,"ㅋㅋㅋ 웃기다 내 얘긴줄
결국 투자경험이 젤 중요",20,2026-02-10T22:00:35Z,0,False
sEzSDUgvY28,-40퍼 때 진짜 힘들었음ㅠㅠ 지금은 다행이도 빨간불 휴,4,2026-03-18T19:22:20Z,0,False
sEzSDUgvY28,"꼭 상승장에 들어가서 1분 1초를 못참고 차트만 들여다보다가
어디서 주워들은건 있어가지고 손절을 하니 물리지
단타는 워렌버핏도 못하는 건데",3,2026-03-22T05:10:41Z,0,True
sEzSDUgvY28,"공포든 환희든 흥분하지 않고 냉정하게 끈기있게 매수와 매도의 타이밍을 가져가는 습관... 그것이 가장 원금을 잃지 않고 차근 차근 수익률을 높여가는 비법(?)이라고 교과서에 나와 있어도, 실전에서 똥과 된장을 번갈아 가며 찍어먹어 봐야 비로소 이 원칙을 고수할 수 있다는 거...방심하고 자신감에 차서 기대감이 곧 현실이 될 거라는 헛된 욕망에 사로잡히는 순간, 한 방에 날라가는 것이 이 바닥의 냉혹한 현실...ㅎㅎㅎ",5,2026-02-11T02:40:00Z,0,True
sEzSDUgvY28,1. 주식 시장 대폭락이라는 뉴스가 나오면 여윳돈 만큼만 산다.  개잡주 말고 지수나 1등주만 산다   2. 팔지 말고 그냥 산다  ㅋㅋㅋㅋ,25,2026-02-11T08:40:16Z,0,False
sEzSDUgvY28,"직장인 핸드폰 뒤 cctv가  있기 때문에 실시간 세력들이  스캔해서  팔면 상승  하고  사면  내리  꽂는다
약도 오르고 돈도 잃는다",10,2026-02-10T22:58:21Z,0,False
sEzSDUgvY28,감사합니다,3,2026-02-10T18:58:15Z,0,False
sEzSDUgvY28,나는 운좋게  그반대 되었는데 팔란티어 17불에 2천만원투자 해서 아직보유중,6,2026-02-10T13:49:11Z,0,False
sEzSDUgvY28,뭔소리야 종소기업은 연봉...안올라 눈물난다,4,2026-02-11T13:08:41Z,0,False
sEzSDUgvY28,"잃다보니까 정찰병만 넣어놓고, 오르던 내리던 신경안쓰고 있다. ㅋ 매수 매도 타이밍볼려고 넣어놓긴 했지만, 결국 아무것도 안하고, 가만히 두고 있당 ㅋ",5,2026-02-10T15:58:43Z,0,False
sEzSDUgvY28,주식 하루종일봐도 못하는게 주식인데  일할땐 못보는건 하지도 않는게  좋은거같음,2,2026-02-11T08:07:49Z,1,False
sEzSDUgvY28,"주린이는 단타칠 생각하지마세요,,; 무조건 공부하셔야하고 우선 대장주 오래 들고 갈 수있는 주식부터 건드려야 흐름 보임 솔직히 흐름도 아니지 운이지 단지 운의 타이밍을 보고 이젠 욕심없이 뺄수있는 판단력이 생김.",20,2026-02-10T09:21:02Z,1,False
sEzSDUgvY28,장투하기가  더어려움,2,2026-02-11T14:16:14Z,0,False
sEzSDUgvY28,부동산 투자 실패한 사람들의 공통적인 특징,2,2026-02-11T15:11:51Z,0,False
sEzSDUgvY28,"제 실패 이야기입니다 (1억 손실)
1. 주식 우량주 불장 (2021년) 주식 입문. 처음에 3천투자해서 500만원 수익을 봄.
2. 도파민 중독돼서 하락장을 겪고 물타기 신용 추가매수 떨어지는 칼날에서 3천만원 손실을 봄.
3. 떨어지는걸 방어해주는 인버스 상품을 알게됨.
4. 좀 오르면 인버스를 헷지하는걸 배우고 주식을 팔고 위험을 헷지 이러다가 너무 오른 것 같아 인버스에 몰빵함.
5. 주식은 없고 인버스 물타다가 마이너스 30프로 넘어감.
6. 2배짜리 곱버스로 갈아타고 전재산 곱버스에 들어감.
7. 폐가망신함.",2,2026-05-30T21:39:04Z,0,False
sEzSDUgvY28,그냥 지수추종 모으기하다가 뉴스에서 서학개미 동학개미 한강간다 이런소리 나오면 크게 넣고 기다리세요,9,2026-02-11T05:36:22Z,1,False
sEzSDUgvY28,금 은 snp  나스닥 이것만 뭘급타면 10퍼센트씩 그냥 꾸준히 모아라. 팔지말고. 개별투자는 주식 고수도 반반인데 일반인이 하루 공부2시간씩 한다고 되는게 아니다. 그냥 etf나 꾸준히 모아라.,3,2026-02-12T09:06:49Z,0,False
sEzSDUgvY28,"주식으로 가장 망하는 건 본인의 본업 집중시간을 날리는 것이죠. ^^ ... 그래서, 젊을 때 가장 해야 할 일은 1. 본업 집중으로 커리어 올리기, 2. ISA/IRP 계좌 이용해서 소득공제 받기, 3. ETF 집중 투자",1,2026-03-17T22:47:44Z,0,False
sEzSDUgvY28,"손절보다 익절을 참아보세요
익절을 참다보면 내가 시장에서 유리한 위치가 되고
떨어져도 수익중이라 안정됌
어느정도 평단가 멀어지면 떨어질때마다 한주씩 적립투자하면서 금액 늘리다보면 재산불어나 있음
강제장타 가능해짐 평단이 아까워서 우린 적은돈에 눈멀어서 팔아치우니 장타할 기회를 놓치는것뿐",1,2026-02-12T14:10:07Z,0,False
sEzSDUgvY28,"5:25 이게 맞음. 인테리어 할 돈 3개월 여유 있어서 넣었다가 쌩돈 까먹음….😢
7:03 리밸런싱 메모. 나 이런거도 모르고 주식하고 있었네
7:49 급등주 발굴법 ㅋㅋㅋㅋㅋㅋㅋㅋㅋ 어제 검색함 ㅋㅋㅋㅋㅋㅋ

제목은 주식투자 실패한 사람 공통점인데
내용은 주식투자 실패 안하는 방법이네요 😮 굿…… 내 알고리즘 잘했다",2,2026-02-11T02:22:29Z,0,False
sEzSDUgvY28,못먹어도 go~,2,2026-02-10T13:49:41Z,0,False
sEzSDUgvY28,차라리 안했으면 원금이라도 남았을텐데,1,2026-02-11T21:56:40Z,0,False
sEzSDUgvY28,욕심 안부리고 적립식이면 돈 버는 것 같음.,1,2026-02-13T10:35:55Z,0,False
sEzSDUgvY28,공부해라 그냥되는게 아니다,1,2026-02-11T16:39:01Z,0,False
sEzSDUgvY28,나네 😢,4,2026-02-10T16:33:24Z,0,False
sEzSDUgvY28,"시드가 많을때나 지수추종하지 쥐좃시드일땐 리스크 감수하면서 변동성 큰 종목 투자해보면서 경험해봐야한다
쥐좃일땐 잃어도 큰돈이 아니니 그때 경험해야함",4,2026-02-11T00:53:43Z,1,False
sEzSDUgvY28,"빨갓게 하락장
 AI정말 너무하네;;;;",3,2026-02-12T10:07:58Z,0,False
sEzSDUgvY28,매수는 분할 매도는 그냥 빠르게 손절! 분할 매도 무슨 의미가 있니?? 뼈빠지게 매집해놓고 팔때 몇십만원 더 벌겠다고 여기저기 걸어놓는거 팔때는 빠르게 가는게 정신 건강에 죻음,3,2026-02-10T22:28:51Z,0,True
sEzSDUgvY28,"내 얘기네
난 오천 잃었는데ᆢ",11,2026-02-10T14:50:37Z,3,False
sEzSDUgvY28,그냥 etf 조금식 사자... 20년 장투로..,2,2026-02-13T12:39:13Z,0,False
sEzSDUgvY28,주식같은것은 하지 말고 그냥 일이나 열심히 해라.,6,2026-02-11T16:20:26Z,0,False
sEzSDUgvY28,정한수  떠다놓고 새벽 기도 하세요...,1,2026-02-12T13:49:47Z,0,False
sEzSDUgvY28,그냥 인덱스펀드하면 그나마안전,2,2026-02-11T16:16:43Z,0,False
sEzSDUgvY28,"일단 누가 돈을 번다 원화가 녹는다로 들어가면 무조건 고점
주도주에 잘 올랐타면 모를까 너무 오른거에 타기는 초보자라서 쫄림
유망주, 안올라가는 듣보잡 주식 삼
조금 수익보다 곧 하락장 시작 본전내려와도 안팜
하루만에 20프로 떨어지는거 실시간 직관
시드가 크면 돈 녹는거 보며 잠 못자고 손절침 
얼마후 다시 올라감 ㅋㅋ
무한 반복

이게 돈 크게 버는 사람들이 하루 아침에 이천 삼천씩 빠지는거는 아무렇지 않은 사람들이
하는것 같음

제일 중요한게 시드임

어느정도 훅 떨어지는거 봐도 신경 안쓰일 시드 넣으면
장투 가능..",3,2026-02-10T13:32:31Z,1,False
sEzSDUgvY28,"ㅋㅋㅋ 투자란 정해진 정답이 없어.. 
예를들어 대공황이  왔다 끝날것 같아 그러면 빅테크 사는거고 충분히 올랐으면 sp500 사서 리스크줄이는거지 
전 현재 계별주는 없어요 ㅋ",2,2026-02-11T03:40:33Z,0,False
sEzSDUgvY28,"ㅋㅋㅋ 소설을 
하락했을때 사고 상승했을때 팔면 돼
간단하지 그게 실현되나",3,2026-02-10T17:23:08Z,0,False
sEzSDUgvY28,주식에 주자도 모르다 라디오에서 경제패널이 지금은 즐기라 는 우회적인 신호를 줘서 하이닉스 2주 구입한 초보입니다 ㅋㅋ 지금 100만원 정도 벌었는데 나름 ai에 물어보니 하이닉스 시총이 삼성에 근접하면 팔라네요. 혹은 제가 목표로한 270만원대가 오면 팔려구요. 그사이에 떨어지고 오르는건 그냥 재미로 보고 있네요. 주식 10년 넘게 한 사람도 이런 광풍은 처음이라하니 하이닉스 털면 훗날 언제가 비슷한 환경이 오면 모를까 주식은 쳐다도 안볼려구요.,1,2026-05-28T01:38:29Z,0,True
sEzSDUgvY28,2011년부터 ETF 장투 해서  현재는 몇십억됨,1,2026-04-19T14:11:21Z,0,False
sEzSDUgvY28,빠구리도 돈 있어야 주차한다 주식 계속하면 주차장 도망간다,3,2026-02-11T11:54:11Z,0,False
sEzSDUgvY28,다들부자네,3,2026-02-09T03:42:11Z,1,False
sEzSDUgvY28,"퇴근후2시간...30년해봐라...웬만한주식,그래프 다눈에 들어온다.지금 내가 그런상태인데...달에200-500만원정도 수익난다.
그동안10억이상 날려먹었지만, ..😂😂😂😂",3,2026-02-12T13:27:18Z,2,False
sEzSDUgvY28,오히려 수익을 본 나는 다행이네.,5,2026-02-10T16:11:38Z,0,False
sEzSDUgvY28,궁금하네. 주식으로 돈 버셨는지?,2,2026-02-12T07:57:47Z,0,True
sEzSDUgvY28,AI로 만든거네...,1,2026-06-08T11:44:08Z,0,False
sEzSDUgvY28,30대ㅜ연봉이 4200?? 이게 평균??,12,2026-02-08T08:14:18Z,2,True
sEzSDUgvY28,3:15 빨갛게 타오르면 좋은거지~ 시퍼렇게 질리는게 무서운거고~ 표현이 안맞네;;;,5,2026-02-10T20:04:10Z,0,False
sEzSDUgvY28,댓글에도 보니  시드머니 6천으로 두달만에 3억을 벌었다는  공상허언증 환자들이 보입니다.   여러분  주변에  주식으로 때돈 벌었다는 말 대부분 허풍입니다.   그런거   믿고 하지 마시고  영상에서 처럼  코스피200 ETF 여웃돈 생길때마다 계속 줏어 담으면 됩니다.       저는 한다면 하는 재명이형 말 듣고  25년6월부터 2700일때  주식20년만에 다시 시작해서  수익률 100프로 넘었습니다.  토스증권에서 수익금5프로 팬던트도 받았습니다.        나는 그냥 빙신이다 생각하시고  어설프게 개별종목 까불면 다 골로 갑니다.    코스피200 ETF 돈 생길때마다  줏어 담으세요 그게 답입니다.,6,2026-02-11T08:56:10Z,0,False
sEzSDUgvY28,그래 포모못이긴자는  지금 18만  삼성전자 들어간 내 이야기인줄,2,2026-02-13T07:48:40Z,0,False
sEzSDUgvY28,주식 투자에 실패한 사람들의 특징: 빚내서 동전주를 하다가 그 동전주가 상장폐지 당한다. ㄷㄷ,2,2026-02-17T10:47:09Z,0,False
sEzSDUgvY28,나랑 비슷하네 나도 7천부었거든요 다만 다른 건 전 2억됐습니다 ㅋㅋ,2,2026-02-12T07:50:59Z,0,False
sEzSDUgvY28,대동 대동,1,2026-02-10T13:40:07Z,0,False
sEzSDUgvY28,그냥 삼성전자 신용스탁론 다때려넣고쉬는중 3억8천 1년째홀딩중인데 주식조낸쉽네,2,2026-02-11T06:39:37Z,0,False
sEzSDUgvY28,현실은 코스피5500 역대급 고점달성했는데ㅋㅋㅋㅋㅋㅋ 배아프겟노😂😂,4,2026-02-12T03:13:23Z,0,False
sEzSDUgvY28,손실 2천 중인데도 난왜 편안하냐? 심법이완성된거냐? ㅎㅎ,2,2026-02-10T13:42:08Z,5,True
sEzSDUgvY28,"이영상에 22년도 하락장때 미국지수 etf 회복하는  8.6년걸린다는대 무슨 근거죠
나스닥100 지수 16500포인트에서 고점찍고 11000포인트 까지 내려갔다가 1년후 전부회복했는대 잘못된 정보올리지맙시다 4년이 지난 지금 나스닥100 지수 3만포인트가 넘었습니다",1,2026-06-20T09:16:19Z,0,False
SoM3W-Cxess,"주식은 욕심부리면
깡통~~",67,2026-03-27T05:34:40Z,0,False
SoM3W-Cxess,정말 기본적인 내용을 잘 정리했네요. 이 내용이 100%이해 안되시면 투자가 아니라 주식도박을 하고 있다고 생각하면됩니다.,6,2026-06-01T23:46:25Z,0,False
SoM3W-Cxess,좋은 말씀 감사합니다. 늘 겸손하게 접근하겠습니다.,5,2026-06-06T09:13:29Z,0,False
SoM3W-Cxess,정말 좋은정보 감사드립니다,7,2026-05-14T10:25:31Z,0,False
SoM3W-Cxess,"귀에  쏙쏙  공부  잘하고
갑니다
유익한 정보 감사합니다 🎉",2,2026-05-24T03:28:25Z,0,False
SoM3W-Cxess,"@ 정말 좋은 영상~ 감사드립니다 
흔한 말들 같지만, 제일 중요한 핵심을!!
*잘 정리해서.. 설명해주셨어요~
저는 이제.. 손실을 감당하더라도...
손절할겁니다~ 
잃어도 되는 돈으로 투자하고
*시장에 복종할 겁니다.. 겸손해질겁니다",23,2026-03-28T15:15:34Z,0,False
SoM3W-Cxess,도움이 많이 됐습니다. 감사합니다.,1,2026-06-21T13:49:29Z,0,False
SoM3W-Cxess,깔끔하고 이해가 쉽게 가르쳐 주셔서 감사드립니다 ❤,25,2026-03-26T01:48:39Z,0,False
SoM3W-Cxess,감사함니다 훌륭하십니다 감사함니다 화이팅,2,2026-06-13T00:15:28Z,0,False
SoM3W-Cxess,천천히 설명해주시고 나이 든 사람들 위주로 영상 올려주신 거 같아. 구독합니다,5,2026-05-21T06:22:02Z,0,False
SoM3W-Cxess,"주식투자를 하면 할수록 마인드컨트롤이 제일 중요하다는 생각 드네요. 공포에 떨지 않기, 기쁨에 환호성 지르지 않기 등.",20,2026-05-03T20:17:21Z,1,False
SoM3W-Cxess,감사합니다 😊,5,2026-04-10T04:40:01Z,0,False
SoM3W-Cxess,23:44 23:45 정말 틀린게 하나 없는 말씀입니다.내가 이런경험을 했습니다.고맙습니다.배운게 많습니다.,1,2026-06-06T15:25:27Z,0,False
SoM3W-Cxess,고맙슴니다~,0,2026-05-25T19:36:32Z,0,False
SoM3W-Cxess,구독  꾹욱 ~  이해하기 쉽게 잘 설명해주셔서 감사합니다,0,2026-05-21T20:44:15Z,0,False
SoM3W-Cxess,"공부 잘하고 가면서 9독, 좋아요 하고 갑니다, 💕",3,2026-05-21T09:32:10Z,0,False
SoM3W-Cxess,너무 좋은말씀 입니다 감사합니다,0,2026-05-25T08:43:52Z,0,False
SoM3W-Cxess,감사합니다,2,2026-05-13T21:46:09Z,0,False
SoM3W-Cxess,고맙읍니다,0,2026-05-28T08:55:07Z,0,False
SoM3W-Cxess,"지수 추종형 종목만 골라 투자하고,  몰빵 안하면 쉽습니다😊",0,2026-10-09T10:39:55Z,0,False
SoM3W-Cxess,좋아요,1,2026-05-25T11:14:04Z,0,False
SoM3W-Cxess,"잘듣고 갑니다
고맙습니다🙏",10,2026-03-28T03:09:32Z,0,False
SoM3W-Cxess,와.! 정확한 펙트 네용.오르도 더 갈까 못팔고.빠져도 못팔고..스트레스만 싸이고..휴,16,2026-03-25T23:13:03Z,0,False
SoM3W-Cxess,"주도주를 하지 않고 가격이 저렴한  것만  고르고,  늦게 고점 매수, 지수etf하면  적어도 망하지는 않아요",3,2026-05-24T23:27:02Z,0,False
SoM3W-Cxess,"고맙습니다ㆍ
겨우  이쌔가   조금 됩니다",0,2026-05-23T03:49:09Z,0,False
SoM3W-Cxess,AI는 한글의 기수와 서수를 구별 못함.,26,2026-03-26T13:24:34Z,1,False
SoM3W-Cxess,주식은 욕심부리면,10,2026-04-20T03:26:43Z,0,False
SoM3W-Cxess,10년을 보고 꾸준히 모아가고 사모으면 길이 보여요,1,2026-05-26T08:32:24Z,0,False
SoM3W-Cxess,"투자와 투기의 경계를 모르기때문에 손실이 나는겁니다.
나이가. 만아서? 아닙니다.
투자를 해본적이 없기 때문 투기를 투자라고 착각하는거죠.
투기를 잘하고 싶다면 단타매매법을 해야하는거고.
투자를 할꺼라면 미래를보고 몇년의 리스크를 견딜 각오를 해야 하는겁니다.",4,2026-05-30T16:20:18Z,0,True
SoM3W-Cxess,주식은 욕심부리지 않고 차곡차곡 손실을 줄이면서 늘려 나가야 되요,0,2026-06-16T21:15:54Z,0,False
SoM3W-Cxess,"지금은 s&p500보다
한국주식  상승시대~~!!!",2,2026-04-25T10:25:21Z,0,False
SoM3W-Cxess,내가 그러네요,2,2026-05-21T19:04:16Z,0,False
SoM3W-Cxess,20년손실경험이지금강의90%로이행,2,2026-04-27T09:22:04Z,0,False
SoM3W-Cxess,욕심을 부리면 주식은 싧패입니다,5,2026-05-19T01:24:58Z,0,False
SoM3W-Cxess,정치경제외교전쟁 그런걸 몰라서 주식망하는게 아님ᆢ,0,2026-06-21T10:23:28Z,0,False
SoM3W-Cxess,몰빵은 안됨 최소 현금  40%보유 해야함 실탄현금이 방패이자 생명줄ᆢ,2,2026-05-18T17:04:18Z,0,False
SoM3W-Cxess,단기 투자는 못 벌고  물타기 하면서 2~3년간... 장기 투자하면 큰 돈 법니다 조바심이 돈을 잃게하는 심리게임. 😊,2,2026-05-30T10:07:37Z,0,False
SoM3W-Cxess,"잘들었습니다
근데 네가지를 4가지라고 읽는거예요?",1,2026-05-21T21:29:24Z,0,True
SoM3W-Cxess,말도만코탈도만은주식,2,2026-05-10T07:36:32Z,0,False
SoM3W-Cxess,"ETF가  최고,추천함",1,2026-05-17T01:11:48Z,0,False
SoM3W-Cxess,사팔사팔 하지 말아야,0,2026-05-31T23:04:03Z,0,False
SoM3W-Cxess,"자기돈 가지고하면됩니다.
절대로 빛투는 하지마세요...",6,2026-05-25T13:16:50Z,1,False
SoM3W-Cxess,"사 가지 라고 말하는거보니
A.I 싼거 돌렸구나
A.I가 충고하는게 같짢네",14,2026-03-25T20:02:46Z,1,False
SoM3W-Cxess,"처음 주식에 손을 대고 어떨결에 50%의 수익을 냈다.
지금 와서 보니까 내가 의도치 않게 갭투자에 성공 한 것이며 운 빨이 통한 것이다.
의기양양하여 왕창 하락한 주식에 드러 갔더니 더 폭락 햇고 소위 물타기를 했다.
몇칠을 계속 해서 떨어질 때마다 계속 해서 물타기 들어 갔다.
투자 경고 종목이라는 것을 나중에야 알았다.
이런 일을 몇번 겪고 났더니 원금에서 반토막이 났다.
지금은 간신히 원금을 회복 했다.
이제와서 보면 주식은 도박이다.",3,2026-06-03T22:31:43Z,0,False
SoM3W-Cxess,숫자읽는방식보고 바로차단,2,2026-03-27T01:20:41Z,0,False
SoM3W-Cxess,이거 에이아이니?? 사가지 이가지 ㅋㅋㅋ,2,2026-03-27T03:28:46Z,0,True
SoM3W-Cxess,"주식은 한방이. 아닙니다
욕심을  부리는 순간
혼돈의 시작 이지요",7,2026-04-25T22:58:44Z,0,False
SoM3W-Cxess,가사합니다,1,2026-10-05T02:28:52Z,0,False
SoM3W-Cxess,주식은 합법적 도박😂😂😂,4,2026-05-29T17:59:18Z,0,False
SoM3W-Cxess,이시기에 들어온게 실패지,2,2026-05-09T14:50:14Z,0,False
SoM3W-Cxess,아이고,1,2026-05-10T07:35:48Z,0,False
SoM3W-Cxess,"고맙습니다.
그런데 엄청 어렵습니다.
듣고 바로까먹고 60대 뇌의한계....ㅠㅠ",45,2026-03-27T05:20:25Z,2,False
SoM3W-Cxess,대형주 잡으면 100% 성공 하이닉스 삼성전자 현대차 지금은 단타로 투자해야 됨,5,2026-05-01T22:49:41Z,1,False
SoM3W-Cxess,"6000넣고600벌다가
미.이란전쟁으로 폭락.ㅡ2000만
오우 공포체험 내던짐",6,2026-05-14T18:15:48Z,1,False
SoM3W-Cxess,개인이 들어가면 세력들은 주가를 내린다😂,10,2026-03-28T10:00:40Z,2,False
SoM3W-Cxess,좋은 정보 감사합니다,1,2026-05-07T10:13:11Z,0,False
SoM3W-Cxess,"국내 코스피 200투자하면 지금최고입니다 내가 수익보고 알립니다 1년 100수익입니다  1)투자하고 장기투자
보유하세요 
2)자산에 20%만하세요 
3)하락에 걱정마세요 떨어져도 복구됩니다 
시대에 변하는 대장주3곳을 넣어세요 
예)삼성 하이닉스 현대  두산 방산 설정",1,2026-03-27T08:49:58Z,0,False
SoM3W-Cxess,ai가 ??,2,2026-04-17T01:03:05Z,0,True
SoM3W-Cxess,우리 모두 안전한 ETF 합시다 ~~,21,2026-03-26T00:32:23Z,2,False
SoM3W-Cxess,"일반화의 오류
AI. 하는 소리 늘 같은 소리",2,2026-03-25T22:25:55Z,0,False
SoM3W-Cxess,삼가지ㆍ사가지 라니?,6,2026-03-25T22:11:54Z,0,True
SoM3W-Cxess,인생은 도박입니다.  우량주 매수하시고 존버하세요,11,2026-03-26T21:33:54Z,4,False
SoM3W-Cxess,투자든 도박이든 돈만 따면되는거야 투자는 손실안보나 뭐 딱 이분법적으로 나눌건없어,0,2026-09-24T20:25:10Z,0,False
SoM3W-Cxess,사가지 ? 네가지 ? AI ?,3,2026-03-27T22:41:00Z,0,True
SoM3W-Cxess,사면 내리고 팔면 오르고 이것을 반대로 하면 돈을 법니다,14,2026-04-15T15:29:37Z,0,False
SoM3W-Cxess,무주식상팔자 안하는게 내돈 지키는 지름길이다 아에쳐다보지 말자 주식 힘들다. 돈따도 걱정 돈 잃어도 걱정이다 욕심이 생기니까 깡통 차늣 지름길이다,30,2026-03-27T23:14:29Z,2,False
SoM3W-Cxess,하나마나한 썰? 다 아는얘기를 해서 시간 낭비만  했다.,0,2026-05-30T08:55:03Z,0,True
SoM3W-Cxess,대한민국주식 연기금으로 4. 5. 6. 7. 8 띄워놓고 이제 발빼고 파라치우고 국민개미투자자들 피빨였다😢,1,2026-06-02T03:40:24Z,0,False
SoM3W-Cxess,자신업음하지마라,2,2026-05-10T07:40:33Z,0,False
SoM3W-Cxess,사가지  ㅡ네가지,1,2026-05-23T13:18:43Z,0,False
SoM3W-Cxess,50대 초중반에 퇴직금 이 들어 온다고.  직장. 짤렸나,7,2026-03-30T07:39:46Z,1,False
SoM3W-Cxess,"주식은 안하는게 최선
상승장에서 수익이 난다고 해도
중독성이 강해 빠져나오지 못해 결국엔 실패
게임의 법칙에서 절대 이길수 없음",9,2026-05-11T05:54:53Z,1,False
SoM3W-Cxess,비현실적이고 결과론적이네.. 알듯밀듯..,0,2026-05-28T21:01:06Z,0,False
SoM3W-Cxess,한방을 노리면 안됩니다 욕심을 버리고 때로는 기다릴줄도 알아야 합니다 현금을 들고 조정이 들어가는 타이밍을 잡으세요 절대 빛투는 안됩니다 시총 10~20위순 안에서만 하세요 그 시대의 흐름에 따라가세요,13,2026-04-11T07:12:03Z,1,False
SoM3W-Cxess,50대이후 가정이 있는 사람은 주식투자 안하는것이 가장좋음.,0,2026-06-16T23:50:52Z,0,False
SoM3W-Cxess,"잘모르네
좋은회사 주식
쌀때사서 최고가팔아.
단타굳.",0,2026-06-21T19:24:14Z,0,False
SoM3W-Cxess,주식이 어렵다고 생각 한다면 절대 하지마라 ! 공부는 하기싫고 귓동냥으로 돈을 벌려고하는건 쪽박의 지름길 ! 중졸 이상의 학력만  있어도 공부를 해서 얻는 이해도는 충분하다 ~,7,2026-04-24T12:40:37Z,0,False
SoM3W-Cxess,다 아는 내용에 50대 60대만 집어넣었네,0,2026-06-24T10:42:14Z,0,False
SoM3W-Cxess,빨리빨리 공산국가가되면 다동일해되네요,0,2026-05-29T16:24:16Z,0,False
SoM3W-Cxess,AI듣기 거북하네,0,2026-04-25T23:05:20Z,0,False
SoM3W-Cxess,다 헛소리..,1,2026-03-28T22:38:59Z,0,False
SoM3W-Cxess,실패하는진짜이유 자기생각없이 유튜부 전문가등남애기만듣고애기하니깡망하지,2,2026-05-09T07:42:57Z,0,False
SoM3W-Cxess,🤣🤣🤣🤣,0,2026-04-24T13:23:09Z,0,False
SoM3W-Cxess,짜식,0,2026-05-10T07:43:41Z,0,False
SoM3W-Cxess,"AI의 한계 삼가지 ,사가지 ㅋㅋ😢",2,2026-03-29T06:38:24Z,0,False
SoM3W-Cxess,"주식... 글쎄...  
귀가 얇은 개미들의 통곡...",2,2026-03-27T03:15:53Z,0,False
SoM3W-Cxess,한국어가 4가지 없네,0,2026-05-13T17:32:41Z,0,False
SoM3W-Cxess,"돈을 잃는 이유는 단순 합니다. 
지금(2026.04~06월)과 같이 극단적으로 편중된 종목만 상승할 때 우리는 종합지수가 상승하였다고 좋아하고 거기에 편승해서 돈을 넣기 때문 입니다.
즉, 우리는 하락하는 증시에서 그것도 하락하는 종목, 섹터, 테마에 돈을 넣고 있다는 겁니다.",5,2026-05-12T13:58:03Z,1,False
SoM3W-Cxess,"나는  주식투자로 단한번도 깡통차본적없다
내가 실력이좋아서가아니다
내가 시장을읽는 능력이뛰어나서도 아니다
주식투자에 성공한방법은
매우쉽과 심플하다
그것은 연금저축과 isa계좌 일반계좌에  나스닥100etf와 S&P500에 매월적립식으로 일정금액을 꾸준히
10년넘게 투자한덕분이다
시간과 복리의마법을
깨닫는다면 이보다더좋은
투자법은없다
개별주식으로 성공하는
투자자는 상위몃퍼에 지나지안는다
투자는 미국우량주500개기업과
테크기업100개의 기업과
동업한다는 마인드로 투자해야된다
한국인들이 머리가나빠서 혹은 시장분석을 못해서
실패를하는게아니다
시시각각 변화하는 시장을이기려다 결국 제꾀에속는것이다
투자의성패는  우직함이고
기다릴줄아는 마음이다
마음이흔들리면
이미 실패한투자자다!",25,2026-03-27T00:51:44Z,3,False
SoM3W-Cxess,18억 잃고 ㅡ걸뱅이가 되엇다 ㆍ단타매매로 노숙자다 ㅡㅡ내 전철을 밣지마라 ㅡ아가들아 😢,15,2026-03-26T09:24:22Z,3,False
SoM3W-Cxess,말을 빙빙돌려서 분량만 떼우네,1,2026-06-23T17:57:12Z,0,False
SoM3W-Cxess,"여러 말씀 할 필요가 없습니다,,, 주식투자의 원리는 98~99%가 다 하락하는 종목들 뿐이고 그중에 상승은 1%밖에 없으니,,, 당신들은 그것을 적중시킬 능력들이 있으신가요?",13,2026-04-13T09:41:55Z,9,True
SoM3W-Cxess,사가지 ㅋㅋㅋㅋㅋ,0,2026-05-31T18:00:13Z,0,False
SoM3W-Cxess,이것도 AI음성인가? 요즘 이런거 막올라오네?,0,2026-05-29T05:00:16Z,0,True
SoM3W-Cxess,영포티 주식망함.,0,2026-07-27T04:50:12Z,0,False
SoM3W-Cxess,주식은 안하는기 맞는거긋습니다. 국세인거래세. 증권회사수수료.  주식하지마세요. 패가망신입니다.,4,2026-05-27T02:24:12Z,0,False
SoM3W-Cxess,싸가지 ㅋㅋ,0,2026-04-16T17:05:49Z,0,False
SoM3W-Cxess,이씨뱅이뭐라하는거야,0,2026-05-09T14:00:53Z,0,False
SoM3W-Cxess,뻥까고있네,1,2026-04-12T12:35:10Z,0,False
SoM3W-Cxess,Al너나 잘 해라,0,2026-04-25T23:25:07Z,0,False
RXft-lAkSqU,"주식으로 돈 벌어도 결국 전재산을 잃는 이유, 실패 과정의 전형적인 패턴에 대해 다뤄봤습니다.

최근 주식을 처음 시작하시는 분들이 많을텐데, 이 영상만큼은 꼭 끝까지 보셨으면 좋겠습니다.

유튜브에서 하지 못하는 이야기들은 블로그를 통해 전달하고 있습니다.
==
멤버십 가입
: https://www.youtube.com/channel/UCnE_A6f34Dx2hemI4QeBkOg/join

차윤호 블로그
:https://blog.naver.com/uber47/223940236196
==

클릭해주셔서 감사합니다.",58,2026-02-18T12:38:56Z,2,False
RXft-lAkSqU,금액 계속 증액하다 하락장 한번 맞으면 수익 한번에 반납하는걸 경험할수 있음 ㅋㅋㅋ,208,2026-02-18T23:43:39Z,6,False
RXft-lAkSqU,결국 끝은  욕심,103,2026-02-20T15:43:46Z,0,False
RXft-lAkSqU,주식으로 잘벌어도 한번무너지면   모두 날 릴수있다라는걸 항상명심해야 날항상  절제,113,2026-02-18T13:40:55Z,1,False
RXft-lAkSqU,ㅋㅋㅋ 리얼하네. 100% 자기얘기인듯,77,2026-02-19T12:50:13Z,0,False
RXft-lAkSqU,절대 회사  때려치고  주식에 몰빵하면 안됨,155,2026-02-21T10:51:15Z,3,False
RXft-lAkSqU,"세상에서 하지말아야할 자랑 :  돈,건강,운전 이 3개만 겸손해도 망하지는 않을거다",90,2026-02-23T18:01:46Z,5,False
RXft-lAkSqU,"69세 산골 할머니지만 슈드 조금씩 사 모으며 편히 지냅니다.
욕심이 없어요.",12,2026-02-28T01:11:16Z,0,False
RXft-lAkSqU,"제가 그 천만원 딱 잃고 주식 코인 쳐다 보지도 않습니다
탁월한 선택이었습니다",80,2026-02-22T00:35:13Z,3,False
RXft-lAkSqU,주식으로 돈 좀 벌었습니다... 진짜 이분 말씀 가슴에 담으세요...주식장은 안죽고 버텨야 돈 법니다 속도가 아니라 방향입니다 꼭!!,179,2026-02-20T20:56:47Z,11,False
RXft-lAkSqU,진짜 개소름이네 ㄷ ㄷ ㄷ 단 한개도 틀린 시나리오가 없다는게 진심 아직 경험 못한사람들은 이 얘기 꼭 새겨 들으시고 인생 살면서 경험하지 마시길 간곡히 바랍니다.,68,2026-02-20T15:04:33Z,0,False
RXft-lAkSqU,돈  욕심 앞에 눈이 멀 그 순간 남은건 빚뿐. 이건 어딜가나 통용되는 진리입니다.,22,2026-02-18T13:21:42Z,0,False
RXft-lAkSqU,옛 속담 진실입니다. 주식하면 폐가 망신합니다. 도박하면 폐가 망신합니다. 같은 말입니다. 인생이 망가집니다. 내가 노력하는 만큼 버는 것이 아닌 것은 모두 도박입니다.,16,2026-02-22T05:52:26Z,0,False
RXft-lAkSqU,통계적으로도 10명 중에 주식으로 돈 번 사람은 2명 정도인데 강원랜드 초심자 행운처럼 당장은 주식으로 돈을 벌고 있을지라도 결국 그 맛을 못 잊고 끝끝내 재산 청산 당하는거죠.,52,2026-02-18T14:16:36Z,3,False
RXft-lAkSqU,주식은 형체를 알수없기 때문에 도박성이 있는 투자라고 생각이 듦  은행 적금을 하는게 속편함,27,2026-03-06T06:29:32Z,1,False
RXft-lAkSqU,빚은 위험이 아니라 기회처럼 보이기 시작한다... 뼈를 때린다.,9,2026-03-02T09:48:08Z,0,False
RXft-lAkSqU,"주식으로 130잃고 2주동안 스트레스 받은거 생각하면.. 
돈 잃은게 문제가아니라 삶이 흔들림. 130억 잃었다생각하고 이후로 다신 안함",7,2026-02-27T08:25:38Z,0,False
RXft-lAkSqU,"이미 빠진 사람은 이 영상봐도 
못멈춘다 
이 영상에 공감하는 사람은 
끝까지 갔다와본사람들",21,2026-02-21T22:50:02Z,1,False
RXft-lAkSqU,상승장에 주식을 시작하게 되어있으니 물릴수밖에,96,2026-02-18T15:09:17Z,1,False
RXft-lAkSqU,"주식시장의 상위3%=
생존+ 회복+ 균형+지속",8,2026-04-06T04:28:08Z,0,False
RXft-lAkSqU,주식은   끝내야  마음이 편합니다  깡퉁차고 나니  정신이  듭니다,59,2026-02-21T05:01:51Z,2,False
RXft-lAkSqU,"맞는 말인듯 하네요
제가 지금 좀 벌었다고 자만해 진것 갔네요 ㅡㅡ;;
다시 초심으로 돌아가야겠네요",18,2026-02-21T14:12:39Z,0,False
RXft-lAkSqU,빚투는 죽음입니다. 주식은 없어도 되는 돈으로 하는것...,134,2026-02-18T13:16:55Z,3,False
RXft-lAkSqU,돈 앞에서 조급해지면 항상 손해보기 마련입니다.,19,2026-02-20T07:26:11Z,1,False
RXft-lAkSqU,지금 수익이 났다면 내돈이고 더 갈 거라고 생각한다면 그 건 내 돈이 아니다,24,2026-02-18T12:29:26Z,0,False
RXft-lAkSqU,"투자금의 50% 만 투자하고 50% 예수금을 두고 하면 절대 잃을수 없는데...   욕심과 조금함으로 결국 안됨.
이원칙만 지키고 조금만 공부하면 절대 잃지안음. 
지속적 상승장에서 먹은건  하강장에서 반드시 3~40% 되돌려 주어야 한다는 생각으로 투자.",8,2026-02-21T01:13:41Z,0,False
RXft-lAkSqU,빚 이자만큼 수익내기 진짜 힘듬ㅋㅋ,116,2026-02-18T15:00:09Z,2,False
RXft-lAkSqU,"완전 공감되는 얘기입니다
내 삶의 중심을 지키는게 돈보다
더중요하지요",3,2026-03-07T03:45:14Z,0,False
RXft-lAkSqU,"중간에 빠트린게있네요 몰빵투자....초반에는 무조건 몰빵이죠..분할 매수해야지라는 생각못함...
그래서 더 쉽게 무너지고..복구가안됨...",15,2026-02-18T14:15:33Z,0,False
RXft-lAkSqU,분할매수 장기투자 끝,11,2026-03-16T07:14:47Z,0,False
RXft-lAkSqU,"도박이랑 똑같음 주식으로 큰돈을 벌어보면 정상적인 근로활동이 힘들어 진다는 게 가장 큰 문제. 조금 벌거나 조금 잃었을때 손털고 나와야 되는 게 맞음. 아주 적은 확률로 리스크 관리가 되는 사람이 있는데, 그게 나일 확률은 희박함. 근데 이런 소리 해봐야 할 사람들은 다 할테고, 관심 없는 사람들은 평생 관심 없고~",7,2026-02-23T07:03:23Z,0,False
RXft-lAkSqU,씨드 작을때 몇종목산게 올라 수익을 몇번내면 난 주식에 재능있어 천재인가바 하면서 씨드올리기시작하는순간 나락을 경험하죠 와 현실공감 개미 이야기에요 👍👍👍,96,2026-02-18T11:07:22Z,10,False
RXft-lAkSqU,우아.하나하나 주옥같은 멘트 입니다. 우리 같은 개미는 시간에 투자를 해야하는데..다들 머가 그렇게 조급한지.,6,2026-02-22T07:06:35Z,0,False
RXft-lAkSqU,돈 번 사람들은 조용함,44,2026-02-22T10:03:33Z,0,False
RXft-lAkSqU,"빚투가 종말에 거의 다가간거지. 
그전에 단타가 늘어나는거 같으면 그게 바로 위험신호. 
거래량 많은 잡주나 레버러지 인버스.. 잠깐 먹고 빠진다 생각하고 들어갔다 물리고.",12,2026-02-18T11:49:21Z,0,False
RXft-lAkSqU,"어제 대출한도랑 금리 확인해보고 비교했습니다.
반성합니다. 영상감사합니다",4,2026-02-19T14:49:23Z,0,False
RXft-lAkSqU,주식으로 돈 벌려면  깡통 3번이상  차봐야 된다.  초보들은 주식무서운줄 모른다.!,95,2026-02-18T11:45:23Z,4,False
RXft-lAkSqU,새겨들을 말씀입니다! 정말 공감해요!!!,43,2026-02-18T15:28:53Z,0,False
RXft-lAkSqU,정말 좋은 강의 입니다. 하지만 그래도 잃으실분은 잃을거에요. 다만 그 순간이 왔을때 한번이라도 이 강의 생각이 나서 손실이 적어지길 바랄 뿐 입니다 😊,2,2026-02-21T12:16:05Z,0,False
RXft-lAkSqU,투자로  몇억씩  날리면서 택시비는  아끼고 버스타고  ㅎ  진짜  웃긴다,11,2026-02-21T07:43:42Z,0,False
RXft-lAkSqU,익절한  종목만 보여주고 /  마이너스난 종목은 안보여주는 사람은 멀리하세요 / 익절 종목만 보여주면서 돈을 따고 있다 자리 스스로도 합리화 하는 사람들입니다,4,2026-02-21T12:11:16Z,0,False
RXft-lAkSqU,"한국에서만 그려
이제부터는 미국 호주처럼 주식하면 돈버는 사회와 제도를 만들면댜",11,2026-02-19T11:41:35Z,0,False
RXft-lAkSqU,살이되고 피가되는 설명이네요.감사합니다,3,2026-02-20T12:56:30Z,0,False
RXft-lAkSqU,이런 얘기를 한두번 듣는게 아닌데 결국 이 얘기를 듣고 그 길로 가지 않기로 다짐하는데 시간 지나면 어느새 이 얘기대로 살아가고 있다는 게 ㅠㅠ..  멘탈싸움이다. 하지만 대부분 인간의 멘탈보다 주식시스템이 강해서 문제다.,2,2026-04-23T05:57:34Z,0,False
RXft-lAkSqU,"저도 주식투자처음에 한 20살 초반이 벌써 10년전이네요 
저 또한 경험했었고 개미들이란 대부분 그런거라 생각하게되었습니다. 지금은 잘 하고 있습니다.
정말 처 맞아봐야 들을 준비가 된 거라 생각합니다.
꼭 다들 처 맞아보시고 스스로를 돌아보고 인생의 오답노트를 쓰시고 자신을 고쳐서 나아가시길 바랍니다.",14,2026-02-18T10:14:25Z,1,False
RXft-lAkSqU,"주식도 자기 자신을 알아야 잘 합니다. 자기 객관화, 메타인지가 잘 되는 사람은 수익을 꾸준히 냅니다. 주변 수익 얘기에 별로 휘둘리지도 않고 빚 내면서 하지 않고요.",3,2026-02-19T10:26:14Z,0,False
RXft-lAkSqU,감사합니다. 좋은 이야기해주셔서...,1,2026-06-14T22:16:07Z,0,False
RXft-lAkSqU,따는 생각만하니 들어가게 되더라,10,2026-02-21T03:58:08Z,0,False
RXft-lAkSqU,와~~ 정확하시네요,13,2026-02-18T11:53:23Z,0,False
RXft-lAkSqU,원래 주식 얘기하는 곳엔 댓글 안 다는데 대부분 사기꾼! 하지만 심리와 전개되는 상황을 정확하게 집고 계시네요! 직접 경험해보지 않은 사람은 모를 건데! 암튼 그렇습니다! 주식 무서운 줄 알아야한다! 돈이 땡볓에 아이스크림처럼 녹아버린다는 사실을 깨달아야함!  그리고 자신의 실력으로 돈을 번다고 생각하면 큰 오산! 그냥 시장이 주는 거임! 그 안에서 겸손하게 꾸준하게 수익을 내는 사람이 결국 승리자가됨! 자신의 자산에 비례해서 수익도 오는 거고! 큰 욕심을 내면 반드시 부러짐! 한 방에 끝장날 수 잇다는 점! 하지만 직접 겪어보지 않으면 이 모든 걸 글쎄 뼈속에 깊이 새길 수 잇을까? ㅎㅎ;,8,2026-02-19T08:19:01Z,0,True
RXft-lAkSqU,캬 아주 잘듣고갑니다 최고에요,2,2026-02-19T14:39:11Z,0,False
RXft-lAkSqU,"이런 컨텐츠를 많이 볼 수록, 비록 간접 경험 이지만, 앞으로 주식 투자하는 주린이들에겐 도움이 된다고 저는 생각합니다. 
장미빛 보다는 가시 덤불을 먼저 각오하고 주식 판에 뛰어든다는 건. 그만큼 시행 착오를 줄일 수 있는 확률을 조금이나마 높이는 예방 주사의 효과가 있다고 저는 생각합니다.^^",25,2026-02-18T14:31:43Z,0,False
RXft-lAkSqU,설명력이 마치 경험 해 본 사람과 같은데요. 문제는 현재 주식하는 사람들 99%는 이 영상 안 볼거고요 1%는 봐도 자기 갈 길 갑니다.^^:,5,2026-02-20T17:48:06Z,0,False
RXft-lAkSqU,코인은 사기요 주식은 도박이라 일해라,36,2026-02-18T23:49:55Z,1,False
RXft-lAkSqU,빛투 분들 잘 못되면 남의 탓 절대하지 마세요,3,2026-02-21T16:00:23Z,0,False
RXft-lAkSqU,좋은 내용입니다.,2,2026-02-19T11:10:24Z,0,False
RXft-lAkSqU,매일 좋은 종목찾기 중요하다,2,2026-02-20T00:03:36Z,0,False
RXft-lAkSqU,도박입니다.없다 생각하세요.,3,2026-03-10T09:56:54Z,0,False
RXft-lAkSqU,넘 유익한 채널이네요.,1,2026-02-28T01:16:35Z,0,False
RXft-lAkSqU,현금을 꼭 보유해야함.폭락장에 비중을 더 실어주면 상승폭이 더 높아져요.,2,2026-03-03T03:28:19Z,0,False
RXft-lAkSqU,정확하시군요 최근 주변 지인이 몇년전부터 주식을 하다가 상승 하락 반복하다가 결국 폭락해서 담배도 많이 피고 심심하면 폰을 보더니 건강도 안 좋아졌다가 최근들어 기존 가지고 있던 삼전 주식으로 수백만원 이득을 보았다며 폰을 가끔씩 보여주며 자랑을 하더군요 곧 코스피 7000이상 올라갈것이라며 기대를 하더군요 저는 너무 욕심부리지 말고 팔라고 했습니다 주식은 팔아야 내 돈이 아닙니까,3,2026-02-28T13:50:39Z,0,False
RXft-lAkSqU,"몇천 잃은 사람 부러움
그정도 잃고 그만두면.. 나쁘지 않지",14,2026-03-03T02:55:05Z,2,False
RXft-lAkSqU,이래서 부동산😂  까불지말고 엥긴한데 사놓으면 오른다,4,2026-03-04T08:52:38Z,0,False
RXft-lAkSqU,20년 보유가 투자의 기본 입니다 20년 보유 할 수 있는 종목만 사세요,22,2026-02-23T08:13:55Z,1,False
RXft-lAkSqU,"내가사면 내려가고
팔면 올라가는
마법이 펼쳐짐",2,2026-06-05T06:33:14Z,0,False
RXft-lAkSqU,아이작뉴턴: 내앞에서 주식의 주짜도 말하지마라,40,2026-02-18T13:40:12Z,1,False
RXft-lAkSqU,정말 뼈떼리는 조언이다,1,2026-02-28T13:55:49Z,0,False
RXft-lAkSqU,"내가 그 경제적 자유 얻은 사람인데 이런 영상이 공감얻는거보면 확실히 나는 다른사람들보다 특별하단 느낌이드네.

2022년에 떨어질때마다 대출해서 돈넣었는데 
왜 삶이 저렇게바뀌지? 왜 저리 피폐해질까. 어차피 오를텐데. 
작년말에 다갚음
난 항상 이런느낌으로 투자함
나는 이제 진짜 빚투안함.
내 순자산 95%하락해도 원금보단 많음",3,2026-05-16T04:08:25Z,0,True
RXft-lAkSqU,지금시점에 꼭필요한 영상입니다 전국민이 시청하길 바래봅니다,0,2026-05-22T23:29:41Z,0,False
RXft-lAkSqU,우리는 주식을 도박이라고 합니다. 갬불이죠..누군가가 잃어야 얻는겁니다. 1억한번 넣고 1% 2% 떨어져보세요..  말만 가치투자한다고 하죠? 이것도 성향이 맞아야 할수 있어요,5,2026-02-22T11:22:40Z,0,True
RXft-lAkSqU,"저도 자랑 많이 했었습니다. 근데 상승장과 하락장을 모두 겪어보니 저절로 겸손해지더군요. 그 다음부터는 절대로 수익인증 안합니다. 그리고 적절한 현금비중을 가지고 있는것이 얼마나 중요한지와 차트상 어느 위치에서 투자했는지가 매우 중요하다는 것을 깨닫게 되었습니다. 근데 이것도 욕심을 통제하지 못하면 말짱 꽝이에요. 마인드컨트롤이 진짜 중요합니다.
주식시장에서 살아남는거 진짜 어렵습니다 😢",5,2026-02-21T11:40:45Z,0,False
RXft-lAkSqU,아주 정확한 말씀 감사합니다,0,2026-05-14T07:15:55Z,0,False
RXft-lAkSqU,정말 공감됩니다. 정확해요.ㅎㅎㅎ,0,2026-03-02T14:19:52Z,0,False
RXft-lAkSqU,"내주변에 주식 몰빵해서 한명은 이혼, 한명은 신용불량자 되고 공공임대 월세 살고 있음. ㅠㅠ",16,2026-02-20T16:58:54Z,0,False
RXft-lAkSqU,"주식은 도박이에요.
주식을 끊지 못한다면 정신과에서 약물 도움을 받아야 되요",2,2026-03-03T00:21:08Z,0,False
RXft-lAkSqU,ㅎㅎ  전부  다 맞는말 ~^^,1,2026-04-04T06:03:00Z,0,False
RXft-lAkSqU,곱버스 탓네. 탓어.,21,2026-02-20T05:44:29Z,0,False
RXft-lAkSqU,이분 경력직인가? 이거 리얼임 ㅋㅋㅋㅋ,2,2026-03-07T01:39:18Z,0,True
RXft-lAkSqU,가장 정확한 분..짝짝짝,0,2026-02-23T06:20:30Z,0,False
RXft-lAkSqU,"진짜 귀에 쏙쏙들어오는 말씀 감사합니다

빚투는 금지 참자참자",0,2026-07-07T17:27:14Z,0,False
RXft-lAkSqU,일확천금을 노리면 안됨. 그냥 큰 욕심 안부리면 되는데.  예금금리 보다 나은 정도면 만족하자 그러면 됨.,7,2026-02-22T07:45:15Z,1,False
RXft-lAkSqU,"지금 불장에 주식 시작한 사람들
필수로 시청해야하는 영상 ㅋㅋㅋㅋㅋ",5,2026-02-20T13:17:07Z,0,False
RXft-lAkSqU,너무 공감되는 말입니다.,0,2026-09-24T13:37:08Z,0,False
RXft-lAkSqU,씨드 안늘리고 안정적으로 하는게 재능임.,9,2026-02-20T01:05:39Z,0,False
RXft-lAkSqU,"주식하는분이면 다 공감하는 내용입니다. 저도 그랬구요. 돈을 잃다보면 마음이 참 조급해지지요. 저걸 사면 빨리 본전을 만들 수 있는데 돈을 버는게 아니라 본전, 본전 ,목표가 본전이 됩니다. 그러니까  이때가 가장 위험 합니다.  돈을 만들기 위해 적금도깨고 ,금도 팔고,신용, 대출등 만들 수 있는 방법을 다 동원 하지요. 그리고 빨리 원금 회복을 위해 옵션에 눈을 돌립니다.  이건 바로 지옥행 급행 열차인데 말이지요. 저는 어느순간 꿈에서 한데 얻어 맞았습니다.  그리고 담배를  끊었듯이 딱 덮어버렸지요. 한 두달정도 지난후 다시 초심으로 시작 했습니다. 마음의 평정을 찾고 지난실패를 반면교사 삼아 시작 했더니 금년들어 장이워낙 좋아서 인지 본전을 회복하고 수익권에 있지요. 언제 어느때 또다시 급락장이 올지도 경계하며 조심하고 있습니다. 급락장은 탈출할 여유도 없으니까요. 절대 서두르지 말고 한탬포 늦게 하면 잃지는 안습니다. 지키는게 버는 것이다 생각하면 편하더군요. 그리고 주도주 중심으로 하세요.",4,2026-02-21T09:14:30Z,0,True
RXft-lAkSqU,"주식 단일 종목 투자는 투기지. 

TDF, ETF와 지수방식에 자본 투입하고
3년 5년 10년 기다리는게 맞을 듯",4,2026-02-19T14:08:20Z,0,False
RXft-lAkSqU,최고의 강의입니다.,0,2026-03-23T11:16:45Z,0,False
RXft-lAkSqU,"미국 배당ETF 80% 넣고(심리적 안정감)
국장 20%(미국 배당ETF 투자가 메인이기 때문에 심리적으로 안정감이 있기에 물려도 버틸 수 있음/ 단, 손절라인은 정하시고)",5,2026-02-18T18:01:43Z,0,False
RXft-lAkSqU,진짜 정확하네요..제가지금..ㅠㅠ,4,2026-02-28T05:39:45Z,0,False
RXft-lAkSqU,명언입니다.,2,2026-02-19T12:13:04Z,0,False
RXft-lAkSqU,"구구절절
옳은 말씀입니다",0,2026-05-16T01:32:59Z,0,False
RXft-lAkSqU,주식한지4개월됏습니다. 오늘부로 4천손실보고 주식접네요  성격급한저는 절대 수익못볼꺼같아요 ㅎ,8,2026-07-14T06:51:52Z,1,False
RXft-lAkSqU,맞는 말이네 정확하네,0,2026-06-08T12:08:37Z,0,False
RXft-lAkSqU,5천 잃었어요.. 계획했던 일들이 다 무산되었네요,3,2026-06-25T08:46:12Z,0,False
RXft-lAkSqU,맞는 말씀입니다.,0,2026-03-06T10:05:14Z,0,False
RXft-lAkSqU,주식으로  투자하는거지 투기를 하니 결국  망하지,2,2026-03-15T09:35:07Z,0,False
RXft-lAkSqU,"good! good~ 맞습니다. 주식은 큰손들이 하는겁니다. 개미는 지게 되어있어요. 정보가 늦고요! 자금도 적고요!
경험해보는것이 말려 들어가는것입니다.아예  안하고 일하고 일하고  일하는것입니다!",1,2026-02-22T13:23:20Z,0,False
RXft-lAkSqU,진짜 맞는 말씀 입니다!!,11,2026-02-18T12:27:36Z,0,False
RXft-lAkSqU,"돈이 돈으로 안보임 
주식으로 벌면되지라는 생각을 많이함",1,2026-04-27T14:29:37Z,0,False
RXft-lAkSqU,"비단 주식뿐만 아니라 당근 거래조차도 조급한 사람이 손해 봅니다.
하지만 돈 앞에서 조급하지 않고 평정심을 유지하기는 쉽지 않죠
여유가 있어야 하는데
그 여유가 조급함의 원인인 돈이거든요.",1,2026-09-26T07:50:58Z,0,False
wsy11BC4NDc,감사합니다~^^,0,2026-05-05T19:20:29Z,1,False
wsy11BC4NDc,어리둥절은 저정도 지식인데 어리둥절 놔뒀게니?,4,2026-05-03T04:04:10Z,0,True
wsy11BC4NDc,세금은22%가 맞지요,1,2026-05-05T23:24:23Z,0,False
wsy11BC4NDc,"100억 되면
머 할라요",2,2026-05-03T16:59:51Z,0,False
wsy11BC4NDc,ㅋ 그 돈으로 강남집 샀으면 60억됬것네,1,2026-05-10T16:25:52Z,0,False
8m9Y3qJgcXo,"주식 사게 되면, 꼭 매일 자신이 갖고 있는 주식의 섹터흐름, 일봉, 분봉, 거래량을 체크해가며 대응해야 함... 대부분 주식 사면 그냥 주가만 확인 것만 하고. 애측만 한다. 얼마에 팔아야지.. 오르겠지??? 그러면 망함, 주식은 수익을 많이 얻기위해서가 아니고 잃지 않기 위해서 계획하라. 그래야 수익이 생긴다. 매일 목표금액을 챙기고 대응하면, 도움이 많이됨",135,2025-10-28T14:50:51Z,3,True
8m9Y3qJgcXo,"공식같은 설득력있는 정설같습니다.짝짝짝 ~~

욕심을 덜어내고 적게 먹어도 리스크를 비켜갈. 주식투자 격언이네요 또 짝짝짝 ~~~",49,2025-10-30T22:05:39Z,0,False
8m9Y3qJgcXo,"진짜 정답이다 10프로 오르겠지 하다 안오르고 20마이너스 찍으면 손절하니
버는게 없지 ㅜㅜ",13,2025-11-23T01:55:40Z,0,False
8m9Y3qJgcXo,유익하네요 한번 참고해볼께요,28,2025-10-31T08:33:50Z,0,False
8m9Y3qJgcXo,기준이 될 만한 조언이네요,28,2025-10-28T14:56:33Z,0,False
8m9Y3qJgcXo,좋은 말씀 해주셨어요 감사합니다❤,10,2025-10-31T06:14:54Z,0,False
8m9Y3qJgcXo,소중하고 귀한 영상 감사드립니다,26,2025-10-31T23:30:20Z,1,False
8m9Y3qJgcXo,"10%는 잘 모르겠고, 예측과 대응은 공감.",7,2025-11-01T09:20:19Z,0,False
8m9Y3qJgcXo,아...누가 저런말을 나 어렸을때 해줬어야하는데!!,20,2025-10-31T16:26:25Z,0,False
8m9Y3qJgcXo,정답입니다.잘 듣고 갑니다..,11,2025-10-31T21:53:03Z,0,False
8m9Y3qJgcXo,명심해야 할 핵심이라 봅니다..,16,2026-01-02T22:05:43Z,0,False
8m9Y3qJgcXo,"좋은주식 사놓고 
5년동안
아무것도
안본다~",37,2026-01-20T12:13:28Z,1,False
8m9Y3qJgcXo,너무 너무 많은 도움이 됨,5,2025-12-07T06:36:13Z,0,False
8m9Y3qJgcXo,확실한 명언 입니다.,57,2025-10-29T08:29:50Z,0,False
8m9Y3qJgcXo,대응반대로 하다가 쪽박차는게 개미 ㅋㅋ,6,2025-11-11T09:27:29Z,0,False
8m9Y3qJgcXo,"종목중에 지수와 맞는게 있고...안 맞는게 잇어요...
그거 보고 판단한다면 실패할 가능성 있습니다.",7,2025-10-31T13:03:13Z,0,False
8m9Y3qJgcXo,"wow ~~
대표님 
저도 노력해 보겠습니다.
감사합니다.",0,2026-06-06T12:54:19Z,0,False
8m9Y3qJgcXo,역시 명쾌하네요.,0,2026-02-08T08:46:46Z,0,False
8m9Y3qJgcXo,"오~~~
감사합니다.",0,2026-02-24T22:45:12Z,0,False
8m9Y3qJgcXo,주식의 명언!👍,0,2026-06-22T14:45:35Z,0,False
8m9Y3qJgcXo,아주 기본적인 얘기네요.,0,2026-05-31T13:11:27Z,0,False
8m9Y3qJgcXo,"예측과 대응은 현상이 발생했을 때 원인을  분석할 수 있을 때나 가능한 것임. 주식 가격은 왜 올랐는지 어디까지 갈건지, 어디까지 떨어질건지, 막상 과거로 돌아봐도 그 정확한 원인을 알 수 없음. 그래서 수많은 사람들이 돈을 넣지만, 따는 방법을 찾은 사람은 버핏 밖에 없음. 그 버핏 조차도 주식가격이 너무 싸서 안살 수가 없는 지점까지 기다리는 것이고 호황장에서는 남들 상승한다고 다 들어갈 때 나오는 거임. 이 말인즉슨 주식이란 결정의 영역이고, 수익률은 만족의 영역임.  주식의 본질을 모르면 평생을 존재하지도 않은 답을 찾아 떠둘게 될 걸",8,2025-11-02T16:28:17Z,1,True
8m9Y3qJgcXo,주식 베테랑의 명언,2,2026-06-27T09:26:28Z,0,False
8m9Y3qJgcXo,손절못해서 지금 다이소,6,2025-10-31T14:05:31Z,0,False
8m9Y3qJgcXo,그건 부도 난 회사잔아!!...그건 그전에 이미 알 수 있다,3,2025-10-27T15:09:28Z,0,False
8m9Y3qJgcXo,"초우량주 매수 후, 대응하지 않겠습니다.
쭉~ 우상향 가즈아😊",0,2026-02-12T11:06:50Z,0,False
8m9Y3qJgcXo,정답입니다,0,2026-03-07T02:11:13Z,0,False
8m9Y3qJgcXo,"맛는말씀,감사합니다",1,2026-01-16T07:06:30Z,0,False
8m9Y3qJgcXo,주식은 대응! 고집부리면 안됩니다.,0,2025-10-31T11:47:23Z,0,False
8m9Y3qJgcXo,"좀 어려운게...
코스피 30% 빠지는데 내 주식도 30% 빠지면 괜찮다고 들고 있어야 하나?
이미 실패한 투자인데...
그건 아닌거 같은데...",5,2025-10-29T12:57:27Z,0,True
8m9Y3qJgcXo,손절을 잘못배우면  계좌가  녹아 내림요////성투하세요,0,2026-05-16T06:10:01Z,0,False
8m9Y3qJgcXo,바...바이블...,3,2025-10-30T14:32:03Z,0,False
8m9Y3qJgcXo,예측이 아니라 기도 매매ㅋㅋ,4,2025-10-30T01:08:59Z,0,False
8m9Y3qJgcXo,내가 팔면 오른다.. 는 진리다 ㅋ,8,2025-11-07T23:06:15Z,2,False
8m9Y3qJgcXo,다짐했던 기억의 뇌가 언제 그랬어 라고 스스로를 속이고 있네요 습관이 무섭네여,9,2025-10-30T02:43:38Z,0,True
8m9Y3qJgcXo,"이번에 삼성 7% 떨어질때 팔았다가 같이 떨어진 sk 최고 떨어졌다가 다시 오를때 샀더니 이득봄!!
빠지면 빨리 팔고 오르면 기다린다!! 정답!!",1,2025-11-06T04:24:19Z,0,False
8m9Y3qJgcXo,모든 투자자들을 트레이더로 만드는건가?,1,2025-11-01T11:06:36Z,0,True
8m9Y3qJgcXo,"예측 딱 한번 해보고 국내 ETF 연금계좌 시작했는데
일단 선택 잘한듯
매달 일정금액 묻어두면 5년~10년뒤 나쁘진않겠지싶다",0,2026-01-16T02:31:52Z,0,False
8m9Y3qJgcXo,❤❤❤,1,2026-05-12T13:53:45Z,0,False
8m9Y3qJgcXo,"손절했는데 주가는 오르고, 올라서 못 사다가 포모 때문에 사면 떨어지니 또 손절했는데 주가는 오를 수 있음ㅋㅋ 투자 기법에 정답 없다. 나한테 맞는 방법을 찾는 게 맞아.",0,2026-07-26T08:48:45Z,0,False
8m9Y3qJgcXo,멎는말이긴한데 진짜 어렵습니다  평범한인간으로서,0,2026-04-29T10:01:54Z,0,False
8m9Y3qJgcXo,말로는 쉽지  해보세요,1,2025-11-17T21:30:00Z,0,False
8m9Y3qJgcXo,"10프로 떨어지고 충격에 ㅜㅜ 멍있다 다음날 더 떨어져서 지금 물려있어요 ㅜㅜ
막상 그 상황이되니까 못했어요 ㅜ",0,2025-11-15T06:33:52Z,0,False
8m9Y3qJgcXo,단타 교육시키네 ㅋㅋㅋ,3,2025-10-31T07:25:50Z,0,False
8m9Y3qJgcXo,기계적으로 그렇데 하다가는 거덜난다. 실전 연습을 통해 자신만의 기준을 만들어야함.,0,2026-09-27T16:56:33Z,0,False
8m9Y3qJgcXo,계속 변동하는데 무슨 .. 참 말이 쉽다,2,2025-11-01T11:11:12Z,0,False
8m9Y3qJgcXo,"에코프로50%빠졌는데
만냥 보운
지금 왔어요",2,2025-10-30T19:50:38Z,1,False
8m9Y3qJgcXo,12% 전에 손절해야지 5% 이상빠지면 타점이 잘못된거지,0,2025-11-11T14:46:35Z,0,False
8m9Y3qJgcXo,진짜 이 사람 계좌 한번 까줬으면 좋겠다,11,2025-10-28T20:15:41Z,1,False
8m9Y3qJgcXo,내돈으로만 하면 간 안떠어졌요 😂,0,2026-06-19T12:07:34Z,0,False
8m9Y3qJgcXo,팔면 평생 돈못번다,0,2025-10-28T10:14:39Z,0,False
8m9Y3qJgcXo,경험상 대형주 사놓고 안쳐다보면 어느새 10배는 올라있음,1,2026-05-10T12:17:58Z,0,False
8m9Y3qJgcXo,고수의 돈을 아마추어가  먹을려니 어려워~~~^^,0,2026-01-15T15:50:20Z,0,False
8m9Y3qJgcXo,그래서 전문가들은 다 벼락 부자 되었니..지금 시점에..말은 쉽지..,0,2026-01-18T07:39:24Z,0,False
8m9Y3qJgcXo,굿~❤,0,2026-01-15T06:40:20Z,0,False
8m9Y3qJgcXo,오늘 저래서 다팜,2,2025-11-07T17:22:19Z,1,False
8m9Y3qJgcXo,"이 주제는 주식의 베타계수를 설명하는게 맞죠? 주식투자에 정제된 투자론은 있지만, 그외 정설이란게 있나요? 저도 글로벌 뱅크 고위 임원출신에, 현재 주식 강사입니다.",0,2025-10-31T13:39:34Z,0,True
8m9Y3qJgcXo,그치...샤갈 사놓고 예측을 계속하니 되겠니....ㅜㅜ어떻게하면 대응할지가 중요했던건데,0,2026-10-01T04:40:26Z,0,True
8m9Y3qJgcXo,팔고 언제 사나?,0,2026-04-28T10:11:12Z,0,True
8m9Y3qJgcXo,내가 진작에 에코프로를 팔았어야 했는데 내일은 오르겠지 내일은 오르겠지 SB  3개월동안 빠지기만 하더라 결국 바닥 다가서 던지고 현대차로 주수 늘려 회복했네요.,0,2026-05-14T15:43:21Z,0,False
8m9Y3qJgcXo,2프로씩 매일 빠져서 그게 다 합쳐 10프로 넘으면요? 주린입니다. 알려주세요~~😅,1,2025-10-28T00:05:08Z,2,True
8m9Y3qJgcXo,꼭 그런건 아님니다.개미는 처음부터 팔주식은 사면 안됨.아무리 빠져도 덜고갈수있는 주식을 사야됨.,0,2025-12-08T14:14:49Z,0,False
8m9Y3qJgcXo,주식시장은 신도 모른다.,9,2025-10-31T02:31:55Z,0,False
8m9Y3qJgcXo,이게맞다,0,2026-07-29T14:50:59Z,0,False
8m9Y3qJgcXo,삼전 팔았는데 계속 오르면 10% 빠질 때 다시 사야한다. 지난 6월8일이 그랬음.,0,2026-06-19T12:45:03Z,0,False
8m9Y3qJgcXo,왜 이제 알려줘요!ㅜㅠ,2,2025-10-31T01:06:53Z,0,True
8m9Y3qJgcXo,"34%하락인데 어쩌냐고요.ㅠ
전기차ㅠ",1,2026-01-31T11:03:43Z,0,False
8m9Y3qJgcXo,내 제주항공과 티웨이 손절 쳐야하나..... ㅠㅠ,0,2026-01-09T13:00:35Z,0,False
8m9Y3qJgcXo,"어제 방송 했어야 하고, 오늘 주식장 열리기ㅜ전에 방송 했어야 한다 ㅠㅠ
긴급방송이라도 해야 했다",0,2026-03-03T13:07:34Z,0,False
8m9Y3qJgcXo,"아니라고 회사를 분석하라고 
펀더멘털이 좋고 개발하고 발전하는 회사는 존버하는 거라고 월급타면 꾸준히 사고 비싸면 좀 쉬고",1,2025-12-09T22:06:11Z,0,False
8m9Y3qJgcXo,"대응을 어떻게
이게 어려워요~",0,2025-11-08T23:44:46Z,0,True
8m9Y3qJgcXo,😅,0,2025-11-11T04:03:41Z,1,False
8m9Y3qJgcXo,"10%를 손절선으로..........
안돼 아니야   즉시야 그 만큼 개발되었다구
종합주가 꼭지가 오른쪽 어깨가 났아졌어 이 이야기는 현재의 꼭지 4,150%를 못넘는다는 말이야 참고해라구. 그러나 미국 다우는 오른쪽 어깨가 높아 다우는 꼭지를 넘어갈수도 있을 만큼 상승 여력이 있다는 말이야. 혹시나 다우 덕을 볼까?",0,2025-11-18T14:54:36Z,0,True
8m9Y3qJgcXo,웃고 갑니다. ㅋㅋㅋㅋ,0,2026-06-05T15:38:33Z,0,False
8m9Y3qJgcXo,지수대비가 정략론이쥐^^; 암!,0,2026-01-19T12:45:22Z,0,False
8m9Y3qJgcXo,지수를모루잖아요,0,2026-05-12T12:08:53Z,0,False
8m9Y3qJgcXo,전문가라고 하는사람 말 믿지 말아야..,0,2025-11-01T05:50:20Z,0,False
8m9Y3qJgcXo,걍 차트에 답 나와있다 ㅋㅋ,0,2026-01-06T14:10:54Z,0,False
8m9Y3qJgcXo,한화 시스템 플러스120% 수익보다 플러스 105%로 떨어져서 매도 했는데 과연 이게 잘한짓인지? 월요일 보면 알듯,0,2026-02-07T13:44:42Z,0,True
8m9Y3qJgcXo,어설픈 무당이 사람 잡음. 이건 아닌데...... 시장의 움직임은 오묘해요. 얼마나 다양ㆍ변화무쌍한    경우가 많은데,0,2025-11-15T21:13:10Z,0,False
8m9Y3qJgcXo,대응을잘해야하는건맞는데 국장은...,7,2025-10-30T09:56:23Z,0,False
8m9Y3qJgcXo,😢,0,2026-02-14T15:58:44Z,0,False
8m9Y3qJgcXo,조은주식사서 까먹는거,0,2026-01-18T14:20:08Z,0,False
8m9Y3qJgcXo,"이분늘말 걸러들으시고 
대형주는 분할해가면서 버티면 
다 빠져나옵니다",0,2025-12-05T09:05:43Z,0,False
8m9Y3qJgcXo,이영상 때문에 지수 20%빠지는데도 같이 빠진다고 안팔고 들고 있던 사람들 개망함...에라이~,0,2026-03-09T14:10:17Z,0,False
8m9Y3qJgcXo,근데 그런룰을 모두다 따르면 회사들 다망할텐데. 10프로 빠지면 다들 팔고 바로 폭망아닌가? 남들 팔때 사는 사람도 있어야 기업이 안망하지,0,2025-11-06T09:28:50Z,0,True
8m9Y3qJgcXo,"이런거보고 손절하면
털고 날아가더라 ㅋ
주식은 자기 소신껏해라",2,2025-11-06T13:24:19Z,0,False
8m9Y3qJgcXo,"공감 ❤
L? 매도 타이밍  망함😢😢😢😢😢😢😢😢",0,2026-06-04T09:23:51Z,0,True
8m9Y3qJgcXo,"미장은 40%~50%도 몇개월만에 회복하고 그이상 오르는게 흔합니다. 고작10% 빠졌다고 팔면 절대 수익없음..ㅋㅋ
아..국장은 희망이없으니 10%빠지면 손절이답",0,2025-11-01T23:11:32Z,0,False
8m9Y3qJgcXo,"이또한 사팔사팔 하루살이 투기꾼들 매매일뿐입니다.
5년뒤 십년뒤 해당기업의 미래가 그려지지 않으면
투자하지 않는게 원칙입니다
그래서 버핏옹이 
십년보유할 자신이 없는주식은 하루도 보유하지마라 얘기하는 거.
즉 자신이 아는기업에만 투자하란 얘기입니다.
자신있게 아는기업이 하나도 없으면서 개별종목에 투자를 하는건 투자가 아니고 도박입니다. 그런분들은 그냥
코스피200지수 etf를 분할로 사사 인플레이션을 헷징하는 정도로 만족하세요",1,2025-11-02T15:25:31Z,0,False
8m9Y3qJgcXo,아....진짜 이분 계좌한번 보고싶다.....,7,2025-10-30T12:24:37Z,1,False
8m9Y3qJgcXo,10프로 떨어져서 손절했는데 다음날 상치더라,0,2026-06-22T19:46:15Z,0,False
8m9Y3qJgcXo,할수록 어렵고 무서워.…,0,2025-12-07T06:35:24Z,0,False
8m9Y3qJgcXo,현대차가 10프로 빠져서마이너스 900만인데 팔아야 하나요????이건 아니잖아,0,2026-01-24T11:20:22Z,0,True
8m9Y3qJgcXo,"어느주식이냐가 문제지 삼성껀데 10%빠졌는데 빠지냐 
그럼 50만원 떨었졌을때 다 털고 나왔겠다
우량주냐 불량주냐 그게 문제지",0,2026-02-13T12:13:28Z,0,False
8m9Y3qJgcXo,광수가 하는 애기중에 처음으로 맞는말,0,2026-09-19T13:34:59Z,0,False
8m9Y3qJgcXo,10%빠져서 팔면 곧장 20%가 오르는게 개미투자법이다🤣🤣🤣,0,2026-05-14T19:57:57Z,0,False
8m9Y3qJgcXo,ㅋㅋㅋㅋㅋㅋ야 말해봐 트럼프가 멀할지 예측해봐 ㅋㅋㅋㅋㅋㅋ,3,2025-10-30T05:46:33Z,1,False
8m9Y3qJgcXo,이분 전문가 맞나요? 미국주식 빅테크도 10프로 이상 빠지는거 허다한데 그때마다 팔면 주식 손절만 하다 끝남 ㅡㅡ,11,2025-11-01T10:01:47Z,0,True
8m9Y3qJgcXo,뭐라는건지..,0,2026-02-12T11:35:11Z,0,False
e3EY2JJMgDw,수익률이 중요하게 아니라.. 주식수가 중요한 것 같습니다....,8,2026-09-23T23:22:51Z,0,False
e3EY2JJMgDw,쌀 때도 사고 비쌀 때도 사고 해야 하는데 기계적으로 사는 거 정말 쉽지 않아요. 꾸준함이 성공의 비결!!! Keep.Going!!! 꾸준하게 늘려가겠습니다!!!,14,2026-09-17T10:50:15Z,0,False
e3EY2JJMgDw,지난주 이번주 여기에 투자하라 저기에 투자하라 난리인데 또 시간에 투자하라는 말씀! 다시한번 되새기며 갑니다,15,2026-09-12T09:38:25Z,0,False
e3EY2JJMgDw,"강의 내용들을 너무나도 잘알고 있지만, 외벌이다보니까 적립식 투자를하기가 만만치가 않네요.. 너무나도 잘듣고 있습니다 매번 감사합니다!",22,2026-09-14T06:51:21Z,0,False
e3EY2JJMgDw,존리샘 말씀에 공감하고 2011년 주식 입문😊,31,2026-09-12T06:11:54Z,0,False
e3EY2JJMgDw,감사 감사드립니다 ❤❤❤,2,2026-09-17T06:43:52Z,0,False
e3EY2JJMgDw,항상 감사합니다,21,2026-09-12T08:49:43Z,0,False
e3EY2JJMgDw,나 60인데ㅜ이 강의를 20 년전에 들었더라면...,4,2026-09-24T19:48:21Z,0,False
e3EY2JJMgDw,진작 알았으면 일하 느라 모르고 이제 늦게 알아 후회하고 얼마전 부터 존리선생님 설멍 듣고 지금투자 해봅 니다 영상 감사합니다,25,2026-09-12T06:47:32Z,0,False
e3EY2JJMgDw,"전 65세 이제 시작했습니다.대표님 말씀듣고 예금에서 여윳돈 일부만 미장과 국장ETF에 나눠투자하고 있습니다.
시시각각 변하는게 재밌내요.10년생각하고 투자하니까  변동성에 후달리지 않고 마음이 편합니다.주식에 눈을 뜨게 해준 대표님 감사드려요.",25,2026-09-15T22:52:53Z,0,False
e3EY2JJMgDw,오 ᆢ 오늘 강의 너무좋아요 이해가 쏙~~됬어요 ㅎㅎ❤감사드려요 라이브도 계속계속해주세요 재방도 열심히듣고 공부중이에용,20,2026-09-12T05:33:16Z,0,False
e3EY2JJMgDw,도움되는 영상 감사합니다^^,7,2026-09-12T01:07:45Z,0,False
e3EY2JJMgDw,주식 떨어질떼 불안해서 못사는 사람들은 배당을 받아서 배당재투자 하는것 강추합니다.,23,2026-09-12T18:56:53Z,0,False
e3EY2JJMgDw,때마다 꼭 필요한 말씀 주셔서 경청합니다 고맙습니다 ❤🎉❤🎉,14,2026-09-12T10:33:54Z,0,False
e3EY2JJMgDw,커버드콜 괜찮은 것 찾아서 하시는게 나을 듯 하네요,3,2026-09-17T01:15:23Z,0,False
e3EY2JJMgDw,감사합니다😂😂😂,7,2026-09-12T03:21:28Z,0,False
e3EY2JJMgDw,"여기까지 
오기가 힘들었어요❤",0,2026-09-18T10:28:11Z,0,False
e3EY2JJMgDw,저도 좀 늦은 나이지만 지수ETF 배당 ETF 하고 있습니다!  꾸준하게 모아가겠습니다!,13,2026-09-12T08:28:37Z,0,False
e3EY2JJMgDw,"존리 대표님 강의 들으며 덕분에 연금 계좌를 개설하고 조금씩 모아가고 있습니다.
올해 59세 여성인데요.
강의 듣다보니
이제 점점 주식 비중을 줄이고 채권
비중을 늘려야한다고 하셨는데요,
채권을 좀 더 다뤄주시면 큰 도움이 될 것 같습니다.
금융 문맹을 일깨워주신 대표님께 진심으로 감사드립니다 ♡",5,2026-09-16T02:07:56Z,1,False
e3EY2JJMgDw,"예전엔. 리딩방. 대표님 인줄알았는데...
요즘 선생님 말씀  꼭. 새겨
듣습니다..",17,2026-09-12T07:08:13Z,0,False
e3EY2JJMgDw,"인출도기간에따라세율이달라진다고합니다.
전아직시간이되서월만원씩인출해서시간을채우고나이가더들면그때금액을높여서인출하려고합니다",3,2026-09-12T09:54:52Z,0,False
e3EY2JJMgDw,"존리대표님 말씀들으니 너무나 공감하는데 이렇게 무정한 세월은 75세를 넘어가고 있으니
어떻게 하나요!ㅠ",0,2026-09-15T20:04:51Z,0,True
e3EY2JJMgDw,"질문이 실질적이라서
좋아요😊",24,2026-09-12T02:45:37Z,0,False
e3EY2JJMgDw,온리 존리대표님뿐!😊😊😊,2,2026-09-12T23:01:11Z,0,False
e3EY2JJMgDw,좋아요,0,2026-09-19T03:30:55Z,0,False
e3EY2JJMgDw,60대후반.  퇴직연금엔 주식 이티 채권. 혼합. 이티 개인계좌엔 이티 주식.  중장기로.   아직 배당주만 없음,1,2026-09-12T05:20:59Z,0,False
e3EY2JJMgDw,"죤리샘님은 7년전도 지금도 같은 말씀 하세요
이제 1년 넘께 투자 시작했지만  말씀의 깊이를 알아가고 있습니다 👍👍❤🎉❤",31,2026-09-12T02:56:51Z,0,False
e3EY2JJMgDw,"리츠eTF추천 부탁드립니다
채권etf도 추천 해주세요",2,2026-09-26T04:03:17Z,0,True
e3EY2JJMgDw,존리형 말들었야 되는데 후회되네 환갑넘었는디 어찌 할지  그냥배당주 투자,7,2026-09-15T06:33:58Z,0,False
e3EY2JJMgDw,저는  삼성생명  4ㆍ13프로 십년 일억 2차전지 주식쪼끔 ㅡ3천5백 현금 일억5천 나머지는다부동산  3년뒤 부동산 일부 현금화할까해요,3,2026-09-14T06:28:46Z,0,False
e3EY2JJMgDw,60대인데 채권투자는 장외채권을 사는게 좋은지 채권 ETF사는게 더 좋은지요?,0,2026-09-19T01:18:20Z,0,True
e3EY2JJMgDw,70되어 투자 10윌이면 2년 미국 우량주 조금씩 모아 지금 세계 뉴스가 안 즣지만  마이너스는 아님 재미 있어요,12,2026-09-12T05:11:42Z,0,False
e3EY2JJMgDw,60이면 아직도 한창임 뭔 벌써부터 고민이심,2,2026-09-14T03:46:09Z,0,False
e3EY2JJMgDw,"뭐라고 딱딱짚어주심좋죠
막연히 etf에 넣어라하면 초보는 모름
그냥 은행에 넣어두는게 실속",1,2026-09-29T22:47:41Z,0,False
e3EY2JJMgDw,은  투자는 어떨까요?,0,2026-09-17T11:11:47Z,0,True
e3EY2JJMgDw,왔다 내 회초리,12,2026-09-12T09:47:28Z,1,False
e3EY2JJMgDw,여유자금 아닌데 불안합니다,1,2026-09-30T01:04:50Z,0,False
e3EY2JJMgDw,저는 60대거든요 2026년 입문 월 300백만원 하고있습니다,0,2026-09-23T05:01:57Z,0,False
e3EY2JJMgDw,연금저축펀드 s&p500!!!! 3년차지만 아주아주아주 행복합니다 선생님 정말 감사합니다 ❤,20,2026-09-12T04:14:42Z,2,False
e3EY2JJMgDw,"전문가 말들을 필요없다. 여러분들이 전문가예요. 정말 10,000퍼센트 옳으신 말씀입니다.",9,2026-09-12T02:27:06Z,1,False
e3EY2JJMgDw,"분할매도 분할매수시
분할매도 할때 나중에산게 먼저팔리나요 먼저산게 먼저 팔리나요 증권사. 화면은 평단가로 해서 손해로 표시되서 되게 헷갈리구. 증권사에 전화해봐도 평단가로 팔라구 하지 확실한 답이 안되네요 
그리고 제가 분할매수한 총금액이 제가 계산한거보다  150만원정도 적게 나와서 평단가로 안팔아서 그런거 싶어서요
넘 궁금해요 아시는분 알려주세요
저는 삼성증권에서 하고 있어요",1,2026-09-18T02:38:41Z,1,True
e3EY2JJMgDw,지금 부터 연저펀에 20민원씩 해도 30년 후면 3억임,0,2026-10-04T09:11:35Z,0,False
e3EY2JJMgDw,존경합니다   존리 대통령 보다 멋진분입니다,0,2026-09-15T06:19:42Z,0,False
e3EY2JJMgDw,금리가 이렇게 높은데 채권 etf가 맞는 투자인가요?,4,2026-09-12T07:30:02Z,1,True
e3EY2JJMgDw,"20,30대는 투자기간에서 압도적으로 유리해서 사실상 언제 들어가도 10~20년 투자할 수 있으니 원금 손실 볼 확률이 거의 없다만, 
60을 가까이 바라보시거나 그 이상 이신분들은 수익이 나더라도 욕심내지 말고 그냥 소소하게 자산의 20% 정도로만 유지하시고 용돈 벌이 정도로만 하셔요.. 
늦바람 나서 노후준비 주식으로 하겠다고 투자금 무리하게 넣으면 뇌동매매 하게 되어 위험하고, 현실적으로는 자산을 지킬 때이지 증식시킬 때가 아님을 명심하시는 게 중요하실 듯.
etf는 확정 수익률이 아니라 기대 수익률임을 늘 말씀해주시는 것이 중요한 포인트가 될 것 같습니다.",18,2026-09-12T04:47:09Z,0,True
e3EY2JJMgDw,맨날 뭐 큰일났데,1,2026-09-12T02:01:21Z,0,False
e3EY2JJMgDw,존리 선생님 덕분에 여유자금 12억 달성했습니다 20억되면 은퇴하고 하고싶은 스마트팜 하려고합니다,126,2026-09-12T05:48:56Z,16,False
e3EY2JJMgDw,아파트올라간것보면 언제주식해집사나 부정적시각입니다   주식이 아파트인상따라갈수있을까요,0,2026-10-08T23:06:08Z,0,True
e3EY2JJMgDw,#  # 😊#  ?,0,2026-09-12T22:49:52Z,0,True
e3EY2JJMgDw,"존리 대표님..
기회대면 채권에 대해 좀더 알고 싶네요",2,2026-09-15T11:36:24Z,0,False
e3EY2JJMgDw,하루에 2만원인데 ㅋㅋ 이정도소수점은 의미 있지 않나요 연저 50 ISA 100 미국직투 100 이외에 하루 이만원씩 투잔데 ㅋㅋ 이정도면 의미있지 않나요 존리님,0,2026-09-26T06:43:16Z,0,True
e3EY2JJMgDw,존리가 하는 말중에 건질거 거의 없는데 “주식에 전문가는 없다 ” 이건 진짜 맞는 말임 그 누구의 말도 들을게 없음,2,2026-09-14T17:56:06Z,1,False
e3EY2JJMgDw,Iqq도 지수etf 맞는거죠? 저도 50대라  아리가리할때가 많네요.,1,2026-09-13T05:23:47Z,0,True
e3EY2JJMgDw,"곧 조정장이 올것 같은데 22년도처럼존리대표님   욕많이 하겠어요! 
하지만 꾸준히모으다보면 23년처럼 날아갑니다! 
존리대표님 감사합니다.",2,2026-09-13T11:03:56Z,2,False
e3EY2JJMgDw,꼭지인가요?,2,2026-09-12T06:05:41Z,0,True
e3EY2JJMgDw,"저는 60대인데요.
ISA계좌에  지수ETF
미국배당다우존스ETF
맥쿼리인프라
코리아금융배당  하고있는  계속모아가도  될지요?",12,2026-09-12T12:54:41Z,0,True
e3EY2JJMgDw,ETF.  너무 많아요. 고르지를 못하겠어요,1,2026-09-17T12:14:19Z,0,False
e3EY2JJMgDw,60세가 어르신이냐? ㅋㅋ 나 어르신 ㅠㅠ,8,2026-09-12T03:12:36Z,0,True
e3EY2JJMgDw,"70대입니다 코덱스200 타켓 위클리 커버드콜 
관리비 보탬이 되고자 꾸준이 모으는중 입니다 겐찬을까요?",17,2026-09-12T16:33:09Z,0,True
e3EY2JJMgDw,배당 어설프게 받으면 세금과 의료보험이 올라갑니다 여유롭게 주식 단타 하세요 한달에 300만원만 번다고 생각하면 됩니다 유의할점은 욕심은 금물이예요,2,2026-09-13T23:06:07Z,0,False
e3EY2JJMgDw,이제 주식을 좀 알고 신랑 irp계좌를 보니 국내은행tdf에 해놓고 있더라구요 본인도 그냥 잘몰라서 그냥했다고 근데 이건 수수료도 높기도 하던데 그리고 매도신청함 일주일걸리고 그렇더라구요 이걸 매도하고 주식 채권etf로 바꾸는게 좋을까요 나이는 51세입니다,2,2026-09-12T10:01:51Z,2,False
e3EY2JJMgDw,저 쓰레기 또 사기친다.. 저런 말은 여유돈 20억 있을 때 하는 소리야 1억도 없는 사람에게는 망하라는 소리야..,0,2026-10-03T00:12:30Z,0,False
e3EY2JJMgDw,어떤 종목을사야 노후자금을 마련 할수있을까요   손실이 커서 우울하네요,2,2026-09-18T00:50:23Z,0,True
e3EY2JJMgDw,"채권 etf는 금리 오르면 마이너스 됩니다. 특히 장기채권etf가 더 그렇습니다. 반대로 매수하고 나서 금리 내리면 플러스 이익이 됩니다
장기채권etf는 무조건 안전하다고 보기는 어렵습니다. 사야 한다면 금리 높을때 사는게 유리합니다  그런데 거기서 금리가 더 높아 지면 마이너스 됩니다",13,2026-09-13T09:40:10Z,3,False
e3EY2JJMgDw,존리대표님  항상훌륭한금융교육    너무  잘듣고있습니다   삼전오래전부터조금씩 모아온것이    효자가됬습니다   열심히   강의듣고있섰요  부자학교   가고싶은데   위치알려주실수있나요,0,2026-09-20T02:57:42Z,2,True
e3EY2JJMgDw,미국 60대초반 아재에요.VOO 하고 VGT에 넣고 있고요.몇년뒤 부터는 Annunity애도 돈이 나오게 돼 있어요.,0,2026-09-14T05:24:06Z,0,False
e3EY2JJMgDw,당장 현금 흐름이 필요하면 나스닥이나 S&P500 커버드콜 하는거도 괜찮습니다.,1,2026-09-19T10:37:47Z,0,False
e3EY2JJMgDw,"23세 대학생 제가 주는 용돈으로 KODEX S&P500 
 KODEX100 
다우존스 배당주 3가지 조금씩 정기매수중 인데 가지수을 줄여야 될까요~?",6,2026-09-12T04:49:06Z,1,True
e3EY2JJMgDw,"태클 거는 건 아니고,,,

삼양이랑 농심 라면은 있는데,
롯데도 라면을 만드나요..?",0,2026-09-12T16:04:47Z,1,True
e3EY2JJMgDw,"올해 코스피200상승률 70%,, 삼성전자 상승률 115%  그럼  뭘 투자해야할까요.",7,2026-09-12T06:40:35Z,2,False
e3EY2JJMgDw,60대라는 데 10년 20년을 말하면 현실성이 없지.,4,2026-09-15T03:42:37Z,0,False
e3EY2JJMgDw,왔다 초지일관!,0,2026-09-13T01:37:49Z,0,False
e3EY2JJMgDw,"존리샘의 가장 좋은점은
나도 할수 있다는 생각을 하게하고 실행하게 용기를 준다는 점이에요

저는 몇년전에 시작할때
커피값 줄여서 2만원부터
시작한 일이에요

자존감을 가지고 뚝심있게 라이프스타일을
바꾸고 소비를 바꾸게되고
작은돈으로도 시작한 점이. 무척이나 다행이다
싶습니다

지나고 보니 너무도 정직하게 원리대로 똑같은 말씀을 해주셔서
너무도 감사합니다

작은시작이었지만 노후 준비를 하고 있어요

거듭 감사드립니다
존리선생님~~~!!!",1,2026-09-27T12:53:08Z,0,False
e3EY2JJMgDw,대신 잘골라야함.  10년이상 존버되는 주식은 30%도 안됨,13,2026-09-12T00:19:30Z,10,False
e3EY2JJMgDw,"50대초반인데 직장도 안정적인게없고 벌어논 돈도없고 알바하면서 얼마전 ETF에 투자시작했습니다 
저는 지금부터 채권을 사야할까요?",10,2026-09-12T02:06:15Z,4,True
e3EY2JJMgDw,"보통 채권ETF는 만기 원금 보장 안되고, 이자도 안나오는거 아닌가요?",2,2026-09-14T22:46:44Z,1,True
e3EY2JJMgDw,개인적으로 연금저축펀드보다는 개인적으로 연금저축에 그냥 투자하였으묜 합니다..수수료 안내고 내가 하세요😊😊,1,2026-09-14T04:11:36Z,0,False
e3EY2JJMgDw,"20분동안 들을게 역시 하나도 없네.
역시",1,2026-09-20T09:59:44Z,0,False
e3EY2JJMgDw,"뭔소린지 모르겠어요. 여유자금으로 투자라니..노후에 소득이 필요할때 예전처럼 부동산이 안되고 금융자산을 쌓아가라고 하는데
질문자님 질문에 맞지않는 답변같네요",5,2026-09-12T02:54:28Z,0,False
e3EY2JJMgDw,채권은 오데서사요?,0,2026-09-14T01:10:18Z,0,True
e3EY2JJMgDw,졸리형 고마워요 아파트 샀어요^^,0,2026-09-18T21:05:05Z,0,False
e3EY2JJMgDw,"QQQ
QLD
이것만 하자",1,2026-09-15T12:25:47Z,0,False
e3EY2JJMgDw,다 좋은데 질문자의 질문을 끝까지 듣고 말씀하시면 좋을듯하네요... 시청자로써 보기가 살짝 그러네요,4,2026-09-12T03:37:40Z,2,False
e3EY2JJMgDw,주식은 안하는게 돈 버는거임요 😂,1,2026-09-22T19:36:03Z,1,False
e3EY2JJMgDw,존리대표.:sk텔레콤 투자수익 말고는 적자 수익률. 계좌인증불가. 워렌버핏. 피터 .멍거 .유명한사람들계좌는확인되도 이분계좌는확인이안됨. 그렇다고,2,2026-09-22T08:08:13Z,0,False
e3EY2JJMgDw,"국내주식 EtF 는 10년 투자후
세금없이 일괄 매도 할수있는데
세금문제도 없고

국내증권에서 미국ETF 일반계좌 장기 수익나면
세금 문제가 있어요
매도때 세금15,4% 공제해도
수익2천 넘어가면 종합소득세 해당되고 또 세금 내야되고
의료보험 할증 되고
의료보험 피부양자 탈락되고
년수익 2천 넘었면 세금으로
다 나갑니다
미국EtF 는 2~30~40대 연금으로 해야된다는 생각임
본인는 3억수익나도 매도 못했었요
나누어서 매도를 해야됩니다",6,2026-09-12T04:13:28Z,2,False
e3EY2JJMgDw,60세인데 앞으로 40년을 더 살아야 한다는 것이 마치 확정되어 있는 거 처럼 말을 하고 지금이라도 주식을 해야 한다고 하는데  누구맘대로 100세 까지 사냐.,0,2026-09-20T15:58:24Z,0,False
e3EY2JJMgDw,ETF? 국채 회사채 장기 단기 주식형ETF 채권형ETF,0,2026-09-24T06:28:21Z,0,True
e3EY2JJMgDw,"주식으로 돈번늠 있나?
작작해라",1,2026-09-14T00:28:18Z,0,True
e3EY2JJMgDw,"우리 집안 어른들 미국에 계시는데. 다 주식 100%. 물론 지수지만 배당 연금이 차고 넘쳐 주체를 못하심 ㅎㅎ

주식이 문제가 아니라 시간이 문제임",0,2026-09-23T02:46:11Z,0,False
e3EY2JJMgDw,주식 강세론자는 힘들어 질것이다 지금은  약세장,4,2026-09-12T00:30:10Z,4,False
s-ybdHYKfpU,Ai가 참 잘 만들어냅니다,10,2025-10-31T13:33:59Z,0,False
s-ybdHYKfpU,"배울점이 많아 영상을 다시한번 메모해가며 시청했습니다
앞으로도 건강한삶을 살아가시길 기원합니다 
좋은영상 만들어주셔서 감사합니다",13,2025-10-31T03:53:59Z,0,False
s-ybdHYKfpU,"같은연령대인데부럽네요
존경합니다
맘은굴뚝같은데할줄몰라요",9,2025-10-30T05:21:54Z,0,False
s-ybdHYKfpU,장기투자가 정답이죠,9,2025-11-01T00:51:54Z,0,False
s-ybdHYKfpU,와  공감합니다  저의마음을  답해주시네요 주인공 만큼은 아니지만 감사합니다  더많이 배울게요 ❤❤❤,8,2025-10-31T02:56:14Z,0,False
s-ybdHYKfpU,"한편의 인생 드라마네요! 모두 바라는 경제적인 자유를 언제 이룰 수 있을까요? 성공도 거저 주어지는게 아니라는 것을 또 한번 보네요.
가진다면 선한 영항력을 나누고  싶지만 그런 날이 올까요 ? 감사합니다 ~~",1,2026-07-18T07:21:36Z,0,True
s-ybdHYKfpU,소설같지만 배울점이 많군요,7,2025-10-30T18:45:55Z,0,False
s-ybdHYKfpU,"대단하시네요~~
부럽습니다
존경합니다 선생닝ㅅ",2,2026-05-19T11:58:46Z,0,False
s-ybdHYKfpU,초보들의 기본상식 잘배워야 하겠습니다 잘배우고 갑니다  부산,3,2025-11-01T13:36:03Z,0,False
s-ybdHYKfpU,부럽네요 끝까지 지켜나간다는게 쉬운게 아니더라고요,0,2026-08-04T04:35:26Z,0,False
s-ybdHYKfpU,저도 하고싶네요ㅡ도와주세요ㅡ♡♡♡,1,2026-06-18T06:35:12Z,0,False
s-ybdHYKfpU,"소설이지만, 배울건 있네요.ㅎ",3,2025-11-10T10:06:26Z,0,False
s-ybdHYKfpU,좋은영상 감사합니다,0,2026-07-20T06:46:59Z,0,False
s-ybdHYKfpU,"저는 진심인걸 느꼈습니다.
저도 65세 중년의 여자  입니다.위기가 오니까, 뭘 해야  나의 노후를  책임질 수 있을까 생각해 보니  주식이 눈에 들어 오더라고요.
만인이 삼성전자 하길래.전 아무것도 모른채 삼성전자우, 삼성전자  두 종목으로   2021년 3월에  시작 했어요.
허드렛일 하면서 월급 탈때마다  증권회사에 전화 해서  매수를 했답니다.
그동안 오르고 내리기를 여섯 일곱번을  한 거 같아요 마이너스20%가  될때도 계속 매수 하면서.
마음속으로 이건 플러스 2만원이야  .내릴때  사야지~언제 사? 이러면서 내 마음을 달랬어요.
4년7개월쯤  되었네요.
갑자기 삼성전자가 오르기 시작 하니까 주변에서 전화가  옵니다.참고 온 세월이 희망을 주네요. 지금은 매수를  멈추었지만. 계속 가져 갈 겁니다.
정말로  저의 맘을  대변해 주는  작가님의 글이  진실로 다가 옵니다.
뒤의  큰 금액은 좀 과장 될지라도😮",21,2025-11-01T00:07:21Z,0,True
s-ybdHYKfpU,"주린이들이 꼭 듣고 배워야 하는 투자자의 자세를 쉽게 알려주셨네요
저도 열심히 기록하며 배우고 갑니다
고맙습니다😂😂😂",1,2025-11-01T08:18:24Z,0,True
s-ybdHYKfpU,좋아요❤,2,2025-11-06T03:23:09Z,0,False
s-ybdHYKfpU,백억원?  들어보자.,4,2025-10-30T13:58:34Z,0,True
s-ybdHYKfpU,프로인데요,0,2026-07-05T03:38:21Z,0,False
s-ybdHYKfpU,구독합니다,0,2025-11-01T13:44:26Z,0,False
s-ybdHYKfpU,🎉🎉🎉,1,2025-10-30T09:34:19Z,0,False
s-ybdHYKfpU,멋진니다. 가분좋네요.,0,2025-11-10T09:59:20Z,0,False
s-ybdHYKfpU,비슷비슷하네요,0,2026-06-03T11:32:23Z,0,False
s-ybdHYKfpU,"와아 기부까지 하셨네요
정말 존경합니다
나눔의실천이 참 아름답습니다
감사합니다",5,2025-10-31T01:53:02Z,0,False
s-ybdHYKfpU,"선생님 
정말 대단하십니다 
저도 지금 65세인데 영상보고 도전해볼 용기를 내었습니다
감사합니다",0,2025-10-31T01:49:36Z,1,False
s-ybdHYKfpU,남편말에 항상 부정으로 답변,0,2026-03-06T17:33:23Z,0,False
s-ybdHYKfpU,실화아닌 소설이확실한데도 실화같음😅,0,2025-12-06T15:37:27Z,0,False
s-ybdHYKfpU,"이것은 실화가 아닌 소설입니다
주식을 해보지 않은 공상  소설 입니다
두번이나 잃어서 천만원 단위로 돈이 줄었는데 어떻게 그 짧은 시간에 100 억을 만들었을까요
나머지 3년 동안에
레버리지도 쓰지 않고ᆢ
급등주 단타로 성공한것도 아니고 
정석으로 단시간에 그렇게 될 수가 없어요",18,2025-10-31T11:11:32Z,1,True
s-ybdHYKfpU,"방송잘들었읍니다
저는주식을한번도안해봐서
저한테조언좀부탁드려오~~~",0,2026-06-28T11:07:11Z,0,False
s-ybdHYKfpU,찾으면 힘듬니다  주도주   사서  강기다려요  하이닉스  액면분할해서  소각 한답니다,0,2026-08-15T00:50:56Z,0,False
s-ybdHYKfpU,"반은 인위적인 이야기라해도
배울점이 분명있네요
감사합니다",3,2025-11-05T07:22:00Z,0,False
s-ybdHYKfpU,63세  여  주식 공부  9년차입니다  생활비  제가벌어사는데 남편과  부부싸움도 없지요^^  남편제조업 35년차로  돈을 못벌어요ㅠㅠㅠ  그래서 제가  투자합니다~~~,15,2025-11-06T00:59:54Z,1,False
s-ybdHYKfpU,평생해도  어려운게 주식인데ᆢ주위에 돈번사람  없던데  자살한 사람은 있는데 주방이모아들  것도 신혼 3개월차에 ᆢ10년전ᆢ,0,2026-05-16T06:26:04Z,0,False
s-ybdHYKfpU,주식  초보라 배움 받고 싶어요,0,2026-07-05T00:13:55Z,0,False
s-ybdHYKfpU,ㅋㅋㅋ 이 정도의 내공이라면 상위 1%로입니다 이 영상의 마인드? 지식? 이라면 100억 그 이상도 가능합니다 그러나 이런 마인드는 경험.지식.멘탈이 있어야 가능한데.. 경험은 계좌 깡통 차보고 지식은 수 없이 많은 책을 봐야하며 멘탈은 계좌의 돈이 돈으로 보이지 않아야 가능한 경지입니다,1,2025-11-03T12:18:12Z,0,True
s-ybdHYKfpU,주식은 도박장 ~ 인생을 95%망하게 만드는 시궁창이요,0,2026-07-08T05:36:20Z,0,False
s-ybdHYKfpU,만든 가짜 같은데,3,2025-10-30T14:20:50Z,0,False
s-ybdHYKfpU,"지긋지긋하다...
그만들 좀 떠들자...",4,2025-10-30T17:50:52Z,0,False
s-ybdHYKfpU,"아니 몇십억 모았는데 남편 택시기사를 계속 시키다니요?  몸이 힘들어 못하겠다고 할때까지 시키다니...너무하네요 😅
그 부분에서 지어낸 이야기인걸로...",0,2025-11-02T13:31:06Z,0,True
s-ybdHYKfpU,저는모르고돈이좀금있가지고은행에가니까여직원이남편용돈좀주라고했어200백을주어떠니저가아플때네하고주어는데일년지나가모르고은행 에가더니2천이 올라군요계속하니까일년동안계속오르것만보바가갑작이똑떨어지더니지금은안전하게배우면서살아요 ❤❤❤,0,2026-08-23T10:15:27Z,0,False
s-ybdHYKfpU,저는   40 년 주식했는대   현대전자  8 천원하이닉스가40 년전현대전자주식은  주도주사서  그양가지고  가면대요,0,2026-08-15T00:47:21Z,0,False
s-ybdHYKfpU,저는초보자 70중반인데 그렇게 원칙을 세워가며 할수있을까요 나의바람이겧조 그래도 생각은 한번해지 않을까요 감사힙니다😊,0,2025-11-03T11:47:11Z,0,False
s-ybdHYKfpU,많이  배워읍니다  맞읍니다   장기투자 입니다~❤,1,2026-03-22T02:46:05Z,0,False
s-ybdHYKfpU,"주식이 내리는데 빨갛다는 것과 급등주 사서 2000만원 넣고 2000만원 손해를 보고 손절을 했다는것은 말이 안된다 상폐를 당해야 되는것 아닌가? 소설같기도 하지만 기업 실적을보고 탄탄한 기업을 골라서 사고 매매일지를 썻다는 것은 정말 잘한거라고 생각합니다 배울께요
적자에서 흑자내는 계좌를 만들고 싶네요",0,2025-11-02T13:16:38Z,1,True
s-ybdHYKfpU,감사합니다 ❤,0,2025-11-08T04:03:36Z,0,False
s-ybdHYKfpU,화학원료중견기업. 회사. 이름이 머애요,0,2026-09-26T10:47:01Z,0,False
s-ybdHYKfpU,계좌 까보이세요,0,2026-07-06T03:23:22Z,0,False
s-ybdHYKfpU,소설.....!!!....  그래도 배울건 있네....ㅎㅎㅎ,0,2025-11-08T01:11:33Z,0,False
s-ybdHYKfpU,사설이 너무길다,0,2025-11-13T22:29:34Z,0,False
s-ybdHYKfpU,"좌파입니까
주식장려
소설같습니다
백억이 누구이름인가요
정확히말해주세요 종목 기간  
가뜩이나 살기어려운데 힘드네요",5,2025-10-30T22:25:26Z,2,True
s-ybdHYKfpU,소설 ㅎㅎ,2,2025-11-07T13:06:13Z,1,False
hbBABRmu93Q,쉰살 직장인입니다 10년전 시작해서 현재 연금자산 5억 달성! 10년동안 연금자산 3억 모았는데 반년만에 5억이 됐습니다 ㄷㄷ,8,2026-05-14T01:19:26Z,0,False
hbBABRmu93Q,"손실 회피 편향을 비롯한 투자 심리의 함정을 아주 정확하게 짚어주셨네요. 단순히 종목 추천을 넘어 S&P 500 ETF 장기 투자와 ISA, IRP 계좌를 활용한 현실적인 절세 파이프라인 구축까지, 과장 없이 핵심만 깔끔하게 정리된 훌륭한 영상입니다. 좋은 인사이트 잘 얻어 갑니다!",2,2026-05-15T13:26:24Z,0,False
hbBABRmu93Q,어른들을 위한 봉사 영상이네요 👍,3,2026-05-07T02:05:31Z,0,False
hbBABRmu93Q,영상 넘 좋아요 수고하셨습니다 감사합니다,10,2026-04-21T11:47:25Z,0,False
hbBABRmu93Q,감사합니다 선생님,0,2026-05-13T11:54:27Z,0,False
hbBABRmu93Q,지수투자에 대한 믿음과 마인드 컨트롤이 힘든거죠..텐버거 종목 보고 있자면 그걸 못버팁니다..개인적으론 90%지수투자 엣지투자(재미용)10%정도하면 덜 지루하더군요~,3,2026-04-24T01:34:38Z,0,False
hbBABRmu93Q,"좋은 말씀 감사합니다
아이 결혼 시킬 나이 인데 2~3년 정도 결혼자금은 어떻게 운영하는것이 좋을까요ᆢ",1,2026-05-01T07:17:40Z,0,True
hbBABRmu93Q,20년은 생각보다 길다 현실적이지 않고 계산기 두드려 본 결과.. 마치 하이닉스같은 내재가치에 투자하면 5년후 10억된다같은...,2,2026-04-30T03:24:20Z,0,False
hbBABRmu93Q,"연금소득세는 연금에서 원금은 빼고 불어난 소득에대하여 나오는건가요?
안니면 연금개시 시작하면서 전체금액에서 나오는 건가요?",0,2026-05-12T06:26:31Z,0,True
hbBABRmu93Q,목돈을 한번에 배당귀족 ETF 몰빵 매수 하는게 맞을까요? 분할매수 하는게 나을까요?,0,2026-04-30T15:56:15Z,0,True
hbBABRmu93Q,감사합니다 😊,3,2026-04-24T04:03:20Z,0,False
hbBABRmu93Q,시간이 너무멀다 50대에 20년은 인생 두번사는것도 아니고,3,2026-04-25T13:13:15Z,0,False
hbBABRmu93Q,좋은 영상,1,2026-04-22T08:46:22Z,0,False
hbBABRmu93Q,"나스닥100은 어떤가요 
s&p500이랑 나스닥100에 반반투자하려고하는데요",0,2026-05-16T14:19:52Z,0,True
hbBABRmu93Q,도움 되었습니다.감사힙니다,1,2026-04-22T01:57:09Z,0,False
hbBABRmu93Q,"세 계좌 순서에 맞춰 한도액 넣어서 ETF사고 
그리고 여윳돈이 있으면 ISA계좌에 넣으라 하셨는데 이때 추가액 한도가 있나요? 저 50세인데 장투로 시작해볼려 합니다. 혹시 개인상담 가능하신가요",0,2026-04-26T13:04:55Z,1,True
hbBABRmu93Q,"지금 대한민국이 저평가된 시장, 다시 재평가되는 시기입니다. 하이닉스에 올빵해도 최소 원금의 1.5~2.0 배 예상합니다.",6,2026-04-26T07:40:12Z,1,False
hbBABRmu93Q,"해외직접투자로 250만원 초과시 양도세 있고 국내상장etf로 사도 배당소득세가 있죠
세후로 얘기를 해주셔야 더 현실적일듯 하네요",0,2026-05-15T03:40:13Z,0,False
hbBABRmu93Q,고점에 들어가 뉴톤도 망했지,6,2026-04-22T07:55:02Z,0,False
hbBABRmu93Q,에스엔피 이기는 건 나스닥임,3,2026-04-27T20:37:42Z,0,False
hbBABRmu93Q,배당이 매달 나오나요?,1,2026-04-23T20:48:23Z,0,True
hbBABRmu93Q,끝까지 잘 봤습니다. 그런데 궁금한게 한가지 있어요. ISA계좌 일반형 200만원까지 비과세라 함은 배당수익만 200까지 말하는건지.  아님 매도시 손익금액+배당수익을 포함한 금액을 말하는건가요?,0,2026-04-30T06:57:59Z,2,True
hbBABRmu93Q,S&500인덱스ETF 살려고 하는데 코드번호가?  배당ETF살려고하는데 코드번호가? 연급저축 IRP계좌 세금 해탹 받지것이 없어서 안받고 있어요,2,2026-04-22T22:46:08Z,1,True
hbBABRmu93Q,"계좌까봐 ..
ㅋㅋ  
 죄다 etf   
분산 저점우량주 바닥 기업만 찾아라 .. 
 고점 물려서 바닥을 보지말고
 우량주 돈버는 바닥을 찾아라 한방쏘면 지대로 달린다 ..
  그런기업이 어딧어요?
많다 나이키 화이자 네이버등 
고점보다 바닥우량주 찾는걸 추천 ..
  도박도 아니고 싸이클이다 .. 
 돌고돌다보면 분명 온다 ..  그걸 못 기다릴뿐 ..",2,2026-04-22T17:27:20Z,0,True
hbBABRmu93Q,충격이네요 20년뒤,0,2026-05-12T20:26:28Z,0,False
hbBABRmu93Q,년2천 만기3년후 해지하시고 또 계좌 개설하시면 됩니다 만기날짜는 계좌내역보면 나와 있어요,0,2026-05-16T06:16:02Z,0,False
hbBABRmu93Q,자영업자도 해당되는가요?,0,2026-05-10T11:09:31Z,0,True
hbBABRmu93Q,20년후면 죽을날만기다릴 나이네요,18,2026-04-26T03:49:54Z,2,False
hbBABRmu93Q,"결국 2억이 있어야하구만~~~S&P500 1억, SCHD 1억, 근데 연금,배당 월100만원으로 생활가능함?",7,2026-04-23T00:29:01Z,1,True
hbBABRmu93Q,60대후반은요,0,2026-05-12T01:09:40Z,0,False
hbBABRmu93Q,지금이라도 집이라도 팔아서 하이닉스 레버리지를 사면 연내에 집 값 네 배 벌고 은퇴합니다,0,2026-05-05T12:57:19Z,0,False
hbBABRmu93Q,일본에서 직장다니고있는48세남자입니다 현재 담달한국서 들어놓은  적금이만기되어 7천만원이 생깁니다 그래서 isa계좌에30000만 한도에서 sol고배당etf 나머지는 연금저축에서 1000만 s&p500   나스닥100  1000만 너머지는 일반으로kodex200  1000만 금1000만. 이렇게 생각하고 있습니다,0,2026-04-27T13:39:09Z,1,False
hbBABRmu93Q,"이런 질리도록 들은 진리?대로 그냥 그대가 최대한 빛내서 10억이든 100억이든 넣어두시라. 아마 20년후에 그대 말대로 100억, 아니 1000억이 그대것이되리니 😂😂😂",0,2026-04-27T14:30:30Z,0,True
hbBABRmu93Q,1억을 20억만든다고? ㅋㅋㅋㅋ,1,2026-04-24T09:44:07Z,0,True
hbBABRmu93Q,여긴 답답한 사람들이 참  많네 ㅡㅡㅋ아니면  참고만 해요,2,2026-04-29T01:18:34Z,0,False
hbBABRmu93Q,80세에 그 돈을 쓸 수 있을까,0,2026-05-15T07:36:57Z,0,False
hbBABRmu93Q,"60대 넘은 나이에도 가능한가요 노후가 걱정입니다
 감사합니다",2,2026-04-24T20:38:25Z,3,False
hbBABRmu93Q,"미국 주식 차익시에 22%, 그건 왜 설명하지 않죠?",0,2026-05-10T12:20:35Z,0,True
hbBABRmu93Q,"반도체 로봇 방산 조선 원전 6G 우주 금융 광케이블 .. 섹터는 돌고 돈다 ..
  근데 바닥을 찾는공부 ..
 지겹겟지 .. 6300코스핀데 꿈쩍을 안하네 .. 근데 바닥인걸 찾아라 10년기간잡고 돈은 잘버는데 
  주가는 바닥이다 이런걸 찾아라 떨어져도 방어는 된다 
  30~40%로 떨어져봐야 공포를 알지 .. 최고점에서 50프로 떨어져봐야 공포를 느끼지   바닥은 떨어질게 없다   예를들어 신차뽑지  그럼중고차야 근데 비싼차 바닥중고차 사지 떨어질게 없어 .. 그럼 기다리다보면 한방은 쏴주지 사고팔고 증권수수료만 주지 ..
우량주 바닥 돈버는기업 찾어 
50프로 바닥은 없어 센터는 돌고 돌아서 온다",7,2026-04-22T17:37:17Z,1,False
hbBABRmu93Q,펵트는. 이렇게 돈이 불어나도록 버티는 사람일 거의  없지요~~^^,6,2026-04-22T05:46:38Z,1,False
hbBABRmu93Q,ISA계좌 개설후 ETF 투자하면 3년뒤 해지할때 ETF도 모두 매도하고 끝내야 되나요?,31,2026-04-22T08:17:55Z,25,True
hbBABRmu93Q,"그런데 50대에 20년 넣어두면 안되요
쓰고죽어야 하니까..ㅎㅎ",10,2026-04-22T23:34:47Z,1,False
hbBABRmu93Q,하지마요 그런방법없어요,0,2026-05-11T01:35:57Z,0,False
hbBABRmu93Q,"결국 10년, 20년 놔두면 복리로 올라간다.
근데 그중간 생활비는?  배당으로!
그러면서 배당도 다시 넣으면 더 벌수 있다하는데 결국은 돌고돌아 10년 20년 놔둬야 1억이 10억 20억 된다는 얘기.",3,2026-04-22T05:33:04Z,1,True
hbBABRmu93Q,"퇴직금을 꼭 IRP계좌로만 받아야  하나요
연금저축으로 받으면 어떻게 다른가요?",0,2026-04-23T11:02:22Z,1,True
hbBABRmu93Q,미국 s&p 와 한국에상장된 s&p 중 어떤것을 사야할까요,2,2026-04-25T04:33:51Z,2,True
hbBABRmu93Q,80세에 20억? 그 돈으로 어디 요양원 들어가라는 말인가요?,0,2026-05-31T00:28:16Z,0,True
hbBABRmu93Q,"65세(15년간) 까지 매월 300만원을 S&P500 재투자 해야 가능다는 말씀이죠?  제목이 너무 작극적이고요.... 65세 까지 노동하면 재투자 할 수 있는 사람이 얼마나 될까요? 그리고 그사이에 부모님(장인장모님 포함) 아프지 마시고, 자식도 결혼하지 않고  취업해서 돈벌어야 하는게 전제 아닌가요? 너무 현실적인지 않네요...",14,2026-04-23T07:15:03Z,0,True
hbBABRmu93Q,3년 마다 해지하고 다시 ISA개설 하나요?,4,2026-04-23T08:59:56Z,1,True
hbBABRmu93Q,어그로 쥑이네 써글,0,2026-04-27T04:27:12Z,0,False
hbBABRmu93Q,일용직같이연말정산이 필오없는사람은148만원환급이 되나요,0,2026-04-25T11:11:15Z,1,True
hbBABRmu93Q,50대는 수입이 없는데 몰 불려 불리긴~,6,2026-04-23T15:16:06Z,1,False
hbBABRmu93Q,"안녕하세요 
저는 올해 59세 퇴직을 앞두고 있는 상황에 회사 사정으로 아버지가 딸에게 사업승계하면서 아버지 사업장의 퇴직금을 일반계좌로 1차로 3월 31일에 나머지를 4월 23일 오늘 33,60만원을 받았습니다 
IRP계좌로 받으려고 생각했지만 사장이 물어보지도 않고 급여계좌로 입금해 줘서 이제 이 돈을 제가IRP계좌로 다시 입금해도 퇴직소득세 감면 효과가 있는지가 궁금하구요
지금 IRP를 만들어 입금하면 5년을 기다렸다 연금으로 받아야하면 차라리 연금저축으로 입금하고 세액공제는  받지않고 투자하다가 연금으로 수령하면 세금관계와 연금수령시기는 언제로 하는게 좋을지가  궁금합니다 
퇴직은 내년정도로 예정하고 있으며 이제 공부해서 겨우 연금저축과 ISA계좌만 만들어둔 상태로 어떻게 해야할지 막막하고 답답합니다
좋은 해결점을 알려주시면 감사하겠습니다 ❤❤❤",1,2026-04-23T10:57:46Z,0,True
hbBABRmu93Q,"구라치지마. 1역으로 무슨 20억?,,,,,,",0,2026-04-25T06:29:56Z,0,True
hbBABRmu93Q,isa계좌에 1억을 바로넣어서 etf사면 세금이 많이 나오나요  안팔고 3년넘어도 계속 가져가면 팔때 세금이 나오나요,5,2026-04-22T01:38:59Z,5,True
hbBABRmu93Q,좀 현실적인건 올려라,0,2026-05-09T10:09:42Z,0,False
hbBABRmu93Q,"감사합니다 
그럼 배당 받고 투자를 같이 하는 방법중 하나는 S&P 500 귀죽 ETF를 정기적으로 사는것도 괜찮을까요?",0,2026-05-10T22:33:02Z,0,True
hbBABRmu93Q,S&P500? 앞으로 3년 10%오르기도 힘들어,11,2026-04-23T09:20:36Z,8,True
hbBABRmu93Q,죽을때 다되어서 이십억 생기면 뭘하누. 장난해?,0,2026-05-15T15:07:45Z,0,True
hbBABRmu93Q,저는5천으로적립식으로나스닥에스엔피에산단째하고있습니다거치식으로하는게더나은건가요?,1,2026-04-22T00:41:25Z,4,True
hbBABRmu93Q,ㅋㅋ 풉 개웃기네,0,2026-04-27T03:52:25Z,0,False
hbBABRmu93Q,"제 개인적인 생각으로는 나스닥100 추종이 더 좋다고 생각합니다.

1단 QQQ QQQM

2단 SOXX SMH

3단(2배 레버리지)
QLD SSO
 
4단(3배 레버리지)
TQQQ SOXL
저는 레버리지는 안하고 
QQQ SMH SOXX
3개만 합니다.
촤근 급등으로 미칠것 같습니다.
2년 전부터 했는데 절대 안팝니다.
한국주식 절대 안합니다.",4,2026-04-25T07:23:14Z,2,False
hbBABRmu93Q,"속으면안됩니다
Irp 나 연금계좌는 16.5프로 맞습니다
그러나 이건 매년 16.5프로가 아니라  첫해만 16.5  입니다
다음해는 혜댁없음니다
차라리 3프로 10년해주는 상품이 더 낫습니다",1,2026-04-26T13:56:15Z,0,False
hbBABRmu93Q,"작년초 계엄 폭락때 내돈 4천,마통 6천,총 1억으로 상법개정,밸류업,5천공약 믿고 국장투자하여 현재 14억이다. 내나이 54세 잼통령 임기 4년동안 25~30억 되면 은퇴해서 배당으로 살수있겠다. 🎉🎉🎉🎉",4,2026-04-25T09:04:43Z,0,False
hbBABRmu93Q,"지금 저평가 찍어줄께 
 화이자 페이팔 나이키 네이버
셀트리온 포스코 쿠팡  노보노디스크  인페이즈에너지 등등 ..
도박하는거 아닌이상 적금식 모아가라 ..
   시총봤지 .. 망하는 회사가 아니야 근데 20~30대 주식을 안하고 도박을 하지 
  근데 자산가는 돈을 지키기위해 투자한다 .. 배당 받으며 이 차이가 5~10~20년뒤 삶이 틀리겠지  왜? 도박을 하닌깐 
한번 곰곰히 생각해봐 섹터 쫒아다니다가 5~10~20년뒤에 .. 잘 벌고 있는것인지 
 테마를 쫒고 유튜버 보며 섹터를 찾으닌깐 남들돈벌고 빠질때 그때 들어가서 물렸네 하는거다 바닥을 찾아라 ..",4,2026-04-22T17:50:04Z,3,True
hbBABRmu93Q,ㅎㅎ 20년후 큰돈 남겨놓고 죽어라는 이야기이지... 좀더 현실적으로 50대초가 60중반 은퇴후 살아갈수 있느냐기 핵심아닌가..........................,0,2026-05-09T06:48:05Z,0,False
3cJJQawElVo,"매우 쉬운 설명

1️⃣ 통장 쪼개기가 노후준비의 첫 단계입니다
💡 쉽게 말해서, 우리가 물건을 사고 있는 집 옷장처럼 돈도 목적별로 나누어서 저축해야 한다는 뜻입니다. ""급한 돈""과 ""먼 미래의 돈""을 구분하면, 필요할 때 편하게 꺼낼 수 있고, 동시에 장기간 불려나갈 수 있어서 효율적으로 노후를 준비할 수 있습니다. 마치 음식을 냉장실, 냉동실, 상온 보관소에 나누어 보관하듯이요.

2️⃣ 급한 돈은 CMA 계좌에 저금하세요 - 이자가 매일 붙습니다
💡 CMA는 특별한 통장처럼, 여기에 돈을 넣어두기만 해도 은행이 매일 이자를 준다는 뜻입니다. 예를 들어 100만원을 넣어두면, 1년 뒤 약 103~104만원이 되는 거죠. 또한 필요할 때 언제든지 돈을 꺼내 쓸 수 있어서, 병원비나 긴급상황 같은 급할 때 바로 쓸 수 있습니다.

3️⃣ 3년 뒤에 쓸 돈은 ISA 계좌로 옮기세요
💡 ISA는 정부에서 ""세금을 안 떼줄게""라고 허락한 특별한 투자통장입니다. 여기서 주식이나 채권으로 돈을 불렸을 때, 버는 돈(이익)에 대해 세금을 내지 않아도 된다는 뜻입니다. 3년 뒤 쓸 돈이라면 충분히 시간이 있으니까, 이 기간 동안 돈을 조금씩 불려나갈 수 있는 거죠.

4️⃣ ISA계좌에서 미국 S&P500 ETF를 사모으세요
💡 ETF는 여러 회사의 주식을 한 번에 사는 꾸러미 같은 것입니다. S&P500은 미국의 대형 500개 회사를 모아놓은 상품이에요. 여기에 꾸준히 돈을 모으면, 역사적으로 1년에 평균 10% 정도 불어나왔습니다. ISA의 세금 혜택까지 받으면, 3년 뒤에 목표 금액을 더 크게 모을 수 있습니다.

5️⃣ 10년 이상 쓰지 않을 돈은 증권계좌로 미국 나스닥 ETF를 사세요
💡 나스닥은 애플, 테슬라, 마이크로소프트 같은 최신 기술 회사들이 모여있는 곳입니다. S&P500보다 조금 더 변동성(오르내림)이 크지만, 장기간(10년 이상) 가만히 있으면 더 크게 불어날 가능성이 높습니다. 급하지 않은 돈이라면, 10년이라는 오랜 시간 동안 회사들의 성장에 함께 탈 수 있습니다.

6️⃣ 연금저축은 세액공제를 받으니 절대 빼먹지 마세요
💡 연금저축은 마치 정부가 ""우리가 너 몫을 조금 도와줄게""라고 하는 것입니다. 1년에 일정액을 저축하면, 세금을 낼 때 일부를 돌려받을 수 있다는 뜻이에요. 예를 들어 500만원을 저축했다면, 나중에 세금 신고할 때 약 50~90만원을 돌려받을 수 있습니다. 이는 정부가 주는 ""보너스""인 셈입니다.

7️⃣ IRP는 퇴직금을 지키는 마지막 보루입니다
💡 IRP는 회사에서 받는 퇴직금을 더 안전하게 보관하는 특별한 계좌입니다. 여기 넣은 돈은 회사가 망해도 법적으로 보호받고, 세금도 덜 냅니다. 마치 가장 중요한 보물을 강화된 금고에 보관하는 것처럼, 노후의 마지막 안전장치 역할을 합니다.

8️⃣ 급한 돈부터 챙기고, 먼 미래를 채우는 순서가 중요합니다
💡 노후 준비는 마치 건물을 짓는 것과 같습니다. 먼저 1층(급한 비상금)을 튼튼하게 지어놓고, 그 다음 2층(3년 뒤 돈), 3층(10년 뒤 돈)을 차근차근 올려가야 합니다. 하나를 무시하고 다른 것만 하면 위험하지만, 순서대로 하면 든든한 노후가 완성됩니다.

9️⃣ 이 시스템만 잘 짜도 노후가 단단해집니다
💡 이 모든 방법을 종합하면 마치 여러 겹의 방어막을 갖추는 것 같습니다. 급하면 CMA에서, 중기 목표는 ISA에서, 먼 미래는 증권계좌와 연금상품에서 돈이 나오니, 어느 상황에서든 경제적으로 안정할 수 있습니다. 젊을 때부터 이렇게 준비하면, 나중에 편안한 노후생활을 누릴 수 있게 되는 것입니다.

아직도 입출금 통장에 돈 묵혀두시나요? 5060 노후 준비, 통장 이름표만 바꿔도 달라집니다. 매일 이자 받는 CMA부터 세금 없는 만능통장 ISA, 그리고 미국 우량주 투자까지! 복잡한 금융 용어 없이 딱 정해드립니다. 늦었다고 포기하지 마세요. 지금 바로 이 '통장 쪼개기' 공식만 따라 하시면, 당신의 노후는 누구보다 단단해집니다.",62,2026-01-17T08:14:18Z,4,True
3cJJQawElVo,좋아요  좋아요 😊,3,2026-01-21T20:32:37Z,0,False
3cJJQawElVo,감사합니다.,0,2026-02-15T02:08:02Z,1,False
3cJJQawElVo,정보 감사합니다,0,2026-09-02T05:52:03Z,0,False
3cJJQawElVo,항상 영상 잘보고 있습니다 올초 은퇴자입니다 isa개설해서 적립식으로 넣고 있고 cma나 irp는 가입하고 싶은데 시중은행 과 증권계좌 어디에 넣으면 좋을까요?,0,2026-01-18T17:49:48Z,3,True
3cJJQawElVo,"전 59살에 시작했어요
바닥을 치고 단 한푼도 없는 형편에서 인생처음으로 받는 적은 월급에서 무조건 월 지출액 정해놓고 나머지는 저축 통장으로 그리고 일부는 주식 통장으로,,,
늦게 시작했지만 나름대로 생각보다 훨씬 많은 돈을 모으다 보니 재미가 생겼답니다.

지금도 꾸준히,,, 왜 진작 않했을까요???
하지만 지금이라도 하고 있어서 감사할 뿐입니다.",40,2026-01-20T12:38:15Z,1,True
3cJJQawElVo,저거 전부 할수있다면 부러 노후준비 필요없을정도로 돈 믾은거다~!,19,2026-01-18T02:36:02Z,1,False
3cJJQawElVo,10년이상 쓰지 않을돈은 증권계좌에서 미국 나스닥ETF 사라는데 증권계좌가 증귄사 종합위탁계좌를 말하는건가요 왕초보라  다른건 잘 몰라서 2년전에 종합계좌에 천만원어치 삼성주식 샀는데 그대로 둬야하는지 모르겠어요,5,2026-01-18T02:14:20Z,2,False
3cJJQawElVo,"돈이  없어요
한달  살기도  바빠서",15,2026-01-18T01:00:29Z,1,False
3cJJQawElVo,그래서 가까운 은행이 제일 좋아요,1,2026-02-20T01:01:48Z,0,False
3cJJQawElVo,좋은 영상입니다.,5,2026-01-19T22:38:33Z,0,False
3cJJQawElVo,살기도  바뿌고  모을돈이...ㅠㅠ,4,2026-01-22T02:02:20Z,0,False
3cJJQawElVo,잘 몰라서 여쭤봅니다ㅠ국내 s&p500etf가 kodex s &p500과 같은건가요?,0,2026-03-08T02:54:39Z,1,True
3cJJQawElVo,저것도 돈이 있어야 뭘 넣든지 말든지 하지,21,2026-01-17T14:17:58Z,7,False
3cJJQawElVo,"Irp가 연금계좌인가요?
쪼개서 받게되나요?

이거 시원하게 설명해주는 사람이 없음.
Isa는 이제 아는데


Cmr은 어디서 계좌 만드나요?",5,2026-01-20T18:22:04Z,3,True
3cJJQawElVo,저용어 통장이 무엇인지 몰라요 그래서 거부감이 있네요 이게 진짜야 이런 생각,4,2026-02-20T01:01:00Z,1,True
3cJJQawElVo,저렇게 쪼갤돈이 어디있나,6,2026-01-19T13:08:22Z,0,True
3cJJQawElVo,몬소린지 모르것다,28,2026-01-18T13:12:39Z,1,False
3cJJQawElVo,나이 60에 뒤늦게 시작하려니 급도나고해IsA에400 연금에 800 현금만 넣고 아무것도 안하고 있읍니다 주식 주자도 모르고 하려니 왠지 두려워 그대로 있읍니다,0,2026-08-18T00:15:06Z,0,False
3cJJQawElVo,"전 65세인데
연금저축은 55세가 만기 아닌가요
직장이 없으면 IRP도 안되지요?",0,2026-09-26T04:02:03Z,0,True
3cJJQawElVo,국내 etf 모으라구? 미국 아니고?,3,2026-02-02T13:45:21Z,1,True
3cJJQawElVo,"그동안 예금이나 적금으로 
보관했던 현금을 isa에서
Etf샀는데 16%수익이 났어요
적극추천요 
그동안 바보처럼 살았네요ㅠ",3,2026-01-21T22:21:32Z,2,False
3cJJQawElVo,지금했다가는 패가망신,3,2026-01-19T22:49:55Z,0,False
3cJJQawElVo,참고하려는데 뭘 알아야 😢,9,2026-01-17T09:49:15Z,1,False
3cJJQawElVo,"아무것도모르네요😂
저기에있는계좌가뭔지,,,,,
급여통장밖에없네요
우선 어떤통장으로  설계를 해야할까요?",6,2026-01-18T10:23:41Z,5,True
3cJJQawElVo,"나스닥etf같은 소리쳐하고 있네..
어디서 만든것 카피나 하고...etf가 뭔지나 아냐?ㅋ",1,2026-02-06T09:13:48Z,0,True
3cJJQawElVo,퇴직해서 실업상태인데 ISA계좌 만들수있나요?,2,2026-01-24T03:40:08Z,2,True
3cJJQawElVo,헐,1,2026-01-19T14:40:31Z,0,False
3cJJQawElVo,;;; 이거 환율올리는 비책인거임! 어째서 미국 망하지 말라고 이리도  미장 입성을 부추기는걸까?  주식 파는 순간 수익금의 20% 넘는 세금 떼가는게 저들인데ㅉㅉㅉ.  아무런 비판도 의심도 없이 미장에 투자하라는 것들!!  급락하는 순간의 쇼크는 니들이 책임지나?!!!,3,2026-01-18T00:12:35Z,2,True
3cJJQawElVo,"언제공산주의가되고  망할지도모르는데복잡하게살지마라.
은행을믿냐?",1,2026-01-18T22:40:22Z,1,True
-8adMPsAYkk,"https://open.kakao.com/o/gihffHai

안녕하세요 방구석 경제학입니다~!
저랑 같이 경제를 같이 공부하실 분들을 위해 단톡방을 개설하였습니다~!

말 그대로 다른 목적 없이 경제에 대한 정보를 공유하는 방이니
성장을 원하시는 분들은 참여하셔서 많은 인사이트 얻어가셨으면 좋겠습니다
오늘도 좋은 하루되세요~! 😊",13,2026-01-09T18:15:15Z,0,False
-8adMPsAYkk,"""팔지 않는것도 기술이다.""
어렵지 당연히 어렵지 눈앞에 돈이 오르고 있는데 수익실현 하고 싶은 유혹을 이긴다는게..",50,2026-01-15T22:42:57Z,3,False
-8adMPsAYkk,국장은 우량주 몇종목외엔 장투 하는게  아님 ~ 미장이 답,52,2026-01-01T12:15:56Z,2,False
-8adMPsAYkk,말씀은 맞지만 챠트보는 순간 감정에 뇌동매매 ㅎㅎㅎ.감사합니다..,40,2025-12-30T00:55:41Z,0,False
-8adMPsAYkk,내려갈때 더 내려갈까봐 겁나서 팔고 오를때 더 오를까봐 흥분해 사는 나 하곤 반대네,30,2026-01-25T07:38:43Z,1,False
-8adMPsAYkk,넣어 놨다가 20년 뒤에 찾아 봤는데 상폐 됐어요,205,2026-01-19T09:51:24Z,31,False
-8adMPsAYkk,추격매수하지마라.😂,27,2026-01-16T00:35:30Z,0,False
-8adMPsAYkk,기본은 알아야지만 주식은 공부를 잘 해서만 될일은 아닌듯,33,2026-01-25T02:29:15Z,1,False
-8adMPsAYkk,주변 보면 물려서 장투하고 본전에 나오고 주식 날라감~,28,2026-01-28T21:45:47Z,0,False
-8adMPsAYkk,진짜 최저가 찾는데 그게 안 되더라고요.. 폭락이 최저가고 오를 지 내릴 지 베팅한 후 그냥 기다리는 수 밖에 없습니다.,4,2026-02-05T08:27:12Z,0,False
-8adMPsAYkk,기다릴수없는게 함정,9,2026-03-18T10:40:50Z,0,False
-8adMPsAYkk,기관은고수인데다~자금이조단위잔아요~개인승리가~어려워요~본인의노력~길게가야는데~못견디닠까요~~~~~~,10,2026-01-21T09:46:11Z,0,False
-8adMPsAYkk,"2025년은 미국 투자보다
국장  수입이 더 높아요",55,2025-12-30T23:58:42Z,2,False
-8adMPsAYkk,사람이란게 사놓고 잊을수가 없음 ㅋㅋ,17,2026-01-25T00:27:05Z,1,False
-8adMPsAYkk,정보 감사합니다 😮,6,2025-12-30T22:14:55Z,0,False
-8adMPsAYkk,감사합니다    명심하겠습니다  병오년 새해 건강하시고 복 많이 받으세요,2,2025-12-31T11:26:15Z,0,False
-8adMPsAYkk,정보) 미국주식 투자자의 50%는 손실중이다,34,2025-12-26T07:02:30Z,0,False
-8adMPsAYkk,말씀감사,2,2025-12-30T14:26:06Z,0,False
-8adMPsAYkk,군대가기 전 주식 사 놓기... 이걸 몰랐네..,5,2026-02-08T04:15:35Z,0,False
-8adMPsAYkk,"개인은 제 3자 매매 정보 제공에 동의해야 증권사 계좌 개설이 됩니다.
따라서 외인들은 개미들 매매 정보를 실시간으로 넘겨 받아요,
이게 불공정한 겁니다",9,2026-02-10T08:36:49Z,1,False
-8adMPsAYkk,"원칙이고 뭐고 저는 손절은 절대 안합니다 그거 몇번했다가 깡통을 찬적이 있거든요
어떤종목을샀다가 30%손실을 보고 있었는데 20개월 버티다가 결국 10% 수익보고 나왔습니다",17,2026-01-24T11:09:28Z,4,True
-8adMPsAYkk,"이제 알았네요 ㅠㅠ
구독했어요",2,2026-01-24T00:52:52Z,0,False
-8adMPsAYkk,25년 26년은 한국장이 3배이상 수익좋았다.나도 1억으로 지금 12억이다.,19,2026-01-30T08:57:40Z,2,False
-8adMPsAYkk,"맞아요... 국장 다 말아먹고, 해외에서 수익나서 작년에 양도소득세 냈다는...",2,2026-01-22T12:38:03Z,0,False
-8adMPsAYkk,외국인ㆍ기관에 정보력ㅇㅖ서 개인들은 필패합니댜,4,2026-02-10T20:12:56Z,0,False
-8adMPsAYkk,"내  돈이  점점  줄어들어~~
이젠    마이너스 나기전에
그만  하고ㅡ  싶으요~~",2,2026-03-17T16:59:27Z,0,False
-8adMPsAYkk,6:44 😊,3,2025-12-30T00:54:38Z,0,False
-8adMPsAYkk,확실한건 개인반대로 움직인다,25,2025-12-30T09:21:11Z,0,False
-8adMPsAYkk,"걍 미국 지수에 투자하세요... 이게 근본임.. 이것도 다이나믹 만만치 않습니다... 개미가 개별주, 테마주에서 수익 내기란 정말 어렵죠...",3,2026-02-08T03:15:04Z,0,False
-8adMPsAYkk,"4년전. 주식 열광일때,
삼전. 하닉. 사두고. 주식창 아예 처다보지 않고 지내다가. 작년. 상승하고 있다는  뉴스 듣고는, 인증서 갱신 후 들어와서 깜놀~
지금. 비중을 많이 늘리고 있는중.
수익율 대박임요~
역시 대장주. ㄷㄷㄷ",3,2026-02-04T04:56:32Z,0,False
-8adMPsAYkk,"맞아요 
사놓고 5년간 바쁘게 살다보니 잊고있었는데
아 하고보니 깜짝 하이닉스😮😮😮",62,2025-12-30T21:11:24Z,6,False
-8adMPsAYkk,너주시기냐 드루와 나개투야 붙자 한놈만 잡고패 막패 또패 주시기가 말해 마니묵었다 아이가 고마해라 할때 딴돈 다빼 빼야내돈됩니다 또패러드가자하면 다잃어요.,3,2025-12-30T15:02:55Z,0,False
-8adMPsAYkk,우량주만 장기투자가 답,3,2026-02-01T01:11:08Z,0,False
-8adMPsAYkk,투자방법이 잘못 된걸 남탓을 해버리면 발전이 없다,3,2026-01-24T03:42:26Z,0,False
-8adMPsAYkk,개인이 망해 주식 시장이 성장하지,4,2026-01-31T01:06:38Z,0,False
-8adMPsAYkk,Slow and steady wins the race! Let's be patient. We'll be happy one day.,0,2026-05-17T21:53:40Z,0,False
-8adMPsAYkk,팔아야 돈이 되지 지금까지 가지고 있는사람은 꼭대기에서 못팔고 다 떨어질때까지 보유합니다.,1,2026-03-09T09:47:41Z,0,False
-8adMPsAYkk,미장은 꾹참고 장투하면 언젠가 큰돈,2,2026-02-08T06:54:56Z,0,False
-8adMPsAYkk,이기는방법  함께 간다,0,2026-01-29T12:03:38Z,0,False
-8adMPsAYkk,그렇군요,0,2026-07-28T10:56:43Z,0,False
-8adMPsAYkk,"(초)우량주를 사놓고 최소 1년 이상 가지고 있으면 대부분의 경우, 손해는 보지 않는다. 하지만, 돈이 궁한 상태에서 한 방에 큰 돈을 벌기 위해 주식 시장에 뛰어든 사람들은 절대로 기다리지 못한다. 하루에도 몇 번씩 시세 변동을 보기 위해 수시로 HTS 들락날락 거리며 안절부절 한다. 그러니 마음이 조급해져서 일희일비하다가 매수 매도 타이밍을 잡지를 못하는거다. ㅎㅎㅎ",2,2026-01-21T15:45:47Z,0,False
-8adMPsAYkk,근데 nh투자증권은 왜 남의 계좌정보를 마음대로 분석해?? 저런거 자체가 기울어진 운동장임 사실.,13,2026-01-27T09:25:00Z,0,True
-8adMPsAYkk,어느단타님 말 듣고 사뒀던 주식 이번에 열어봤더니 상폐되어 있어서 매우 심란.. 지금은 그저 삼전만 한개씩 두개씩 모으는 중,1,2026-02-07T08:01:09Z,0,False
-8adMPsAYkk,인생은 배워서 아는만큼 살다 가는 거,4,2026-02-08T02:47:50Z,0,False
-8adMPsAYkk,"욕심은 걸음을 한 발 늦추고
공포는 걸음을 한 발 빠르게한다. 
빚내서 하는 개투의 약점이다.",0,2026-02-08T17:57:18Z,0,False
-8adMPsAYkk,"이거 보고 주식하지 마라 ㅋㅋㅋ
사놓고 묻어두면 상폐된다",31,2026-01-30T20:45:44Z,3,False
-8adMPsAYkk,코스피 50퍼센트 수익인데 소액이라 안타까울뿐,20,2025-12-31T13:08:54Z,1,False
-8adMPsAYkk,작년 6월에 코스피 etf에 큰 돈 넣은 사람 아마 0.1%도 안될 겁니다. 그래서 사실 지금 두배나 올랐어도 의미있게 돈 번 개인은 거의 없다는 얘깁니다. 따라서 배아프거나 후회할 것 없이 지금부터라도 적립식으로 꾸준히 넣으면서 장기간 묻어두면 은행이자보단 두배 이상 수익날 것입니다. 그리고 댓글에 나는 목돈 넣어서 많이 벌었다고 하는 사람들이 바로 그 0.1% 안에 든 사람들입니다,13,2026-01-26T00:35:07Z,0,False
-8adMPsAYkk,"주식시장 에서
공매도.신용
폐지 해야 합니다.
개미들
호주머니 탈탈 털린다.",1,2026-08-18T12:55:46Z,0,False
-8adMPsAYkk,맞는말씀입니다~ 집사람이 코로나때 사 놓았던 주식을 안팔고 있었더니 지금 5배 올라있네요~~^^  주식은 시장이 가장 안좋을때 좋은 주식 사 놓고 기다리는게 답이죠~~ ^^,3,2026-02-11T02:10:41Z,2,False
-8adMPsAYkk,요즘은 사기만 하면 오르는 세상이라,0,2026-02-09T15:33:18Z,0,False
-8adMPsAYkk,목표가 정해두고 근처오면 매도하는게 맞음 ETF아닌 종목은,0,2026-03-12T11:14:33Z,0,False
-8adMPsAYkk,"미국주식 손해보고  한국주식   오천오릁때
50%
이익보고
팔고  떨어지면
매수할려고 기다리고 있음 5:30",1,2026-01-24T23:17:52Z,0,False
-8adMPsAYkk,투자는. 우험. 해서.  안합니다.,2,2025-12-26T00:08:56Z,2,False
-8adMPsAYkk,아무주식이나 10년 20년 놔두면 상장폐지대고 돈이 사라집니다 국장은 우량주를 사도 환율불안과 전쟁위협등 불안요소가 많아요  그래서 국장우량배당주 있지만 비추하게요 미국우량배당주 평생 사모으면 부자됩니다,1,2026-07-09T01:24:14Z,0,False
-8adMPsAYkk,"진짜 비밀은 이야기 안 하는군..358만개 평균 투자금액이 얼마인 줄 아쇼?
기껏해야 몇 백인데  그거놓고 28%수익이면 기쁘겠소?",2,2026-01-31T04:24:27Z,0,True
-8adMPsAYkk,그냥 불평불만이잖아. 그렇게 투자할거면 S&P500 적립 투자하세요.,23,2025-12-28T19:28:47Z,0,False
-8adMPsAYkk,"개인은 다 생각하고
하루 일당만 벌면 투잡이다 생각하는데,국민연금은 그렇게 훌륭한 조건인데 그동안 얼마 벌었다는 겁니까.
믿을만한 기관 하나 없고 개인은 죽쓰고 이게 현실 입니다.",1,2026-01-29T12:08:16Z,0,False
-8adMPsAYkk,사뒀다가 한 20년 지나서 계좌 열어봤더니... 이미 상장폐지 돼있더라고요 😂,0,2026-03-21T14:09:55Z,0,False
-8adMPsAYkk,적당히 헷지하는 방법에 대해 공부하고 투자에 적용하길..  그게 어렵다면 커버드콜 상품 등에 묻어 두는 것이 좋아  보인다.,0,2026-03-24T10:06:33Z,0,False
-8adMPsAYkk,경제란 참어렵네요,0,2026-04-17T23:18:18Z,0,False
-8adMPsAYkk,초보가주식 시장에서 돈벌면 그게 망하는 지름길,0,2026-02-09T15:34:52Z,0,False
-8adMPsAYkk,참으면 이긴다 ~~~~뭐든 ~~~~~~~~~~~~~~~~~~~~~~~,0,2026-03-17T10:59:57Z,0,False
-8adMPsAYkk,워렌버핏의 가치투자.. 맞는 방법인것 같네요,0,2026-04-12T08:21:50Z,0,False
-8adMPsAYkk,잘못한것하나없다 다 내려가는데 어떻게이겨요,0,2026-07-28T10:58:59Z,0,True
-8adMPsAYkk,참을성이라고 하는데 내돈 잃는데 멘탈붕괴 안될 사람이 있겠나,4,2026-01-12T13:28:11Z,0,False
-8adMPsAYkk,미국 아이로봇 3년 존버 했는데 상폐 됐어요,0,2026-02-22T04:23:11Z,0,False
-8adMPsAYkk,바보냐 최소 1년은  봐야쥐,2,2026-01-17T03:53:28Z,0,False
-8adMPsAYkk,거울을 개인투자자 뒤에 몰래 걸어놓고 화투 친다면?,0,2026-08-01T08:12:23Z,0,True
-8adMPsAYkk,주식은 장기투자하면 그어떤종목을사도 절대망할일은없다는..,0,2026-03-08T11:08:38Z,2,True
-8adMPsAYkk,우량주라도 급등한 주식은 장투 하지마라. 우량주만 해라.,1,2026-07-01T17:22:16Z,0,False
-8adMPsAYkk,성질급한놈이항상ㆍ손해본다고ㆍ그때조금만시간을깆고기다릴줄도알아야하는데ㆍ결국큰손해만봤는데ㆍ이년동안내가판주식은몇배나올랐더라,1,2026-01-21T07:03:03Z,0,False
-8adMPsAYkk,"노노.
개미가  세력이기는 방법은 매복밖에 없다. 배당주는 우량주에 몰빵해서 한없이 버티는 거다.  아님 지수추종 erf나 사든가.",0,2026-02-04T07:51:38Z,0,False
-8adMPsAYkk,"치트보고  주식하는  시람  맞추는것  한번도  못보엇다  
도박판에  복지복걸이다  
전문가가  가치주라 해서  매수 해  코피낫다",1,2026-08-02T03:16:29Z,0,False
-8adMPsAYkk,주식판에서 개미가 끝까지 살아남을 유일한 방법: 지수추종 ETF 사서 묻어두기,5,2026-02-07T23:05:42Z,0,False
-8adMPsAYkk,"저도 일반 단일 종목 비율을 줄이고, ETF 중심, 그 중에 반도체, 로봇 등등 주도 테마에 대한 ETF를 순환매 방식으로,  그 중에 레버리지 ETF로 하다보니 수익이 나기 시작했네요. 국내 단일 종목은 세력으😢로 인해 심리관리가 너무 힘들더군요. 레저리지 ETF이다보니 위험성도 약간 있으나 단일종목 보다는 나은듯 하네요. 거래 빈도수도 적고, 내가 산 단일 종목은 안오르는데 다른 종목은 오르는걸 보며 느끼는 조급함도 없어지고, 거래 빈도수도 확 줄었습니다. 다만 환율, 미국증시상황, 월별, 분기별, 년도별  시황예측은 꼭 챙겨봅니다",6,2025-12-31T09:03:26Z,0,False
-8adMPsAYkk,"시간외거래는 시간이 한정적이고 파는사람이 있을때만 가능하기에 다 사간다는건 좀ㅎ
그리고 월10번 거래가 년 36%나갔다면서
월23번 거래가 년수수료 7%?😂
그리고 주식 복리 마법은 배당금을 주식으로 바꿔 삿을시 시너지가 커지는거지
주식시세만 오른다고 손놓고 있으면
다 복리마법 붙는거 아닙니다
어디서 좋은것만 끼워 맞췄는데
디테일이 많이 부족하네요",0,2026-01-21T20:26:00Z,0,True
-8adMPsAYkk,그리잘아는데유트브는왜하냐그냥주식으로먹고살지주디이프게,1,2026-02-06T07:22:41Z,0,False
-8adMPsAYkk,"이 내용을 모르고 개인투자하고 장에 들어오는거면 최소한의 준비도 안된거 아닌가?
수수료 세금 계산해서 수익내는데",0,2026-04-11T13:43:09Z,0,True
-8adMPsAYkk,"첫째, 여섯째, 일곱째, 여덟째는 맞는 말이고, 둘째부터 다섯째까지는 공감 안가네요. 둘째부터 다섯째까지 얘기된 것과는 12년째 반대로 하고 있거든요. 사놓고 잊어라도 틀린 말입니다. 앞에 전제와 실제 바람직한 행위가 빠졌어요. (성장할 것으로 보이는 회사를) 사놓고 잊어라 (라는 마음가짐을 가지고 분기에 한번정도 분기보고서 뜰 때만 확인해라)",0,2026-03-20T14:12:04Z,0,False
-8adMPsAYkk,워렌이 그랬지 여러바구니에 담지 말라고 ㅋㅋ 자신의 종목에 확신이 없는 도박이지,0,2026-02-09T08:07:47Z,0,False
-8adMPsAYkk,"하이리스크 하이리턴
어설프게 이익보면 나락가요",0,2026-04-24T11:35:05Z,0,False
-8adMPsAYkk,"지금 이런저런 악재와 호재가 반복되면서 나스닥이고 코스피고 뭐고 개같이 왔다갔다 박으면서 계~속 횡보중인데 이 영상보고 주식사놓고 몇달 혹은 1,2년뒤 보면 진지하게 토막나있을수 있음.. 걍 당분간 주식하지마라",0,2026-03-13T10:44:37Z,0,False
-8adMPsAYkk,아니? 오르면 팔아먹을 생각으로 목적으로 하니까 다수가 꼴고  소수만 벌지  그건 도박이다   돈많고  우량한  1등 기업이면서  배당을 잘주는 기업의 주식 앵간하면 우선주를  저축하듯이 모아가고  원급아껴서 사고 배당금받으면 재투자하면서  주식수를 늘려가야지  배당금이  근로소득을 넘어설때까지 최소한 그때까지  장기배당투자가 답이다  난  12년째  열심히모았다  배당으로도 먹고살수있을듯하다,0,2026-02-06T11:40:28Z,0,True
-8adMPsAYkk,지금 일런은 우주에서 뭐하고 있어요?????? 당신 댓글에 다세요.,0,2026-02-07T17:32:53Z,0,True
-8adMPsAYkk,넌 잘못 생각했어.,0,2026-01-28T09:08:02Z,0,False
-8adMPsAYkk,"인생에 정답없듯 주식에도 정답없다. 수없이 투자하면서 나만의 길을 찾아 걸어가야함
그래도 어쨌든 주식투자는 해야 된다는 쪽에 0
주식은 자본주의에 선물이니까",6,2026-01-28T14:02:10Z,0,False
-8adMPsAYkk,"왜?
미장이나 국장이나
난 수익 잘 올리고 있는데...",0,2026-08-19T21:02:40Z,0,True
-8adMPsAYkk,제 주식 거래앱에 해답이 있었어요. 어이없게 현재 매매가를 매수 가격으로 삼지않고 저 위에 어떤놈이 붙여둔 호가로 매매를 체결하더군요. 사자마자 바로 마이너스로 표시되더군요.,3,2026-01-30T11:52:56Z,0,True
-8adMPsAYkk,주식장은 디지털화폐,0,2026-02-22T04:24:23Z,0,False
-8adMPsAYkk,"아냐 ㅋㅋ 
니가 못해서 잃는거야
모니터 할필요도 없고 재무분석을 다 할필요도 없고 
매수 매도 주문 몇초 차이에 전체 수익에 큰 차이가 없다",10,2025-12-29T08:10:24Z,0,False
-8adMPsAYkk,일봉으로 보지 말고 주봉으로 보세요. 1년에 한두번 거래면 충분 합니다. 고수라면 잔파도 까지 월에 한번.,0,2026-08-10T21:01:57Z,0,False
-8adMPsAYkk,"주식투자로 장기적 복리수익을 내는
방법은~딱 하나 입니다.
■손절 할 가격에 주식을 사지않을 기준 입니다.
■●주식 투자수익은 ~딱 두가지 방법 밖에 없습니다.
■●배당을 받거나 ~싸게사서
비싸게 사거나~
■●또 하나가 있다면
낭비할 돈을 줄여서~주식에 저축하는 것  정도 일겁니다.
■●진 짜 실력은 자본효율성과
기업의 성장율과 ~리스크 관계를
유리한 확율을 지속 시키는 겁니다",0,2026-07-03T15:37:57Z,0,False
-8adMPsAYkk,개인이 반대매매 나간날 귀신같이 기관가 외국인이 매수를 많이함,5,2026-02-03T14:30:18Z,0,False
-8adMPsAYkk,미장 미장 하지만 지금은 국장의 시대!  언제까지 지속될 지는 모르지만 지금은 국장이 정말 감사함.,4,2026-02-06T17:23:01Z,0,True
-8adMPsAYkk,하지마하지마..,0,2026-07-26T04:14:09Z,0,False
-8adMPsAYkk,코스피200 에 적립식으로 넣으니 몇달만에 26프로네,3,2025-12-31T06:53:29Z,0,False
-8adMPsAYkk,적금 몽땅 해약해서  오션 시스템 원익 엔진  해서 분산 투자해놨다 적금 이자3퍼 1년후 7~8퍼 수익나면 은행이자보다 높은거 맞지 1년만 잘 버티자 주식앱 다지웠으니 안볼수 있겄지,0,2026-03-13T13:54:39Z,0,False
-8adMPsAYkk,긍게 하지마라고?,0,2026-04-24T08:03:42Z,0,True
-8adMPsAYkk,본인 말에 오류 있는거 몰라요? 해외주식을 하면 개미들이 수익을 본다며. 한국주식하면 대부분 손실을 보고. 개미들의 단점들을 나열해 고쳐야 한다는 말은 맞지만 해외주식이든 한국주식이든 조건은 같지.,0,2026-02-08T08:56:55Z,0,True
7FrJ3wuJDaY,"KBS <추적60분>에서 ‘취업 N수’ 사례자를 찾습니다.

- 같은 기업에 수차례 지원하신 분
- 경력이 있음에도 신입으로 지원하신 분
- 졸업 후 수년째 취업을 준비하고 계신 분
- 이밖에 ‘취업 N수’에 관한 경험을 나눠주실 분들의 제보를 기다립니다. 

제보: 010-9373-6548, <KBS 추적60분> 카카오톡 채널",55,2026-08-10T06:44:43Z,1,False
7FrJ3wuJDaY,엄청 사연있는것처럼 연출하지만 결국 빚내서한 도박,7319,2026-08-03T05:59:02Z,242,False
7FrJ3wuJDaY,"무슨 이유이든 상관없이 빚내서 투자하는거 아니다
본인 책임이니 인생 쓴 맛 봤다 생각하고 열심히 갚아내길",5257,2026-08-02T17:06:39Z,183,False
7FrJ3wuJDaY,돈 벌면 수익은 100% 자기 잘했다고 가져가고. 돈 잃으면 탕감해달라하는 게 말이 안되는 것 같다.,585,2026-08-07T05:30:56Z,10,False
7FrJ3wuJDaY,"2차전지에 K사, 주가 그래프보면 누가봐도 금양인데 지금은 상폐엔딩 어이구...",41,2026-08-20T09:33:59Z,1,False
7FrJ3wuJDaY,주식을 한게 아니라 도박을 했는데 당연한결과다.,1718,2026-08-03T07:47:12Z,22,False
7FrJ3wuJDaY,사람은 다 욕심 때문에 망한다. 그저 만족하고 감사하며 살아야 돼,933,2026-08-03T03:35:17Z,7,False
7FrJ3wuJDaY,"이런영상은 재탕을하던,
100탕을 하던 계속 올라와야합니다
계속 보고 빚투의 경각심을 가져야합니다",1448,2026-08-02T22:43:10Z,19,False
7FrJ3wuJDaY,본인이 선택해서 했으니  본인이 알아서 잘해야지,9,2026-08-23T06:16:05Z,0,False
7FrJ3wuJDaY,불쌍하게 볼필요없고 욕할필요도 없다 자기선택이니,2977,2026-08-03T05:58:48Z,37,False
7FrJ3wuJDaY,"투자는 선택임
잃었다고 국가가 나서 도와주면 안 됨",1489,2026-08-04T08:19:42Z,29,False
7FrJ3wuJDaY,주식하는 거 자체는 문제가 아니지. 솔직히 말하면 도박처럼 하니까 망하는 거다.,1388,2026-08-03T02:25:22Z,178,False
7FrJ3wuJDaY,누가 대출 받아서 주식하라고 누칼협?,228,2026-08-11T17:13:49Z,2,True
7FrJ3wuJDaY,"저 사람들이 한걸  투자라 하지 마라 
투기 도박 이게 맞는 표현이다",759,2026-08-03T12:53:10Z,24,False
7FrJ3wuJDaY,"왜 투자하면 다들 이득일거라고만생각하지.... 
잃을건생각안하는것도 지능이다",52,2026-08-11T07:10:57Z,0,True
7FrJ3wuJDaY,적당한 투자가 투자지 빚내서 하는건 도박이지 정부에서 탕감 해주면 빚투 안한 사람 바보 만드는 것,65,2026-08-02T21:57:09Z,0,False
7FrJ3wuJDaY,안타깝습니다 대한민국 모든분들이 행복하시길 기도 합니다,2,2026-08-30T15:04:25Z,0,False
7FrJ3wuJDaY,빚투는 이미 투기입니다. 투자는 노후를 위해 여유자금으로 조금씩 모으는 겁니다. 투자는 개인의 선택이므로 책임도 따르는겁니다.,287,2026-08-02T15:38:15Z,4,False
7FrJ3wuJDaY,"제발 빚투, 영끌족들 세금으로 구제해주지좀마라",542,2026-08-09T12:50:20Z,14,False
7FrJ3wuJDaY,사연은 딱하지만 투자는 본인 선택이다,66,2026-08-03T08:28:48Z,0,False
7FrJ3wuJDaY,처음에 나온 청년은 배달 하는데 130벌고 대학나와서 3군데 직장 1년도 못다닌 사람이면 일 자체를 하기 싫어하는 요행만 바라는 사람임,9,2026-08-17T11:55:26Z,0,False
7FrJ3wuJDaY,인생을 한방에 몰빵하는 자체가 도박이다  ㅠㅠ,908,2026-08-02T22:11:24Z,16,False
7FrJ3wuJDaY,주식이라는 그럴싸한 단어를 쓰지만  재들은 도박쟁이임,63,2026-08-03T07:46:48Z,0,False
7FrJ3wuJDaY,"빚투,영끌하는 애들은 투자라기보다 대부분 투기에 가깝다.",652,2026-08-03T15:54:05Z,16,False
7FrJ3wuJDaY,"빚투는 패가망신의 지름길인데,
그것도 도박처럼 끊지를 못하게 됨.
무조건 중단만이 살길임.",4,2026-08-16T14:07:43Z,0,False
7FrJ3wuJDaY,공부하고 해도 어려운게 주식입니다 겸손과 함께 시간을 녹이면서 하셔요,83,2026-08-02T22:59:11Z,1,False
7FrJ3wuJDaY,3년동안 재탕 했으면 그만 할떄도 됐잖아?ㅋㅋㅋㅋㅋ,2917,2026-08-02T15:37:10Z,46,True
7FrJ3wuJDaY,돈 무서운줄 아는 세상이 정상인거지,217,2026-08-03T04:15:50Z,0,False
7FrJ3wuJDaY,생각만 해도 속이 꽉 막히네..,2,2026-08-19T22:52:25Z,0,False
7FrJ3wuJDaY,"선택도 본인 
결과도 본인이 
실패도 본인이 감당해야함",237,2026-08-03T02:33:37Z,0,False
7FrJ3wuJDaY,투기와 투자는 완전히 다른 뜻이다,30,2026-08-05T08:38:58Z,0,False
7FrJ3wuJDaY,무엇보다 젊은이들은 저런것보단 우선 열심히 일하면 돈벌수있는 환경을 만들어줘야한다.  한탕주의에 안빠지도록,39,2026-08-03T01:10:33Z,1,True
7FrJ3wuJDaY,모두다 욕심이다  욕심은 사망을 부른다.,3,2026-09-15T07:31:06Z,0,False
7FrJ3wuJDaY,세상에 공짜 없고 싸고 좋은 거 없으며 돈벌게 해준다는 건 전부 거짓말이다,358,2026-08-04T07:51:47Z,8,False
7FrJ3wuJDaY,"빚 우습게 알다
골로 간다",81,2026-08-02T16:48:20Z,0,False
7FrJ3wuJDaY,자업자득.. 책임은 본인몫,123,2026-08-03T03:22:26Z,0,False
7FrJ3wuJDaY,욕심에서 다 벌어진  일입니다.절대 빚으로 주식하면 망합니다.,13,2026-08-21T02:30:40Z,1,False
7FrJ3wuJDaY,본인 인생 본인이 결정했으니 끝까지 본인이 책임지기를.,75,2026-08-03T06:43:03Z,0,False
7FrJ3wuJDaY,주식 투자라 하면서 한방 인생역전 드가자하는이거는 투자가 아닌 도박이라고 한다,19,2026-08-10T06:43:15Z,0,False
7FrJ3wuJDaY,빚내서 투자하는 건 도박이다  !,331,2026-08-04T11:20:41Z,5,False
7FrJ3wuJDaY,정말 유익한 주식 투자 유의 영상이다.,0,2026-08-19T07:23:01Z,0,False
7FrJ3wuJDaY,한탕  노린 대가가 뼈아프네.. 딴 사람들은 폭염에서 일하면서 저축하는데,269,2026-08-03T01:08:02Z,3,False
7FrJ3wuJDaY,본인책임이다 제밬❤,40,2026-08-02T20:38:54Z,0,False
7FrJ3wuJDaY,"대박이 있으면 쪽박이 있는거
대박과 쪽박은 항상 공존한다",147,2026-08-04T23:21:20Z,3,False
7FrJ3wuJDaY,"먹고 싶은 것도 아끼고, 옷도 아끼고, 여행가는 것도 아끼고,
자신에게 모든 것을 아껴서 주식의 누군가에게 돈을 퍼주고 있는 현실이란....
제로섬게임이라, 누군가는 이득보는게 주식판이거늘....",2,2026-08-11T15:09:30Z,0,False
7FrJ3wuJDaY,"그냥 도박에 빠진거임, 한번 튀어 올랐을 때의 도파민중독에서 못 벗어남",273,2026-08-03T08:29:19Z,2,False
7FrJ3wuJDaY,금융교육도 필요하지만 더 시급한 것은 도덕 인성교육이 아닐까요?,53,2026-08-03T04:55:45Z,0,True
7FrJ3wuJDaY,적립식으로 장기투자할 수 있는 환경을 조성해야지. 빚내서 투자하면 절대 안됩니다.  요즘 레버리지etf는 정말 투기판으로 만드는 꼴... 에휴~,94,2026-08-02T15:43:48Z,7,False
7FrJ3wuJDaY,쉽게 버는건 당연하게 생각하면서 쉽게잃는건 왜 용납을 못해ㅋㅋㅋ,3,2026-09-08T14:27:59Z,0,True
7FrJ3wuJDaY,세금으로 절대 뭐 할 생각하지 마라. 안타까워할 필요도 없는 도박을 한 사람들이다.,250,2026-08-03T09:31:54Z,6,False
7FrJ3wuJDaY,투자 책임은 본인에게 있습니다. 남 탓할 생각하지 마세요,10,2026-08-04T01:05:21Z,0,False
7FrJ3wuJDaY,아무리 처지가 딱해도 주식투자는 누가 강요한것도 아니고 100%본인책임,22,2026-08-02T22:51:41Z,1,False
7FrJ3wuJDaY,"본인 성향을 잘 알아야 해요.. 전 몰빵하는 성향을 잘 알아 절대 주식 도박을 하지 않아요
재미삼아 장난이라도 돈 되는 게임장에 가지도 하지도 말아야 합니다",2,2026-09-25T03:21:50Z,0,False
7FrJ3wuJDaY,본인들은 투자라고 하지만 투자가 아니다 투기다,7,2026-08-11T03:19:52Z,0,False
7FrJ3wuJDaY,"참나~~~아직도 정신 못차렸구나..
저거 못끊어요.. 중독이야 중독",103,2026-08-02T21:44:02Z,0,False
7FrJ3wuJDaY,투자는 결과는  그 누구의 잘못이 아니라 본인에게 있습니;다.,35,2026-08-03T18:53:31Z,0,False
7FrJ3wuJDaY,"빈곤층은
절대적
부자가 못된다😂😂😂😂😂😂😂😂",3,2026-08-23T01:27:32Z,0,False
7FrJ3wuJDaY,주식에 눈길이 가는 나에겐 참고서같은 영상 ㅎㄷㄷ,97,2026-08-02T17:31:18Z,5,False
7FrJ3wuJDaY,투자를 가장한 투기 도박이다,54,2026-08-03T07:55:27Z,0,False
7FrJ3wuJDaY,남의 돈 무서운거 알아야지ㅠ  절대 빚투는 망하는 지름길이다,9,2026-08-03T09:32:34Z,0,False
7FrJ3wuJDaY,"정신이 불건전한 가치관이 빈약한 서글픈 인생들, 일고의 가치를 못 느낌.",2,2026-09-26T01:25:17Z,0,False
7FrJ3wuJDaY,"주식이 도박이라
빠져나오기힘들어  안하는기답이다",74,2026-08-02T19:28:22Z,0,False
7FrJ3wuJDaY,"26:26 킬링 포인트 ""삼성전자 현대차였다면...""",9,2026-08-05T12:48:43Z,0,False
7FrJ3wuJDaY,빚내서 투자하는 것 만큼 어리석은 투자는 없다,199,2026-08-03T01:32:27Z,5,False
7FrJ3wuJDaY,남에돈을 웃읍게보지 말라 노력해서 벌어야 한다 외상은 소도 잡아먹는다,2,2026-08-11T09:36:39Z,0,False
7FrJ3wuJDaY,투자는 시드를 잃어도 생활에 아무지장없는정도로만 해야되고 빚내서 투자하는건 미친짓이고 도박이지,62,2026-08-03T05:51:45Z,0,False
7FrJ3wuJDaY,주식은 처음에 투자로하다가 좀벌면 투기로빠져뻐림...   인간이에게 절제 안됨,21,2026-08-03T04:54:32Z,1,False
7FrJ3wuJDaY,본인들 전부를 배팅하는데 일은 열심히 할생각들하면서 투자하는건 공부들을 안함😢😢,13,2026-08-03T02:54:11Z,0,False
7FrJ3wuJDaY,🤦‍♂️가져온 돈은 모두 수업료 !😤,1,2026-08-15T17:52:36Z,0,False
7FrJ3wuJDaY,돈나올곳 없어야 끈난다.,7,2026-08-06T12:03:04Z,0,False
7FrJ3wuJDaY,열심히 하세요~! 화이팅입니다.,5,2026-08-04T02:59:20Z,0,False
7FrJ3wuJDaY,교훈을주는 다큐네요,6,2026-08-04T22:35:29Z,0,False
7FrJ3wuJDaY,욕심이 화를부른다,1,2026-09-18T07:55:54Z,0,False
7FrJ3wuJDaY,"힘내세요 
절대 빛투 하지마시고~~~~",6,2026-08-07T01:26:16Z,0,False
7FrJ3wuJDaY,손실도 경험이다 이겨내야되는거고..  다만 정부가 나서서 직업도 없는 20대들 대출 못하게 막아야 실패경험을 무난히 넘길수있다,100,2026-08-02T17:44:58Z,0,False
7FrJ3wuJDaY,"정신차리길... 
빚투라니...",63,2026-08-05T08:04:14Z,0,False
7FrJ3wuJDaY,너무 훈훈하다 ㅎㅎㅎㅎ,6,2026-08-03T08:48:44Z,0,False
7FrJ3wuJDaY,근데 저런 도박쟁이들이 손실보고 떨어져야 우리 같은 투자자가 범ㅋ,8,2026-08-03T07:51:21Z,0,False
7FrJ3wuJDaY,주식 때문에 무너진게 아니라 주식 자체를 잘못이해하고 돈을 벌 그릇이 안된거임. 먼 지들이 부족한걸 주식탓으로 돌림.,97,2026-08-03T02:30:39Z,7,False
7FrJ3wuJDaY,제일망하는 지름길은 대출도 공부안하는것도 맞지만 욕심이 젤크다!,0,2026-08-16T01:00:52Z,0,False
7FrJ3wuJDaY,합법적 도박 😊,17,2026-08-08T09:31:21Z,0,False
7FrJ3wuJDaY,월세가 10인데 카드값이 80? 아직도 정신못차렸구만,8,2026-08-03T03:22:32Z,0,True
7FrJ3wuJDaY,"투자는.. 여윳돈으로 하고 빚은 빚을 낳을 뿐입니다ㅠ
24년.. 영상이면 지금 까지 안팔았으면 벌었겠네",27,2026-08-04T00:10:33Z,3,False
7FrJ3wuJDaY,제발 정신차려라. 세상에 공짜는 없다.,2,2026-08-11T13:57:18Z,0,False
7FrJ3wuJDaY,폭락장마다 재탕 틀어주면서 개꿀빠네 ㅋㅋㅋ,92,2026-08-02T18:43:55Z,0,False
7FrJ3wuJDaY,첫방부터 대출받아서 주식투자? 하이고야...............,51,2026-08-02T15:12:36Z,1,True
7FrJ3wuJDaY,헉..거래정지라면... 밧데리 아저씨 금양이네요..ㅜㅜ,161,2026-08-02T23:34:16Z,2,False
7FrJ3wuJDaY,자기 선택이지 누가 강요하나? 대출받아 주식투자해서 돈 벌었으면 누군가에게 자랑했겠지. 애들도 아니고 자기가 책임저야할 일일뿐,2,2026-09-08T02:49:37Z,0,True
7FrJ3wuJDaY,"금융교육을 해야하고
주식계좌 만들기전에 빚으로 투자는 도박임을 반드시 인식시키자..
그리고 강원랜드처럼 도박꾼들이 연속적으로 도박 못하는 장치도 필요함.",62,2026-08-07T04:49:53Z,1,False
7FrJ3wuJDaY,"주식은 여유잊는 자금으로 나눠서 투자해야지요 .빗에
서 해어날수없지요",16,2026-08-02T19:52:36Z,2,False
7FrJ3wuJDaY,투기판이된 주식시장과 일할곳이 줄고 고학력자가 많고 ᆢ사회적변화에 적응해나가야할듯ᆢ살아가야할 현실이 씁쓸합니다,23,2026-08-03T10:29:42Z,0,False
7FrJ3wuJDaY,"본인의 선택임
국가에서 왜 도와줘야하냐
사람 못 고친다
또 해",2,2026-10-06T04:19:46Z,0,True
7FrJ3wuJDaY,이런 영상을 보며 오늘도 제 인생에 감사하며 힘을 냅니다ㅋ,29,2026-08-07T13:15:45Z,0,False
7FrJ3wuJDaY,"레버리지 청산
사이다",7,2026-08-03T04:37:32Z,0,False
7FrJ3wuJDaY,투자는 본인판단 본인책임,109,2026-08-05T07:19:27Z,4,False
7FrJ3wuJDaY,"취업이 어려우니 건실하게 돈을 벌 수 없고, 벌어도 집은 못 사니 주식 코인이라도 해서 해결하려는 이 병든 사회가 슬프다",1,2026-09-19T07:50:15Z,0,False
7FrJ3wuJDaY,대형주 고점대비 -60% 떨어지면 그때부터 1%씩 매수 평균가대비 떨어져있으면 또1%씩 매수 계속 이렇게 하다보면 평균가가 저점찍고 순환매 돌아오면 고점과 저점 중간값이 온다 그때 팔면 된다,8,2026-08-02T18:00:00Z,0,False
7FrJ3wuJDaY,땀흘려 버는 돈의 가치를 알려줘라. 이들에게 세금을 낭비하지 말아라. 자신의 도박에 스스로 책임을 져야한다. 그것도 못배우면 정말 죽이는거다.,59,2026-08-02T17:04:50Z,1,False
7FrJ3wuJDaY,대단하다 대출로..... 주식을 나도 하고 있지만 그냥 없어도 되는 돈으로 해라..,64,2026-08-03T18:36:36Z,2,False
7FrJ3wuJDaY,조급하면 털린다는것을 젊은이들은 알아야한다 ㆍ한탕은없다ㆍ 주식은 기다림의댓가다,2,2026-09-25T02:58:05Z,0,False
tpemw_8iBGg,그때 운으로 많이 벌었으면 원금 빼고 수익으로만 하시지..너무 욕심을 부리셨네요 ㅠㅠ,9,2026-03-15T00:42:19Z,0,False
tpemw_8iBGg,손절을 해야지 욕심이 화를 부르네 공짜도 정도껏 챙겨야지 반도체는 아직도 가는디,5,2026-05-31T13:05:03Z,0,False
tpemw_8iBGg,자업자득이지. 평생 후회하면서 살아라.,5,2026-04-17T17:08:58Z,0,False
tpemw_8iBGg,이익날때좋았으면 손해도감수하면되지요~,2,2026-06-24T05:14:27Z,0,False
tpemw_8iBGg,"노름은 처음에는 이익을 보나 나중에 
깡통차는게 진리네
전문가 일수록 더망함",4,2026-04-19T07:35:07Z,0,False
tpemw_8iBGg,음악소리나면   짜증나서나가요,2,2026-07-02T10:45:24Z,0,False
tpemw_8iBGg,"빚투는폭망이다
전부빚이구만~ 증권사대출안갚으면 반대매매당한다",1,2026-07-05T02:22:08Z,0,False
tpemw_8iBGg,주식도 어떻게 생각하면 도박에 가깝다.,3,2026-04-29T23:37:11Z,0,True
tpemw_8iBGg,"내가 29년전 그렇게
파산후 절치부심해 40억을 벌어서 잘먹고 잘살고 67세네요",1,2026-08-08T17:43:57Z,0,False
tpemw_8iBGg,아들이 효자네 근디. 부부600버는데 모자르다고??,3,2026-06-16T13:48:48Z,0,True
tpemw_8iBGg,"주식에대해 전문가도없으며 아무리 주식책을 읽는다해도 소용없습니다
주식의 실무자들도 안됩니다 
주식은 도박일뿐이죠
그리고 사기가 난무하는곳이고
 이거주식사면 대박난다느니
부동산 이거 투자하면 대박터진다는
이런 말들은
싹다 사기라고보면되지요
세상에 이런 꽁짜는 없습니다
진짜라면 이걸 왜 남에게 권유하나요
지가하지,
말이 안되죠
이런식의 말로 접근하는것 자체가 사기꾼이라는것이고
김박사니 뭐니 이자가 떠들어대는 말만 듣고 판단한다는게 웃길뿐이고 어이가없을뿐이죠
한탕해먹고 잠적할지 모르는것이고
서로 언제봤다고 주절대는 말만듣고 신용하는지
어떤 근거도없다는것입니다
주식시장에는 주식작전세력들이 있다는것을 알아야하고
가만보니 작전세력들이 장난치는것 같습니다
세상에는 공짜가없어요
그리고 주식시장에는 개미투자자들은
큰손들을 이길수가없습니다
큰손들에게는 막대한 자금력으로
작전세력들과 함께 움직이며 
주식을 끌어올리고
그다음 주식을 팔아치우면 주식은 결국 깡통이되는거죠
더군다나 컴퓨터로 주식이 오르고 내리고하는것은
이런식의 플레이는
얼마든지 조작할수있지않나 싶네요
굉장히 위험한 주식사기에 걸려든것 같습니다
주식을 매입했다는 물증이없다는것이죠
그리고 인터넷 도박사이클도
사기입니다
승부조작을 얼마든지 가지고 놀수있다는것이지요
즉 이미 돈을 잃게 정해진 프로그램이 설정화되있기때문에
돈을 딸수가없어요",7,2025-12-15T12:03:58Z,2,True
tpemw_8iBGg,음악소리 거슬려,1,2026-07-05T14:44:40Z,0,False
tpemw_8iBGg,"약40년직장다니고
퇴직하고 취미생활하며
연금받으면서
생활하고있는데요
아저씨는 쓸데없이 부지런하면 골병듭니다
건강관리하면서 
남은생을 살아가세요
주식하다가 돈잃은것보다
그대로 가면 중병걸린다
일은 그만 하세요",7,2025-12-04T05:22:19Z,1,False
tpemw_8iBGg,아직도 많이 남았네,0,2026-09-17T10:19:22Z,0,False
UQU-1yRyzCg,"자신들이 위험성 있는 레버리지에 투자해 놓고 누구를 원망합니까? 다 자기 자신들이 선택한 거죠. 남탓하지 마세요.
자기 자신을 탔하세요",37,2026-07-31T14:13:40Z,0,True
UQU-1yRyzCg,투자는 자기가 결정하고 하는만큼 책임도 자신이 해야지,7,2026-08-02T15:07:02Z,0,False
UQU-1yRyzCg,요즘  투자가 아니라 투기  ㅋㅋㅋ ㅋㅋㅋ,10,2026-08-04T03:47:56Z,0,False
UQU-1yRyzCg,주식은 도박이 아니라 투자입니다 전부다 도박을 했구만.,33,2026-07-30T19:01:16Z,2,False
UQU-1yRyzCg,"분할매도 몇번에 수억 현금화 완료.
고점에서 못판게 아쉬울 뿐 ㅠㅠ😊",6,2026-08-02T06:43:41Z,0,False
UQU-1yRyzCg,정부에서는 코스피5천시대 연다고 했는데  과도하게 9천까지 올라감  누가 봐도 고점  거기서 수익내겟다고 들어가는건 스캘핑 하는 고수들 밖에 없음,5,2026-08-02T01:57:13Z,0,False
UQU-1yRyzCg,"기다리지도못하면서 뭔 주식을 한다고 
근데 레버리지는 하면 안된다",5,2026-08-02T00:07:33Z,0,False
UQU-1yRyzCg,주식이란게 원래 그래,1,2026-08-19T05:32:59Z,0,False
UQU-1yRyzCg,기냥 기다려요,1,2026-08-04T12:47:22Z,0,False
UQU-1yRyzCg,"본인들이   욕심 부리다    저리된걸 
이익보면    본인탓 
손해보면    남탓",23,2026-08-02T08:48:50Z,0,False
UQU-1yRyzCg,"욕심부리다
당한거지",3,2026-08-02T09:37:54Z,0,False
UQU-1yRyzCg,전원주가 탑이지,3,2026-08-02T07:16:16Z,0,False
UQU-1yRyzCg,"주식은
존리님이 진리.",2,2026-08-02T05:22:35Z,0,False
UQU-1yRyzCg,"지손으로 투자하고 나라탓...
레버리지 출시한건 잘못한게 맞다고본다 
근데 투자를 나라가 대신함?
니손으로했자나 
거기가 교육까지 받고 지손으로 투자하고 나라탓
나도 주식하지만 진짜 짜친다",3,2026-08-06T06:19:55Z,0,True
UQU-1yRyzCg,본인들 선택인데 징징대지마라. 그리고 아직 안 팔았잖아...,19,2026-08-02T09:18:17Z,0,False
UQU-1yRyzCg,투자는 본인에 선택인것을..,1,2026-08-04T08:25:20Z,0,False
UQU-1yRyzCg,레버리지는  지 잘못  투자가 아니고 도박,3,2026-08-02T06:35:37Z,0,False
UQU-1yRyzCg,안 팔면 되지 팔면서 왜 들먹여,2,2026-08-03T06:51:36Z,0,True
UQU-1yRyzCg,"나도 270 인데 
그냥 기다려
물타던지
세상끝난거 마냥 참..",0,2026-08-07T07:46:54Z,0,False
UQU-1yRyzCg,"단타하려니까그렇지
5~10년이상 장기투자해야한다 
그냥묻어두면 웃을날옵니다",19,2026-07-30T23:53:21Z,8,False
UQU-1yRyzCg,나도,0,2026-08-07T06:02:31Z,0,False
UQU-1yRyzCg,"그래서 홈쇼핑에
나오던데
그게 이거였구나",0,2026-08-09T13:10:01Z,0,False
UQU-1yRyzCg,투자는 본인몫이다 남탓하지마라,1,2026-08-02T09:51:34Z,0,False
UQU-1yRyzCg,아고 답답합니다..,0,2026-08-09T12:37:26Z,0,False
UQU-1yRyzCg,ㅋㅋ 20만원대에서도 안샀던 하닉을 뒤늦게 유행따라 사니 저모양.. ㅋㅋ,1,2026-08-11T16:13:35Z,0,False
UQU-1yRyzCg,사팔하지말고 그냥둬  무조건 올라,1,2026-08-04T17:32:50Z,0,False
UQU-1yRyzCg,"삼전 64000에 담았는데도 지금 멘붕이고 불안함
374000에 담은 분들맘은 어떨까~~??",1,2026-08-02T23:02:54Z,0,True
UQU-1yRyzCg,이제 헬게이트 시작인데 벌써 징징되면 안되지,1,2026-08-05T13:58:08Z,0,False
UQU-1yRyzCg,레버리지는 투자가 아니라도박이지.,0,2026-08-05T02:46:58Z,0,False
UQU-1yRyzCg,작년에 하이닉스 20~60만 왓다갓다 했다 그때뭐하고 꼭지에 사서 지랄인지 모르겟어요 ㅎㅎㅎㅎㅎㅎㅎㅎㅎㅎ,1,2026-08-02T09:40:18Z,0,False
UQU-1yRyzCg,지금 매수 타이밍 인가요 ?,6,2026-08-02T08:57:38Z,1,True
UQU-1yRyzCg,"이해가 안 가는데 주식은 팔기 전까지는 손실 확정이 아닌데 왜 자꾸 손실 봤다고 결론을 내리는 걸까?
혹시 주식을 도박으로 대하기 때문에 그런걸까?",0,2026-08-08T03:43:49Z,0,True
UQU-1yRyzCg,ㅋㅋㅋ 저들이 던질때가 저점이다,0,2026-08-04T20:57:52Z,0,False
UQU-1yRyzCg,증권은 .. 떠나면 지는거임 (이원주 봐요 .. 몇십년째 투자임,0,2026-08-07T08:21:39Z,0,False
UQU-1yRyzCg,전부 수익본 후에 물렸다는 이야기,0,2026-08-03T05:35:54Z,0,False
UQU-1yRyzCg,주식자체가 위험자산이고 외국인 기관  사채업자들이 장난치는 시장..,0,2026-09-20T06:38:58Z,0,False
UQU-1yRyzCg,전원주 미만 잡,2,2026-08-02T02:59:18Z,0,False
UQU-1yRyzCg,"정부 비판할것 없다
투자는 본인이 판단하는거다",0,2026-08-06T02:35:13Z,0,False
UQU-1yRyzCg,존버하면 다시 수익줄겁니다,0,2026-08-09T07:28:28Z,0,False
UQU-1yRyzCg,투자는 본인 책임,0,2026-08-09T06:54:53Z,0,False
UQU-1yRyzCg,계란을 왜 한바구니에.....,0,2026-08-04T13:17:10Z,0,True
UQU-1yRyzCg,그냥  나둬도 된다 본인들이 알아서 한다   도박은  그냥 도박이다~,0,2026-08-04T05:44:21Z,0,False
UQU-1yRyzCg,레버리지투자는 그냥 조용히 잇어라 없어보인다,0,2026-08-04T13:45:59Z,0,False
UQU-1yRyzCg,나는 주식을 해본 적이 없다,0,2026-08-06T12:52:52Z,0,False
UQU-1yRyzCg,올라가,0,2026-08-08T18:31:17Z,0,False
UQU-1yRyzCg,주식은 인내하면 돈번다,0,2026-08-02T08:02:55Z,0,False
UQU-1yRyzCg,270만원대 매수가 투자냐?   ㅋ. ㅋ,1,2026-08-03T14:20:49Z,0,True
UQU-1yRyzCg,본인 투기 잘못 본명 맞습니다  그러나 이런 상품  만든사람이 또한 책임  상품이 없으면 들어가지 않았겠지  정부가 하는역할 도박장  만들지  말아야지,1,2026-08-04T00:26:37Z,1,False
UQU-1yRyzCg,"써킷~브레이크~자주걸린다
조심해라~
계속해서~공포의 단타장~크큭",2,2026-07-30T19:42:25Z,0,False
UQU-1yRyzCg,누가보면 레버리지 나오기전에는 개미들이 돈딴줄알것다 늘그랬듯 또 그랬을뿐 뭐가 새로워 ?,3,2026-08-01T17:19:56Z,3,True
UQU-1yRyzCg,누가 떠밀었나? 누가 눌렀나?,0,2026-08-09T23:28:22Z,0,True
UQU-1yRyzCg,솔까 돈만은 사람은 장기로 삼전 넣어두면된다 나도 삼전 57000주 있다 절대 안본다 나락 하는데 오를건 오른다,2,2026-08-02T14:51:33Z,1,False
UQU-1yRyzCg,또 할껄,0,2026-08-02T11:05:25Z,0,False
UQU-1yRyzCg,250층 이상에 몰린 사람들은 주식왕초보들이잖아,0,2026-08-08T08:09:19Z,0,False
UQU-1yRyzCg,도박했네. 기본도 모르고. 국장이 어쩌니.,0,2026-08-02T13:31:51Z,0,False
UQU-1yRyzCg,1등는  노름쟁이네,1,2026-08-02T15:05:29Z,0,False
UQU-1yRyzCg,올라갈땐 꺼드럭거리더니,0,2026-08-04T18:42:56Z,0,False
UQU-1yRyzCg,"한 탕을 바라고 몰 빵을 했군 
누구를 탓 해
주식에 있어서 몰 빵은 하는 게 아니 예요",0,2026-08-10T18:02:02Z,0,False
UQU-1yRyzCg,"정부탓을한다고?
ETF단일레버리지출시시점이
신규. 투입은.  위험한시점에출시
외인자금중. 중국자금과. 짬짜미로
높은가격에.   총알받이용이
대량etf자금
실제목적이다",1,2026-08-03T06:24:45Z,0,True
UQU-1yRyzCg,"나  2,499,000원 77주 ㅠ",0,2026-08-07T01:21:15Z,0,False
UQU-1yRyzCg,레버리지는 안하는게나음,0,2026-08-14T02:10:28Z,0,False
UQU-1yRyzCg,투자가 하루이틀하고 투자냐? 좀 기다려라 하이닉스 안망한다,0,2026-08-02T08:59:53Z,0,True
UQU-1yRyzCg,누가하라고 협박했나요?ㅎ,0,2026-08-08T03:26:58Z,0,True
UQU-1yRyzCg,참 그것도 자랑이라고 하냐~~,0,2026-08-04T10:49:00Z,0,False
UQU-1yRyzCg,미자는 멀해도ㅜㅜ,0,2026-08-04T15:05:52Z,0,False
UQU-1yRyzCg,130-140만대쯤 다 물타서 100만원 중후반대쯤 정도되겠네 무한물타기는 무패다 😂😂😂,0,2026-08-24T21:52:03Z,0,False
UQU-1yRyzCg,아기 포대기엎고 증권회사 찾아올때가 끝물이라는걸 간과했다.,0,2026-08-08T15:23:30Z,0,False
UQU-1yRyzCg,주식에 용돈가지고 노냐 인생을 걸어라 ㅋㅋ,0,2026-08-05T12:36:03Z,0,False
UQU-1yRyzCg,방송게에서유명하거나  의미있는사람은하나도없내,0,2026-08-02T01:40:16Z,0,False
UQU-1yRyzCg,"손실도 별로안났네,,,",0,2026-08-07T03:32:24Z,0,False
UQU-1yRyzCg,한국은 도박장,0,2026-08-02T18:58:02Z,0,False
UQU-1yRyzCg,유명인 걱정은 하지 않아도 됨 쟤들은 저거 투자한 금액 다 푼돈이고 본인들 재산에 1퍼 될까 말까한 애들임 일반 서민들 기준에서나 몇천만원 손실나면 죽을상이지 유명인들 연예인들 수천만원은 방송 한두번나오면 다 버는돈임,0,2026-08-08T13:25:24Z,0,False
UQU-1yRyzCg,도박판. ㅋㅋㅋ,0,2026-08-02T11:12:22Z,0,False
UQU-1yRyzCg,한달 주식하고 .. 망햇다니 ㅋㅋ,0,2026-08-07T08:22:06Z,0,False
UQU-1yRyzCg,비쌀때 왜사노,0,2026-08-04T03:30:21Z,0,False
UQU-1yRyzCg,ㅋ수익이 나면 내가 잘해서?손실나면 남탓이 기본,0,2026-08-03T09:02:26Z,0,True
UQU-1yRyzCg,도박하는 자들,0,2026-08-02T04:03:08Z,0,False
UQU-1yRyzCg,이해가 안가네 언제 어떻게 탔길레 손실이 나냐...자기 머리와 손가락을 탓해라,0,2026-08-08T13:31:21Z,0,True
UQU-1yRyzCg,뒤늦게 주식한다고 들어와서 고점에서 사서 손해본걸 왜 정부탓을하는건지,0,2026-08-10T05:18:43Z,0,True
UQU-1yRyzCg,주방장도 연예인이냐?,0,2026-08-08T18:32:00Z,0,True
UQU-1yRyzCg,지돈 지가 다 꼴아박아놓고 정부탓을 왜하냐ㅋ,0,2026-08-02T10:49:26Z,0,False
UQU-1yRyzCg,이거보니 앞으로 250이상은 안오겠네....ㅋ,0,2026-08-05T06:32:48Z,0,False
UQU-1yRyzCg,연애인치곤 소소하내,0,2026-08-07T08:41:49Z,0,False
UQU-1yRyzCg,한심하다 ㅉㅉ,0,2026-08-06T09:00:11Z,0,False
UQU-1yRyzCg,매스컴 유튜브에서 삼전 50만원 하이닉스 400만원 까지 간다고 바람잡으니 전국민이 미칠 수 밖에.,0,2026-08-10T14:07:29Z,0,False
UQU-1yRyzCg,자꾸 하래,0,2026-08-09T14:10:01Z,0,False
UQU-1yRyzCg,레버리지는 다 망해야한다!!!!,0,2026-08-08T21:36:47Z,0,False
UQU-1yRyzCg,껌값이구만 뭘그걸가지고,0,2026-07-31T15:31:21Z,0,False
UQU-1yRyzCg,하이닉스 들어간 사람들 솔직히 다 단타지 ..먼 투자냐..투기지,0,2026-08-08T23:53:20Z,0,False
UQU-1yRyzCg,머어쩌라고..,0,2026-08-02T10:54:19Z,0,False
UQU-1yRyzCg,당신들이 들어와서 떨어진 것 임. 순식간에. 너무 높이감.   빨리 나가시요 그래야 고수들이  돈벌지ㅡ쉽게 돈 버는 경우 없음,0,2026-08-06T04:18:03Z,0,False
UQU-1yRyzCg,일년정도 기다려 단타 하면서 지랄이야,0,2026-08-03T06:53:05Z,0,False
UQU-1yRyzCg,ㅋㅋㅋㅋㅋㅋㅋㅋㅋㅋㅋㅋㅋㅋㅋㅋㅋㅋㅋㅋㅋㅋㅋㅋㅋㅋㅋㅋㅋㅋㅋㅋㅋㅋㅋㅋㅋㅋㅋㅋㅋㅋㅋㅋㅋㅋㅋㅋ,0,2026-08-03T10:45:06Z,0,False
UQU-1yRyzCg,노가다한돈 적금깨고 넣었다 50%로 손실중 1어 ㅇ 억  밥맛이없다,0,2026-08-07T08:43:48Z,0,False
UQU-1yRyzCg,"정부가 선동 오지게 쎄게 했지 미친정부 다, 개인탓으로 돌리기엔 정부가 너무 깊이 개입함",0,2026-08-09T01:21:43Z,0,False
UQU-1yRyzCg,꼭 정부탓하는 인간들이 있네,0,2026-08-07T12:19:50Z,0,False
UQU-1yRyzCg,연예인 이재명은 왜 없ㄷ지?,0,2026-08-09T06:28:18Z,0,True
UQU-1yRyzCg,꼭지다,0,2026-08-05T06:44:22Z,0,False
UQU-1yRyzCg,50프로 손실이 손실인가?  ㅎㅎ,0,2026-08-08T13:02:47Z,0,True
UQU-1yRyzCg,이재명믿고 쳐넣었으면 당연히 망해야지,0,2026-08-02T11:06:22Z,0,False
mfFFySbsmuk,"음의 복리는 위험하지..
반대로양의 복리도 있다",70,2026-05-27T06:59:51Z,13,False
mfFFySbsmuk,오르락 내리락하다가 원금이 야금야금 까지는 구조.,4,2026-07-07T00:04:58Z,0,False
mfFFySbsmuk,그러니까 장 미감 전에 사서 그 다음날 장 마감할때 팔면 되는거구나,10,2026-06-02T08:34:27Z,0,False
mfFFySbsmuk,일정기간 동안 우상향 되는 종목에 레버리지 들어가고 익절은 개별주보다 빠른 타이밍에.,6,2026-06-05T03:04:34Z,0,False
mfFFySbsmuk,양면성이 있는데 안좋은 부분만 강조하시네요 양복리도 있슴돠 가즤아,13,2026-06-09T19:01:07Z,2,False
mfFFySbsmuk,2배 성공 못하면 따블로 저세상 감 ㅋㅋ,5,2026-06-10T10:23:45Z,0,False
mfFFySbsmuk,20퍼 그다음날 10퍼센트 올라서 20퍼 또 먹으면🎉,2,2026-05-30T15:24:27Z,0,False
mfFFySbsmuk,이제 떨어질리 없으니 레버리지 사야겠네,3,2026-07-10T04:42:32Z,1,False
mfFFySbsmuk,하루!,2,2026-06-20T12:27:25Z,0,False
mfFFySbsmuk,"레버리지 장기투자를 누가 한방에 몰빵하고 기다리냐. 
지금 반도체 처럼 어느기간 우상향이 거의 확실하다고 판단되면 떨어질때마다 물타고 오를때 불타면서 본주 고점 전까지 들고가면 된다. 
느리든 빠르든 우상향 하는 장에서는 음에 복리는 물타기로 얼마든지 극복가능하다. 
장기 우상향이라는 소리는 오르는
날이 떨어지는
날보다 많다는 소리다. 
그러면 음에 복리가 많이 작용하겠나 양에 복리가 많이 작용하겠나. 
횡보하면 녹네 어쩌네 하는 정도 멘탈 가지고 레버하려면 안하는게 맞다.",4,2026-07-03T13:48:40Z,1,False
mfFFySbsmuk,"횡보하면 손해본다 라는 얘기잖아 이건.
상승장에는 2배보다 더 먹고
하락장에는 2배보다 더 잃는 얘긴 왜 안함",2,2026-06-09T14:41:03Z,2,True
mfFFySbsmuk,개별주 레버리지는 안 하지만 모든 레버리지 상품에 음의 복리라고 개거품 무는 능아들이 좀 많음,2,2026-06-23T03:27:05Z,0,False
mfFFySbsmuk,"레버리지,인버스종목 수익나면  추가로  배당소득세 15.4%  추가로  내야되나요? +금융소득과세6%~45% 도 내야되나요? +증권거래세0.2%
손해보면  다른보상은  없고,",0,2026-07-12T13:27:39Z,1,True
mfFFySbsmuk,굳이 레버지 etf 사야하나? 미수나 신용쓰지,3,2026-06-05T11:28:20Z,0,True
mfFFySbsmuk,기초자산은 음의 복리가 빗겨나가는 늬앙스로 말하면 안되제 ㅋㅋㅋ,0,2026-06-27T13:12:28Z,0,False
mfFFySbsmuk,궁금한데 그럼 평단으로 생각하면.. 만약 내평단이 30만원이면 올랐다 내렸다 하다 30만원왔으면 레버리지도 손해는 없는거아님?,0,2026-06-14T05:06:52Z,1,True
mfFFySbsmuk,레버리지 5배짜리 상품이라고 가정 하면 20프로씩 10번을 먹었다고 해도 한번만 -20프로면 제로됨.,0,2026-07-05T02:57:46Z,0,False
mfFFySbsmuk,"ㅋㅋㅋㅋㅋㅋ 저걸왜만들었겠냐 ㅋㅋㅋㅋ
생각좀하고 피같은돈 넣어라..",6,2026-05-28T11:31:12Z,0,False
mfFFySbsmuk,무조건 오늘은 오른다는 날에 전재산박으면 되는상품이겠네요?,0,2026-07-05T17:53:57Z,1,True
mfFFySbsmuk,20일 연속 상승하면 2.6배 먹고 20일 연속 하락하면 -2.8배 나오는거는???,0,2026-06-13T06:10:55Z,0,True
mfFFySbsmuk,"레버리지 상승률에 2배추종인데
원금에 2배로 착각하는 사람들
있는듯... 영상에 보면12000만원 20프로가 만원에 20프로보다 커서 빠질때
더 크게 빠져서 원금 복구 잘안되는 구조임",0,2026-07-02T12:04:32Z,0,False
mfFFySbsmuk,이게 짜증남 코인은 매수한 자리에서 매도하지 않는 이상 영원히 2배라서 펀딩비 조금 낸다하고 몇달 몇년을 그냥 신경 꺼도 되는데 주식은 2배 했다 하면 그날 끝날때 매도 다음날 매수를 반복해야됨. 꾸준히 우상승해도 계단식 상승이면 오히려 마이너스일 수도 있음. 이건 안하는게 맞음.,0,2026-06-12T21:47:04Z,0,False
mfFFySbsmuk,안팔면 어케됨? 걍 쭉 가는거에여?,3,2026-06-09T00:05:12Z,1,True
mfFFySbsmuk,"그냥 삼전은? 편의상 10,000원 가정.
10% 상승 11,000
10% 하락 9,900",0,2026-06-02T11:37:21Z,0,True
mfFFySbsmuk,"레버리지는 하면안됨
차트가 횡보해도 죽고 떨어져도 죽음",0,2026-07-08T10:59:19Z,0,False
mfFFySbsmuk,그럼 오를거 생각해서 하루 단타용인가요?,6,2026-05-31T00:08:48Z,2,True
mfFFySbsmuk,"수직으로 올라가면 대신 대박
삼전닉스 투자하고싶으면 단일종목사는게 맞다 왜? 주가이 우상향보고 투자하는거잖아? 그러면 당연히 2배를 사야지….",0,2026-08-16T09:28:19Z,0,True
mfFFySbsmuk,"대가리에 생각이란게 있는 놈이면 확률적으로 반반이 아니라 52:48 정도의 손해보는 확률이란걸 감각적으로 앎. 이걸 왜해?  
돈없으니까 짧게 상승장에 단타치라고 만든상품임.  나 천재맞지??",1,2026-06-30T06:09:03Z,0,True
mfFFySbsmuk,"그게 두배에요.
음의복리모르는건 그냥 개인의 지능문제고",0,2026-07-31T10:58:49Z,0,False
mfFFySbsmuk,"시간을 2배로 앞당기는거. 빨리 성공하던가, 빨리 망하던가..ㅋㅋㅋㅋㅋㅋㅋ  거기에 수수료까지.  빨리빨리 민족은 빨리 결판나길 바랄뿐. 가즈아~!!!!",0,2026-06-13T12:56:46Z,0,False
mfFFySbsmuk,"레버리지 특성자체가 장기보유가 손해이기에
단타하게됨 이걸정부가 몰랐다고 할수 없음
etf특성상  배당소득세 15.4프로를 내야됨
엄청난 세금을 가질려고 이런상황을 알고도 모른척한거임",0,2026-07-22T20:25:20Z,0,False
mfFFySbsmuk,그냥 생각없이 사모아라 레버리지는 그런거다 믿음으로 사모아라 어차피 오를꺼라 생각하면 모아가는게 맞다 나스닥 레버리지 3배 반도체 레버리지 3배 차트봐라 답나온다 단타 쟁이들은 집에가고 평균 15년 정도 할생각이면 들어가는거다,0,2026-06-30T04:23:08Z,0,False
mfFFySbsmuk,"그냥 쉽게말하면 레버리지는 위아래로 와리가리 칠수록 불리하고 한 방향으로만 쭉 갈 수록 좋은겁니다. 양의복리도 있다 하시는 분들 있는데, 그건 무시하세요. 그런건 그냥 없다고 보시면 돼요",5,2026-06-02T13:09:16Z,3,False
mfFFySbsmuk,"아니 그냥 200% 먹는다고 생각지말고 160% 정도 먹고 나온다고 생각하면 맘편히 레버리지 할 수 있음

왜냐 ? 어차피 삼전 하닉 목표가는 스스로 정해두고 다들 존버 하는거잖아, 그 가격 올때까지 레버리지에 올라타면 100% 먹을거 160% 먹고 나오는거임",3,2026-06-03T15:53:31Z,0,True
mfFFySbsmuk,"양의복리는 왜빼먹냐 ㅋㅋㅋ
만원이 10%오르면 만천원 
담날 또 10%오르면 12100원인데 
레버리지가면 만2천원, 14400원으로 따블이상이다.",5,2026-05-29T09:54:55Z,2,False
mfFFySbsmuk,맨날 똑같운 소리...,2,2026-05-27T12:49:27Z,1,False
mfFFySbsmuk,레버리지 한강가는거ㅜ요즘 얘들은 모르지...,1,2026-05-31T23:37:31Z,2,False
mfFFySbsmuk,우리는 그걸 두배라고 부르고 있어요,0,2026-07-03T14:14:17Z,0,False
mfFFySbsmuk,떨어지니까 그러지...오를때는 상관 없는거 아녀,0,2026-06-19T06:05:03Z,2,False
mfFFySbsmuk,"개인적으로는 

삼전주가가 1만 1만천 1만으로 돌아왔을때

레버리지를 쓰지않거나 신용대출로 레버리지를 땡겼을때는  그대로이지만

레버리지이티에프를 썼을때는 자산이 깍여있다는 설명이

더 직관적인거같아요",0,2026-06-15T10:33:11Z,0,False
9w48QQyB0z8,"10여년 전에 존리 선생 말씀을 비판하던 사람중에 한사람입니다,
 선생님 말씀을 뒤늦게 깨달은 것이 아쉽지만 지금부터 실천중입니다,",157,2026-08-13T12:16:38Z,0,False
9w48QQyB0z8,"너무 뻔한말 
그 뻔한걸 못하는 개미
나를 부유하게 만들어주는 존브라덜❤",70,2026-08-13T22:35:25Z,0,False
9w48QQyB0z8,저는 간이 작아서 사팔사팔을 못해요. 그래서 그냥 돈생기면 무작정 사서 둡니다.   6년정도 지나니까...잘했다 싶어요.  사실 친구들은 저보다 수익율이 높은 경우가 더 많지만. 다행인지..저는 남의 돈에 흔들리지 않아요. 내돈이 불어난거에 딱 만족합니다.,179,2026-08-13T13:58:25Z,6,False
9w48QQyB0z8,일반인들은 지수 ETF 꾸준히 모아가는게 답이다.,82,2026-08-13T13:49:11Z,0,False
9w48QQyB0z8,좋은 주식이나  etf 사서 장기로 하는 자세로~,53,2026-08-13T11:20:33Z,0,False
9w48QQyB0z8,욕심을 버릴 것,48,2026-08-13T11:38:10Z,0,False
9w48QQyB0z8,코스피 3천에 남편과 내가 같이 들어갔는데 남편은 자동 적립식 투자 나는 상승 장에는 좀 쉬었다가 하락장에는 좀 사는.. 어쨌든 남편은 거의 기계적으로 투자했다는 거다. 결과는 남편 수익률이 나보다 1.5배 좋다,98,2026-08-13T15:34:22Z,0,False
9w48QQyB0z8,"최고!
많은 좋은말씀에 감사 드립니다.
건강하십시오. ~🎉🎉🎉",27,2026-08-13T11:14:42Z,0,False
9w48QQyB0z8,코로나 전에 이 분 말듣고 매달 조금씩 적립.. 지금은 두배.. 마음이 편안해짐..,77,2026-08-13T13:08:07Z,2,False
9w48QQyB0z8,다른 경제유튜버 얘기는 들을수록 머리 아픈데 존리대표님 말씀은 들을수록 마음이 안정됩니다.,3,2026-08-17T11:08:30Z,0,False
9w48QQyB0z8,존리 대표님 기다렸습니다.,43,2026-08-13T08:07:22Z,0,False
9w48QQyB0z8,"지피지기,  감사합니다.",16,2026-08-13T09:13:23Z,0,False
9w48QQyB0z8,"이 분 말씀 별 다른게 없고 늘 같은 내용인데, 근데 그게 정말 맞는 얘기라는 거. 듣고도 실천을 못했을 뿐.",9,2026-08-14T04:38:32Z,0,False
9w48QQyB0z8,남들에겐 도박판  나에겐 내 노후보장😊,11,2026-08-13T23:22:33Z,0,False
9w48QQyB0z8,진부하고 원론적으로 들릴지 모르겠지만 노후에 부자되려면 존리 센세 말씀 들을 수 밖에 없을겁니다. 😊,95,2026-08-13T09:59:00Z,1,False
9w48QQyB0z8,진리를 지키는 사람만이 끝에 가서 승부 본다.,71,2026-08-13T10:37:53Z,2,False
9w48QQyB0z8,최고입니다  우리나라의 전문가중에,12,2026-08-13T15:15:33Z,0,False
9w48QQyB0z8,"이전엔 엄청 욕하고 부정적인 사람만 많았는데 댓글이 긍정적인 댓글이 많아서 좋네요!
존리대표님을 통해 많은 사람들이 금융문맹으로부터 벗어나길!",34,2026-08-13T18:55:36Z,2,False
9w48QQyB0z8,내 금융문맹을 탈출시켜준 존형 정말 감사합니다,104,2026-08-13T11:10:18Z,1,False
9w48QQyB0z8,계몽활동하시느라 노고가 많으세요~~항상 조언 감사드립니다!,3,2026-09-15T14:40:03Z,0,False
9w48QQyB0z8,"앞으로도 돈 잘 벌 기업의 지분을 꾸주히 모으기. 
이게 그냥 진리임.",29,2026-08-13T11:27:59Z,0,False
9w48QQyB0z8,"진정한. 고수님~
투자에. 교과서",8,2026-08-13T13:09:11Z,0,False
9w48QQyB0z8,진리 철학 맞네요,11,2026-08-13T09:37:19Z,0,False
9w48QQyB0z8,"멘탈흔들릴때마다이분강의들어요
감사해요~^^",5,2026-08-14T01:47:05Z,0,False
9w48QQyB0z8,"존리님! 부라보❤❤❤
이영상 보고 마음이 편안해지네요 😊",4,2026-08-13T13:41:15Z,0,False
9w48QQyB0z8,존리 이분은 예나  지금이나  똑같은  원리로  진리를 알려주시는분  믿음가는 변함없는분  이시죠ᆢ!,8,2026-08-13T21:46:26Z,0,True
9w48QQyB0z8,"대표님때문에주식을알겠되습니다7년전부테꾸준히한주식
장이좋은안좋은꾸준히...힘들때에는대표님은나의은인입니다",4,2026-08-15T19:01:38Z,0,False
9w48QQyB0z8,늘 비슷한 말씀이시지만 항상 통하는 진리👍,4,2026-08-14T04:22:25Z,0,False
9w48QQyB0z8,"이분 말듣고 예전에 삼전하닉 들어갔는데 4년동안 마이너스였거든요  근데 장기 투자한다고 버티고 매번 힘내보니 수익봄 삼전평단가 8.5만 , 하닉 8만 고맙습니다.. 역시 장기투자",151,2026-08-13T15:02:36Z,5,False
9w48QQyB0z8,존리님 덕분에 수익구간 입니다 장투 성공하겠습니다,2,2026-08-14T02:18:14Z,0,False
9w48QQyB0z8,비가 오나 바람이 부나 언제나 한결같이 말씀하시니 부정적인 사람들도 점점 생각을 바꾸는걸 보면 진짜 대단하십니다.,0,2026-08-25T10:11:08Z,0,True
9w48QQyB0z8,"감사합니다
건강하세요**",0,2026-08-14T16:10:01Z,0,False
9w48QQyB0z8,공감합니다.,2,2026-08-14T08:44:42Z,0,False
9w48QQyB0z8,6년전부터 etf 적립식 투자하고있습니다  은퇴까지20년 남았는데 흔들릴때 존리행님 말씀으로 다시한번 리마인드하면서 모아가고있습니다 ❤,41,2026-08-13T12:17:39Z,0,False
9w48QQyB0z8,존리 대표님 기다렸습니다.,0,2026-08-14T14:37:37Z,0,False
9w48QQyB0z8,투자와 투기의 다른점을 말씀해주시네요.,2,2026-08-13T15:13:14Z,0,False
9w48QQyB0z8,모든게 짧은 시간 욕심이네요 존리대표님의 진솔하고 진정성있는 말씀 긴 마라톤처럼 해야한다는거 다시한번 저의 마음도 잡게 됩니다,14,2026-08-13T12:26:33Z,0,False
9w48QQyB0z8,내가 일하면 안 된다는 말씀이 제일 와 닿네요. 기업이 일하게 둬야 하는데 ㅜㅜ,10,2026-08-13T12:47:35Z,0,False
9w48QQyB0z8,형! 잘 봤습니다. 감사합니다,1,2026-08-13T16:37:48Z,0,False
9w48QQyB0z8,이 분은 웬지 믿음이 가네요❤,1,2026-08-15T07:55:43Z,0,False
9w48QQyB0z8,진짜 심리가 단단해져야함... 올라가면 사게되고 떨어지면 팔지도 못하면서 사지도 못한다... 이러면 안된다는걸 알면서도 이게 정말 쉽지가 안아 ㅋㅋㅋㅋ,3,2026-08-13T23:05:50Z,0,False
9w48QQyB0z8,돈이 일해야죠.찬성합니다,1,2026-08-15T09:58:41Z,0,False
9w48QQyB0z8,"일확천금 노리는 사람들이 꼭 봐야하는 영상인듯.
특히 레버리지,인버스에 몰빵하는 사람들
그리고 좋은정보라며 투자 하라 꼬득이거나 재무설계라며 보험가입 등 영업이나 다단계 끌고가는 작자와는 손절하는게 답임.",28,2026-08-13T12:14:04Z,0,False
9w48QQyB0z8,"난 우등생이 아니라서 좋은회사, 좋은주식은 모르겠어서, 그냥 시장을 사는 사람입니다. 시장은 망하지 않을거고,  시장의 진폭은 내 마음에 약간의 설레임 과 두려움 을 느끼게 한 만큼이 Value 로 돌아온다 라는 마음으로 투자하는것이 젤 속편한 방법 같은데...",13,2026-08-13T12:36:23Z,0,False
9w48QQyB0z8,"제 얘기네요
처음 주식 시작 때 친구가 추천해 주는 종목 샀다가 -90%로 손절했어요 😂
하지만 존리님 만나 정석으로 차곡차곡 투자중입니다 ❤",5,2026-08-13T13:58:36Z,0,True
9w48QQyB0z8,좋은 인사이트 감사합니다 🎉🎉🎉,0,2026-10-03T23:15:01Z,0,False
9w48QQyB0z8,감사합니다 ㆍ❤,0,2026-09-09T10:56:02Z,0,False
9w48QQyB0z8,도박 카지노 전염병 그지 등등.  주옥같은 조언 감사합니다. 😂,4,2026-08-13T12:28:12Z,0,False
9w48QQyB0z8,잘듣고 갑니다.,0,2026-10-06T16:08:21Z,0,False
9w48QQyB0z8,"저두 존리 선생님을 2020년도에 알게되고 주식투자를 시작해서 5년반만에 자산이 4배 성장했습니다.
아쉽게도 서울 부동산을 매수하긴 했지만 연금, ISA 투자는 계속하고 있습니다. 감사합니다.",4,2026-08-13T19:42:02Z,0,False
9w48QQyB0z8,"지극히 상식적인 말씀이세요. 그만큼 우리나라에 아직 대부분이 금융에 대해 상식적인 사람이 적다는 거겠죠, 
하지만 상식은 타고 나는게 아니라 학습하고 훈련하며 알아가는 것 이기에 대표님 말씀 처럼 누구나 부자 될 수 있다가 맞습니다. 찰리 멍거도 주식으로 부자가 되는 방법은 뛰어난 머리가 아니라 생활 습관이라고 했어요. 남이 좋다는게 아닌 훌륭한 주식을 꾸준히 모아가며 오랜기간 투자하는 거 그게 전부라고 했어요. 
이것을 위해 노후 준비라는 목적이 정말 중요한 거 같습니다. 짧은 시간 휘둘리지 않으며 꾸준히 여유 돈으로 투자할 수 있기에 노후를 위한 장기간 꾸준한 투자 습관이 정말 중요합니다.",5,2026-08-14T12:31:19Z,0,False
9w48QQyB0z8,저도 금융 문맹 이예요 선생님 교육   잘 받고  금융 문맹  탈출하고십어요,0,2026-09-05T02:56:07Z,0,False
9w48QQyB0z8,감사합니다,0,2026-09-30T09:50:49Z,0,False
9w48QQyB0z8,존리님은 정말 투자의 원칙과 철학이 명확하신 분입니다. 항상 유익한 영상 감사합니다. 늘 많이 배웁니다. 감사합니다.,12,2026-08-13T14:16:52Z,0,False
9w48QQyB0z8,3:59 이 사연자 진짜....하지 말라는거만 골라서 했네.. 와...,1,2026-08-18T23:08:15Z,0,False
9w48QQyB0z8,"이분 말씀 너무 공감해서   5년전부터 삼성전자, 미국 etf 매달 악착같이 적립했죠
지금 전체 수익 130프로 입니다^^
얼마전 금융 위기이상   폭락해도  평온하게 미국 etf 적립했죠~
젊은이들여 새겨듣고  절약하고 월급의 일부를 연금계좌와 ISA에서 5년만 미국 etf 적립식으로 사보시길ᆢ인생의 전환점이 될거다~",5,2026-08-14T02:39:01Z,0,False
9w48QQyB0z8,"투자는 마라톤처럼...

55세인데 
꾸준히 ETF 모으고있는데..
개별종목투자보다
수익률도 좋고
맘 편해요..

존리선생님의 말씀이 진리",1,2026-08-15T12:13:39Z,0,False
9w48QQyB0z8,대표님짱 만불가자,1,2026-08-13T22:25:55Z,0,False
9w48QQyB0z8,"10년 보고 장기투자합니다!!
힘내세요^^",0,2026-10-03T05:00:10Z,0,False
9w48QQyB0z8,"자주  자주
존리대표님에게
금융교육 받으면
정신건강에  좋겠네요 ~",0,2026-09-12T12:22:57Z,0,False
9w48QQyB0z8,"1000000% 맞는 말씀!!! 수년간 꾸준히 해보면, 진리라는 걸 알게됩니다!
 명언입니다! “단순하게 가라~” 명품은 지저분하지 않습니다~~~^^",1,2026-09-15T14:38:42Z,0,False
9w48QQyB0z8,항상  좋은말씀으로 환기시켜주셔서 감사합니다. 우리나라 사람들 주식에 눈뜨게 해주신분,0,2026-10-03T02:50:06Z,0,False
9w48QQyB0z8,"왜 남의 말, 그것도 친구 지인 등등 주변 사람들의 말을 듣고 투자방식을 택하는 걸까요. 
주식은 존리님 말씀대로 장기 투자하는 거죠. 한국인의 금융 문맹을 깨우쳐 주시느라 수고가 많으세요.",1,2026-09-06T14:56:22Z,0,True
9w48QQyB0z8,절실함...,2,2026-08-13T13:13:21Z,0,False
9w48QQyB0z8,"결국 본업에 충실하고 기술 익히며 건강 관리해서 은퇴 시점을 늦추는 게 핵심이 아닌가 싶습니다. 그 과정에서 시드머니를 꾸준히 늘리고, 연봉 수억~수십억씩 받는 월스트리트 인재들이 굴려주는 미국 지수 ETF에 20~30년 장기 투자하는 게 최고 같습니다.

저도 단주나 테마주 투자로 벌어도 보고 잃어도 봤는데, 수수료만 나가고 스트레스받으며 매수 매도 반복해 봤자 지수 ETF 수익률을 따라가기가 힘들더라고요. 공감되는 영상 잘 보고 갑니다.",7,2026-08-13T23:22:23Z,0,False
9w48QQyB0z8,존리=복리=진리 ❤❤❤❤❤,199,2026-08-13T09:44:27Z,5,False
9w48QQyB0z8,코로나 때부터 존리 대장 말 잘 들은 사람들은 지금 대부분 투자금이 많이 늘어났을 겁니다. 회사가 하*닉스나 삼*전자 같이 건실하고 매출 좋은 곳에 투자한 사람들은 길게 가지고 있게 됩니다. 저는 무조건 가족폰은 갤럭시만 씁니다.,7,2026-08-13T12:05:05Z,0,False
9w48QQyB0z8,주식은 해보니 사팔이 너무 쉬워서 멘탈이 흔들리기 쉽상인데 연저펀 irp 장기로 가야 하니 유지하니 수익률이 좋아요..,3,2026-08-16T07:52:55Z,0,False
9w48QQyB0z8,"난=장투목적 약1억 5년전 삼성 장투 현재 약5억

지인= 같은시기 1억투자 샀다팔았다하다가 수익 몇백 끝 / 떡상 놓침 포모심하게 왔다가 30만원대 재진입",5,2026-08-14T04:40:04Z,0,False
9w48QQyB0z8,저도 도전하려구요..제 개인적 포트폴리오 조언받고  싶어요..,1,2026-08-14T00:11:44Z,0,False
9w48QQyB0z8,"저는 14년부터 미장 투자 전화로 예약 주문해서 사팔하기가 힘든 구조였어요 . 성장가능성 있는 테크기업에 없는셈치고 묻었어요. 코로나때도 팔지 않고 존버, 평생 외벌이로 고생한 남편에게 든든한 은퇴자금 으로 보답했어요 . 좋은 종목으로 시간을투자하면 수익은 따라 오더군요.저도 존리님 말씀에 예전부터 공감 해서 아이들에게도 시간을 보고 사모으라고 합니다",24,2026-08-14T09:50:13Z,1,False
9w48QQyB0z8,우리나라 최고 전문가 입니다,0,2026-08-14T08:51:21Z,0,False
9w48QQyB0z8,지겹게 같은 말씀 반복하시는건 그만큼 중요한 부분이니까 계속 지적하시는거라 믿고 마음을 다시 다잡습니다.,10,2026-08-13T11:44:35Z,0,False
9w48QQyB0z8,12:58 진짜 남과 비교하는 순간 한눈 팔게 되더라구요😢,0,2026-08-14T13:35:58Z,0,False
9w48QQyB0z8,"맞는 말씀입니다. 그런데 분할로 계속 사는 전략이 여러 종목에 투자한다면 좋은 전략이지만, 한 종목에 몰빵하는 사람에게는 오히려 손절이 맞습니다. 기업의 미래 실적에 대해서 애널들도 틀리기 때문에 본인이 생각했던 확신이 틀릴 수도 있기 때문입니다.",0,2026-08-13T22:41:32Z,0,False
9w48QQyB0z8,정말 단타 치시는 분중에 돈번사람은 있어도 돈 들고있는 사람은 없더라,41,2026-08-13T10:23:29Z,1,False
9w48QQyB0z8,참 쉬운데 실천이 어려워요. 당장 벌고싶은 마음에,0,2026-09-22T06:34:02Z,0,False
9w48QQyB0z8,내 미래를 남한테 맡기는 것은 절대 노.,9,2026-08-13T10:48:16Z,0,False
9w48QQyB0z8,대표님 항상좋은말씀 감사합니다.저는60중반입니다.무엇할지 궁금합니다.,1,2026-08-15T09:55:21Z,0,True
9w48QQyB0z8,퇴직연금 dc는 한번에 큰돈이 들어오니까 조금씩 사는게 좀어렵네요.,1,2026-08-15T18:22:30Z,0,False
9w48QQyB0z8,5억이 없어서 나중에 다시 보러 올게요...😢,7,2026-08-13T10:51:21Z,1,False
9w48QQyB0z8,"코로나 끝나고 시작. 저평가고우량 주식은 못 찾으니까 고평가고우량 주식 2개로 시작. 그 후로 미국주식도 소수점투자로 시작. 오래 보유한 펀드 순차적으로 매도하고 etf를 연금저축과 ias계좌에서 모으고 있음. 한때 마이너스였으나 그때 열심히 사서 지금 주식은 모두 70%대, etf는 100%대  수익 보는 중. 존 리 쌤이 출연한 방송을 우연히 보다가 주식은 장기투자라는 말을 듣고 노후대책으로 시작했는데 후회 안함. 친구는 기회비용 어쩌고 저쩌고 하는데 나 같은 사람은 조금씩, 꾸준히 모으는 것이 적성에 맞음.",3,2026-08-15T00:55:45Z,0,False
9w48QQyB0z8,"이번년도 초부터 주식 독학으로 시작했는데 존리 선생님 유투브에서 만난 것이 큰 복이었습니다. 
한국, 유럽, 미국 나눠서 투자하고 있는데 모두 수익입니다. 감사합니다.",6,2026-08-13T12:57:11Z,0,False
9w48QQyB0z8,❤,0,2026-08-14T12:23:24Z,0,False
9w48QQyB0z8,존리복음 존리께서 말씀하사,2,2026-08-13T22:32:03Z,0,False
9w48QQyB0z8,존리대표님은 나의 은인 덕분에 4년만에 1억 모으고 계속 꾸준히 투자중입니당 요즘 떨어져서 자꾸 더 사는중이에요 항상 건강하세요,8,2026-08-13T14:01:18Z,1,False
9w48QQyB0z8,"포스코 인터내셔널 성장성과 배당 좋아요
종합상사에서
에너지기업으로 탈바꿈
거기에 희토류와 팜유사업, 식량안보까지,,
배당은 은행이자만큼 
주가 오르면 보너스죠
앞으로 35년까지 들고 가면 노후준비로 최고의 주식이 될듯요
공부해 보세요",1,2026-08-14T07:51:29Z,0,False
9w48QQyB0z8,단순하지만 그게 제일 어렵습니다  5년 10년 폭락이 오던 상승장이 오던 꾸준히 기계적으로 모아간다는건 인간의 본능에 역행하는거라서 그렇습니다,231,2026-08-13T09:40:45Z,32,False
9w48QQyB0z8,10년 갖고 있다가 마이너스.,0,2026-08-15T05:10:17Z,0,False
9w48QQyB0z8,"거치식과 적립식 어느게 좋을까요. 예를 들면 만기적금탄 1억5천이 있을경우 etf로 한번에 투자하는게 나을지, 아님면 한달에 조금씩 나누어 투자할지  어느게 좋을지 알려주세요",0,2026-08-15T08:09:46Z,0,True
9w48QQyB0z8,진리,0,2026-08-27T22:38:45Z,0,False
9w48QQyB0z8,노후준비.. 얼만큼 모아야 충분할까요? 저는 50대고 주식으로 이제 1억정도 모은것 같은데 존리님 강조하시는 노후준비가 얼만큼인지 궁금해요.,0,2026-08-13T12:19:27Z,0,True
9w48QQyB0z8,"결국 돌고 돌아보니
돈은 시간이 벌어주더군요
꾸준히 사모으다보니  어느날 계좌가 뽱뽱해지더이다  
돈 버는게 이렇게나 쉽네요
쉿!! 이건  특급씨크릿이에용
ㅋㅋ",1,2026-08-26T10:14:20Z,0,False
9w48QQyB0z8,저는 존리님 투자철학처럼 연저펀/IRP/DC/ISA 전부다 풀투자 하면서 남는금액은 심심하니 군것질처럼 단일종목 쌀때 사놓거나 주도종목 상승장일때 잠깐들어가서 조금만 먹고 나옵니다 😅,0,2026-08-15T11:33:32Z,0,False
9w48QQyB0z8,50대라고 했지.  50세라 안했잖소...4년쯤 남았다면 56세 이겠네...정년 4년이 남았다면 정년이 보장된다는 말이니까....,4,2026-08-16T02:38:58Z,0,False
9w48QQyB0z8,"삼전,하닉 올라갈때, 노후자금으로 지수 장기투자하던거를 빼서 갈아탈려다가, 존리대표님 말씀 생각나서, 그냥 버텻습니다. 그때 미국지수 추종 ETF 모아가던거를 버리고 삼닉에 갓다면, 노후에 폐지 주우러 다닐뻔 햇서요..",0,2026-08-17T11:33:25Z,0,False
9w48QQyB0z8,그냥 프론트런하는게 젤 좋습니다.,0,2026-08-14T15:11:45Z,0,False
9w48QQyB0z8,"이 시장에서 경제적 자유가 목표라면, 저는 트레이딩을 강력히 추천합니다.",18,2026-08-14T23:32:47Z,17,False
9w48QQyB0z8,존리(선생님)가 너희를 자유롭게 하리라~~,11,2026-08-13T14:42:40Z,0,False
9w48QQyB0z8,Etf 말고는 어지간해서는 다 공부해야지.,1,2026-08-13T17:57:51Z,0,False
eUEv3wALmL8,미국이 연 10% 상승한다는 전제가 틀릴수있다는 것까지 염두에 두어야 함.,1,2026-08-17T08:39:30Z,0,False
eUEv3wALmL8,"슈드+s&p500기반커버드콜
섞으면 월70만원 나온다",1,2026-08-16T03:12:06Z,0,False
eUEv3wALmL8,이겅 원금보정안됨,1,2026-08-17T06:31:57Z,0,False
