keyword,category,order,rank,video_id,channel_id,total_results,published_after
주식 물타기 실패 사례,1. 실제 투자 실패·손실 사연,relevance,1,YUvH8M6kZTU,UCUpVImsjp8wn54B4ih9xuyw,8058,
주식 물타기 실패 사례,1. 실제 투자 실패·손실 사연,relevance,2,SNI7_8pY9sQ,UC6ij59Gy_HnqO4pFu9A_zgQ,8058,
주식 물타기 실패 사례,1. 실제 투자 실패·손실 사연,relevance,3,9wxJbTh-Ogo,UCvS5hW5HVgvQD5sMKLaBJbA,8058,
주식 물타기 실패 사례,1. 실제 투자 실패·손실 사연,relevance,4,9ywcAN762pk,UCR4R3u3RFdjLlCWlOeg8I8A,8058,
주식 물타기 실패 사례,1. 실제 투자 실패·손실 사연,relevance,5,502LTGK70fM,UCkinYTS9IHqOEwR1Sze2JTw,8058,
주식 물타기 실패 사례,1. 실제 투자 실패·손실 사연,relevance,6,2Gda55I54m8,UCJo6G1u0e_-wS-JQn3T-zEw,8058,
주식 물타기 실패 사례,1. 실제 투자 실패·손실 사연,relevance,7,-DjeTSaMD6M,UCy-6oZwPwrR_W-zYnqLD8dg,8058,
주식 물타기 실패 사례,1. 실제 투자 실패·손실 사연,relevance,8,mRdNHdePSIo,UCutSPIGfO4ZmPx9X9u5mfRw,8058,
주식 물타기 실패 사례,1. 실제 투자 실패·손실 사연,relevance,9,-MjVbEH_Zo8,UCUrZsK1w0iuR76ME5m6fQMQ,8058,
주식 물타기 실패 사례,1. 실제 투자 실패·손실 사연,relevance,10,135JdQOqIq4,UCowMNQXcxSJJ7Kyc41Q4Pzw,8058,
주식 물타기 실패 사례,1. 실제 투자 실패·손실 사연,relevance,11,w5X4SFIfqiI,UCH37RCxPxdwRxoaMcADKkOA,8058,
주식 물타기 실패 사례,1. 실제 투자 실패·손실 사연,relevance,12,V4-y1RSwOrk,UCHKRLOqgrKhIgoCKJ3UkNhg,8058,
주식 물타기 실패 사례,1. 실제 투자 실패·손실 사연,relevance,13,yERWAxUcgCY,UCy-6oZwPwrR_W-zYnqLD8dg,8058,
주식 물타기 실패 사례,1. 실제 투자 실패·손실 사연,relevance,14,tQE5fcoSFmk,UCPT13F-7oykTq4BEF5qtBMg,8058,
주식 물타기 실패 사례,1. 실제 투자 실패·손실 사연,relevance,15,bd6kIe8HyjY,UCEJn9QJP2k_0XN5HleqozkA,8058,
주식 물타기 실패 사례,1. 실제 투자 실패·손실 사연,relevance,16,JfzRMIQGci0,UC3-9Ul8LOKJzQMdo1nFb_sQ,8058,
주식 물타기 실패 사례,1. 실제 투자 실패·손실 사연,relevance,17,5N0jh7wDssI,UCe1iO4VU_CjKbM3Tpx6WeLw,8058,
주식 물타기 실패 사례,1. 실제 투자 실패·손실 사연,relevance,18,vqnmHQ156Pg,UCGybUDm8ZFvdn7a1QTNmCNA,8058,
주식 물타기 실패 사례,1. 실제 투자 실패·손실 사연,relevance,19,RaufyYGWvXU,UCeg5g-vWgtgzQ0cYNV2Cyow,8058,
주식 물타기 실패 사례,1. 실제 투자 실패·손실 사연,relevance,20,F4Ep22S7W5U,UCAi37F2UKYDcB40Hq13NJ3w,8058,
주식 물타기 실패 사례,1. 실제 투자 실패·손실 사연,relevance,21,N5GCqYLb8qY,UCFCtZJTuJhE18k8IXwmXTYQ,8058,
주식 물타기 실패 사례,1. 실제 투자 실패·손실 사연,relevance,22,mKOkiulXe-8,UCQvWvQqVksHI2_p5buRHxKw,8058,
주식 물타기 실패 사례,1. 실제 투자 실패·손실 사연,relevance,23,7FrJ3wuJDaY,UCy-6oZwPwrR_W-zYnqLD8dg,8058,
주식 물타기 실패 사례,1. 실제 투자 실패·손실 사연,relevance,24,DcRLzFE8NJY,UCNSnwzloOwgNe9CwABnettQ,8058,
주식 물타기 실패 사례,1. 실제 투자 실패·손실 사연,relevance,25,xjzJqMOHdPg,UCd4wlgbmaXkzwA5qE2_fP-g,8058,
주식 물타기 실패 사례,1. 실제 투자 실패·손실 사연,relevance,26,KE8vSusZ6Ek,UCaJdckl6MBdDPDf75Ec_bJA,8058,
주식 물타기 실패 사례,1. 실제 투자 실패·손실 사연,relevance,27,mlvud03kqlg,UCUpVImsjp8wn54B4ih9xuyw,8058,
주식 물타기 실패 사례,1. 실제 투자 실패·손실 사연,relevance,28,GNcsUZ7R7AU,UCJo6G1u0e_-wS-JQn3T-zEw,8058,
주식 물타기 실패 사례,1. 실제 투자 실패·손실 사연,relevance,29,SoM3W-Cxess,UCSqFJxc0zYKLTr2IwFth2pA,8058,
주식 물타기 실패 사례,1. 실제 투자 실패·손실 사연,relevance,30,4COmUidzKEQ,UCEivkDW2vwOF0-ijgnJUH1w,8058,
주식 물타기 실패 사례,1. 실제 투자 실패·손실 사연,relevance,31,o3mSVknZvOg,UC5tZn3S61eYLsryJ4fMfNaw,8058,
주식 물타기 실패 사례,1. 실제 투자 실패·손실 사연,relevance,32,3fmFpSlxHIc,UCR4R3u3RFdjLlCWlOeg8I8A,8058,
주식 물타기 실패 사례,1. 실제 투자 실패·손실 사연,relevance,33,J0bSx02kr3c,UCwzBJHLN0uklfzLAfVbMDRw,8058,
주식 물타기 실패 사례,1. 실제 투자 실패·손실 사연,relevance,34,IeMlLUP68Zo,UCbgdoXPwaCto6GOMWCX8BXg,8058,
주식 물타기 실패 사례,1. 실제 투자 실패·손실 사연,relevance,35,-GKQIL9YNTA,UCWr6NbUWuxiVqQCvCoTFJlg,8058,
주식 물타기 실패 사례,1. 실제 투자 실패·손실 사연,relevance,36,sMgROMB739Q,UCUI_wX3M1FF7g9upG7XegHw,8058,
주식 물타기 실패 사례,1. 실제 투자 실패·손실 사연,relevance,37,K2nMluaMsY0,UCoEVLzH9LLcQhqNJ1jbLXKQ,8058,
주식 물타기 실패 사례,1. 실제 투자 실패·손실 사연,relevance,38,RDEO7tKznSM,UCRRplhBrgNjauY9teZQbhOQ,8058,
주식 물타기 실패 사례,1. 실제 투자 실패·손실 사연,relevance,39,YpcTUeCkZHQ,UCqyxZqr9760RKF0s0FwVOWw,8058,
주식 물타기 실패 사례,1. 실제 투자 실패·손실 사연,relevance,40,EcqRufgRhZI,UCAwbbceBby-s7BnejRk9oMg,8058,
주식 물타기 실패 사례,1. 실제 투자 실패·손실 사연,relevance,41,PGzbkRhLpoQ,UCG9aFJTZ-lMCHAiO1KJsirg,8058,
주식 물타기 실패 사례,1. 실제 투자 실패·손실 사연,relevance,42,G3obwGByVGs,UCtQkxwZkrruYdy2bVNNW-Rw,8058,
주식 물타기 실패 사례,1. 실제 투자 실패·손실 사연,relevance,43,Sc-cV9y4LKg,UCR4R3u3RFdjLlCWlOeg8I8A,8058,
주식 물타기 실패 사례,1. 실제 투자 실패·손실 사연,relevance,44,fnCNyk4VOh8,UCHKRLOqgrKhIgoCKJ3UkNhg,8058,
주식 물타기 실패 사례,1. 실제 투자 실패·손실 사연,relevance,45,TSbbB8CnC68,UChoDn1sBZIDdgUsqtFfCyuw,8058,
주식 물타기 실패 사례,1. 실제 투자 실패·손실 사연,relevance,46,7q9NHm32wYw,UCUpVImsjp8wn54B4ih9xuyw,8058,
주식 물타기 실패 사례,1. 실제 투자 실패·손실 사연,relevance,47,JqSHQU3huFw,UCK6IkFBFPRo0QOUgUJ9VETA,8058,
은퇴 후 주식 투자 실패,2. 50·60대와 노후자금,relevance,1,IQijdZE4QT0,UCSqFJxc0zYKLTr2IwFth2pA,217049,
은퇴 후 주식 투자 실패,2. 50·60대와 노후자금,relevance,2,SoM3W-Cxess,UCSqFJxc0zYKLTr2IwFth2pA,217049,
은퇴 후 주식 투자 실패,2. 50·60대와 노후자금,relevance,3,Z_ul2wo7NHs,UCtjPzcDqJlZHzTFy-K5_0uQ,217049,
은퇴 후 주식 투자 실패,2. 50·60대와 노후자금,relevance,4,mD57DoreRyo,UCAGsOPVivN4YgJRf6Y89eOA,217049,
은퇴 후 주식 투자 실패,2. 50·60대와 노후자금,relevance,5,s9xzey_UKMA,UCWstEH0k34aMAMPb5cJ9okw,217049,
은퇴 후 주식 투자 실패,2. 50·60대와 노후자금,relevance,6,pd1IICARiyw,UCHpGooMnVgnILywqrpqvZcQ,217049,
은퇴 후 주식 투자 실패,2. 50·60대와 노후자금,relevance,7,KE8vSusZ6Ek,UCaJdckl6MBdDPDf75Ec_bJA,217049,
은퇴 후 주식 투자 실패,2. 50·60대와 노후자금,relevance,8,6E_PZFqIBJM,UCR4R3u3RFdjLlCWlOeg8I8A,217049,
은퇴 후 주식 투자 실패,2. 50·60대와 노후자금,relevance,9,8_YxWzVTbro,UCgFB5NI2tKLgmNgYuL_DAkQ,217049,
은퇴 후 주식 투자 실패,2. 50·60대와 노후자금,relevance,10,Hqg14HYe7dg,UCU9eFsh4SXRi_I6Vz6N241Q,217049,
은퇴 후 주식 투자 실패,2. 50·60대와 노후자금,relevance,11,sEzSDUgvY28,UCd4DNuVJBgwZ_lWMJEGpgBg,217049,
은퇴 후 주식 투자 실패,2. 50·60대와 노후자금,relevance,12,ezJ7m9YfpJ8,UCowMNQXcxSJJ7Kyc41Q4Pzw,217049,
은퇴 후 주식 투자 실패,2. 50·60대와 노후자금,relevance,13,nBcv5GEeeUw,UCowMNQXcxSJJ7Kyc41Q4Pzw,217049,
은퇴 후 주식 투자 실패,2. 50·60대와 노후자금,relevance,14,y9OFEgp5jcE,UC_8_232GZD4fDmUplkBLjnA,217049,
은퇴 후 주식 투자 실패,2. 50·60대와 노후자금,relevance,15,WBSISITEFng,UCDSj40X9FFUAnx1nv7gQhcA,217049,
은퇴 후 주식 투자 실패,2. 50·60대와 노후자금,relevance,16,cOSIjcehieM,UCYYPvecmdGQgzIfghtdWhGQ,217049,
은퇴 후 주식 투자 실패,2. 50·60대와 노후자금,relevance,17,x6oGcyrp-TU,UCNZihXDG1m0hnlMDlVL02kg,217049,
은퇴 후 주식 투자 실패,2. 50·60대와 노후자금,relevance,18,KQMlPHVqKtg,UCYYPvecmdGQgzIfghtdWhGQ,217049,
은퇴 후 주식 투자 실패,2. 50·60대와 노후자금,relevance,19,5h6YRRdgZnc,UC_Rtv4nBLm17-1oXM4Lr6LQ,217049,
은퇴 후 주식 투자 실패,2. 50·60대와 노후자금,relevance,20,YpcTUeCkZHQ,UCqyxZqr9760RKF0s0FwVOWw,217049,
은퇴 후 주식 투자 실패,2. 50·60대와 노후자금,relevance,21,-DjeTSaMD6M,UCy-6oZwPwrR_W-zYnqLD8dg,217049,
은퇴 후 주식 투자 실패,2. 50·60대와 노후자금,relevance,22,IVs5oVZgo2E,UCIt_hQy30blHrVAS7QLTyTg,217049,
은퇴 후 주식 투자 실패,2. 50·60대와 노후자금,relevance,23,0vg-WWftQXY,UCMdPOgZ4mmP9dtqkXfV9Idg,217049,
은퇴 후 주식 투자 실패,2. 50·60대와 노후자금,relevance,24,86YiCaX9-0o,UCwTeqOOcb4o64be9MnmxUUA,217049,
은퇴 후 주식 투자 실패,2. 50·60대와 노후자금,relevance,25,-m1SWUVwXuY,UCriq8I8GEESkQq0svX19oCw,217049,
은퇴 후 주식 투자 실패,2. 50·60대와 노후자금,relevance,26,rJ4m7m4nddY,UC6CNXBevdTEucEoVXu15WYQ,217049,
은퇴 후 주식 투자 실패,2. 50·60대와 노후자금,relevance,27,e6X2ZlQuMYo,UCh-5PV93nI5iAEnaluUZdYQ,217049,
은퇴 후 주식 투자 실패,2. 50·60대와 노후자금,relevance,28,Kasga1-eSkU,UCntrdZrZwXiPxdObi5MHqBw,217049,
은퇴 후 주식 투자 실패,2. 50·60대와 노후자금,relevance,29,EBYqJAVb4wk,UCcQTRi69dsVYHN3exePtZ1A,217049,
은퇴 후 주식 투자 실패,2. 50·60대와 노후자금,relevance,30,ZuDyqxfN8iY,UCHpGooMnVgnILywqrpqvZcQ,217049,
은퇴 후 주식 투자 실패,2. 50·60대와 노후자금,relevance,31,8aasDZGWmmc,UCuAEegkcpCTs64hd0VwwVOA,217049,
은퇴 후 주식 투자 실패,2. 50·60대와 노후자금,relevance,32,7FrJ3wuJDaY,UCy-6oZwPwrR_W-zYnqLD8dg,217049,
은퇴 후 주식 투자 실패,2. 50·60대와 노후자금,relevance,33,I1r-gqxm7HI,UCJEYP25DMClnq6mzKSWJAMQ,217049,
은퇴 후 주식 투자 실패,2. 50·60대와 노후자금,relevance,34,A7aXyCbNlRQ,UCowMNQXcxSJJ7Kyc41Q4Pzw,217049,
은퇴 후 주식 투자 실패,2. 50·60대와 노후자금,relevance,35,C5rreYEZGao,UCvil4OAt-zShzkKHsg9EQAw,217049,
은퇴 후 주식 투자 실패,2. 50·60대와 노후자금,relevance,36,eOPDyOW5ncs,UCHpGooMnVgnILywqrpqvZcQ,217049,
은퇴 후 주식 투자 실패,2. 50·60대와 노후자금,relevance,37,cFLJKA1lleo,UC8Sv6O3Ux8ePVqorx8aOBMg,217049,
은퇴 후 주식 투자 실패,2. 50·60대와 노후자금,relevance,38,Vadt13pc2b0,UClU6tzeYdQ902LLZta0Ymbg,217049,
은퇴 후 주식 투자 실패,2. 50·60대와 노후자금,relevance,39,Y3bMkweEJf8,UCA57zlqR9wYq7RZP1y3w4AQ,217049,
은퇴 후 주식 투자 실패,2. 50·60대와 노후자금,relevance,40,plBDPQXbi1U,UCbSWnH-DZhBYwaK-o24gKeQ,217049,
은퇴 후 주식 투자 실패,2. 50·60대와 노후자금,relevance,41,3HgmLDqUFro,UCriq8I8GEESkQq0svX19oCw,217049,
은퇴 후 주식 투자 실패,2. 50·60대와 노후자금,relevance,42,uZ7KjLauXu0,UCXIIyfdS3hA3OHrhuMY1urQ,217049,
은퇴 후 주식 투자 실패,2. 50·60대와 노후자금,relevance,43,M0fHTKInPNc,UCcc-b4iEJz8k3reJo6N9pGg,217049,
은퇴 후 주식 투자 실패,2. 50·60대와 노후자금,relevance,44,eUEv3wALmL8,UClU6tzeYdQ902LLZta0Ymbg,217049,
은퇴 후 주식 투자 실패,2. 50·60대와 노후자금,relevance,45,kFZTtmqVirc,UCowMNQXcxSJJ7Kyc41Q4Pzw,217049,
은퇴 후 주식 투자 실패,2. 50·60대와 노후자금,relevance,46,utfw86RrMVE,UC5CyCSvCdoEP-VgQmFq3iww,217049,
은퇴 후 주식 투자 실패,2. 50·60대와 노후자금,relevance,47,yxRnORcI_MM,UCXIIyfdS3hA3OHrhuMY1urQ,217049,
은퇴 후 주식 투자 실패,2. 50·60대와 노후자금,relevance,48,1ITc59vE21M,UCXWOlSe2GHTev8QZhY_gMPg,217049,
주식 손실 숨긴 남편,3. 가족 갈등,relevance,1,PtfpU_NPz5Y,UC3uX0o1sFLj5eHdvZp2T64g,198,
주식 손실 숨긴 남편,3. 가족 갈등,relevance,2,aecEWtF1wHI,UC5O90RZzHh-bbo6S7_mKjUA,198,
주식 손실 숨긴 남편,3. 가족 갈등,relevance,3,U0oscFOBIUI,UC0mV8ItNiz0IDkXMvo5VZgQ,198,
주식 손실 숨긴 남편,3. 가족 갈등,relevance,4,eRMWhBh2uR0,UCb1uGjYGk9hSLX7-Iijx3hA,198,
주식 손실 숨긴 남편,3. 가족 갈등,relevance,5,YBv7MYNebRc,UCc_bQSYL9hBtC-bELramuFA,198,
주식 손실 숨긴 남편,3. 가족 갈등,relevance,6,vK6BkRVl_s0,UCt46kECnPR0j4yRR3uCIpDQ,198,
주식 손실 숨긴 남편,3. 가족 갈등,relevance,7,uNzqQvT3rQs,UCe8HrlhMkYlQ_61EjrrQlHw,198,
주식 손실 숨긴 남편,3. 가족 갈등,relevance,8,r5lP7IF_mGw,UCnPG3kj0a_yls_LWRrTSewA,198,
주식 손실 숨긴 남편,3. 가족 갈등,relevance,9,IGc8AcOqf_w,UCgBHLB39SWwtSMxnFloF-ng,198,
주식 손실 숨긴 남편,3. 가족 갈등,relevance,10,Y7XPsqR4R4I,UCVCU7KP8LFWMdvOr5nSNrNg,198,
주식 손실 숨긴 남편,3. 가족 갈등,relevance,11,ySNGCU81iqA,UCgL_h-qN8BchJWJ71P8chWg,198,
주식 손실 숨긴 남편,3. 가족 갈등,relevance,12,VlStT53KICI,UCIOHzEDwgUuLBZwPKEUt1AQ,198,
주식 손실 숨긴 남편,3. 가족 갈등,relevance,13,z33106XTAbI,UCsU-I-vHLiaMfV_ceaYz5rQ,198,
주식 손실 숨긴 남편,3. 가족 갈등,relevance,14,CxwCFxUwano,UCzXOlwCzzbAlb0eI3ZMH-2w,198,
주식 손실 숨긴 남편,3. 가족 갈등,relevance,15,M8-SD1r0ZRE,UCzdXqHpV02Q4oPJBVGvni-Q,198,
주식 손실 숨긴 남편,3. 가족 갈등,relevance,16,pyMJfQlk4WA,UC0T85z-eaXFBE-_NHrlBvIg,198,
주식 손실 숨긴 남편,3. 가족 갈등,relevance,17,8Z3rcEnqbB4,UC-xx3V4t3E_10W3wrXyPR_w,198,
주식 손실 숨긴 남편,3. 가족 갈등,relevance,18,RHAkQT7FN3Q,UCskhvdwQ9V0VQbUy60QWVBA,198,
주식 손실 숨긴 남편,3. 가족 갈등,relevance,19,xwewaispmMU,UC0vHVOZAq_5oG46F5zlkDFw,198,
주식 손실 숨긴 남편,3. 가족 갈등,relevance,20,IK-AK0xCftw,UCNE1pYj5_Hmnaz1xnnJi_dQ,198,
주식 손실 숨긴 남편,3. 가족 갈등,relevance,21,_b_g-SSluDE,UChlgI3UHCOnwUGzWzbJ3H5w,198,
주식 손실 숨긴 남편,3. 가족 갈등,relevance,22,2VaOBvaT9bM,UCmWtUqzAcAIsG6oJlIOcGQg,198,
주식 손실 숨긴 남편,3. 가족 갈등,relevance,23,6CIZbfyeDlk,UCMguxwveCsLVpyKrLz-EFTg,198,
주식 손실 숨긴 남편,3. 가족 갈등,relevance,24,PAXKRq6GA_4,UCWJXsP4owwrt0EAZcAzyHaQ,198,
주식 손실 숨긴 남편,3. 가족 갈등,relevance,25,EhR1mWM_ZV0,UCxtAQP-9Hx1RWdMchMRk71A,198,
주식 손실 숨긴 남편,3. 가족 갈등,relevance,26,SKUDD_zZFM8,UCqQs28K2zj2dOsc5NfXUKEg,198,
주식 손실 숨긴 남편,3. 가족 갈등,relevance,27,w8FO6ppggCg,UCF4Wxdo3inmxP-Y59wXDsFw,198,
주식 손실 숨긴 남편,3. 가족 갈등,relevance,28,EqnN8j-uPo0,UCWlV3Lz_55UaX4JsMj-z__Q,198,
주식 손실 숨긴 남편,3. 가족 갈등,relevance,29,O-5rXZCNzRc,UCAuQHXrTZBSIkfOiJ-Jln-A,198,
주식 손실 숨긴 남편,3. 가족 갈등,relevance,30,JlPmfTFCxok,UCsU-I-vHLiaMfV_ceaYz5rQ,198,
주식 손실 숨긴 남편,3. 가족 갈등,relevance,31,0tS3gRQerWs,UCFTyXMwb1ioIM_kQzZ5itig,198,
주식 손실 숨긴 남편,3. 가족 갈등,relevance,32,weK0WWDssQw,UCkinYTS9IHqOEwR1Sze2JTw,198,
주식 손실 숨긴 남편,3. 가족 갈등,relevance,33,foZ3_ZdxIt0,UC_FSImuNKApTDqvn-EW2rPA,198,
주식 손실 숨긴 남편,3. 가족 갈등,relevance,34,ZLrOu7dRHJs,UCgJ5pT6S2NuTVP-6-AlLZew,198,
주식 손실 숨긴 남편,3. 가족 갈등,relevance,35,K0_I0Z0YU-4,UCcQTRi69dsVYHN3exePtZ1A,198,
주식 손실 숨긴 남편,3. 가족 갈등,relevance,36,BZBUhgwE-34,UCG9aFJTZ-lMCHAiO1KJsirg,198,
주식 손실 숨긴 남편,3. 가족 갈등,relevance,37,Ai2f-wPAWY8,UCz2IGn-ranovRu9zbc7hUPg,198,
주식 손실 숨긴 남편,3. 가족 갈등,relevance,38,YkxrQkN-yt0,UC1D-pmkzd6dW4rjgKAP94TQ,198,
주식 손실 숨긴 남편,3. 가족 갈등,relevance,39,y8_6ioRCTEU,UCFTyXMwb1ioIM_kQzZ5itig,198,
주식 손실 숨긴 남편,3. 가족 갈등,relevance,40,Ry_90ZfrWQY,UCXqPL_eApnUym_FGY6wmhQw,198,
주식 손실 숨긴 남편,3. 가족 갈등,relevance,41,iD_o7mgCz5E,UCyMMHttDdCJEpwzHrTaF2UQ,198,
주식 손실 숨긴 남편,3. 가족 갈등,relevance,42,rsYPQXFig_s,UCzPRXOs_fA3AMOV2lcPuqTw,198,
주식 손실 숨긴 남편,3. 가족 갈등,relevance,43,CIQk98D1a0s,UCYyLIlOJyqkAFKlVjzX5img,198,
주식 손실 숨긴 남편,3. 가족 갈등,relevance,44,uRtU2Fo3G0k,UCG9aFJTZ-lMCHAiO1KJsirg,198,
주식 손실 숨긴 남편,3. 가족 갈등,relevance,45,DAwRyelr-6s,UCEWZw-we6e8ais3Sy_e5BXg,198,
주식 손실 숨긴 남편,3. 가족 갈등,relevance,46,SayKkU0CmKs,UC8pqfCpRwtOeVG3lfvlkb9w,198,
주식 손실 숨긴 남편,3. 가족 갈등,relevance,47,QY0Citvk0rw,UChlgI3UHCOnwUGzWzbJ3H5w,198,
주식 손실 숨긴 남편,3. 가족 갈등,relevance,48,R-xi8XOIYg8,UCUKj1EsRF2jMxuCx_vEeB5w,198,
주식 손실 숨긴 남편,3. 가족 갈등,relevance,49,KGEPs00A5ow,UCTHCOPwqNfZ0uiKOvFyhGwg,198,
주식 손실 숨긴 남편,3. 가족 갈등,relevance,50,ewFtu9NIlLs,UChlgI3UHCOnwUGzWzbJ3H5w,198,
주식 자동매매 사기 사례,4. 사기·추천방 피해,relevance,1,UZDV8_MxPSQ,UCkinYTS9IHqOEwR1Sze2JTw,44092,
주식 자동매매 사기 사례,4. 사기·추천방 피해,relevance,2,KYr_qLRx9s0,UCH37RCxPxdwRxoaMcADKkOA,44092,
주식 자동매매 사기 사례,4. 사기·추천방 피해,relevance,3,A5VfkpvroSE,UCI6C5V4J8FWRcLcOdh1yElw,44092,
주식 자동매매 사기 사례,4. 사기·추천방 피해,relevance,4,9E9OrcoMCjk,UCNoDulso251ty4e1b9V_9Cg,44092,
주식 자동매매 사기 사례,4. 사기·추천방 피해,relevance,5,njMnWYT802c,UCaisQNFnmqo64k3FKh-VbjA,44092,
주식 자동매매 사기 사례,4. 사기·추천방 피해,relevance,6,4z0pPMkxraY,UCdhZuMyHAzZhd6lJMZCs75Q,44092,
주식 자동매매 사기 사례,4. 사기·추천방 피해,relevance,7,9b2KxkAsMhQ,UCD_dgZUmlMnN-za_fjVu5XQ,44092,
주식 자동매매 사기 사례,4. 사기·추천방 피해,relevance,8,dIDo9FUVODs,UCWjGqiBxNtUyE5FtaD4CR9A,44092,
주식 자동매매 사기 사례,4. 사기·추천방 피해,relevance,9,ydV-bz-rCos,UCTAkfnDBbQZbqshMdNnv-Kg,44092,
주식 자동매매 사기 사례,4. 사기·추천방 피해,relevance,10,_pSLInJSIpU,UC6ahNeFbY2t_aZ-6Q-D6emw,44092,
주식 자동매매 사기 사례,4. 사기·추천방 피해,relevance,11,CgniMVyJtmg,UCXKXULkq--aSgzScYeLYJog,44092,
주식 자동매매 사기 사례,4. 사기·추천방 피해,relevance,12,502LTGK70fM,UCkinYTS9IHqOEwR1Sze2JTw,44092,
주식 자동매매 사기 사례,4. 사기·추천방 피해,relevance,13,kVec57YvaH0,UC-46dUgzd4N1Ec_r8tissig,44092,
주식 자동매매 사기 사례,4. 사기·추천방 피해,relevance,14,4ld98oGLB0Y,UCSKzsJMJSCzjmO8-8SUDdUw,44092,
주식 자동매매 사기 사례,4. 사기·추천방 피해,relevance,15,4ppf-qkwmDM,UCXgAcjK_ZKt9NQU3wLnvV6g,44092,
주식 자동매매 사기 사례,4. 사기·추천방 피해,relevance,16,w5X4SFIfqiI,UCH37RCxPxdwRxoaMcADKkOA,44092,
주식 자동매매 사기 사례,4. 사기·추천방 피해,relevance,17,gFpxuNyxrug,UCIIXYxDSG9jzscJhpE1U9qQ,44092,
주식 자동매매 사기 사례,4. 사기·추천방 피해,relevance,18,aXHfzkSgzR0,UCF4Wxdo3inmxP-Y59wXDsFw,44092,
주식 자동매매 사기 사례,4. 사기·추천방 피해,relevance,19,IFUXld2phrw,UCIOHzEDwgUuLBZwPKEUt1AQ,44092,
주식 자동매매 사기 사례,4. 사기·추천방 피해,relevance,20,WI13naqAtPc,UCFG2UwBABneCO-5IqVE9lhg,44092,
주식 자동매매 사기 사례,4. 사기·추천방 피해,relevance,21,1mC69VtIuss,UCnoMvisA2ot4V0oIvLOJrbw,44092,
주식 자동매매 사기 사례,4. 사기·추천방 피해,relevance,22,_aQCszVAKDM,UCpqBzzbWNN7ImX40JUrXEfw,44092,
주식 자동매매 사기 사례,4. 사기·추천방 피해,relevance,23,WMG66_Cu1SQ,UC-jgYMsPz6NuDT9j9dmNODg,44092,
주식 자동매매 사기 사례,4. 사기·추천방 피해,relevance,24,AIUHL8ZOZD0,UCD_dgZUmlMnN-za_fjVu5XQ,44092,
주식 자동매매 사기 사례,4. 사기·추천방 피해,relevance,25,-euUV-PEh0Q,UCxKDc0ygAklLZrUjitl23Gw,44092,
주식 자동매매 사기 사례,4. 사기·추천방 피해,relevance,26,N5GCqYLb8qY,UCFCtZJTuJhE18k8IXwmXTYQ,44092,
주식 자동매매 사기 사례,4. 사기·추천방 피해,relevance,27,_BAdI9THvYc,UCMzWnv9lk5zgpxhg7oRopfA,44092,
주식 자동매매 사기 사례,4. 사기·추천방 피해,relevance,28,GnRbPMTard8,UCisI76sCtqpz_S6pKfvAXPQ,44092,
주식 자동매매 사기 사례,4. 사기·추천방 피해,relevance,29,4LmJSFWjeD0,UCQNE2JmbasNYbjGAcuBiRRg,44092,
주식 자동매매 사기 사례,4. 사기·추천방 피해,relevance,30,1ET2AtpZbfA,UCeUFIeZyJYgsA0igczeCwUg,44092,
주식 자동매매 사기 사례,4. 사기·추천방 피해,relevance,31,p5_pNLzVDhw,UCXauRBf4EHbzLV-Fm1h8-fg,44092,
주식 자동매매 사기 사례,4. 사기·추천방 피해,relevance,32,JPTX1VfkN84,UCbbz2yrttQ277mtRnqiiOBg,44092,
주식 자동매매 사기 사례,4. 사기·추천방 피해,relevance,33,y6Eng4FKyU0,UCfu0gSdwD_VUO9Wwyg1eRxw,44092,
주식 자동매매 사기 사례,4. 사기·추천방 피해,relevance,34,dzCLtKW4Eg8,UC6nkHbnWIrpaDBHXQ_1aiIA,44092,
주식 자동매매 사기 사례,4. 사기·추천방 피해,relevance,35,C0g0PO_DOwk,UCFG2UwBABneCO-5IqVE9lhg,44092,
주식 자동매매 사기 사례,4. 사기·추천방 피해,relevance,36,35wTLgQSjrQ,UCisI76sCtqpz_S6pKfvAXPQ,44092,
주식 자동매매 사기 사례,4. 사기·추천방 피해,relevance,37,8Rp4vsTkAoU,UCVgnj0NqPit4GpTbdpr2KSg,44092,
주식 자동매매 사기 사례,4. 사기·추천방 피해,relevance,38,2WScWf8EU7Q,UC7nFgjBLjC1tAWAROIJGaHA,44092,
주식 자동매매 사기 사례,4. 사기·추천방 피해,relevance,39,o84rxDNxo0g,UCtMlDbklSzAij2FugY55Dlg,44092,
주식 자동매매 사기 사례,4. 사기·추천방 피해,relevance,40,SNI7_8pY9sQ,UC6ij59Gy_HnqO4pFu9A_zgQ,44092,
주식 자동매매 사기 사례,4. 사기·추천방 피해,relevance,41,lajY1g7os34,UCa-mVoWdRkrnHimtZvsAb2w,44092,
주식 자동매매 사기 사례,4. 사기·추천방 피해,relevance,42,H09pTO3ntaw,UC1VUj4hBkJ9rNlJGGV4RoRg,44092,
주식 자동매매 사기 사례,4. 사기·추천방 피해,relevance,43,I74yO0yjTm4,UCOio3vyYLWiKlHSYRKW-9UA,44092,
주식 자동매매 사기 사례,4. 사기·추천방 피해,relevance,44,mA2m_Tm-_nY,UCL8ACCJ895Lghs6Hk6olymQ,44092,
주식 자동매매 사기 사례,4. 사기·추천방 피해,relevance,45,zjc7kHesk-4,UCHKRLOqgrKhIgoCKJ3UkNhg,44092,
주식 자동매매 사기 사례,4. 사기·추천방 피해,relevance,46,-IxdVmY8TwA,UC7nFgjBLjC1tAWAROIJGaHA,44092,
주식 자동매매 사기 사례,4. 사기·추천방 피해,relevance,47,pWv-815AEQU,UCSKzsJMJSCzjmO8-8SUDdUw,44092,
주식 자동매매 사기 사례,4. 사기·추천방 피해,relevance,48,Y1RNxQHbiEM,UC1HFpvFDkRfVZa3FzL0R9CQ,44092,
주식 자동매매 사기 사례,4. 사기·추천방 피해,relevance,49,L_BdwQvI9oY,UCEHSeh36_ROl4TPUUvwXPlg,44092,
주식 자동매매 사기 사례,4. 사기·추천방 피해,relevance,50,1ybHKktiUrg,UCSrwgxgfR3kPNXZCcMCMn1w,44092,
미국 주식 투자 실패 사연,5. 특정 투자 방식 실패,relevance,1,uJ0ed9V3Gew,UCskhvdwQ9V0VQbUy60QWVBA,156835,
미국 주식 투자 실패 사연,5. 특정 투자 방식 실패,relevance,2,ccHZFwfsXyI,UCvS5hW5HVgvQD5sMKLaBJbA,156835,
미국 주식 투자 실패 사연,5. 특정 투자 방식 실패,relevance,3,DSDUvGS-8Yg,UCuAEegkcpCTs64hd0VwwVOA,156835,
미국 주식 투자 실패 사연,5. 특정 투자 방식 실패,relevance,4,7FrJ3wuJDaY,UCy-6oZwPwrR_W-zYnqLD8dg,156835,
미국 주식 투자 실패 사연,5. 특정 투자 방식 실패,relevance,5,s9xzey_UKMA,UCWstEH0k34aMAMPb5cJ9okw,156835,
미국 주식 투자 실패 사연,5. 특정 투자 방식 실패,relevance,6,-DjeTSaMD6M,UCy-6oZwPwrR_W-zYnqLD8dg,156835,
미국 주식 투자 실패 사연,5. 특정 투자 방식 실패,relevance,7,wZosp2n1onA,UCvS5hW5HVgvQD5sMKLaBJbA,156835,
미국 주식 투자 실패 사연,5. 특정 투자 방식 실패,relevance,8,UmhP9BOdqGQ,UCvS5hW5HVgvQD5sMKLaBJbA,156835,
미국 주식 투자 실패 사연,5. 특정 투자 방식 실패,relevance,9,S-bfnd9eFZY,UCskhvdwQ9V0VQbUy60QWVBA,156835,
미국 주식 투자 실패 사연,5. 특정 투자 방식 실패,relevance,10,JduGJ8GYzG8,UCskhvdwQ9V0VQbUy60QWVBA,156835,
미국 주식 투자 실패 사연,5. 특정 투자 방식 실패,relevance,11,8_YxWzVTbro,UCgFB5NI2tKLgmNgYuL_DAkQ,156835,
미국 주식 투자 실패 사연,5. 특정 투자 방식 실패,relevance,12,hAUVpVzpBKU,UCR4R3u3RFdjLlCWlOeg8I8A,156835,
미국 주식 투자 실패 사연,5. 특정 투자 방식 실패,relevance,13,9CQT1UCuYLI,UCskhvdwQ9V0VQbUy60QWVBA,156835,
미국 주식 투자 실패 사연,5. 특정 투자 방식 실패,relevance,14,Dr8rc1P6flM,UCvS5hW5HVgvQD5sMKLaBJbA,156835,
미국 주식 투자 실패 사연,5. 특정 투자 방식 실패,relevance,15,I6H7ZckgRQ4,UCVIB6JMy4MW5b8yl4TA04YA,156835,
미국 주식 투자 실패 사연,5. 특정 투자 방식 실패,relevance,16,N_u_-lqEzlY,UCm8VqlpN2vff3ijhWOyrtdw,156835,
미국 주식 투자 실패 사연,5. 특정 투자 방식 실패,relevance,17,j7NXfNU4x_0,UCvS5hW5HVgvQD5sMKLaBJbA,156835,
미국 주식 투자 실패 사연,5. 특정 투자 방식 실패,relevance,18,HIYR58mvsU0,UCm8VqlpN2vff3ijhWOyrtdw,156835,
미국 주식 투자 실패 사연,5. 특정 투자 방식 실패,relevance,19,Z8caq-6Eb7I,UCszmjuh8cT54ubrxcDzqWcw,156835,
미국 주식 투자 실패 사연,5. 특정 투자 방식 실패,relevance,20,EBJ4XA57b7g,UCb3IUCcxtdxBuKs6SvArqCQ,156835,
미국 주식 투자 실패 사연,5. 특정 투자 방식 실패,relevance,21,DilSTlYODes,UCowMNQXcxSJJ7Kyc41Q4Pzw,156835,
미국 주식 투자 실패 사연,5. 특정 투자 방식 실패,relevance,22,URt0uV6kGHQ,UCskhvdwQ9V0VQbUy60QWVBA,156835,
미국 주식 투자 실패 사연,5. 특정 투자 방식 실패,relevance,23,NgqSeJ_NsAI,UCnoMvisA2ot4V0oIvLOJrbw,156835,
미국 주식 투자 실패 사연,5. 특정 투자 방식 실패,relevance,24,IbKt7z14sk4,UCR4R3u3RFdjLlCWlOeg8I8A,156835,
미국 주식 투자 실패 사연,5. 특정 투자 방식 실패,relevance,25,f5swOu1F1Pg,UCvS5hW5HVgvQD5sMKLaBJbA,156835,
미국 주식 투자 실패 사연,5. 특정 투자 방식 실패,relevance,26,Gy_2vA9H9Zo,UCvS5hW5HVgvQD5sMKLaBJbA,156835,
미국 주식 투자 실패 사연,5. 특정 투자 방식 실패,relevance,27,JfzRMIQGci0,UC3-9Ul8LOKJzQMdo1nFb_sQ,156835,
미국 주식 투자 실패 사연,5. 특정 투자 방식 실패,relevance,28,R4_xPHX8sFk,UC9-FOv67-03WMjbPApziPwQ,156835,
미국 주식 투자 실패 사연,5. 특정 투자 방식 실패,relevance,29,YpcTUeCkZHQ,UCqyxZqr9760RKF0s0FwVOWw,156835,
미국 주식 투자 실패 사연,5. 특정 투자 방식 실패,relevance,30,w5X4SFIfqiI,UCH37RCxPxdwRxoaMcADKkOA,156835,
미국 주식 투자 실패 사연,5. 특정 투자 방식 실패,relevance,31,iebsDGjEyPE,UC1ifSsWUG241rRfK0ezYCgA,156835,
미국 주식 투자 실패 사연,5. 특정 투자 방식 실패,relevance,32,SoM3W-Cxess,UCSqFJxc0zYKLTr2IwFth2pA,156835,
미국 주식 투자 실패 사연,5. 특정 투자 방식 실패,relevance,33,RDEO7tKznSM,UCRRplhBrgNjauY9teZQbhOQ,156835,
미국 주식 투자 실패 사연,5. 특정 투자 방식 실패,relevance,34,kYoTeBWbIg4,UC7jFDEmtDIfTN2vn5nBF36g,156835,
미국 주식 투자 실패 사연,5. 특정 투자 방식 실패,relevance,35,mlvud03kqlg,UCUpVImsjp8wn54B4ih9xuyw,156835,
미국 주식 투자 실패 사연,5. 특정 투자 방식 실패,relevance,36,EBYqJAVb4wk,UCcQTRi69dsVYHN3exePtZ1A,156835,
미국 주식 투자 실패 사연,5. 특정 투자 방식 실패,relevance,37,VUOnJPZePcA,UCvS5hW5HVgvQD5sMKLaBJbA,156835,
미국 주식 투자 실패 사연,5. 특정 투자 방식 실패,relevance,38,otsz0tROdXI,UCdAeG2KuQCZUsXtq_-C0B1Q,156835,
미국 주식 투자 실패 사연,5. 특정 투자 방식 실패,relevance,39,3Ynu5dcBtIM,UCHpGooMnVgnILywqrpqvZcQ,156835,
미국 주식 투자 실패 사연,5. 특정 투자 방식 실패,relevance,40,kVec57YvaH0,UC-46dUgzd4N1Ec_r8tissig,156835,
미국 주식 투자 실패 사연,5. 특정 투자 방식 실패,relevance,41,rhr9NGd7w6Y,UCYYPvecmdGQgzIfghtdWhGQ,156835,
미국 주식 투자 실패 사연,5. 특정 투자 방식 실패,relevance,42,5Cmpqsy1Qig,UCvS5hW5HVgvQD5sMKLaBJbA,156835,
미국 주식 투자 실패 사연,5. 특정 투자 방식 실패,relevance,43,QbOcN_SxL8s,UCT1kwFpz5p1zI5DYNZtoxJQ,156835,
미국 주식 투자 실패 사연,5. 특정 투자 방식 실패,relevance,44,aVbmBSfTK-c,UC4i1O9S9_RVztD333qiCp5Q,156835,
미국 주식 투자 실패 사연,5. 특정 투자 방식 실패,relevance,45,ttEnbtvCXEw,UCDSj40X9FFUAnx1nv7gQhcA,156835,
미국 주식 투자 실패 사연,5. 특정 투자 방식 실패,relevance,46,zrjsC4NmI50,UCskhvdwQ9V0VQbUy60QWVBA,156835,
주식 폭락 전재산 손실,6. 큰 하락과 공포,relevance,1,JfzRMIQGci0,UC3-9Ul8LOKJzQMdo1nFb_sQ,57062,
주식 폭락 전재산 손실,6. 큰 하락과 공포,relevance,2,4pkXt3f4tds,UCYYPvecmdGQgzIfghtdWhGQ,57062,
주식 폭락 전재산 손실,6. 큰 하락과 공포,relevance,3,-DjeTSaMD6M,UCy-6oZwPwrR_W-zYnqLD8dg,57062,
주식 폭락 전재산 손실,6. 큰 하락과 공포,relevance,4,IbKt7z14sk4,UCR4R3u3RFdjLlCWlOeg8I8A,57062,
주식 폭락 전재산 손실,6. 큰 하락과 공포,relevance,5,7FrJ3wuJDaY,UCy-6oZwPwrR_W-zYnqLD8dg,57062,
주식 폭락 전재산 손실,6. 큰 하락과 공포,relevance,6,RXft-lAkSqU,UCnE_A6f34Dx2hemI4QeBkOg,57062,
주식 폭락 전재산 손실,6. 큰 하락과 공포,relevance,7,UQU-1yRyzCg,UCUVwugJJMK0lzEWKSHTssyA,57062,
주식 폭락 전재산 손실,6. 큰 하락과 공포,relevance,8,M0fHTKInPNc,UCcc-b4iEJz8k3reJo6N9pGg,57062,
주식 폭락 전재산 손실,6. 큰 하락과 공포,relevance,9,yERWAxUcgCY,UCy-6oZwPwrR_W-zYnqLD8dg,57062,
주식 폭락 전재산 손실,6. 큰 하락과 공포,relevance,10,DSDUvGS-8Yg,UCuAEegkcpCTs64hd0VwwVOA,57062,
주식 폭락 전재산 손실,6. 큰 하락과 공포,relevance,11,4uyVJcuXT88,UCupslRq5jW95UGzPjOZz0FA,57062,
주식 폭락 전재산 손실,6. 큰 하락과 공포,relevance,12,LhgDGV-N46c,UCkinYTS9IHqOEwR1Sze2JTw,57062,
주식 폭락 전재산 손실,6. 큰 하락과 공포,relevance,13,miic8yqQQ4c,UCK_3K2-ypzTDY9tB84RLvtw,57062,
주식 폭락 전재산 손실,6. 큰 하락과 공포,relevance,14,5xQElWCsr9w,UCZzZo5KH3-r_DaMH4u25X1g,57062,
주식 폭락 전재산 손실,6. 큰 하락과 공포,relevance,15,a87VkY00BzU,UCWlV3Lz_55UaX4JsMj-z__Q,57062,
주식 폭락 전재산 손실,6. 큰 하락과 공포,relevance,16,w5X4SFIfqiI,UCH37RCxPxdwRxoaMcADKkOA,57062,
주식 폭락 전재산 손실,6. 큰 하락과 공포,relevance,17,3fmFpSlxHIc,UCR4R3u3RFdjLlCWlOeg8I8A,57062,
주식 폭락 전재산 손실,6. 큰 하락과 공포,relevance,18,dvpJtifo94g,UCPPG9-aMu7h3_Im2CBnoZsw,57062,
주식 폭락 전재산 손실,6. 큰 하락과 공포,relevance,19,Kv6dyA1u0bM,UCIOHzEDwgUuLBZwPKEUt1AQ,57062,
주식 폭락 전재산 손실,6. 큰 하락과 공포,relevance,20,5N0jh7wDssI,UCe1iO4VU_CjKbM3Tpx6WeLw,57062,
주식 폭락 전재산 손실,6. 큰 하락과 공포,relevance,21,mocu44qrGno,UCR-VbKQQrSQ_5SrpUKTLxLg,57062,
주식 폭락 전재산 손실,6. 큰 하락과 공포,relevance,22,x_C7HFsorV4,UCiwQRG2sCcfjKkgxMEdJGPg,57062,
주식 폭락 전재산 손실,6. 큰 하락과 공포,relevance,23,EcqRufgRhZI,UCAwbbceBby-s7BnejRk9oMg,57062,
주식 폭락 전재산 손실,6. 큰 하락과 공포,relevance,24,HIgaIAGgfl0,UCZ6IkAFQDuHohcSr5EMtFeQ,57062,
주식 폭락 전재산 손실,6. 큰 하락과 공포,relevance,25,sMgROMB739Q,UCUI_wX3M1FF7g9upG7XegHw,57062,
주식 폭락 전재산 손실,6. 큰 하락과 공포,relevance,26,84mvBs7zTNc,UCTgCHmNJB-3GCh7rHbp9E6w,57062,
주식 폭락 전재산 손실,6. 큰 하락과 공포,relevance,27,8XDNoaP3DFw,UC9-FOv67-03WMjbPApziPwQ,57062,
주식 폭락 전재산 손실,6. 큰 하락과 공포,relevance,28,2y1ctrq0jmQ,UC5CyCSvCdoEP-VgQmFq3iww,57062,
주식 폭락 전재산 손실,6. 큰 하락과 공포,relevance,29,nZvMeGuHA3s,UC1ifSsWUG241rRfK0ezYCgA,57062,
주식 폭락 전재산 손실,6. 큰 하락과 공포,relevance,30,GNcsUZ7R7AU,UCJo6G1u0e_-wS-JQn3T-zEw,57062,
주식 폭락 전재산 손실,6. 큰 하락과 공포,relevance,31,Xn3rtYF0Dss,UCJo6G1u0e_-wS-JQn3T-zEw,57062,
주식 폭락 전재산 손실,6. 큰 하락과 공포,relevance,32,0qKM_7gSXNY,UC-8ZMX23sWwZ61HeIYU-tqQ,57062,
주식 폭락 전재산 손실,6. 큰 하락과 공포,relevance,33,09R51bZ_29Q,UCgFB5NI2tKLgmNgYuL_DAkQ,57062,
주식 폭락 전재산 손실,6. 큰 하락과 공포,relevance,34,cF0woaeTRfY,UCcQTRi69dsVYHN3exePtZ1A,57062,
주식 폭락 전재산 손실,6. 큰 하락과 공포,relevance,35,cs2m4cFsyLk,UC1ifSsWUG241rRfK0ezYCgA,57062,
주식 폭락 전재산 손실,6. 큰 하락과 공포,relevance,36,0W3o2FEmuWs,UCpqBzzbWNN7ImX40JUrXEfw,57062,
주식 폭락 전재산 손실,6. 큰 하락과 공포,relevance,37,G3obwGByVGs,UCtQkxwZkrruYdy2bVNNW-Rw,57062,
주식 폭락 전재산 손실,6. 큰 하락과 공포,relevance,38,EBYqJAVb4wk,UCcQTRi69dsVYHN3exePtZ1A,57062,
주식 폭락 전재산 손실,6. 큰 하락과 공포,relevance,39,I1r-gqxm7HI,UCJEYP25DMClnq6mzKSWJAMQ,57062,
주식 폭락 전재산 손실,6. 큰 하락과 공포,relevance,40,VZVN7h60LkI,UCcQTRi69dsVYHN3exePtZ1A,57062,
주식 폭락 전재산 손실,6. 큰 하락과 공포,relevance,41,6evwASRVysw,UCoLJtmpkYvqFBgOvOHqYrzA,57062,
주식 폭락 전재산 손실,6. 큰 하락과 공포,relevance,42,N5GCqYLb8qY,UCFCtZJTuJhE18k8IXwmXTYQ,57062,
주식 폭락 전재산 손실,6. 큰 하락과 공포,relevance,43,7g839CtjDno,UC1ifSsWUG241rRfK0ezYCgA,57062,
주식 폭락 전재산 손실,6. 큰 하락과 공포,relevance,44,1mC69VtIuss,UCnoMvisA2ot4V0oIvLOJrbw,57062,
주식 폭락 전재산 손실,6. 큰 하락과 공포,relevance,45,zbAX8brdZHo,UCv75JYk7H6Nwjr4cDfGX4Lw,57062,
주식 폭락 전재산 손실,6. 큰 하락과 공포,relevance,46,XvdA79EB40U,UCRanie597Iy6Frh5E6vfb6g,57062,
주식 폭락 전재산 손실,6. 큰 하락과 공포,relevance,47,B68KX94T0KA,UCy-6oZwPwrR_W-zYnqLD8dg,57062,
주식 폭락 전재산 손실,6. 큰 하락과 공포,relevance,48,NNp9y1QRrZ8,UCj3_t5p4L4aFsvdW3uHjnnw,57062,
주식 폭락 전재산 손실,6. 큰 하락과 공포,relevance,49,EuWJN9t_Puk,UCAi37F2UKYDcB40Hq13NJ3w,57062,
주식 폭락 전재산 손실,6. 큰 하락과 공포,relevance,50,VlStT53KICI,UCIOHzEDwgUuLBZwPKEUt1AQ,57062,
주식 손실 실제 경험담,7. 교훈과 예방,relevance,1,09R51bZ_29Q,UCgFB5NI2tKLgmNgYuL_DAkQ,160447,
주식 손실 실제 경험담,7. 교훈과 예방,relevance,2,s9xzey_UKMA,UCWstEH0k34aMAMPb5cJ9okw,160447,
주식 손실 실제 경험담,7. 교훈과 예방,relevance,3,HuUeYU370aU,UCfu0gSdwD_VUO9Wwyg1eRxw,160447,
주식 손실 실제 경험담,7. 교훈과 예방,relevance,4,eu2-tzB_kUw,UCj3_t5p4L4aFsvdW3uHjnnw,160447,
주식 손실 실제 경험담,7. 교훈과 예방,relevance,5,7z0JwxbOXx4,UCYHmqqSy8EhVoxGICwh4NaQ,160447,
주식 손실 실제 경험담,7. 교훈과 예방,relevance,6,V_6y1rlj-2U,UCR4R3u3RFdjLlCWlOeg8I8A,160447,
주식 손실 실제 경험담,7. 교훈과 예방,relevance,7,kYoTeBWbIg4,UC7jFDEmtDIfTN2vn5nBF36g,160447,
주식 손실 실제 경험담,7. 교훈과 예방,relevance,8,lx7M53p6KKs,UCTTHg3FlkC1x4qCg83i0dWQ,160447,
주식 손실 실제 경험담,7. 교훈과 예방,relevance,9,BMaKk0ft0_c,UCpqBzzbWNN7ImX40JUrXEfw,160447,
주식 손실 실제 경험담,7. 교훈과 예방,relevance,10,PJfgVuaBcPk,UCYYPvecmdGQgzIfghtdWhGQ,160447,
주식 손실 실제 경험담,7. 교훈과 예방,relevance,11,YUvH8M6kZTU,UCUpVImsjp8wn54B4ih9xuyw,160447,
주식 손실 실제 경험담,7. 교훈과 예방,relevance,12,0W3o2FEmuWs,UCpqBzzbWNN7ImX40JUrXEfw,160447,
주식 손실 실제 경험담,7. 교훈과 예방,relevance,13,2PlT7tMrxyE,UCpqBzzbWNN7ImX40JUrXEfw,160447,
주식 손실 실제 경험담,7. 교훈과 예방,relevance,14,g7NoVPLi35c,UCEJn9QJP2k_0XN5HleqozkA,160447,
주식 손실 실제 경험담,7. 교훈과 예방,relevance,15,OcaTuFNz07k,UCSdKPIlqnJNI9FqESh35qdQ,160447,
주식 손실 실제 경험담,7. 교훈과 예방,relevance,16,XvdA79EB40U,UCRanie597Iy6Frh5E6vfb6g,160447,
주식 손실 실제 경험담,7. 교훈과 예방,relevance,17,OnEJaDPytao,UCvS5hW5HVgvQD5sMKLaBJbA,160447,
주식 손실 실제 경험담,7. 교훈과 예방,relevance,18,J0bSx02kr3c,UCwzBJHLN0uklfzLAfVbMDRw,160447,
주식 손실 실제 경험담,7. 교훈과 예방,relevance,19,sQWNN5fHx6g,UChoDn1sBZIDdgUsqtFfCyuw,160447,
주식 손실 실제 경험담,7. 교훈과 예방,relevance,20,2y1ctrq0jmQ,UC5CyCSvCdoEP-VgQmFq3iww,160447,
주식 손실 실제 경험담,7. 교훈과 예방,relevance,21,G3obwGByVGs,UCtQkxwZkrruYdy2bVNNW-Rw,160447,
주식 손실 실제 경험담,7. 교훈과 예방,relevance,22,jrBd6KcITl4,UCteP-Wh0p64rUWrjOWspARg,160447,
주식 손실 실제 경험담,7. 교훈과 예방,relevance,23,VIzEAO_NdJk,UCpqBzzbWNN7ImX40JUrXEfw,160447,
주식 손실 실제 경험담,7. 교훈과 예방,relevance,24,mlvud03kqlg,UCUpVImsjp8wn54B4ih9xuyw,160447,
주식 손실 실제 경험담,7. 교훈과 예방,relevance,25,ybNnSk3fNzQ,UCdBuInpAa-mpKQt_FFsuytQ,160447,
주식 손실 실제 경험담,7. 교훈과 예방,relevance,26,7q9NHm32wYw,UCUpVImsjp8wn54B4ih9xuyw,160447,
주식 손실 실제 경험담,7. 교훈과 예방,relevance,27,K2nMluaMsY0,UCoEVLzH9LLcQhqNJ1jbLXKQ,160447,
주식 손실 실제 경험담,7. 교훈과 예방,relevance,28,UEKpf3thW2Y,UCs0JQ2POzNwhtEfRr_tuqMA,160447,
주식 손실 실제 경험담,7. 교훈과 예방,relevance,29,kGUHZaWDT6Y,UCYHmqqSy8EhVoxGICwh4NaQ,160447,
주식 손실 실제 경험담,7. 교훈과 예방,relevance,30,sMgROMB739Q,UCUI_wX3M1FF7g9upG7XegHw,160447,
주식 손실 실제 경험담,7. 교훈과 예방,relevance,31,yjx50AEGD1I,UCqJWyjSDkweMZmwLKdn4dMw,160447,
주식 손실 실제 경험담,7. 교훈과 예방,relevance,32,EBYqJAVb4wk,UCcQTRi69dsVYHN3exePtZ1A,160447,
주식 손실 실제 경험담,7. 교훈과 예방,relevance,33,fwnvHWMjOZs,UCpqBzzbWNN7ImX40JUrXEfw,160447,
주식 손실 실제 경험담,7. 교훈과 예방,relevance,34,JfzRMIQGci0,UC3-9Ul8LOKJzQMdo1nFb_sQ,160447,
주식 손실 실제 경험담,7. 교훈과 예방,relevance,35,mKOkiulXe-8,UCQvWvQqVksHI2_p5buRHxKw,160447,
주식 손실 실제 경험담,7. 교훈과 예방,relevance,36,F2WBaOwglY0,UCteP-Wh0p64rUWrjOWspARg,160447,
주식 손실 실제 경험담,7. 교훈과 예방,relevance,37,7FrJ3wuJDaY,UCy-6oZwPwrR_W-zYnqLD8dg,160447,
주식 손실 실제 경험담,7. 교훈과 예방,relevance,38,6F-_ZkwD270,UCbVa4V0hcnscgUFIklIwNEw,160447,
주식 손실 실제 경험담,7. 교훈과 예방,relevance,39,EcqRufgRhZI,UCAwbbceBby-s7BnejRk9oMg,160447,
주식 손실 실제 경험담,7. 교훈과 예방,relevance,40,MWsKSEkaO8w,UCaJdckl6MBdDPDf75Ec_bJA,160447,
주식 손실 실제 경험담,7. 교훈과 예방,relevance,41,lH_ugHpI_p0,UCyUJvPTlR-pklwT0APpFIhA,160447,
주식 손실 실제 경험담,7. 교훈과 예방,relevance,42,LhgDGV-N46c,UCkinYTS9IHqOEwR1Sze2JTw,160447,
주식 손실 실제 경험담,7. 교훈과 예방,relevance,43,gLzRFxoAHmE,UC9pRbFJb-RRa3zsHNR7Aknw,160447,
주식 손실 실제 경험담,7. 교훈과 예방,relevance,44,lEAsOSjnDpk,UCHKRLOqgrKhIgoCKJ3UkNhg,160447,
주식 손실 실제 경험담,7. 교훈과 예방,relevance,45,u0m2lIl_xTg,UCDDK_fAXMb9ilLib_sx5pCQ,160447,
주식 손실 실제 경험담,7. 교훈과 예방,relevance,46,6vgK2zNnJl0,UC-46dUgzd4N1Ec_r8tissig,160447,
주식 손실 실제 경험담,7. 교훈과 예방,relevance,47,WNdc85IlMA4,UCHKRLOqgrKhIgoCKJ3UkNhg,160447,
주식 리딩방 법원 판결,8. 실제 사건·판결·뉴스,relevance,1,XzfL3UgHvmc,UCF4Wxdo3inmxP-Y59wXDsFw,1200,
주식 리딩방 법원 판결,8. 실제 사건·판결·뉴스,relevance,2,ylw79J75KMI,UCMD74jSzceTRlxMvygxvwXQ,1200,
주식 리딩방 법원 판결,8. 실제 사건·판결·뉴스,relevance,3,ywV7cyfNk8U,UCJKLBayhZ5BSI_U12aH_t6A,1200,
주식 리딩방 법원 판결,8. 실제 사건·판결·뉴스,relevance,4,qG_hUlaXa-8,UCG9aFJTZ-lMCHAiO1KJsirg,1200,
주식 리딩방 법원 판결,8. 실제 사건·판결·뉴스,relevance,5,jh9T0HNUu24,UCMAtq4pS5Yx3ghhYg7yRqVg,1200,
주식 리딩방 법원 판결,8. 실제 사건·판결·뉴스,relevance,6,8UFm98itk8w,UCfyY-4xoQHDlRvCIXPhlubQ,1200,
주식 리딩방 법원 판결,8. 실제 사건·판결·뉴스,relevance,7,GjDKhZp5w7c,UCnXBiZCXlYYXKcBAnTpT8oQ,1200,
주식 리딩방 법원 판결,8. 실제 사건·판결·뉴스,relevance,8,XD8ouSW5-l4,UCkmGJkndcQl6NJ1DBNcbJ-g,1200,
주식 리딩방 법원 판결,8. 실제 사건·판결·뉴스,relevance,9,aXHfzkSgzR0,UCF4Wxdo3inmxP-Y59wXDsFw,1200,
주식 리딩방 법원 판결,8. 실제 사건·판결·뉴스,relevance,10,9tapcdn2xuA,UCcQTRi69dsVYHN3exePtZ1A,1200,
주식 리딩방 법원 판결,8. 실제 사건·판결·뉴스,relevance,11,foFBHdEoee4,UCg6RN0U6YIszTndPdzPJfUA,1200,
주식 리딩방 법원 판결,8. 실제 사건·판결·뉴스,relevance,12,x2hw5P9X7d4,UCnKVp6H0k7fPVRkSPBX9V_A,1200,
주식 리딩방 법원 판결,8. 실제 사건·판결·뉴스,relevance,13,4WK3ymct2kk,UChlgI3UHCOnwUGzWzbJ3H5w,1200,
주식 리딩방 법원 판결,8. 실제 사건·판결·뉴스,relevance,14,-SHs1ZS5t64,UCyozgLqIzYoSS4yq81qq8DA,1200,
주식 리딩방 법원 판결,8. 실제 사건·판결·뉴스,relevance,15,XulBX0HSAhE,UCMEbRpvuwTbXxGiyDb1mT8w,1200,
주식 리딩방 법원 판결,8. 실제 사건·판결·뉴스,relevance,16,-CCb_hLHK2E,UCv3K9-g6ZXMbZ36hjUsBXkA,1200,
주식 리딩방 법원 판결,8. 실제 사건·판결·뉴스,relevance,17,EPCbjBbVH8g,UCyPuWZD0Z2LLfxxKko8rqGA,1200,
주식 리딩방 법원 판결,8. 실제 사건·판결·뉴스,relevance,18,A--MyC7YxVY,UChlgI3UHCOnwUGzWzbJ3H5w,1200,
주식 리딩방 법원 판결,8. 실제 사건·판결·뉴스,relevance,19,mNUf-OkbQRo,UC1ifSsWUG241rRfK0ezYCgA,1200,
주식 리딩방 법원 판결,8. 실제 사건·판결·뉴스,relevance,20,pMf_8uBVrfM,UCUkuuoNkyVBFWojFW-SPmTw,1200,
주식 리딩방 법원 판결,8. 실제 사건·판결·뉴스,relevance,21,SeTsbXiofWc,UCQTtaf_xMvDMHeeDx_zaesg,1200,
주식 리딩방 법원 판결,8. 실제 사건·판결·뉴스,relevance,22,BoTxJKZLBdY,UChRnJ6XdAANkCOJfmWSASgQ,1200,
주식 리딩방 법원 판결,8. 실제 사건·판결·뉴스,relevance,23,JiR3TvA5m0w,UCblB86SI93UerFKcFfTlvaA,1200,
주식 리딩방 법원 판결,8. 실제 사건·판결·뉴스,relevance,24,8mAWSyk-d3k,UCcNmSA80QajqkQ58c4OFSkA,1200,
주식 리딩방 법원 판결,8. 실제 사건·판결·뉴스,relevance,25,SmFIMLMxm3g,UChlgI3UHCOnwUGzWzbJ3H5w,1200,
주식 리딩방 법원 판결,8. 실제 사건·판결·뉴스,relevance,26,dWIFsqvFOu4,UCUR8LWcQrNVw9cJodTsd-NA,1200,
주식 리딩방 법원 판결,8. 실제 사건·판결·뉴스,relevance,27,s7zNPOLUOng,UC1MR72cKxPxL150RHT80Psw,1200,
주식 리딩방 법원 판결,8. 실제 사건·판결·뉴스,relevance,28,daUXgWnzAQE,UCw9o9ThCdG5G1VAFtVymCwg,1200,
주식 리딩방 법원 판결,8. 실제 사건·판결·뉴스,relevance,29,qiy8bXtEdyw,UCUSW92vQfuBv1FM39DMERiA,1200,
주식 리딩방 법원 판결,8. 실제 사건·판결·뉴스,relevance,30,KCehvt5N2qw,UCTHCOPwqNfZ0uiKOvFyhGwg,1200,
주식 리딩방 법원 판결,8. 실제 사건·판결·뉴스,relevance,31,ksNGAtN9QL0,UCMe6VtgxFxAMyVNtBdFkyvg,1200,
주식 리딩방 법원 판결,8. 실제 사건·판결·뉴스,relevance,32,IKJceJ1Kyl4,UCF4Wxdo3inmxP-Y59wXDsFw,1200,
주식 리딩방 법원 판결,8. 실제 사건·판결·뉴스,relevance,33,PL5rupEGw6I,UCv3K9-g6ZXMbZ36hjUsBXkA,1200,
주식 리딩방 법원 판결,8. 실제 사건·판결·뉴스,relevance,34,op2VpCTCznA,UChlgI3UHCOnwUGzWzbJ3H5w,1200,
주식 리딩방 법원 판결,8. 실제 사건·판결·뉴스,relevance,35,plK5Q7nHohU,UChlv4GSd7OQl3js-jkLOnFA,1200,
주식 리딩방 법원 판결,8. 실제 사건·판결·뉴스,relevance,36,qvtMkiHArpw,UCcQTRi69dsVYHN3exePtZ1A,1200,
주식 리딩방 법원 판결,8. 실제 사건·판결·뉴스,relevance,37,FXQ-YdyC-SY,UCRiBXc1gpmuiXqDXtajvRqA,1200,
주식 리딩방 법원 판결,8. 실제 사건·판결·뉴스,relevance,38,hFAw-h5DsVA,UCnfjDYNUQA3Q0LiIGMZEjRg,1200,
주식 리딩방 법원 판결,8. 실제 사건·판결·뉴스,relevance,39,eejY9BMd6mw,UChlgI3UHCOnwUGzWzbJ3H5w,1200,
주식 리딩방 법원 판결,8. 실제 사건·판결·뉴스,relevance,40,6thAmJZjpWQ,UC0pzkwP6wcHiH54qRI0MY6A,1200,
주식 리딩방 법원 판결,8. 실제 사건·판결·뉴스,relevance,41,r_cHnadSbbY,UCcNmSA80QajqkQ58c4OFSkA,1200,
주식 리딩방 법원 판결,8. 실제 사건·판결·뉴스,relevance,42,oXRRp1Iv1aQ,UCSiZ7tKrhazdNniUHkPhmUw,1200,
주식 리딩방 법원 판결,8. 실제 사건·판결·뉴스,relevance,43,JltHDfi3bHU,UCTHCOPwqNfZ0uiKOvFyhGwg,1200,
주식 리딩방 법원 판결,8. 실제 사건·판결·뉴스,relevance,44,WtZwUMJzHQA,UCUSW92vQfuBv1FM39DMERiA,1200,
주식 리딩방 법원 판결,8. 실제 사건·판결·뉴스,relevance,45,l7WuRp0Fn7o,UC8KTuyYh9Q19p7nIj3o7xzg,1200,
주식 리딩방 법원 판결,8. 실제 사건·판결·뉴스,relevance,46,Bmwl3XkVZF4,UCMEbRpvuwTbXxGiyDb1mT8w,1200,
주식 리딩방 법원 판결,8. 실제 사건·판결·뉴스,relevance,47,iMCvxRzr92g,UCHpGooMnVgnILywqrpqvZcQ,1200,
주식 리딩방 법원 판결,8. 실제 사건·판결·뉴스,relevance,48,RV91OD5WibY,UCMVmOvg3eMUr8eD9zDOTUQw,1200,
주식 리딩방 법원 판결,8. 실제 사건·판결·뉴스,relevance,49,kT7a0va51FY,UCGTpP4c0Slh9QPBXei7kv4w,1200,
주식 리딩방 법원 판결,8. 실제 사건·판결·뉴스,relevance,50,_ME9rX3N8wc,UChlv4GSd7OQl3js-jkLOnFA,1200,
주식 손실 고백,9. 사연·썰·다큐 포맷,relevance,1,sGWOv_6QX7U,UC1ifSsWUG241rRfK0ezYCgA,63562,
주식 손실 고백,9. 사연·썰·다큐 포맷,relevance,2,PGzbkRhLpoQ,UCG9aFJTZ-lMCHAiO1KJsirg,63562,
주식 손실 고백,9. 사연·썰·다큐 포맷,relevance,3,HuUeYU370aU,UCfu0gSdwD_VUO9Wwyg1eRxw,63562,
주식 손실 고백,9. 사연·썰·다큐 포맷,relevance,4,0W3o2FEmuWs,UCpqBzzbWNN7ImX40JUrXEfw,63562,
주식 손실 고백,9. 사연·썰·다큐 포맷,relevance,5,lx7M53p6KKs,UCTTHg3FlkC1x4qCg83i0dWQ,63562,
주식 손실 고백,9. 사연·썰·다큐 포맷,relevance,6,JfzRMIQGci0,UC3-9Ul8LOKJzQMdo1nFb_sQ,63562,
주식 손실 고백,9. 사연·썰·다큐 포맷,relevance,7,09R51bZ_29Q,UCgFB5NI2tKLgmNgYuL_DAkQ,63562,
주식 손실 고백,9. 사연·썰·다큐 포맷,relevance,8,s9xzey_UKMA,UCWstEH0k34aMAMPb5cJ9okw,63562,
주식 손실 고백,9. 사연·썰·다큐 포맷,relevance,9,SNI7_8pY9sQ,UC6ij59Gy_HnqO4pFu9A_zgQ,63562,
주식 손실 고백,9. 사연·썰·다큐 포맷,relevance,10,PJfgVuaBcPk,UCYYPvecmdGQgzIfghtdWhGQ,63562,
주식 손실 고백,9. 사연·썰·다큐 포맷,relevance,11,1awIajA8c28,UCsU-I-vHLiaMfV_ceaYz5rQ,63562,
주식 손실 고백,9. 사연·썰·다큐 포맷,relevance,12,BMaKk0ft0_c,UCpqBzzbWNN7ImX40JUrXEfw,63562,
주식 손실 고백,9. 사연·썰·다큐 포맷,relevance,13,EBYqJAVb4wk,UCcQTRi69dsVYHN3exePtZ1A,63562,
주식 손실 고백,9. 사연·썰·다큐 포맷,relevance,14,0F5E8MwKc7Y,UCO09F1QDh0WdXkh8lowJLbg,63562,
주식 손실 고백,9. 사연·썰·다큐 포맷,relevance,15,yjx50AEGD1I,UCqJWyjSDkweMZmwLKdn4dMw,63562,
주식 손실 고백,9. 사연·썰·다큐 포맷,relevance,16,StFUT8G4XO0,UCAcesv8qLL5-4BLI6bhHKxg,63562,
주식 손실 고백,9. 사연·썰·다큐 포맷,relevance,17,OXw8UGhvZ2U,UCd7lUUDMIGDybpy9xY9CpfA,63562,
주식 손실 고백,9. 사연·썰·다큐 포맷,relevance,18,xO2oyVn_xUE,UCgFB5NI2tKLgmNgYuL_DAkQ,63562,
주식 손실 고백,9. 사연·썰·다큐 포맷,relevance,19,LsPdURJDW4Y,UCrwdlu_uFLTMQPF_POVAnmA,63562,
주식 손실 고백,9. 사연·썰·다큐 포맷,relevance,20,tTURG8dM6lQ,UCR4R3u3RFdjLlCWlOeg8I8A,63562,
주식 손실 고백,9. 사연·썰·다큐 포맷,relevance,21,tBt-Jvy_mlM,UCZ6IkAFQDuHohcSr5EMtFeQ,63562,
주식 손실 고백,9. 사연·썰·다큐 포맷,relevance,22,EcqRufgRhZI,UCAwbbceBby-s7BnejRk9oMg,63562,
주식 손실 고백,9. 사연·썰·다큐 포맷,relevance,23,OKHm1gUNyPA,UCaEBilUUgW9sjZXRSD7i5jg,63562,
주식 손실 고백,9. 사연·썰·다큐 포맷,relevance,24,sBl3La0muqg,UC1ifSsWUG241rRfK0ezYCgA,63562,
주식 손실 고백,9. 사연·썰·다큐 포맷,relevance,25,jrBd6KcITl4,UCteP-Wh0p64rUWrjOWspARg,63562,
주식 손실 고백,9. 사연·썰·다큐 포맷,relevance,26,XN06rwzd5pc,UCGoQ5Lte_qSjGDBb4g-nPCA,63562,
주식 손실 고백,9. 사연·썰·다큐 포맷,relevance,27,u0m2lIl_xTg,UCDDK_fAXMb9ilLib_sx5pCQ,63562,
주식 손실 고백,9. 사연·썰·다큐 포맷,relevance,28,wY88tkcVMA4,UCpqBzzbWNN7ImX40JUrXEfw,63562,
주식 손실 고백,9. 사연·썰·다큐 포맷,relevance,29,AsETMGD6BQc,UC-jgYMsPz6NuDT9j9dmNODg,63562,
주식 손실 고백,9. 사연·썰·다큐 포맷,relevance,30,OSFDI0e6cGk,UCW945UjEs6Jm3rVNvPEALdg,63562,
주식 손실 고백,9. 사연·썰·다큐 포맷,relevance,31,F2WBaOwglY0,UCteP-Wh0p64rUWrjOWspARg,63562,
주식 손실 고백,9. 사연·썰·다큐 포맷,relevance,32,8PA0jZXEbBg,UCWr6NbUWuxiVqQCvCoTFJlg,63562,
주식 손실 고백,9. 사연·썰·다큐 포맷,relevance,33,5xQElWCsr9w,UCZzZo5KH3-r_DaMH4u25X1g,63562,
주식 손실 고백,9. 사연·썰·다큐 포맷,relevance,34,sMgROMB739Q,UCUI_wX3M1FF7g9upG7XegHw,63562,
주식 손실 고백,9. 사연·썰·다큐 포맷,relevance,35,lEAsOSjnDpk,UCHKRLOqgrKhIgoCKJ3UkNhg,63562,
주식 손실 고백,9. 사연·썰·다큐 포맷,relevance,36,N5GCqYLb8qY,UCFCtZJTuJhE18k8IXwmXTYQ,63562,
주식 손실 고백,9. 사연·썰·다큐 포맷,relevance,37,1tWZ8xfQPqI,UCUFUOdQwKTWda7kKqxQwMxw,63562,
주식 손실 고백,9. 사연·썰·다큐 포맷,relevance,38,dGPI56e3uSA,UCArMoa6lEdcDIsT7srY8YsA,63562,
주식 손실 고백,9. 사연·썰·다큐 포맷,relevance,39,CEwFM7eGRxE,UCmNJloArG7sgybt9NHl3vww,63562,
주식 손실 고백,9. 사연·썰·다큐 포맷,relevance,40,g7NoVPLi35c,UCEJn9QJP2k_0XN5HleqozkA,63562,
주식 손실 고백,9. 사연·썰·다큐 포맷,relevance,41,So-vOWwlNDo,UCszmjuh8cT54ubrxcDzqWcw,63562,
주식 손실 고백,9. 사연·썰·다큐 포맷,relevance,42,LhgDGV-N46c,UCkinYTS9IHqOEwR1Sze2JTw,63562,
주식 손실 고백,9. 사연·썰·다큐 포맷,relevance,43,VIzEAO_NdJk,UCpqBzzbWNN7ImX40JUrXEfw,63562,
주식 손실 고백,9. 사연·썰·다큐 포맷,relevance,44,J0bSx02kr3c,UCwzBJHLN0uklfzLAfVbMDRw,63562,
주식 손실 고백,9. 사연·썰·다큐 포맷,relevance,45,A1QukBeMzvQ,UC9FKrSzMJJGkFlt9W_aBvSg,63562,
주식 손실 고백,9. 사연·썰·다큐 포맷,relevance,46,mppkxeVJjDc,UCFNvxbkVLERlXqoSRtZ8KVQ,63562,
주식 손실 고백,9. 사연·썰·다큐 포맷,relevance,47,4uyVJcuXT88,UCupslRq5jW95UGzPjOZz0FA,63562,
주식 장기투자 실패 사례,1. 실제 투자 실패·손실 사연,relevance,1,2qDbK4tOZFk,UCR4R3u3RFdjLlCWlOeg8I8A,159145,
주식 장기투자 실패 사례,1. 실제 투자 실패·손실 사연,relevance,2,yjx50AEGD1I,UCqJWyjSDkweMZmwLKdn4dMw,159145,
주식 장기투자 실패 사례,1. 실제 투자 실패·손실 사연,relevance,3,wQkYPjn4wPo,UCl_tB4AqPkkxuYcJQHz6dMw,159145,
주식 장기투자 실패 사례,1. 실제 투자 실패·손실 사연,relevance,4,dbI8ojwXBMY,UCnE_A6f34Dx2hemI4QeBkOg,159145,
주식 장기투자 실패 사례,1. 실제 투자 실패·손실 사연,relevance,5,KE8vSusZ6Ek,UCaJdckl6MBdDPDf75Ec_bJA,159145,
주식 장기투자 실패 사례,1. 실제 투자 실패·손실 사연,relevance,6,sVnEVzia258,UCHpGooMnVgnILywqrpqvZcQ,159145,
주식 장기투자 실패 사례,1. 실제 투자 실패·손실 사연,relevance,7,jRxhY7MF26Q,UCEDbet_4cQqo5_8Yw2ermKg,159145,
주식 장기투자 실패 사례,1. 실제 투자 실패·손실 사연,relevance,8,SN0sGAdpM_k,UCq8rXcF5JI_s7256fRBlQhA,159145,
주식 장기투자 실패 사례,1. 실제 투자 실패·손실 사연,relevance,9,hAUVpVzpBKU,UCR4R3u3RFdjLlCWlOeg8I8A,159145,
주식 장기투자 실패 사례,1. 실제 투자 실패·손실 사연,relevance,10,9CQT1UCuYLI,UCskhvdwQ9V0VQbUy60QWVBA,159145,
주식 장기투자 실패 사례,1. 실제 투자 실패·손실 사연,relevance,11,8_YxWzVTbro,UCgFB5NI2tKLgmNgYuL_DAkQ,159145,
주식 장기투자 실패 사례,1. 실제 투자 실패·손실 사연,relevance,12,RZ6lKACddVI,UCt9m3iBPn0e0z0B_t-Va7sw,159145,
주식 장기투자 실패 사례,1. 실제 투자 실패·손실 사연,relevance,13,T22mXDQYnT0,UC5CyCSvCdoEP-VgQmFq3iww,159145,
주식 장기투자 실패 사례,1. 실제 투자 실패·손실 사연,relevance,14,drY-ns5RY0k,UCJDd5BvqQBE7nkbbbuZnxBA,159145,
주식 장기투자 실패 사례,1. 실제 투자 실패·손실 사연,relevance,15,I6H7ZckgRQ4,UCVIB6JMy4MW5b8yl4TA04YA,159145,
주식 장기투자 실패 사례,1. 실제 투자 실패·손실 사연,relevance,16,JfzRMIQGci0,UC3-9Ul8LOKJzQMdo1nFb_sQ,159145,
주식 장기투자 실패 사례,1. 실제 투자 실패·손실 사연,relevance,17,PGzbkRhLpoQ,UCG9aFJTZ-lMCHAiO1KJsirg,159145,
주식 장기투자 실패 사례,1. 실제 투자 실패·손실 사연,relevance,18,nel7I_oENUQ,UCskhvdwQ9V0VQbUy60QWVBA,159145,
주식 장기투자 실패 사례,1. 실제 투자 실패·손실 사연,relevance,19,uJ0ed9V3Gew,UCskhvdwQ9V0VQbUy60QWVBA,159145,
주식 장기투자 실패 사례,1. 실제 투자 실패·손실 사연,relevance,20,HN2dIZYyGKU,UCUpVImsjp8wn54B4ih9xuyw,159145,
주식 장기투자 실패 사례,1. 실제 투자 실패·손실 사연,relevance,21,M0fHTKInPNc,UCcc-b4iEJz8k3reJo6N9pGg,159145,
주식 장기투자 실패 사례,1. 실제 투자 실패·손실 사연,relevance,22,-MjVbEH_Zo8,UCUrZsK1w0iuR76ME5m6fQMQ,159145,
주식 장기투자 실패 사례,1. 실제 투자 실패·손실 사연,relevance,23,EpyKZitm9dA,UCYYPvecmdGQgzIfghtdWhGQ,159145,
주식 장기투자 실패 사례,1. 실제 투자 실패·손실 사연,relevance,24,BC57lw_k6a4,UCtQkxwZkrruYdy2bVNNW-Rw,159145,
주식 장기투자 실패 사례,1. 실제 투자 실패·손실 사연,relevance,25,EBYqJAVb4wk,UCcQTRi69dsVYHN3exePtZ1A,159145,
주식 장기투자 실패 사례,1. 실제 투자 실패·손실 사연,relevance,26,P8qcySTDZhc,UCnFnsb1jfgAHSdviaNSaUwA,159145,
주식 장기투자 실패 사례,1. 실제 투자 실패·손실 사연,relevance,27,G3obwGByVGs,UCtQkxwZkrruYdy2bVNNW-Rw,159145,
주식 장기투자 실패 사례,1. 실제 투자 실패·손실 사연,relevance,28,iacwbUHyqv4,UCcc-b4iEJz8k3reJo6N9pGg,159145,
주식 장기투자 실패 사례,1. 실제 투자 실패·손실 사연,relevance,29,mlvud03kqlg,UCUpVImsjp8wn54B4ih9xuyw,159145,
주식 장기투자 실패 사례,1. 실제 투자 실패·손실 사연,relevance,30,8d8lurBu7bU,UCO-e0J-Qsilkv_4tBa3LyYw,159145,
주식 장기투자 실패 사례,1. 실제 투자 실패·손실 사연,relevance,31,zjc7kHesk-4,UCHKRLOqgrKhIgoCKJ3UkNhg,159145,
주식 장기투자 실패 사례,1. 실제 투자 실패·손실 사연,relevance,32,2Qx0fmjcWp8,UCsihFW_BkUGguOk9xllqbMA,159145,
주식 장기투자 실패 사례,1. 실제 투자 실패·손실 사연,relevance,33,shcVIK-_MTM,UCEb31RoX5RnfYENmnyokN8A,159145,
주식 장기투자 실패 사례,1. 실제 투자 실패·손실 사연,relevance,34,gF82qZvZQ3Q,UCHpGooMnVgnILywqrpqvZcQ,159145,
주식 장기투자 실패 사례,1. 실제 투자 실패·손실 사연,relevance,35,RDEO7tKznSM,UCRRplhBrgNjauY9teZQbhOQ,159145,
주식 장기투자 실패 사례,1. 실제 투자 실패·손실 사연,relevance,36,s9xzey_UKMA,UCWstEH0k34aMAMPb5cJ9okw,159145,
주식 장기투자 실패 사례,1. 실제 투자 실패·손실 사연,relevance,37,6tejVOLzOcI,UCQeCqmZZcSa0oEd6IeQ7dyg,159145,
주식 장기투자 실패 사례,1. 실제 투자 실패·손실 사연,relevance,38,5N0jh7wDssI,UCe1iO4VU_CjKbM3Tpx6WeLw,159145,
주식 장기투자 실패 사례,1. 실제 투자 실패·손실 사연,relevance,39,Dr8rc1P6flM,UCvS5hW5HVgvQD5sMKLaBJbA,159145,
주식 장기투자 실패 사례,1. 실제 투자 실패·손실 사연,relevance,40,-DjeTSaMD6M,UCy-6oZwPwrR_W-zYnqLD8dg,159145,
주식 장기투자 실패 사례,1. 실제 투자 실패·손실 사연,relevance,41,o3mSVknZvOg,UC5tZn3S61eYLsryJ4fMfNaw,159145,
주식 장기투자 실패 사례,1. 실제 투자 실패·손실 사연,relevance,42,5_AdtXEWgyU,UCWr6NbUWuxiVqQCvCoTFJlg,159145,
주식 장기투자 실패 사례,1. 실제 투자 실패·손실 사연,relevance,43,7qi9hIhNAUI,UCt9m3iBPn0e0z0B_t-Va7sw,159145,
주식 장기투자 실패 사례,1. 실제 투자 실패·손실 사연,relevance,44,74t-1actW28,UC5CyCSvCdoEP-VgQmFq3iww,159145,
주식 장기투자 실패 사례,1. 실제 투자 실패·손실 사연,relevance,45,N_u_-lqEzlY,UCm8VqlpN2vff3ijhWOyrtdw,159145,
주식 장기투자 실패 사례,1. 실제 투자 실패·손실 사연,relevance,46,yERWAxUcgCY,UCy-6oZwPwrR_W-zYnqLD8dg,159145,
50대 주식 투자 실패,2. 50·60대와 노후자금,relevance,1,SoM3W-Cxess,UCSqFJxc0zYKLTr2IwFth2pA,967462,
50대 주식 투자 실패,2. 50·60대와 노후자금,relevance,2,DilSTlYODes,UCowMNQXcxSJJ7Kyc41Q4Pzw,967462,
50대 주식 투자 실패,2. 50·60대와 노후자금,relevance,3,LEh1uL2FjKo,UCpqBzzbWNN7ImX40JUrXEfw,967462,
50대 주식 투자 실패,2. 50·60대와 노후자금,relevance,4,sEzSDUgvY28,UCd4DNuVJBgwZ_lWMJEGpgBg,967462,
50대 주식 투자 실패,2. 50·60대와 노후자금,relevance,5,tXNQytuBlMw,UCvS5hW5HVgvQD5sMKLaBJbA,967462,
50대 주식 투자 실패,2. 50·60대와 노후자금,relevance,6,qQzW8qaHSAw,UC54fPjFCam7RUxs5WCge6pA,967462,
50대 주식 투자 실패,2. 50·60대와 노후자금,relevance,7,7FrJ3wuJDaY,UCy-6oZwPwrR_W-zYnqLD8dg,967462,
50대 주식 투자 실패,2. 50·60대와 노후자금,relevance,8,8_YxWzVTbro,UCgFB5NI2tKLgmNgYuL_DAkQ,967462,
50대 주식 투자 실패,2. 50·60대와 노후자금,relevance,9,s9xzey_UKMA,UCWstEH0k34aMAMPb5cJ9okw,967462,
50대 주식 투자 실패,2. 50·60대와 노후자금,relevance,10,DM-WtV8MnaU,UCSqFJxc0zYKLTr2IwFth2pA,967462,
50대 주식 투자 실패,2. 50·60대와 노후자금,relevance,11,sOddeejj1ms,UCUHQR-uMGONcx5w1Vikkbxw,967462,
50대 주식 투자 실패,2. 50·60대와 노후자금,relevance,12,EBJ4XA57b7g,UCb3IUCcxtdxBuKs6SvArqCQ,967462,
50대 주식 투자 실패,2. 50·60대와 노후자금,relevance,13,IQijdZE4QT0,UCSqFJxc0zYKLTr2IwFth2pA,967462,
50대 주식 투자 실패,2. 50·60대와 노후자금,relevance,14,-DjeTSaMD6M,UCy-6oZwPwrR_W-zYnqLD8dg,967462,
50대 주식 투자 실패,2. 50·60대와 노후자금,relevance,15,YI6Is1LX87w,UCOS_JWKjqTL8s2de2nwGG6A,967462,
50대 주식 투자 실패,2. 50·60대와 노후자금,relevance,16,Oejqu2EkQO4,UCCTOzFObhmZoMkJVQKgAQJQ,967462,
50대 주식 투자 실패,2. 50·60대와 노후자금,relevance,17,Uvl7xLjAh-I,UCJnEwE47s9sF0VhEOXbT4HQ,967462,
50대 주식 투자 실패,2. 50·60대와 노후자금,relevance,18,utfw86RrMVE,UC5CyCSvCdoEP-VgQmFq3iww,967462,
50대 주식 투자 실패,2. 50·60대와 노후자금,relevance,19,Gw69AcSFhOQ,UCtQkxwZkrruYdy2bVNNW-Rw,967462,
50대 주식 투자 실패,2. 50·60대와 노후자금,relevance,20,ZnVH6g9BiOE,UC6ij59Gy_HnqO4pFu9A_zgQ,967462,
50대 주식 투자 실패,2. 50·60대와 노후자금,relevance,21,OcaTuFNz07k,UCSdKPIlqnJNI9FqESh35qdQ,967462,
50대 주식 투자 실패,2. 50·60대와 노후자금,relevance,22,4O3mlv16Rpo,UCvS5hW5HVgvQD5sMKLaBJbA,967462,
50대 주식 투자 실패,2. 50·60대와 노후자금,relevance,23,WBSISITEFng,UCDSj40X9FFUAnx1nv7gQhcA,967462,
50대 주식 투자 실패,2. 50·60대와 노후자금,relevance,24,La_-6RFGK_4,UCeUP5Kb-EDDplwAi0H02XlA,967462,
50대 주식 투자 실패,2. 50·60대와 노후자금,relevance,25,JwkVXrcEL44,UCCTOzFObhmZoMkJVQKgAQJQ,967462,
50대 주식 투자 실패,2. 50·60대와 노후자금,relevance,26,X08HjlsEvpo,UC8d2HkvVNQlRasXm6yXUw0Q,967462,
50대 주식 투자 실패,2. 50·60대와 노후자금,relevance,27,aYAGurhbZ7g,UCtQkxwZkrruYdy2bVNNW-Rw,967462,
50대 주식 투자 실패,2. 50·60대와 노후자금,relevance,28,kqzVhmucSQY,UC3NpI1AnOx30g0M6TJb9Iag,967462,
50대 주식 투자 실패,2. 50·60대와 노후자금,relevance,29,hYV3cgNEBqA,UCriq8I8GEESkQq0svX19oCw,967462,
50대 주식 투자 실패,2. 50·60대와 노후자금,relevance,30,8RtM7kNGqlQ,UCelS4trN9r8i5rtFbsU8k0w,967462,
50대 주식 투자 실패,2. 50·60대와 노후자금,relevance,31,k4IbtLJvpLQ,UCOrRuK7IJq1a7scuEPYIm3w,967462,
50대 주식 투자 실패,2. 50·60대와 노후자금,relevance,32,ITJzh1fRmvs,UCLE9VQo_nRUq8gii-x14vqw,967462,
50대 주식 투자 실패,2. 50·60대와 노후자금,relevance,33,5N0jh7wDssI,UCe1iO4VU_CjKbM3Tpx6WeLw,967462,
50대 주식 투자 실패,2. 50·60대와 노후자금,relevance,34,47P-C325w44,UCYqbNAZbVoYLi_jLGbbHzNA,967462,
50대 주식 투자 실패,2. 50·60대와 노후자금,relevance,35,RaufyYGWvXU,UCeg5g-vWgtgzQ0cYNV2Cyow,967462,
50대 주식 투자 실패,2. 50·60대와 노후자금,relevance,36,iacwbUHyqv4,UCcc-b4iEJz8k3reJo6N9pGg,967462,
50대 주식 투자 실패,2. 50·60대와 노후자금,relevance,37,zI-qK78mKvE,UCy-6oZwPwrR_W-zYnqLD8dg,967462,
50대 주식 투자 실패,2. 50·60대와 노후자금,relevance,38,x_C7HFsorV4,UCiwQRG2sCcfjKkgxMEdJGPg,967462,
50대 주식 투자 실패,2. 50·60대와 노후자금,relevance,39,mKOkiulXe-8,UCQvWvQqVksHI2_p5buRHxKw,967462,
50대 주식 투자 실패,2. 50·60대와 노후자금,relevance,40,5xQElWCsr9w,UCZzZo5KH3-r_DaMH4u25X1g,967462,
50대 주식 투자 실패,2. 50·60대와 노후자금,relevance,41,P8qcySTDZhc,UCnFnsb1jfgAHSdviaNSaUwA,967462,
50대 주식 투자 실패,2. 50·60대와 노후자금,relevance,42,mRdNHdePSIo,UCutSPIGfO4ZmPx9X9u5mfRw,967462,
50대 주식 투자 실패,2. 50·60대와 노후자금,relevance,43,N5GCqYLb8qY,UCFCtZJTuJhE18k8IXwmXTYQ,967462,
50대 주식 투자 실패,2. 50·60대와 노후자금,relevance,44,ttEnbtvCXEw,UCDSj40X9FFUAnx1nv7gQhcA,967462,
50대 주식 투자 실패,2. 50·60대와 노후자금,relevance,45,G3obwGByVGs,UCtQkxwZkrruYdy2bVNNW-Rw,967462,
50대 주식 투자 실패,2. 50·60대와 노후자금,relevance,46,SNI7_8pY9sQ,UC6ij59Gy_HnqO4pFu9A_zgQ,967462,
50대 주식 투자 실패,2. 50·60대와 노후자금,relevance,47,IqZAJxoWMxo,UCG9aFJTZ-lMCHAiO1KJsirg,967462,
50대 주식 투자 실패,2. 50·60대와 노후자금,relevance,48,gbFE2aXLvgg,UCFp_Hu3Icrxlp-9yNJUyPDw,967462,
주식 손실 숨긴 아내,3. 가족 갈등,relevance,1,aecEWtF1wHI,UC5O90RZzHh-bbo6S7_mKjUA,219,
주식 손실 숨긴 아내,3. 가족 갈등,relevance,2,PtfpU_NPz5Y,UC3uX0o1sFLj5eHdvZp2T64g,219,
주식 손실 숨긴 아내,3. 가족 갈등,relevance,3,U0oscFOBIUI,UC0mV8ItNiz0IDkXMvo5VZgQ,219,
주식 손실 숨긴 아내,3. 가족 갈등,relevance,4,vK6BkRVl_s0,UCt46kECnPR0j4yRR3uCIpDQ,219,
주식 손실 숨긴 아내,3. 가족 갈등,relevance,5,uNzqQvT3rQs,UCe8HrlhMkYlQ_61EjrrQlHw,219,
주식 손실 숨긴 아내,3. 가족 갈등,relevance,6,Y7XPsqR4R4I,UCVCU7KP8LFWMdvOr5nSNrNg,219,
주식 손실 숨긴 아내,3. 가족 갈등,relevance,7,r5lP7IF_mGw,UCnPG3kj0a_yls_LWRrTSewA,219,
주식 손실 숨긴 아내,3. 가족 갈등,relevance,8,CxwCFxUwano,UCzXOlwCzzbAlb0eI3ZMH-2w,219,
주식 손실 숨긴 아내,3. 가족 갈등,relevance,9,YBv7MYNebRc,UCc_bQSYL9hBtC-bELramuFA,219,
주식 손실 숨긴 아내,3. 가족 갈등,relevance,10,ySNGCU81iqA,UCgL_h-qN8BchJWJ71P8chWg,219,
주식 손실 숨긴 아내,3. 가족 갈등,relevance,11,IK-AK0xCftw,UCNE1pYj5_Hmnaz1xnnJi_dQ,219,
주식 손실 숨긴 아내,3. 가족 갈등,relevance,12,xwewaispmMU,UC0vHVOZAq_5oG46F5zlkDFw,219,
주식 손실 숨긴 아내,3. 가족 갈등,relevance,13,dVg-u5_mTBI,UCipihd9A7qlwTKoy6r4DxTA,219,
주식 손실 숨긴 아내,3. 가족 갈등,relevance,14,pyMJfQlk4WA,UC0T85z-eaXFBE-_NHrlBvIg,219,
주식 손실 숨긴 아내,3. 가족 갈등,relevance,15,6b-AIRJygcY,UCskhvdwQ9V0VQbUy60QWVBA,219,
주식 손실 숨긴 아내,3. 가족 갈등,relevance,16,SKUDD_zZFM8,UCqQs28K2zj2dOsc5NfXUKEg,219,
주식 손실 숨긴 아내,3. 가족 갈등,relevance,17,CIQk98D1a0s,UCYyLIlOJyqkAFKlVjzX5img,219,
주식 손실 숨긴 아내,3. 가족 갈등,relevance,18,EhR1mWM_ZV0,UCxtAQP-9Hx1RWdMchMRk71A,219,
주식 손실 숨긴 아내,3. 가족 갈등,relevance,19,PAXKRq6GA_4,UCWJXsP4owwrt0EAZcAzyHaQ,219,
주식 손실 숨긴 아내,3. 가족 갈등,relevance,20,w8FO6ppggCg,UCF4Wxdo3inmxP-Y59wXDsFw,219,
주식 손실 숨긴 아내,3. 가족 갈등,relevance,21,75aqBublAwM,UCcQTRi69dsVYHN3exePtZ1A,219,
주식 손실 숨긴 아내,3. 가족 갈등,relevance,22,EnOuvFoYIXs,UChlgI3UHCOnwUGzWzbJ3H5w,219,
주식 손실 숨긴 아내,3. 가족 갈등,relevance,23,JlPmfTFCxok,UCsU-I-vHLiaMfV_ceaYz5rQ,219,
주식 손실 숨긴 아내,3. 가족 갈등,relevance,24,0tS3gRQerWs,UCFTyXMwb1ioIM_kQzZ5itig,219,
주식 손실 숨긴 아내,3. 가족 갈등,relevance,25,WBnSrmOr9xE,UCTHCOPwqNfZ0uiKOvFyhGwg,219,
주식 손실 숨긴 아내,3. 가족 갈등,relevance,26,Nf8OJfkiKVs,UCG9aFJTZ-lMCHAiO1KJsirg,219,
주식 손실 숨긴 아내,3. 가족 갈등,relevance,27,mpd7P-HgOu8,UCJAoG4YAgeSdEfJ3L9ek_Mg,219,
주식 손실 숨긴 아내,3. 가족 갈등,relevance,28,_56c_9pKffM,UChlgI3UHCOnwUGzWzbJ3H5w,219,
주식 손실 숨긴 아내,3. 가족 갈등,relevance,29,vRHZheY3EhU,UCcQTRi69dsVYHN3exePtZ1A,219,
주식 손실 숨긴 아내,3. 가족 갈등,relevance,30,Ai2f-wPAWY8,UCz2IGn-ranovRu9zbc7hUPg,219,
주식 손실 숨긴 아내,3. 가족 갈등,relevance,31,M6rt7GBiyig,UC-S7FZErCez_F54FHAfENNA,219,
주식 손실 숨긴 아내,3. 가족 갈등,relevance,32,foZ3_ZdxIt0,UC_FSImuNKApTDqvn-EW2rPA,219,
주식 손실 숨긴 아내,3. 가족 갈등,relevance,33,EfcwqQWOukc,UC5ErRzY0MwZiCupb7Q4nOtw,219,
주식 손실 숨긴 아내,3. 가족 갈등,relevance,34,KGEPs00A5ow,UCTHCOPwqNfZ0uiKOvFyhGwg,219,
주식 손실 숨긴 아내,3. 가족 갈등,relevance,35,By1rdbKR6uw,UCqsuesS39x5nUWcBH-1Q6YA,219,
주식 손실 숨긴 아내,3. 가족 갈등,relevance,36,1v6NEWhVuXk,UCGsMvcdJ5riECrEP7WudtLA,219,
주식 손실 숨긴 아내,3. 가족 갈등,relevance,37,2VaOBvaT9bM,UCmWtUqzAcAIsG6oJlIOcGQg,219,
주식 손실 숨긴 아내,3. 가족 갈등,relevance,38,DAwRyelr-6s,UCEWZw-we6e8ais3Sy_e5BXg,219,
주식 손실 숨긴 아내,3. 가족 갈등,relevance,39,g99-9acxu0s,UC-FtfEYaQBEEjVrnVlNBAVQ,219,
주식 손실 숨긴 아내,3. 가족 갈등,relevance,40,iD_o7mgCz5E,UCyMMHttDdCJEpwzHrTaF2UQ,219,
주식 손실 숨긴 아내,3. 가족 갈등,relevance,41,rsYPQXFig_s,UCzPRXOs_fA3AMOV2lcPuqTw,219,
주식 손실 숨긴 아내,3. 가족 갈등,relevance,42,hfYu6n7LMU0,UCUhSHNw2FP673MlK7dvBS9Q,219,
주식 손실 숨긴 아내,3. 가족 갈등,relevance,43,BZBUhgwE-34,UCG9aFJTZ-lMCHAiO1KJsirg,219,
주식 손실 숨긴 아내,3. 가족 갈등,relevance,44,yqRhGPZt-kI,UChRnJ6XdAANkCOJfmWSASgQ,219,
주식 손실 숨긴 아내,3. 가족 갈등,relevance,45,dpl9pVqdqNo,UC_0iaEN4A-ZQ1brZxdy9s1w,219,
주식 손실 숨긴 아내,3. 가족 갈등,relevance,46,QY0Citvk0rw,UChlgI3UHCOnwUGzWzbJ3H5w,219,
주식 손실 숨긴 아내,3. 가족 갈등,relevance,47,weK0WWDssQw,UCkinYTS9IHqOEwR1Sze2JTw,219,
주식 손실 숨긴 아내,3. 가족 갈등,relevance,48,QrXvTpTDL0w,UCLv3v82YNNsa8EsxrcPMjGQ,219,
주식 손실 숨긴 아내,3. 가족 갈등,relevance,49,Ry_90ZfrWQY,UCXqPL_eApnUym_FGY6wmhQw,219,
주식 손실 숨긴 아내,3. 가족 갈등,relevance,50,j1DSPfxcV6U,UCS6-wAkc030MHtc8Hk3nG9g,219,
무료 주식 리딩방 사기,4. 사기·추천방 피해,relevance,1,crHdBsaydU4,UCWlV3Lz_55UaX4JsMj-z__Q,139674,
무료 주식 리딩방 사기,4. 사기·추천방 피해,relevance,2,JPTX1VfkN84,UCbbz2yrttQ277mtRnqiiOBg,139674,
무료 주식 리딩방 사기,4. 사기·추천방 피해,relevance,3,7Jh2JjqERXQ,UCwbq9G7DGqWW7-OOs0InDdg,139674,
무료 주식 리딩방 사기,4. 사기·추천방 피해,relevance,4,zAy3b37hgyU,UCHBvfByzuzamrZiL398jopQ,139674,
무료 주식 리딩방 사기,4. 사기·추천방 피해,relevance,5,2i9GLHMwN90,UCcQTRi69dsVYHN3exePtZ1A,139674,
무료 주식 리딩방 사기,4. 사기·추천방 피해,relevance,6,X_pFC26chKg,UCxP5RWC4we6l6BC1pud4mjg,139674,
무료 주식 리딩방 사기,4. 사기·추천방 피해,relevance,7,Gk0yCsf9rbc,UCVvJ4-fDV3O0Uqz7T3-LJOw,139674,
무료 주식 리딩방 사기,4. 사기·추천방 피해,relevance,8,xPBNNJb216g,UCkinYTS9IHqOEwR1Sze2JTw,139674,
무료 주식 리딩방 사기,4. 사기·추천방 피해,relevance,9,5mPQxitgvTA,UCWlV3Lz_55UaX4JsMj-z__Q,139674,
무료 주식 리딩방 사기,4. 사기·추천방 피해,relevance,10,JPMoJYG8f7E,UC2YEsh-osrh7icC51v70YAA,139674,
무료 주식 리딩방 사기,4. 사기·추천방 피해,relevance,11,9lAnBS05lt0,UCcQTRi69dsVYHN3exePtZ1A,139674,
무료 주식 리딩방 사기,4. 사기·추천방 피해,relevance,12,Zhnf9CNVb-A,UCEb31RoX5RnfYENmnyokN8A,139674,
무료 주식 리딩방 사기,4. 사기·추천방 피해,relevance,13,mVXP51wmcaE,UCGCGxsbmG_9nincyI7xypow,139674,
무료 주식 리딩방 사기,4. 사기·추천방 피해,relevance,14,J6iIr_t7auI,UCTTmtS2ljy1vyl_s-d_LEHQ,139674,
무료 주식 리딩방 사기,4. 사기·추천방 피해,relevance,15,HFmcaEPP4m8,UCXl6uoYw2s_sS38OausqCKA,139674,
무료 주식 리딩방 사기,4. 사기·추천방 피해,relevance,16,J6tAG0ItMnk,UC6ij59Gy_HnqO4pFu9A_zgQ,139674,
무료 주식 리딩방 사기,4. 사기·추천방 피해,relevance,17,kJI__HjsoQY,UCh6Abvmtk-LsNxJ_FXRK4ow,139674,
무료 주식 리딩방 사기,4. 사기·추천방 피해,relevance,18,oUMPHtWUkPE,UCPpPaYLh7GCIvzoVxHGyw0w,139674,
무료 주식 리딩방 사기,4. 사기·추천방 피해,relevance,19,n5POzCe_kgY,UCr0LBUePUC5XnejgV4JmboA,139674,
무료 주식 리딩방 사기,4. 사기·추천방 피해,relevance,20,lUsqWQwHeAY,UCVKvpNOvegnS7fYUQ4OZ49w,139674,
무료 주식 리딩방 사기,4. 사기·추천방 피해,relevance,21,gW16jUdXw1g,UCVBW4MGELgNW8VgdOv700WQ,139674,
무료 주식 리딩방 사기,4. 사기·추천방 피해,relevance,22,z0XfZ3KVX-M,UClSBSEX3Ng8KIn39LIjxqDA,139674,
무료 주식 리딩방 사기,4. 사기·추천방 피해,relevance,23,99XhpqUL-Go,UCF4Wxdo3inmxP-Y59wXDsFw,139674,
무료 주식 리딩방 사기,4. 사기·추천방 피해,relevance,24,iAL7hNQtDM4,UC4LW3sOslC14Vn5bcoNUBkg,139674,
무료 주식 리딩방 사기,4. 사기·추천방 피해,relevance,25,L8Rzuutx8ag,UCoTyq5MFHrB4z6bnsYlYAvw,139674,
무료 주식 리딩방 사기,4. 사기·추천방 피해,relevance,26,6eeNy0y1e90,UCMD74jSzceTRlxMvygxvwXQ,139674,
무료 주식 리딩방 사기,4. 사기·추천방 피해,relevance,27,knTEfrqD40o,UCAmff0euQRf6RwVlbB8PLMw,139674,
무료 주식 리딩방 사기,4. 사기·추천방 피해,relevance,28,-P0ZUAdnSrk,UCxP5RWC4we6l6BC1pud4mjg,139674,
무료 주식 리딩방 사기,4. 사기·추천방 피해,relevance,29,wOX5xb4HT24,UCcQTRi69dsVYHN3exePtZ1A,139674,
무료 주식 리딩방 사기,4. 사기·추천방 피해,relevance,30,PU-2SErbUKg,UC1ifSsWUG241rRfK0ezYCgA,139674,
무료 주식 리딩방 사기,4. 사기·추천방 피해,relevance,31,CEwKWiP6LtI,UCHpSmnG7cudqkweCcEZmNCQ,139674,
무료 주식 리딩방 사기,4. 사기·추천방 피해,relevance,32,0qAvbjFx45U,UCL1AIgIlN8sIFkhojy9Z6Aw,139674,
무료 주식 리딩방 사기,4. 사기·추천방 피해,relevance,33,DZnHLNV3NXc,UCcQTRi69dsVYHN3exePtZ1A,139674,
무료 주식 리딩방 사기,4. 사기·추천방 피해,relevance,34,kUoirhSlofY,UC7jFDEmtDIfTN2vn5nBF36g,139674,
무료 주식 리딩방 사기,4. 사기·추천방 피해,relevance,35,uPnPBEe4zrM,UCWlV3Lz_55UaX4JsMj-z__Q,139674,
무료 주식 리딩방 사기,4. 사기·추천방 피해,relevance,36,PjDGbseHVy4,UCfnw9rAC07JCrk1XRAQC5dQ,139674,
무료 주식 리딩방 사기,4. 사기·추천방 피해,relevance,37,6Rui0n2hbpo,UCYigs8o_hgHJtfE0KnqVLeA,139674,
무료 주식 리딩방 사기,4. 사기·추천방 피해,relevance,38,Y4V-WViaddw,UClErHbdZKUnD1NyIUeQWvuQ,139674,
무료 주식 리딩방 사기,4. 사기·추천방 피해,relevance,39,njZpWHaHO-A,UC4LW3sOslC14Vn5bcoNUBkg,139674,
무료 주식 리딩방 사기,4. 사기·추천방 피해,relevance,40,G73W91WXILc,UCWxRJkE-NCaGbKjI4etgtpg,139674,
무료 주식 리딩방 사기,4. 사기·추천방 피해,relevance,41,oi7pk1MG6gI,UCIOHzEDwgUuLBZwPKEUt1AQ,139674,
무료 주식 리딩방 사기,4. 사기·추천방 피해,relevance,42,b_Ipm5Z_ri8,UCxP5RWC4we6l6BC1pud4mjg,139674,
무료 주식 리딩방 사기,4. 사기·추천방 피해,relevance,43,Z1ST9eDP2iU,UCwwcYxDTCBw1e5zehstNtUQ,139674,
무료 주식 리딩방 사기,4. 사기·추천방 피해,relevance,44,xMHHGh2n5VU,UCRqnjMNlNDN_W28mvnrf8JQ,139674,
무료 주식 리딩방 사기,4. 사기·추천방 피해,relevance,45,3DLjWsX51xU,UCQ8jBFFjDKm4kWxszfs8imQ,139674,
무료 주식 리딩방 사기,4. 사기·추천방 피해,relevance,46,zGWWjU_JwTs,UCblB86SI93UerFKcFfTlvaA,139674,
무료 주식 리딩방 사기,4. 사기·추천방 피해,relevance,47,Um2oFVhIQz4,UCsojohjr8O8RQb--made16A,139674,
무료 주식 리딩방 사기,4. 사기·추천방 피해,relevance,48,AZnvQU7Jv8s,UCXMAW_McZltIBlGek8qOoww,139674,
무료 주식 리딩방 사기,4. 사기·추천방 피해,relevance,49,9EA-koTYrZU,UCXQ5sOGA1xBa205-EA2FLcw,139674,
무료 주식 리딩방 사기,4. 사기·추천방 피해,relevance,50,wIOOtLH6x2A,UCXMAW_McZltIBlGek8qOoww,139674,
레버리지 투자 실패 사연,5. 특정 투자 방식 실패,relevance,1,EBJ4XA57b7g,UCb3IUCcxtdxBuKs6SvArqCQ,15369,
레버리지 투자 실패 사연,5. 특정 투자 방식 실패,relevance,2,Y_HTZh_b1ko,UC1ifSsWUG241rRfK0ezYCgA,15369,
레버리지 투자 실패 사연,5. 특정 투자 방식 실패,relevance,3,7FrJ3wuJDaY,UCy-6oZwPwrR_W-zYnqLD8dg,15369,
레버리지 투자 실패 사연,5. 특정 투자 방식 실패,relevance,4,zI-qK78mKvE,UCy-6oZwPwrR_W-zYnqLD8dg,15369,
레버리지 투자 실패 사연,5. 특정 투자 방식 실패,relevance,5,sGWOv_6QX7U,UC1ifSsWUG241rRfK0ezYCgA,15369,
레버리지 투자 실패 사연,5. 특정 투자 방식 실패,relevance,6,otsz0tROdXI,UCdAeG2KuQCZUsXtq_-C0B1Q,15369,
레버리지 투자 실패 사연,5. 특정 투자 방식 실패,relevance,7,mRdNHdePSIo,UCutSPIGfO4ZmPx9X9u5mfRw,15369,
레버리지 투자 실패 사연,5. 특정 투자 방식 실패,relevance,8,OcoD56xWzOw,UCiHCmazdsMM9j3Jbqx3p7Ig,15369,
레버리지 투자 실패 사연,5. 특정 투자 방식 실패,relevance,9,40nSJFmjszY,UCkinYTS9IHqOEwR1Sze2JTw,15369,
레버리지 투자 실패 사연,5. 특정 투자 방식 실패,relevance,10,zt0m92kSdF4,UCWF7npJlzMvcMHocK7QwaUw,15369,
레버리지 투자 실패 사연,5. 특정 투자 방식 실패,relevance,11,Sc-cV9y4LKg,UCR4R3u3RFdjLlCWlOeg8I8A,15369,
레버리지 투자 실패 사연,5. 특정 투자 방식 실패,relevance,12,R0Mi8IWJp3U,UCR4R3u3RFdjLlCWlOeg8I8A,15369,
레버리지 투자 실패 사연,5. 특정 투자 방식 실패,relevance,13,gjOJ9WU2pmY,UCR4R3u3RFdjLlCWlOeg8I8A,15369,
레버리지 투자 실패 사연,5. 특정 투자 방식 실패,relevance,14,FEGspayVw9c,UCG9aFJTZ-lMCHAiO1KJsirg,15369,
레버리지 투자 실패 사연,5. 특정 투자 방식 실패,relevance,15,3an26gGzop8,UCVQs29DhBGl5VySg9JP8Byw,15369,
레버리지 투자 실패 사연,5. 특정 투자 방식 실패,relevance,16,s9xzey_UKMA,UCWstEH0k34aMAMPb5cJ9okw,15369,
레버리지 투자 실패 사연,5. 특정 투자 방식 실패,relevance,17,HeDHefQgfcQ,UCR4R3u3RFdjLlCWlOeg8I8A,15369,
레버리지 투자 실패 사연,5. 특정 투자 방식 실패,relevance,18,0DePbyx9TFY,UCIEJx7sHQnBzZtZULydG_NQ,15369,
레버리지 투자 실패 사연,5. 특정 투자 방식 실패,relevance,19,EFigjoIV23o,UCnaGfDaiM-pM1l-SXYpq37Q,15369,
레버리지 투자 실패 사연,5. 특정 투자 방식 실패,relevance,20,X0dAE9vXkqQ,UChlgI3UHCOnwUGzWzbJ3H5w,15369,
레버리지 투자 실패 사연,5. 특정 투자 방식 실패,relevance,21,O4Ouq-5hI6M,UCdbFLudm5qEpQHpBeNiTd7g,15369,
레버리지 투자 실패 사연,5. 특정 투자 방식 실패,relevance,22,BxOtFbKH_Ow,UCFCtZJTuJhE18k8IXwmXTYQ,15369,
레버리지 투자 실패 사연,5. 특정 투자 방식 실패,relevance,23,-SsPylAmmdI,UChlgI3UHCOnwUGzWzbJ3H5w,15369,
레버리지 투자 실패 사연,5. 특정 투자 방식 실패,relevance,24,m-um2QfeD98,UCy-6oZwPwrR_W-zYnqLD8dg,15369,
레버리지 투자 실패 사연,5. 특정 투자 방식 실패,relevance,25,RfcnXp91a0Q,UCcQTRi69dsVYHN3exePtZ1A,15369,
레버리지 투자 실패 사연,5. 특정 투자 방식 실패,relevance,26,smsrFLb8Suk,UCd0JNZPS_7yjqWA3Y6yU-vw,15369,
레버리지 투자 실패 사연,5. 특정 투자 방식 실패,relevance,27,XIjpLadS674,UCiFYUP4_TI70yCkkVJAlxoA,15369,
레버리지 투자 실패 사연,5. 특정 투자 방식 실패,relevance,28,Q8lkNSUb4h8,UC1ifSsWUG241rRfK0ezYCgA,15369,
레버리지 투자 실패 사연,5. 특정 투자 방식 실패,relevance,29,Aq3m48k30eQ,UC8d2HkvVNQlRasXm6yXUw0Q,15369,
레버리지 투자 실패 사연,5. 특정 투자 방식 실패,relevance,30,0VBZopqOyMU,UCE9Q2l8yGDiDph3nTIQvDzQ,15369,
레버리지 투자 실패 사연,5. 특정 투자 방식 실패,relevance,31,1wxEZ__7H_Y,UCE9Q2l8yGDiDph3nTIQvDzQ,15369,
레버리지 투자 실패 사연,5. 특정 투자 방식 실패,relevance,32,Q-Iw8OOxIcw,UCJo6G1u0e_-wS-JQn3T-zEw,15369,
레버리지 투자 실패 사연,5. 특정 투자 방식 실패,relevance,33,hJJAMBhMr3g,UCzPIALdJG6224NiMcn5o5ww,15369,
레버리지 투자 실패 사연,5. 특정 투자 방식 실패,relevance,34,w2UQcA4Qlw8,UCkinYTS9IHqOEwR1Sze2JTw,15369,
레버리지 투자 실패 사연,5. 특정 투자 방식 실패,relevance,35,eaBcTJNH-ps,UCamX91KxAzdicrLY6JPXjrw,15369,
레버리지 투자 실패 사연,5. 특정 투자 방식 실패,relevance,36,XpeIiKVn1yk,UC9OdxrtKsOxQCXpjNmaRMsw,15369,
레버리지 투자 실패 사연,5. 특정 투자 방식 실패,relevance,37,ZSc8IDiPUaQ,UC4i1O9S9_RVztD333qiCp5Q,15369,
레버리지 투자 실패 사연,5. 특정 투자 방식 실패,relevance,38,mfFFySbsmuk,UCL10nJjqz3PabTdZX2qiMVQ,15369,
레버리지 투자 실패 사연,5. 특정 투자 방식 실패,relevance,39,ky4jSuTzANU,UCMjxseTuquZAUuNGoS9nGvQ,15369,
레버리지 투자 실패 사연,5. 특정 투자 방식 실패,relevance,40,J2TF2HxODAQ,UC5djM-JKQQLvVi-oiBRzUlA,15369,
레버리지 투자 실패 사연,5. 특정 투자 방식 실패,relevance,41,AyJLX9BaXTM,UC4qqqtCjtJwywOFnNOHByRQ,15369,
레버리지 투자 실패 사연,5. 특정 투자 방식 실패,relevance,42,Etd2E8CLVyQ,UCWlV3Lz_55UaX4JsMj-z__Q,15369,
레버리지 투자 실패 사연,5. 특정 투자 방식 실패,relevance,43,63ArnpQ04ws,UCBVhPEv4H6NwNnIyYvq2WnA,15369,
주식 중독 실제 사례,6. 큰 하락과 공포,relevance,1,ALpejOEjHL0,UCHBvfByzuzamrZiL398jopQ,81618,
주식 중독 실제 사례,6. 큰 하락과 공포,relevance,2,7FrJ3wuJDaY,UCy-6oZwPwrR_W-zYnqLD8dg,81618,
주식 중독 실제 사례,6. 큰 하락과 공포,relevance,3,wS2q5B6BcwY,UCZyakhJDdZixare_pBPpWjg,81618,
주식 중독 실제 사례,6. 큰 하락과 공포,relevance,4,_nr2v8BSo6M,UCiV4_cGVt-t-j6jMQ7RCrXw,81618,
주식 중독 실제 사례,6. 큰 하락과 공포,relevance,5,JWs5U5VbNrg,UCXx2Pi_w-4_-U95ksqOY7Cw,81618,
주식 중독 실제 사례,6. 큰 하락과 공포,relevance,6,DUCGcfFmKic,UCRMA_Nb5VF-YoWApSVeXPVA,81618,
주식 중독 실제 사례,6. 큰 하락과 공포,relevance,7,3D8PupPXS_g,UCJc0AUs6kbwzy23DGyERahg,81618,
주식 중독 실제 사례,6. 큰 하락과 공포,relevance,8,Pb3MEAsUxk4,UCvil4OAt-zShzkKHsg9EQAw,81618,
주식 중독 실제 사례,6. 큰 하락과 공포,relevance,9,NNDwemp847U,UCe_Yoph-Xbs0OMhvcTRy4Hg,81618,
주식 중독 실제 사례,6. 큰 하락과 공포,relevance,10,qpT0WyJGAjs,UCwNVDlUgdBlmVWRPy4Nk0Dw,81618,
주식 중독 실제 사례,6. 큰 하락과 공포,relevance,11,RmguNJf0ENE,UCWYzc_p0GgfCepIWDHGFmEg,81618,
주식 중독 실제 사례,6. 큰 하락과 공포,relevance,12,eF2xxYmw33Y,UCF4Wxdo3inmxP-Y59wXDsFw,81618,
주식 중독 실제 사례,6. 큰 하락과 공포,relevance,13,zRV7K_Fgo-Q,UCkYhGLb4ki3Mk_Efv_DXMzg,81618,
주식 중독 실제 사례,6. 큰 하락과 공포,relevance,14,h1x3EK33Bl4,UCXIIyfdS3hA3OHrhuMY1urQ,81618,
주식 중독 실제 사례,6. 큰 하락과 공포,relevance,15,tzjpAICd_qg,UCWYzc_p0GgfCepIWDHGFmEg,81618,
주식 중독 실제 사례,6. 큰 하락과 공포,relevance,16,NzBKQS06ZaQ,UCRMA_Nb5VF-YoWApSVeXPVA,81618,
주식 중독 실제 사례,6. 큰 하락과 공포,relevance,17,s9xzey_UKMA,UCWstEH0k34aMAMPb5cJ9okw,81618,
주식 중독 실제 사례,6. 큰 하락과 공포,relevance,18,WJSg1GFrP2M,UCDAmWzKQzoqmiSeFcAujgrg,81618,
주식 중독 실제 사례,6. 큰 하락과 공포,relevance,19,74koqD12jG0,UCy-6oZwPwrR_W-zYnqLD8dg,81618,
주식 중독 실제 사례,6. 큰 하락과 공포,relevance,20,oix4qJd4eCo,UCsRIHt5FkbGc6cQtCxt-ufA,81618,
주식 중독 실제 사례,6. 큰 하락과 공포,relevance,21,sMgROMB739Q,UCUI_wX3M1FF7g9upG7XegHw,81618,
주식 중독 실제 사례,6. 큰 하락과 공포,relevance,22,zjc7kHesk-4,UCHKRLOqgrKhIgoCKJ3UkNhg,81618,
주식 중독 실제 사례,6. 큰 하락과 공포,relevance,23,K2nMluaMsY0,UCoEVLzH9LLcQhqNJ1jbLXKQ,81618,
주식 중독 실제 사례,6. 큰 하락과 공포,relevance,24,dE5I9CEC1qI,UCAALfFyHolJ0jjgKoSMZ15Q,81618,
주식 중독 실제 사례,6. 큰 하락과 공포,relevance,25,-DjeTSaMD6M,UCy-6oZwPwrR_W-zYnqLD8dg,81618,
주식 중독 실제 사례,6. 큰 하락과 공포,relevance,26,w5X4SFIfqiI,UCH37RCxPxdwRxoaMcADKkOA,81618,
주식 중독 실제 사례,6. 큰 하락과 공포,relevance,27,_-UmDvcvNsc,UCDAmWzKQzoqmiSeFcAujgrg,81618,
주식 중독 실제 사례,6. 큰 하락과 공포,relevance,28,mder-opXfws,UCiFYUP4_TI70yCkkVJAlxoA,81618,
주식 중독 실제 사례,6. 큰 하락과 공포,relevance,29,wv3Pq4D66uk,UCzb5UFkYRYRm6T0TQnCQd6Q,81618,
주식 중독 실제 사례,6. 큰 하락과 공포,relevance,30,VhGF4dmh2kA,UCFCtZJTuJhE18k8IXwmXTYQ,81618,
주식 중독 실제 사례,6. 큰 하락과 공포,relevance,31,yERWAxUcgCY,UCy-6oZwPwrR_W-zYnqLD8dg,81618,
주식 중독 실제 사례,6. 큰 하락과 공포,relevance,32,2RBAA3RL0QM,UC1ifSsWUG241rRfK0ezYCgA,81618,
주식 중독 실제 사례,6. 큰 하락과 공포,relevance,33,V4-y1RSwOrk,UCHKRLOqgrKhIgoCKJ3UkNhg,81618,
주식 중독 실제 사례,6. 큰 하락과 공포,relevance,34,FuRRBGRpOBc,UCcQTRi69dsVYHN3exePtZ1A,81618,
주식 중독 실제 사례,6. 큰 하락과 공포,relevance,35,navHus2RRw4,UCThSt2ODg6wGjK1b7H2y-6Q,81618,
주식 중독 실제 사례,6. 큰 하락과 공포,relevance,36,du4xNs49ZGs,UCvykRCzBt7Un9VykyNK13Sg,81618,
주식 중독 실제 사례,6. 큰 하락과 공포,relevance,37,mMPPK0u2480,UCaJdckl6MBdDPDf75Ec_bJA,81618,
주식 중독 실제 사례,6. 큰 하락과 공포,relevance,38,4XGmitTjdi4,UCr0adenI5KeQFJkMIGjq5qw,81618,
주식 중독 실제 사례,6. 큰 하락과 공포,relevance,39,KZX75Pq7jKY,UCkYhGLb4ki3Mk_Efv_DXMzg,81618,
주식 중독 실제 사례,6. 큰 하락과 공포,relevance,40,xgq4fCqP1kI,UCJo6G1u0e_-wS-JQn3T-zEw,81618,
주식 중독 실제 사례,6. 큰 하락과 공포,relevance,41,I5hu8sTZmwg,UCNmzraGDhCGOhfhcTXdP-mw,81618,
주식 중독 실제 사례,6. 큰 하락과 공포,relevance,42,5xQElWCsr9w,UCZzZo5KH3-r_DaMH4u25X1g,81618,
주식 중독 실제 사례,6. 큰 하락과 공포,relevance,43,KkPX2Abrp0g,UCskhvdwQ9V0VQbUy60QWVBA,81618,
주식 중독 실제 사례,6. 큰 하락과 공포,relevance,44,7kkvGwwJ868,UCTMXhmITAliYzlUt-rCwzTg,81618,
주식 중독 실제 사례,6. 큰 하락과 공포,relevance,45,O-AknKGpr0Y,UChlv4GSd7OQl3js-jkLOnFA,81618,
은퇴 후 주식 투자 주의사항,7. 교훈과 예방,relevance,1,IQijdZE4QT0,UCSqFJxc0zYKLTr2IwFth2pA,96698,
은퇴 후 주식 투자 주의사항,7. 교훈과 예방,relevance,2,Kasga1-eSkU,UCntrdZrZwXiPxdObi5MHqBw,96698,
은퇴 후 주식 투자 주의사항,7. 교훈과 예방,relevance,3,5h6YRRdgZnc,UC_Rtv4nBLm17-1oXM4Lr6LQ,96698,
은퇴 후 주식 투자 주의사항,7. 교훈과 예방,relevance,4,Z_ul2wo7NHs,UCtjPzcDqJlZHzTFy-K5_0uQ,96698,
은퇴 후 주식 투자 주의사항,7. 교훈과 예방,relevance,5,J4VJd9Y4ito,UCxfko2YOD6DODYRGzeOPhIQ,96698,
은퇴 후 주식 투자 주의사항,7. 교훈과 예방,relevance,6,FftJyktXA3s,UCDjaj6eENGMvgIXfeRErPmA,96698,
은퇴 후 주식 투자 주의사항,7. 교훈과 예방,relevance,7,mD57DoreRyo,UCAGsOPVivN4YgJRf6Y89eOA,96698,
은퇴 후 주식 투자 주의사항,7. 교훈과 예방,relevance,8,wX6ukGgxwXY,UC6CNXBevdTEucEoVXu15WYQ,96698,
은퇴 후 주식 투자 주의사항,7. 교훈과 예방,relevance,9,ElMwzZsDrl0,UCxfko2YOD6DODYRGzeOPhIQ,96698,
은퇴 후 주식 투자 주의사항,7. 교훈과 예방,relevance,10,Bpjmp5BbGUk,UCaJdckl6MBdDPDf75Ec_bJA,96698,
은퇴 후 주식 투자 주의사항,7. 교훈과 예방,relevance,11,FecsHTuIaO0,UC6CNXBevdTEucEoVXu15WYQ,96698,
은퇴 후 주식 투자 주의사항,7. 교훈과 예방,relevance,12,DSxMx1RA-7E,UCgUaqrLRGLL-dHislR1e2TA,96698,
은퇴 후 주식 투자 주의사항,7. 교훈과 예방,relevance,13,m8UhE33u40c,UCmNbuxmvRVv9OcdAO0cpLnw,96698,
은퇴 후 주식 투자 주의사항,7. 교훈과 예방,relevance,14,ps-p7yEsODY,UCZw35cgWpGfOQASqY_RiAbw,96698,
은퇴 후 주식 투자 주의사항,7. 교훈과 예방,relevance,15,4AJorieeJuo,UCtQkxwZkrruYdy2bVNNW-Rw,96698,
은퇴 후 주식 투자 주의사항,7. 교훈과 예방,relevance,16,yxRnORcI_MM,UCXIIyfdS3hA3OHrhuMY1urQ,96698,
은퇴 후 주식 투자 주의사항,7. 교훈과 예방,relevance,17,e3EY2JJMgDw,UCIt_hQy30blHrVAS7QLTyTg,96698,
은퇴 후 주식 투자 주의사항,7. 교훈과 예방,relevance,18,3cJJQawElVo,UCNZihXDG1m0hnlMDlVL02kg,96698,
은퇴 후 주식 투자 주의사항,7. 교훈과 예방,relevance,19,FWxJk_ofxwg,UCEDbet_4cQqo5_8Yw2ermKg,96698,
은퇴 후 주식 투자 주의사항,7. 교훈과 예방,relevance,20,9w48QQyB0z8,UCIt_hQy30blHrVAS7QLTyTg,96698,
은퇴 후 주식 투자 주의사항,7. 교훈과 예방,relevance,21,wf4CZd5FUhI,UCgUaqrLRGLL-dHislR1e2TA,96698,
은퇴 후 주식 투자 주의사항,7. 교훈과 예방,relevance,22,KDtQLyQr-h0,UCY3ts6OSRnLQVK9xSLmVbcQ,96698,
은퇴 후 주식 투자 주의사항,7. 교훈과 예방,relevance,23,uYiKAfx04ZU,UC1C9yWtYquN2W2VaWE5rqkQ,96698,
은퇴 후 주식 투자 주의사항,7. 교훈과 예방,relevance,24,UeA2sm2z3p4,UCPGUR-wUfBvFA4zEnSWmM1Q,96698,
은퇴 후 주식 투자 주의사항,7. 교훈과 예방,relevance,25,zI7Gag2s41c,UCOMG2V-vUgYX0aHiBDbBTyg,96698,
은퇴 후 주식 투자 주의사항,7. 교훈과 예방,relevance,26,MKADv9KghMU,UCehdMLyvZbfzDim2B5ebpWw,96698,
은퇴 후 주식 투자 주의사항,7. 교훈과 예방,relevance,27,nBcv5GEeeUw,UCowMNQXcxSJJ7Kyc41Q4Pzw,96698,
은퇴 후 주식 투자 주의사항,7. 교훈과 예방,relevance,28,irGYt5Ouhao,UCriq8I8GEESkQq0svX19oCw,96698,
은퇴 후 주식 투자 주의사항,7. 교훈과 예방,relevance,29,GExHjqnuV8A,UCSqFJxc0zYKLTr2IwFth2pA,96698,
은퇴 후 주식 투자 주의사항,7. 교훈과 예방,relevance,30,669rHMRwD08,UC5CyCSvCdoEP-VgQmFq3iww,96698,
은퇴 후 주식 투자 주의사항,7. 교훈과 예방,relevance,31,8aasDZGWmmc,UCuAEegkcpCTs64hd0VwwVOA,96698,
은퇴 후 주식 투자 주의사항,7. 교훈과 예방,relevance,32,89tqLXrYqto,UC77bq_2U7JgeAe0X0G0tZ8w,96698,
은퇴 후 주식 투자 주의사항,7. 교훈과 예방,relevance,33,3HgmLDqUFro,UCriq8I8GEESkQq0svX19oCw,96698,
은퇴 후 주식 투자 주의사항,7. 교훈과 예방,relevance,34,2y1ctrq0jmQ,UC5CyCSvCdoEP-VgQmFq3iww,96698,
은퇴 후 주식 투자 주의사항,7. 교훈과 예방,relevance,35,I80pAG-S2q8,UCaJdckl6MBdDPDf75Ec_bJA,96698,
은퇴 후 주식 투자 주의사항,7. 교훈과 예방,relevance,36,C5rreYEZGao,UCvil4OAt-zShzkKHsg9EQAw,96698,
은퇴 후 주식 투자 주의사항,7. 교훈과 예방,relevance,37,i97dYdf-wzQ,UCtQkxwZkrruYdy2bVNNW-Rw,96698,
은퇴 후 주식 투자 주의사항,7. 교훈과 예방,relevance,38,T7VruXs7sEQ,UCnNEAAlzr-0KfyKOXZH6oCA,96698,
은퇴 후 주식 투자 주의사항,7. 교훈과 예방,relevance,39,NK4HRmKTcj4,UCavAGHokBtS4pgzD4v6BXwA,96698,
은퇴 후 주식 투자 주의사항,7. 교훈과 예방,relevance,40,6s6hSJhEuUE,UCnHyx6H7fhKfUoAAaVGYvxQ,96698,
은퇴 후 주식 투자 주의사항,7. 교훈과 예방,relevance,41,qgpevNCPCvg,UCUh1cZXJZvUz4vC9gbdxVjw,96698,
은퇴 후 주식 투자 주의사항,7. 교훈과 예방,relevance,42,1ITc59vE21M,UCXWOlSe2GHTev8QZhY_gMPg,96698,
은퇴 후 주식 투자 주의사항,7. 교훈과 예방,relevance,43,huBYfHyHA9Y,UClU6tzeYdQ902LLZta0Ymbg,96698,
은퇴 후 주식 투자 주의사항,7. 교훈과 예방,relevance,44,z-gQdwN56Rw,UC7OG1O_ZxnCwM04sMSVsK0g,96698,
은퇴 후 주식 투자 주의사항,7. 교훈과 예방,relevance,45,L7xM8HhW3sk,UCWiMB4iRTqDGu5BmtT3Ytcg,96698,
은퇴 후 주식 투자 주의사항,7. 교훈과 예방,relevance,46,eUEv3wALmL8,UClU6tzeYdQ902LLZta0Ymbg,96698,
은퇴 후 주식 투자 주의사항,7. 교훈과 예방,relevance,47,V4ddXl1nk7w,UCnkCwdwaIAw5FmLwSPiPK3Q,96698,
은퇴 후 주식 투자 주의사항,7. 교훈과 예방,relevance,48,PYI_OCYUxFI,UCQOxUtjZJAQpxCIqBgfoCRA,96698,
주식 손실 이혼 판결,8. 실제 사건·판결·뉴스,relevance,1,wt7IZrBPk8M,UCd4BxCKyMHG2J0X1SerTPaQ,437,
주식 손실 이혼 판결,8. 실제 사건·판결·뉴스,relevance,2,NL6RH5vxuVw,UCnxaKSM8TJ8aKdeEqwyWCow,437,
주식 손실 이혼 판결,8. 실제 사건·판결·뉴스,relevance,3,CSMHAO7cvcg,UCDmflf8-AlTRJ0CMrjChYAA,437,
주식 손실 이혼 판결,8. 실제 사건·판결·뉴스,relevance,4,jHPW7OLZkA4,UChl-q7uJX1ru-bhT4QXR4aA,437,
주식 손실 이혼 판결,8. 실제 사건·판결·뉴스,relevance,5,cs2m4cFsyLk,UC1ifSsWUG241rRfK0ezYCgA,437,
주식 손실 이혼 판결,8. 실제 사건·판결·뉴스,relevance,6,ApgVJeJIQ7U,UCh6Abvmtk-LsNxJ_FXRK4ow,437,
주식 손실 이혼 판결,8. 실제 사건·판결·뉴스,relevance,7,FICSfRKACuA,UCxyWLuoeLnmybI4F41i3RuQ,437,
주식 손실 이혼 판결,8. 실제 사건·판결·뉴스,relevance,8,mzftyZ8EhFU,UC1UhtYzCuhWz6EuLvYFjd5g,437,
주식 손실 이혼 판결,8. 실제 사건·판결·뉴스,relevance,9,mtmeYRjFqdw,UC7ilNDoKW1sxHqqIJj-DgKQ,437,
주식 손실 이혼 판결,8. 실제 사건·판결·뉴스,relevance,10,f0ERJY6aFoA,UCHCWkSOHAF8W99VnGdh2xBw,437,
주식 손실 이혼 판결,8. 실제 사건·판결·뉴스,relevance,11,xJDJwkzInnM,UCjFHAJjlhSpAWNmI75RXAVw,437,
주식 손실 이혼 판결,8. 실제 사건·판결·뉴스,relevance,12,XaQvBiq_nm4,UCTXRq-TVNI4WqyaICZW2GQQ,437,
주식 손실 이혼 판결,8. 실제 사건·판결·뉴스,relevance,13,XeedGEtzVMI,UCq04NBIwq4oavZdbttidnpg,437,
주식 손실 이혼 판결,8. 실제 사건·판결·뉴스,relevance,14,oEpT25kVgkg,UCdxPihnDNSpvisAqsS7TnOA,437,
주식 손실 이혼 판결,8. 실제 사건·판결·뉴스,relevance,15,zK9uUpA4FXw,UCwkRm-t2mdP9rNek1cV5azQ,437,
주식 손실 이혼 판결,8. 실제 사건·판결·뉴스,relevance,16,zCNDJNLFW8s,UCdznM-KGtEWTcw9-NspDGPA,437,
주식 손실 이혼 판결,8. 실제 사건·판결·뉴스,relevance,17,Ds_tSBPfJ-E,UC4LhREUWyiGniosrDqpJWCg,437,
주식 손실 이혼 판결,8. 실제 사건·판결·뉴스,relevance,18,FdHUC_DUufc,UC71bwUkuBuIPKPdHr1GzN_w,437,
주식 손실 이혼 판결,8. 실제 사건·판결·뉴스,relevance,19,E7gstsQ3R6g,UCsU-I-vHLiaMfV_ceaYz5rQ,437,
주식 손실 이혼 판결,8. 실제 사건·판결·뉴스,relevance,20,pW0dhhbrj0Q,UCLCZcDF0ztS6L7ZVQ4b8leQ,437,
주식 손실 이혼 판결,8. 실제 사건·판결·뉴스,relevance,21,JkdlHA0_m0Q,UCiRgPyS47RaZK8fHbFO_RCw,437,
주식 손실 이혼 판결,8. 실제 사건·판결·뉴스,relevance,22,tiVf_nA12Cs,UC3qSATbUCkJCgWuZihQIwmA,437,
주식 손실 이혼 판결,8. 실제 사건·판결·뉴스,relevance,23,xKy8OssxXGQ,UCsU-I-vHLiaMfV_ceaYz5rQ,437,
주식 손실 이혼 판결,8. 실제 사건·판결·뉴스,relevance,24,x_C7HFsorV4,UCiwQRG2sCcfjKkgxMEdJGPg,437,
주식 손실 이혼 판결,8. 실제 사건·판결·뉴스,relevance,25,0I1j81_Vel4,UCTXRq-TVNI4WqyaICZW2GQQ,437,
주식 손실 이혼 판결,8. 실제 사건·판결·뉴스,relevance,26,oHNPbCzZ0iI,UCJmxNlp6hSktUcuodV81_vg,437,
주식 손실 이혼 판결,8. 실제 사건·판결·뉴스,relevance,27,jp1ggsBis6E,UCIshiA0viEzQzGuQmwGQJJQ,437,
주식 손실 이혼 판결,8. 실제 사건·판결·뉴스,relevance,28,qx3ouEtqRm8,UCwRljhjVWtLqAKbsWGPU_OA,437,
주식 손실 이혼 판결,8. 실제 사건·판결·뉴스,relevance,29,WhaF07LpARQ,UCzCr2rv5rGFNTZ01BOZPhWw,437,
주식 손실 이혼 판결,8. 실제 사건·판결·뉴스,relevance,30,FJKZ4I9PTCQ,UCe-gh0jfKlR_EvsNyzYphww,437,
주식 손실 이혼 판결,8. 실제 사건·판결·뉴스,relevance,31,ieG4pkEkWac,UCF4Wxdo3inmxP-Y59wXDsFw,437,
주식 손실 이혼 판결,8. 실제 사건·판결·뉴스,relevance,32,WjZhICcuwSU,UComhAmtkBwTPF_PvwN8Gc6w,437,
주식 손실 이혼 판결,8. 실제 사건·판결·뉴스,relevance,33,4zMfCU2ZoZ8,UCpzvv5Vu8znXpTxgMEhWOHA,437,
주식 손실 이혼 판결,8. 실제 사건·판결·뉴스,relevance,34,1da8CuNwqNQ,UC65sUXjzUeHPpKSwzG9x3Bg,437,
주식 손실 이혼 판결,8. 실제 사건·판결·뉴스,relevance,35,KD0N5C8p0Go,UCjFHAJjlhSpAWNmI75RXAVw,437,
주식 손실 이혼 판결,8. 실제 사건·판결·뉴스,relevance,36,sB-xpolPdmc,UClji1kFS73XWtFBtFZCSeUw,437,
주식 손실 이혼 판결,8. 실제 사건·판결·뉴스,relevance,37,j0KaK6FIVO0,UCiPbinLOsz4UR2RfNYMHdgA,437,
주식 손실 이혼 판결,8. 실제 사건·판결·뉴스,relevance,38,e1TGVJjkWOQ,UCPt7b1QAS5iq4h79eO5sFng,437,
주식 손실 이혼 판결,8. 실제 사건·판결·뉴스,relevance,39,4x-ovi9juXs,UC2Rqw-rrUD2Enm5Kbf5QEPQ,437,
주식 손실 이혼 판결,8. 실제 사건·판결·뉴스,relevance,40,40l4QBir1t0,UC8Sv6O3Ux8ePVqorx8aOBMg,437,
주식 손실 이혼 판결,8. 실제 사건·판결·뉴스,relevance,41,hCMQfo_a_Jc,UCeV2DhqmpWnEXGMHhPJsoOw,437,
주식 손실 이혼 판결,8. 실제 사건·판결·뉴스,relevance,42,M8-SD1r0ZRE,UCzdXqHpV02Q4oPJBVGvni-Q,437,
주식 손실 이혼 판결,8. 실제 사건·판결·뉴스,relevance,43,uNzqQvT3rQs,UCe8HrlhMkYlQ_61EjrrQlHw,437,
주식 손실 이혼 판결,8. 실제 사건·판결·뉴스,relevance,44,OcWqibtBJK8,UCF3UEVPt5zZTlBVJwDG317g,437,
주식 손실 이혼 판결,8. 실제 사건·판결·뉴스,relevance,45,prFsz5VsjbY,UCq04NBIwq4oavZdbttidnpg,437,
주식 손실 이혼 판결,8. 실제 사건·판결·뉴스,relevance,46,fSi1Mj5xXZE,UCFl1G1bxOV_cTvhOJqwpSRA,437,
주식 망한 썰,9. 사연·썰·다큐 포맷,relevance,1,Dk88cE_BKqg,UCUUCXJ1XriaaUfkVSxnFWcQ,713192,
주식 망한 썰,9. 사연·썰·다큐 포맷,relevance,2,-q04MobzPsc,UCm8VqlpN2vff3ijhWOyrtdw,713192,
주식 망한 썰,9. 사연·썰·다큐 포맷,relevance,3,RIqwRamIHl4,UCk9-Uf40PQe5MOtRmPEgX1g,713192,
주식 망한 썰,9. 사연·썰·다큐 포맷,relevance,4,Atq6gY5-NMg,UCPlg5nrLRZBcToLIo9fx9Gg,713192,
주식 망한 썰,9. 사연·썰·다큐 포맷,relevance,5,a5bkEiZAzeg,UCdGdHAwJnZDXtSy--WXzgMg,713192,
주식 망한 썰,9. 사연·썰·다큐 포맷,relevance,6,zD52sKWoTn8,UCvS5hW5HVgvQD5sMKLaBJbA,713192,
주식 망한 썰,9. 사연·썰·다큐 포맷,relevance,7,VUOnJPZePcA,UCvS5hW5HVgvQD5sMKLaBJbA,713192,
주식 망한 썰,9. 사연·썰·다큐 포맷,relevance,8,Ek3sCxvUK-Y,UC1bqm2ZKIce35oWgYWqpczw,713192,
주식 망한 썰,9. 사연·썰·다큐 포맷,relevance,9,DsN8nSCRRY4,UCvS5hW5HVgvQD5sMKLaBJbA,713192,
주식 망한 썰,9. 사연·썰·다큐 포맷,relevance,10,sg6dxY53ipI,UCswHl6Hq9rNApoM4W7sDHpg,713192,
주식 망한 썰,9. 사연·썰·다큐 포맷,relevance,11,rKL7XCVG7A8,UCUUCXJ1XriaaUfkVSxnFWcQ,713192,
주식 망한 썰,9. 사연·썰·다큐 포맷,relevance,12,OSFDI0e6cGk,UCW945UjEs6Jm3rVNvPEALdg,713192,
주식 망한 썰,9. 사연·썰·다큐 포맷,relevance,13,8_YxWzVTbro,UCgFB5NI2tKLgmNgYuL_DAkQ,713192,
주식 망한 썰,9. 사연·썰·다큐 포맷,relevance,14,N_u_-lqEzlY,UCm8VqlpN2vff3ijhWOyrtdw,713192,
주식 망한 썰,9. 사연·썰·다큐 포맷,relevance,15,DqIxu3GUZoI,UC0VtBhSB1QwW2_rmIBxRKbA,713192,
주식 망한 썰,9. 사연·썰·다큐 포맷,relevance,16,pO4UcN055Fs,UCvS5hW5HVgvQD5sMKLaBJbA,713192,
주식 망한 썰,9. 사연·썰·다큐 포맷,relevance,17,MWsKSEkaO8w,UCaJdckl6MBdDPDf75Ec_bJA,713192,
주식 망한 썰,9. 사연·썰·다큐 포맷,relevance,18,hu-YrfQuzJE,UCmjNKt6kITwaZTqvWuaSPLg,713192,
주식 망한 썰,9. 사연·썰·다큐 포맷,relevance,19,tHp4cetopTE,UCvS5hW5HVgvQD5sMKLaBJbA,713192,
주식 망한 썰,9. 사연·썰·다큐 포맷,relevance,20,sXCyhAFLcXg,UCmjNKt6kITwaZTqvWuaSPLg,713192,
주식 망한 썰,9. 사연·썰·다큐 포맷,relevance,21,xjzJqMOHdPg,UCd4wlgbmaXkzwA5qE2_fP-g,713192,
주식 망한 썰,9. 사연·썰·다큐 포맷,relevance,22,kejvCNXeAgs,UCrehv5OOnF2TsgbV98X7uSw,713192,
주식 망한 썰,9. 사연·썰·다큐 포맷,relevance,23,LJ3bdaGjvRg,UCqyxZqr9760RKF0s0FwVOWw,713192,
주식 망한 썰,9. 사연·썰·다큐 포맷,relevance,24,X0u49tTjjxs,UCDgP8Z2JleUNR_OxZZhtjKw,713192,
주식 망한 썰,9. 사연·썰·다큐 포맷,relevance,25,y4zmeHt8-zw,UCXDL_GkBO9A_I2PkddOLJTg,713192,
주식 망한 썰,9. 사연·썰·다큐 포맷,relevance,26,VpcF7xfK2hs,UCgFB5NI2tKLgmNgYuL_DAkQ,713192,
주식 망한 썰,9. 사연·썰·다큐 포맷,relevance,27,5Cmpqsy1Qig,UCvS5hW5HVgvQD5sMKLaBJbA,713192,
주식 망한 썰,9. 사연·썰·다큐 포맷,relevance,28,-txUoJKyx-k,UCbuCSaiASpyoMh3moBZmVOg,713192,
주식 망한 썰,9. 사연·썰·다큐 포맷,relevance,29,QkzQMPcPxsE,UCYdQu_0T1fFFcIxaL-gxYiQ,713192,
주식 망한 썰,9. 사연·썰·다큐 포맷,relevance,30,uJnYK4i6m4g,UCaGp0UNP_dK4YnTc2XFzW2A,713192,
주식 망한 썰,9. 사연·썰·다큐 포맷,relevance,31,jV4mT1U_tLU,UC56FYWIIsCIeerM2Vw5_v8Q,713192,
주식 망한 썰,9. 사연·썰·다큐 포맷,relevance,32,ccHZFwfsXyI,UCvS5hW5HVgvQD5sMKLaBJbA,713192,
주식 망한 썰,9. 사연·썰·다큐 포맷,relevance,33,ysKDdNTSXZ0,UC0VtBhSB1QwW2_rmIBxRKbA,713192,
주식 망한 썰,9. 사연·썰·다큐 포맷,relevance,34,lH_ugHpI_p0,UCyUJvPTlR-pklwT0APpFIhA,713192,
주식 망한 썰,9. 사연·썰·다큐 포맷,relevance,35,JJr-ulh5-nU,UC1BgucBtYkfMyZiqL7DqtmA,713192,
주식 망한 썰,9. 사연·썰·다큐 포맷,relevance,36,C8oWM2NKgbM,UCtZ_7hprG4TQc1eZChXEKPA,713192,
주식 망한 썰,9. 사연·썰·다큐 포맷,relevance,37,GTjoMg0dNsA,UCfR4SBjxOAKozC8llJYqmAg,713192,
주식 망한 썰,9. 사연·썰·다큐 포맷,relevance,38,NEfllf8k5Uk,UCZ6IkAFQDuHohcSr5EMtFeQ,713192,
주식 망한 썰,9. 사연·썰·다큐 포맷,relevance,39,qZkWdi3ruXQ,UCm8VqlpN2vff3ijhWOyrtdw,713192,
주식 망한 썰,9. 사연·썰·다큐 포맷,relevance,40,fnF9tb3ovsM,UC_225HsTHYkZelXIktaJUDw,713192,
주식 망한 썰,9. 사연·썰·다큐 포맷,relevance,41,D_4Whq-XBkw,UCr9pIwcCd2SgxVgutzUnAzA,713192,
주식 망한 썰,9. 사연·썰·다큐 포맷,relevance,42,G_0QlxbebyE,UCAi37F2UKYDcB40Hq13NJ3w,713192,
주식 망한 썰,9. 사연·썰·다큐 포맷,relevance,43,Ri7oDIrsmCc,UCsf7XtUL-81e8yBLxYszavQ,713192,
주식 망한 썰,9. 사연·썰·다큐 포맷,relevance,44,uEC_UObqYlA,UCvS5hW5HVgvQD5sMKLaBJbA,713192,
주식 망한 썰,9. 사연·썰·다큐 포맷,relevance,45,BtD-CczR4JQ,UCWFiJ6-5aSMhr7VV8hNi3-A,713192,
주식 망한 썰,9. 사연·썰·다큐 포맷,relevance,46,LRhuJrWfnRw,UCYqdLcXfcZI1sMBc8rJdV4g,713192,
주식 망한 썰,9. 사연·썰·다큐 포맷,relevance,47,emwUuUcQXaU,UCXME0jhaXzTE1r_FFhHIsrQ,713192,
주식 망한 썰,9. 사연·썰·다큐 포맷,relevance,48,0TSDJPZ6C6k,UCvS5hW5HVgvQD5sMKLaBJbA,713192,
주식 투자 후회 사연,1. 실제 투자 실패·손실 사연,relevance,1,7FrJ3wuJDaY,UCy-6oZwPwrR_W-zYnqLD8dg,184965,
주식 투자 후회 사연,1. 실제 투자 실패·손실 사연,relevance,2,uJ0ed9V3Gew,UCskhvdwQ9V0VQbUy60QWVBA,184965,
주식 투자 후회 사연,1. 실제 투자 실패·손실 사연,relevance,3,nVm_fQ3jv0Y,UCskhvdwQ9V0VQbUy60QWVBA,184965,
주식 투자 후회 사연,1. 실제 투자 실패·손실 사연,relevance,4,a8uDvaT2wiE,UCdvDbUaPpzex0nzPih_rMpw,184965,
주식 투자 후회 사연,1. 실제 투자 실패·손실 사연,relevance,5,S-bfnd9eFZY,UCskhvdwQ9V0VQbUy60QWVBA,184965,
주식 투자 후회 사연,1. 실제 투자 실패·손실 사연,relevance,6,-DjeTSaMD6M,UCy-6oZwPwrR_W-zYnqLD8dg,184965,
주식 투자 후회 사연,1. 실제 투자 실패·손실 사연,relevance,7,kYoTeBWbIg4,UC7jFDEmtDIfTN2vn5nBF36g,184965,
주식 투자 후회 사연,1. 실제 투자 실패·손실 사연,relevance,8,Dr8rc1P6flM,UCvS5hW5HVgvQD5sMKLaBJbA,184965,
주식 투자 후회 사연,1. 실제 투자 실패·손실 사연,relevance,9,NgqSeJ_NsAI,UCnoMvisA2ot4V0oIvLOJrbw,184965,
주식 투자 후회 사연,1. 실제 투자 실패·손실 사연,relevance,10,yERWAxUcgCY,UCy-6oZwPwrR_W-zYnqLD8dg,184965,
주식 투자 후회 사연,1. 실제 투자 실패·손실 사연,relevance,11,gQPTUX4bdUY,UCt9m3iBPn0e0z0B_t-Va7sw,184965,
주식 투자 후회 사연,1. 실제 투자 실패·손실 사연,relevance,12,XIzt0Kljb6g,UCskhvdwQ9V0VQbUy60QWVBA,184965,
주식 투자 후회 사연,1. 실제 투자 실패·손실 사연,relevance,13,N_u_-lqEzlY,UCm8VqlpN2vff3ijhWOyrtdw,184965,
주식 투자 후회 사연,1. 실제 투자 실패·손실 사연,relevance,14,7q9NHm32wYw,UCUpVImsjp8wn54B4ih9xuyw,184965,
주식 투자 후회 사연,1. 실제 투자 실패·손실 사연,relevance,15,L9-4rcS7fr4,UCskhvdwQ9V0VQbUy60QWVBA,184965,
주식 투자 후회 사연,1. 실제 투자 실패·손실 사연,relevance,16,kbnOEB_Y9Is,UCnoMvisA2ot4V0oIvLOJrbw,184965,
주식 투자 후회 사연,1. 실제 투자 실패·손실 사연,relevance,17,zrjsC4NmI50,UCskhvdwQ9V0VQbUy60QWVBA,184965,
주식 투자 후회 사연,1. 실제 투자 실패·손실 사연,relevance,18,sAkDYrGNySE,UCvS5hW5HVgvQD5sMKLaBJbA,184965,
주식 투자 후회 사연,1. 실제 투자 실패·손실 사연,relevance,19,s9xzey_UKMA,UCWstEH0k34aMAMPb5cJ9okw,184965,
주식 투자 후회 사연,1. 실제 투자 실패·손실 사연,relevance,20,ttEnbtvCXEw,UCDSj40X9FFUAnx1nv7gQhcA,184965,
주식 투자 후회 사연,1. 실제 투자 실패·손실 사연,relevance,21,czxhjJiHYbs,UCskhvdwQ9V0VQbUy60QWVBA,184965,
주식 투자 후회 사연,1. 실제 투자 실패·손실 사연,relevance,22,w5X4SFIfqiI,UCH37RCxPxdwRxoaMcADKkOA,184965,
주식 투자 후회 사연,1. 실제 투자 실패·손실 사연,relevance,23,JduGJ8GYzG8,UCskhvdwQ9V0VQbUy60QWVBA,184965,
주식 투자 후회 사연,1. 실제 투자 실패·손실 사연,relevance,24,A6afQhNaHKw,UCvS5hW5HVgvQD5sMKLaBJbA,184965,
주식 투자 후회 사연,1. 실제 투자 실패·손실 사연,relevance,25,2PlT7tMrxyE,UCpqBzzbWNN7ImX40JUrXEfw,184965,
주식 투자 후회 사연,1. 실제 투자 실패·손실 사연,relevance,26,K2nMluaMsY0,UCoEVLzH9LLcQhqNJ1jbLXKQ,184965,
주식 투자 후회 사연,1. 실제 투자 실패·손실 사연,relevance,27,sMgROMB739Q,UCUI_wX3M1FF7g9upG7XegHw,184965,
주식 투자 후회 사연,1. 실제 투자 실패·손실 사연,relevance,28,K5PoiwScdAw,UCmDE_Pbe6cFAkBxfXyQt_4Q,184965,
주식 투자 후회 사연,1. 실제 투자 실패·손실 사연,relevance,29,j7NXfNU4x_0,UCvS5hW5HVgvQD5sMKLaBJbA,184965,
주식 투자 후회 사연,1. 실제 투자 실패·손실 사연,relevance,30,Dm9ZPMFkGms,UCvBl79IK3X6jiZzZ8_mIM2A,184965,
주식 투자 후회 사연,1. 실제 투자 실패·손실 사연,relevance,31,4uyVJcuXT88,UCupslRq5jW95UGzPjOZz0FA,184965,
주식 투자 후회 사연,1. 실제 투자 실패·손실 사연,relevance,32,lH_ugHpI_p0,UCyUJvPTlR-pklwT0APpFIhA,184965,
주식 투자 후회 사연,1. 실제 투자 실패·손실 사연,relevance,33,OnEJaDPytao,UCvS5hW5HVgvQD5sMKLaBJbA,184965,
주식 투자 후회 사연,1. 실제 투자 실패·손실 사연,relevance,34,RIY1sImlca4,UCskhvdwQ9V0VQbUy60QWVBA,184965,
주식 투자 후회 사연,1. 실제 투자 실패·손실 사연,relevance,35,Gy_2vA9H9Zo,UCvS5hW5HVgvQD5sMKLaBJbA,184965,
주식 투자 후회 사연,1. 실제 투자 실패·손실 사연,relevance,36,ah9W8hPyFng,UCGCGxsbmG_9nincyI7xypow,184965,
주식 투자 후회 사연,1. 실제 투자 실패·손실 사연,relevance,37,ccHZFwfsXyI,UCvS5hW5HVgvQD5sMKLaBJbA,184965,
주식 투자 후회 사연,1. 실제 투자 실패·손실 사연,relevance,38,z2V3982j7Cc,UCvS5hW5HVgvQD5sMKLaBJbA,184965,
주식 투자 후회 사연,1. 실제 투자 실패·손실 사연,relevance,39,IbKt7z14sk4,UCR4R3u3RFdjLlCWlOeg8I8A,184965,
주식 투자 후회 사연,1. 실제 투자 실패·손실 사연,relevance,40,PGzbkRhLpoQ,UCG9aFJTZ-lMCHAiO1KJsirg,184965,
주식 투자 후회 사연,1. 실제 투자 실패·손실 사연,relevance,41,Jf_KseMu2lA,UC6ij59Gy_HnqO4pFu9A_zgQ,184965,
주식 투자 후회 사연,1. 실제 투자 실패·손실 사연,relevance,42,9CQT1UCuYLI,UCskhvdwQ9V0VQbUy60QWVBA,184965,
주식 투자 후회 사연,1. 실제 투자 실패·손실 사연,relevance,43,HuB73XjeUXo,UCwIrieudR3EGFhOVrAr8x3A,184965,
주식 투자 후회 사연,1. 실제 투자 실패·손실 사연,relevance,44,AT-IuZOwYAM,UCvS5hW5HVgvQD5sMKLaBJbA,184965,
주식 투자 후회 사연,1. 실제 투자 실패·손실 사연,relevance,45,xcbgPUIkz6c,UCvS5hW5HVgvQD5sMKLaBJbA,184965,
주식 투자 후회 사연,1. 실제 투자 실패·손실 사연,relevance,46,HIYR58mvsU0,UCm8VqlpN2vff3ijhWOyrtdw,184965,
60대 주식 투자 실패,2. 50·60대와 노후자금,relevance,1,mD57DoreRyo,UCAGsOPVivN4YgJRf6Y89eOA,468872,
60대 주식 투자 실패,2. 50·60대와 노후자금,relevance,2,-DjeTSaMD6M,UCy-6oZwPwrR_W-zYnqLD8dg,468872,
60대 주식 투자 실패,2. 50·60대와 노후자금,relevance,3,KpmBLP_-H4E,UCvS5hW5HVgvQD5sMKLaBJbA,468872,
60대 주식 투자 실패,2. 50·60대와 노후자금,relevance,4,SoM3W-Cxess,UCSqFJxc0zYKLTr2IwFth2pA,468872,
60대 주식 투자 실패,2. 50·60대와 노후자금,relevance,5,EBJ4XA57b7g,UCb3IUCcxtdxBuKs6SvArqCQ,468872,
60대 주식 투자 실패,2. 50·60대와 노후자금,relevance,6,MufGbBxqsFg,UCvS5hW5HVgvQD5sMKLaBJbA,468872,
60대 주식 투자 실패,2. 50·60대와 노후자금,relevance,7,25987yjd6Vg,UCHpGooMnVgnILywqrpqvZcQ,468872,
60대 주식 투자 실패,2. 50·60대와 노후자금,relevance,8,kFZTtmqVirc,UCowMNQXcxSJJ7Kyc41Q4Pzw,468872,
60대 주식 투자 실패,2. 50·60대와 노후자금,relevance,9,IQijdZE4QT0,UCSqFJxc0zYKLTr2IwFth2pA,468872,
60대 주식 투자 실패,2. 50·60대와 노후자금,relevance,10,7FrJ3wuJDaY,UCy-6oZwPwrR_W-zYnqLD8dg,468872,
60대 주식 투자 실패,2. 50·60대와 노후자금,relevance,11,nc-1KSipcR0,UC66cXHC7vbY6jgS-b_CWvog,468872,
60대 주식 투자 실패,2. 50·60대와 노후자금,relevance,12,KCgt9_NtJoY,UClQ91880FMCtNunKbD2yf2g,468872,
60대 주식 투자 실패,2. 50·60대와 노후자금,relevance,13,aoV42Eo8AxM,UCy-6oZwPwrR_W-zYnqLD8dg,468872,
60대 주식 투자 실패,2. 50·60대와 노후자금,relevance,14,EBYqJAVb4wk,UCcQTRi69dsVYHN3exePtZ1A,468872,
60대 주식 투자 실패,2. 50·60대와 노후자금,relevance,15,UZ8moQHNjAk,UCsFb9NlFK6sGqUu8z1ap-Ag,468872,
60대 주식 투자 실패,2. 50·60대와 노후자금,relevance,16,zBz6qBO6hk8,UCyrsrAr2Sa0rDKoQvXWAVQg,468872,
60대 주식 투자 실패,2. 50·60대와 노후자금,relevance,17,KIt8qKDyyzg,UCvS5hW5HVgvQD5sMKLaBJbA,468872,
60대 주식 투자 실패,2. 50·60대와 노후자금,relevance,18,B8bU8-A5Bjc,UCm8VqlpN2vff3ijhWOyrtdw,468872,
60대 주식 투자 실패,2. 50·60대와 노후자금,relevance,19,1dnExeKVraM,UCYJMUYK-bEuSezJimo7k5yg,468872,
60대 주식 투자 실패,2. 50·60대와 노후자금,relevance,20,Y4r2-kH6PUA,UCkicd64B_cIXs2D6p0twVxA,468872,
60대 주식 투자 실패,2. 50·60대와 노후자금,relevance,21,Fh1-7H9eMyQ,UChzREkeRnnQ-c-D657r1hhg,468872,
60대 주식 투자 실패,2. 50·60대와 노후자금,relevance,22,qQzW8qaHSAw,UC54fPjFCam7RUxs5WCge6pA,468872,
60대 주식 투자 실패,2. 50·60대와 노후자금,relevance,23,bAw84Re8XgI,UChgj3VLiqHVGfy3k_8s5WKA,468872,
60대 주식 투자 실패,2. 50·60대와 노후자금,relevance,24,vRnk8TItKBw,UCowMNQXcxSJJ7Kyc41Q4Pzw,468872,
60대 주식 투자 실패,2. 50·60대와 노후자금,relevance,25,OcaTuFNz07k,UCSdKPIlqnJNI9FqESh35qdQ,468872,
60대 주식 투자 실패,2. 50·60대와 노후자금,relevance,26,utfw86RrMVE,UC5CyCSvCdoEP-VgQmFq3iww,468872,
60대 주식 투자 실패,2. 50·60대와 노후자금,relevance,27,FhE2wL_RRP0,UCvS5hW5HVgvQD5sMKLaBJbA,468872,
60대 주식 투자 실패,2. 50·60대와 노후자금,relevance,28,bRt3eEfBCHY,UCYJMUYK-bEuSezJimo7k5yg,468872,
60대 주식 투자 실패,2. 50·60대와 노후자금,relevance,29,Uvl7xLjAh-I,UCJnEwE47s9sF0VhEOXbT4HQ,468872,
60대 주식 투자 실패,2. 50·60대와 노후자금,relevance,30,aYAGurhbZ7g,UCtQkxwZkrruYdy2bVNNW-Rw,468872,
60대 주식 투자 실패,2. 50·60대와 노후자금,relevance,31,x_C7HFsorV4,UCiwQRG2sCcfjKkgxMEdJGPg,468872,
60대 주식 투자 실패,2. 50·60대와 노후자금,relevance,32,m1_6HJ9y_ZM,UCOSZxHgJJCf8JXf-LzzNr8A,468872,
60대 주식 투자 실패,2. 50·60대와 노후자금,relevance,33,X08HjlsEvpo,UC8d2HkvVNQlRasXm6yXUw0Q,468872,
60대 주식 투자 실패,2. 50·60대와 노후자금,relevance,34,135JdQOqIq4,UCowMNQXcxSJJ7Kyc41Q4Pzw,468872,
60대 주식 투자 실패,2. 50·60대와 노후자금,relevance,35,WBSISITEFng,UCDSj40X9FFUAnx1nv7gQhcA,468872,
60대 주식 투자 실패,2. 50·60대와 노후자금,relevance,36,I1r-gqxm7HI,UCJEYP25DMClnq6mzKSWJAMQ,468872,
60대 주식 투자 실패,2. 50·60대와 노후자금,relevance,37,s-ybdHYKfpU,UCLuEH6YDa6IgMdZDrWvyy9w,468872,
60대 주식 투자 실패,2. 50·60대와 노후자금,relevance,38,w5X4SFIfqiI,UCH37RCxPxdwRxoaMcADKkOA,468872,
60대 주식 투자 실패,2. 50·60대와 노후자금,relevance,39,V-Nlkc9YA34,UCe0lSThMhldpyl4z7OiJWiw,468872,
60대 주식 투자 실패,2. 50·60대와 노후자금,relevance,40,gbFE2aXLvgg,UCFp_Hu3Icrxlp-9yNJUyPDw,468872,
60대 주식 투자 실패,2. 50·60대와 노후자금,relevance,41,mSfl7lqisFc,UCnFnsb1jfgAHSdviaNSaUwA,468872,
60대 주식 투자 실패,2. 50·60대와 노후자금,relevance,42,QELETDNTmmo,UCYqMq3XP0zAXXlR17uhlr-g,468872,
60대 주식 투자 실패,2. 50·60대와 노후자금,relevance,43,G3obwGByVGs,UCtQkxwZkrruYdy2bVNNW-Rw,468872,
60대 주식 투자 실패,2. 50·60대와 노후자금,relevance,44,SIxVQtsKVZg,UCisI76sCtqpz_S6pKfvAXPQ,468872,
60대 주식 투자 실패,2. 50·60대와 노후자금,relevance,45,2hhHC44We8c,UCSsWdUwr4UonSCAVH-k0_Lg,468872,
부부 주식 투자 갈등,3. 가족 갈등,relevance,1,-PqNLSgJRVo,UCR9gReM5VhQ_8brqQrBaVCA,215941,
부부 주식 투자 갈등,3. 가족 갈등,relevance,2,x_C7HFsorV4,UCiwQRG2sCcfjKkgxMEdJGPg,215941,
부부 주식 투자 갈등,3. 가족 갈등,relevance,3,6BhhxVy-T0E,UCHlSeJxRIXZWMARC2oMwmcQ,215941,
부부 주식 투자 갈등,3. 가족 갈등,relevance,4,jvPZnkjqGd0,UC1ifSsWUG241rRfK0ezYCgA,215941,
부부 주식 투자 갈등,3. 가족 갈등,relevance,5,FJKZ4I9PTCQ,UCe-gh0jfKlR_EvsNyzYphww,215941,
부부 주식 투자 갈등,3. 가족 갈등,relevance,6,I6H7ZckgRQ4,UCVIB6JMy4MW5b8yl4TA04YA,215941,
부부 주식 투자 갈등,3. 가족 갈등,relevance,7,XVwTGxVrcoA,UC-INk2XcsNIBaE2Cj9NBcBg,215941,
부부 주식 투자 갈등,3. 가족 갈등,relevance,8,2kDIbVwxQYI,UCXIgINn0-8z51wfIOQPnbtA,215941,
부부 주식 투자 갈등,3. 가족 갈등,relevance,9,utfw86RrMVE,UC5CyCSvCdoEP-VgQmFq3iww,215941,
부부 주식 투자 갈등,3. 가족 갈등,relevance,10,FzRNWzHPr5c,UCw0ZKmxFBc9donV317twWeA,215941,
부부 주식 투자 갈등,3. 가족 갈등,relevance,11,W1SAqGIdmQk,UCJBhr6IKEWzz3GS0rYxJ-MQ,215941,
부부 주식 투자 갈등,3. 가족 갈등,relevance,12,54WxXQRib4M,UCimq5GQ-7Cg9VmV0q0KOY3A,215941,
부부 주식 투자 갈등,3. 가족 갈등,relevance,13,kZnDjAxBpZA,UCxlBX86fkh8Fg33bAwqN0TQ,215941,
부부 주식 투자 갈등,3. 가족 갈등,relevance,14,pWsLZMZBjJU,UCfWZnsdfiKvOyHDGfzMT3Cg,215941,
부부 주식 투자 갈등,3. 가족 갈등,relevance,15,9zjtMaaDOlM,UCVIB6JMy4MW5b8yl4TA04YA,215941,
부부 주식 투자 갈등,3. 가족 갈등,relevance,16,BJx37xg_UEM,UC1ifSsWUG241rRfK0ezYCgA,215941,
부부 주식 투자 갈등,3. 가족 갈등,relevance,17,D9fwG6i8rb4,UCFOudJtaX4zfChEb27I-19g,215941,
부부 주식 투자 갈등,3. 가족 갈등,relevance,18,69-eycL-9ng,UCmCzEQuec5F1de8kNY94bEA,215941,
부부 주식 투자 갈등,3. 가족 갈등,relevance,19,u5BmMM6MOpw,UCe1iO4VU_CjKbM3Tpx6WeLw,215941,
부부 주식 투자 갈등,3. 가족 갈등,relevance,20,u60rpD4mwJw,UCltEHqVGne0n836B3d72sqw,215941,
부부 주식 투자 갈등,3. 가족 갈등,relevance,21,OcWqibtBJK8,UCF3UEVPt5zZTlBVJwDG317g,215941,
부부 주식 투자 갈등,3. 가족 갈등,relevance,22,-0MSaJ8G_Tc,UC-INk2XcsNIBaE2Cj9NBcBg,215941,
부부 주식 투자 갈등,3. 가족 갈등,relevance,23,V4RoMOh3R_o,UCPnvCaLI0n7HJLcoQAxfnDQ,215941,
부부 주식 투자 갈등,3. 가족 갈등,relevance,24,8-oo-M3SWOk,UCxlBX86fkh8Fg33bAwqN0TQ,215941,
부부 주식 투자 갈등,3. 가족 갈등,relevance,25,5xQElWCsr9w,UCZzZo5KH3-r_DaMH4u25X1g,215941,
부부 주식 투자 갈등,3. 가족 갈등,relevance,26,-vPbgWEJg_g,UCydd_GbDufCQg2804nKlPaA,215941,
부부 주식 투자 갈등,3. 가족 갈등,relevance,27,L2awsrvFQg0,UCYyLIlOJyqkAFKlVjzX5img,215941,
부부 주식 투자 갈등,3. 가족 갈등,relevance,28,ahYVr3aKGjY,UCzbN_xBNLw2042QyLYXwNjA,215941,
부부 주식 투자 갈등,3. 가족 갈등,relevance,29,_iSKz5BlSAo,UC09kChaJLN-37F-cK_p0x0Q,215941,
부부 주식 투자 갈등,3. 가족 갈등,relevance,30,s9W6cYIjfD8,UCGhiuFr4zx5xccuCukqO6_w,215941,
부부 주식 투자 갈등,3. 가족 갈등,relevance,31,CzERjh7bG7Q,UCc9DvZNHfidsHsVlTAug5nQ,215941,
부부 주식 투자 갈등,3. 가족 갈등,relevance,32,HuB73XjeUXo,UCwIrieudR3EGFhOVrAr8x3A,215941,
부부 주식 투자 갈등,3. 가족 갈등,relevance,33,wX6ukGgxwXY,UC6CNXBevdTEucEoVXu15WYQ,215941,
부부 주식 투자 갈등,3. 가족 갈등,relevance,34,ZO4YIe3YuWU,UCWGkK2H6e0LvHf_ovxrZi9A,215941,
부부 주식 투자 갈등,3. 가족 갈등,relevance,35,FA0mcdoMTtI,UCJogwlgKh_EUkSPVgRGRsIg,215941,
부부 주식 투자 갈등,3. 가족 갈등,relevance,36,HXKSIv2L0Ss,UCJBhr6IKEWzz3GS0rYxJ-MQ,215941,
부부 주식 투자 갈등,3. 가족 갈등,relevance,37,zlk8BbNbLOg,UCcxK1UWTHBVYMce8XekwPgw,215941,
부부 주식 투자 갈등,3. 가족 갈등,relevance,38,-jqORI2_6-Q,UCOSOnyaXAxFzdgktPhwGcYA,215941,
부부 주식 투자 갈등,3. 가족 갈등,relevance,39,X5wc7G7tT6s,UCr-hiDLvkZvNEVG-DKqKtLA,215941,
부부 주식 투자 갈등,3. 가족 갈등,relevance,40,l-RJhCpTU3s,UCoBqmjgMwN4svbuy76KNA1A,215941,
부부 주식 투자 갈등,3. 가족 갈등,relevance,41,2jo73EzmbY8,UCiRgPyS47RaZK8fHbFO_RCw,215941,
부부 주식 투자 갈등,3. 가족 갈등,relevance,42,fnCNyk4VOh8,UCHKRLOqgrKhIgoCKJ3UkNhg,215941,
부부 주식 투자 갈등,3. 가족 갈등,relevance,43,p2n54n2bNFw,UC-o9WkDgRaej-KZn1veXeBw,215941,
부부 주식 투자 갈등,3. 가족 갈등,relevance,44,zmpsL7dhQ_M,UCimq5GQ-7Cg9VmV0q0KOY3A,215941,
부부 주식 투자 갈등,3. 가족 갈등,relevance,45,H66YFsg67zU,UC1ifSsWUG241rRfK0ezYCgA,215941,
부부 주식 투자 갈등,3. 가족 갈등,relevance,46,Cxov0U98_os,UCV5iV1Zhe6bRrVwBzXgUnPg,215941,
부부 주식 투자 갈등,3. 가족 갈등,relevance,47,kB9OE5JvnHc,UCF9vbHlZpz7FbOAky3fnYxw,215941,
부부 주식 투자 갈등,3. 가족 갈등,relevance,48,Et1hqyPjyeE,UCxUzt4AIpI1XO9cxHQ-ro1w,215941,
주식 리딩방 피해 사례,4. 사기·추천방 피해,relevance,1,zAy3b37hgyU,UCHBvfByzuzamrZiL398jopQ,98021,
주식 리딩방 피해 사례,4. 사기·추천방 피해,relevance,2,crHdBsaydU4,UCWlV3Lz_55UaX4JsMj-z__Q,98021,
주식 리딩방 피해 사례,4. 사기·추천방 피해,relevance,3,0qAvbjFx45U,UCL1AIgIlN8sIFkhojy9Z6Aw,98021,
주식 리딩방 피해 사례,4. 사기·추천방 피해,relevance,4,5mPQxitgvTA,UCWlV3Lz_55UaX4JsMj-z__Q,98021,
주식 리딩방 피해 사례,4. 사기·추천방 피해,relevance,5,mVXP51wmcaE,UCGCGxsbmG_9nincyI7xypow,98021,
주식 리딩방 피해 사례,4. 사기·추천방 피해,relevance,6,I3cHZRZiwKs,UCot3IlVrwKto4F3ie-uG9Ng,98021,
주식 리딩방 피해 사례,4. 사기·추천방 피해,relevance,7,Zhnf9CNVb-A,UCEb31RoX5RnfYENmnyokN8A,98021,
주식 리딩방 피해 사례,4. 사기·추천방 피해,relevance,8,X_pFC26chKg,UCxP5RWC4we6l6BC1pud4mjg,98021,
주식 리딩방 피해 사례,4. 사기·추천방 피해,relevance,9,xPBNNJb216g,UCkinYTS9IHqOEwR1Sze2JTw,98021,
주식 리딩방 피해 사례,4. 사기·추천방 피해,relevance,10,2i9GLHMwN90,UCcQTRi69dsVYHN3exePtZ1A,98021,
주식 리딩방 피해 사례,4. 사기·추천방 피해,relevance,11,uPnPBEe4zrM,UCWlV3Lz_55UaX4JsMj-z__Q,98021,
주식 리딩방 피해 사례,4. 사기·추천방 피해,relevance,12,J6iIr_t7auI,UCTTmtS2ljy1vyl_s-d_LEHQ,98021,
주식 리딩방 피해 사례,4. 사기·추천방 피해,relevance,13,oUMPHtWUkPE,UCPpPaYLh7GCIvzoVxHGyw0w,98021,
주식 리딩방 피해 사례,4. 사기·추천방 피해,relevance,14,JPTX1VfkN84,UCbbz2yrttQ277mtRnqiiOBg,98021,
주식 리딩방 피해 사례,4. 사기·추천방 피해,relevance,15,JPMoJYG8f7E,UC2YEsh-osrh7icC51v70YAA,98021,
주식 리딩방 피해 사례,4. 사기·추천방 피해,relevance,16,7Jh2JjqERXQ,UCwbq9G7DGqWW7-OOs0InDdg,98021,
주식 리딩방 피해 사례,4. 사기·추천방 피해,relevance,17,PoZ6KXgGk6k,UC5p-wwyGhjmqCAk31pCQmOg,98021,
주식 리딩방 피해 사례,4. 사기·추천방 피해,relevance,18,njZpWHaHO-A,UC4LW3sOslC14Vn5bcoNUBkg,98021,
주식 리딩방 피해 사례,4. 사기·추천방 피해,relevance,19,iAL7hNQtDM4,UC4LW3sOslC14Vn5bcoNUBkg,98021,
주식 리딩방 피해 사례,4. 사기·추천방 피해,relevance,20,G73W91WXILc,UCWxRJkE-NCaGbKjI4etgtpg,98021,
주식 리딩방 피해 사례,4. 사기·추천방 피해,relevance,21,xMHHGh2n5VU,UCRqnjMNlNDN_W28mvnrf8JQ,98021,
주식 리딩방 피해 사례,4. 사기·추천방 피해,relevance,22,vbDEHKhogXU,UCsJ6RuBiTVWRX156FVbeaGg,98021,
주식 리딩방 피해 사례,4. 사기·추천방 피해,relevance,23,9lAnBS05lt0,UCcQTRi69dsVYHN3exePtZ1A,98021,
주식 리딩방 피해 사례,4. 사기·추천방 피해,relevance,24,bdm8r6hYkwE,UCHtZuwA-VYZJyDftQgtUjeA,98021,
주식 리딩방 피해 사례,4. 사기·추천방 피해,relevance,25,6eeNy0y1e90,UCMD74jSzceTRlxMvygxvwXQ,98021,
주식 리딩방 피해 사례,4. 사기·추천방 피해,relevance,26,kUoirhSlofY,UC7jFDEmtDIfTN2vn5nBF36g,98021,
주식 리딩방 피해 사례,4. 사기·추천방 피해,relevance,27,PU-2SErbUKg,UC1ifSsWUG241rRfK0ezYCgA,98021,
주식 리딩방 피해 사례,4. 사기·추천방 피해,relevance,28,99XhpqUL-Go,UCF4Wxdo3inmxP-Y59wXDsFw,98021,
주식 리딩방 피해 사례,4. 사기·추천방 피해,relevance,29,6Rui0n2hbpo,UCYigs8o_hgHJtfE0KnqVLeA,98021,
주식 리딩방 피해 사례,4. 사기·추천방 피해,relevance,30,HFmcaEPP4m8,UCXl6uoYw2s_sS38OausqCKA,98021,
주식 리딩방 피해 사례,4. 사기·추천방 피해,relevance,31,Z1ST9eDP2iU,UCwwcYxDTCBw1e5zehstNtUQ,98021,
주식 리딩방 피해 사례,4. 사기·추천방 피해,relevance,32,zGWWjU_JwTs,UCblB86SI93UerFKcFfTlvaA,98021,
주식 리딩방 피해 사례,4. 사기·추천방 피해,relevance,33,CgX16em3XLY,UCHpGooMnVgnILywqrpqvZcQ,98021,
주식 리딩방 피해 사례,4. 사기·추천방 피해,relevance,34,Y4V-WViaddw,UClErHbdZKUnD1NyIUeQWvuQ,98021,
주식 리딩방 피해 사례,4. 사기·추천방 피해,relevance,35,kJI__HjsoQY,UCh6Abvmtk-LsNxJ_FXRK4ow,98021,
주식 리딩방 피해 사례,4. 사기·추천방 피해,relevance,36,wOX5xb4HT24,UCcQTRi69dsVYHN3exePtZ1A,98021,
주식 리딩방 피해 사례,4. 사기·추천방 피해,relevance,37,lUsqWQwHeAY,UCVKvpNOvegnS7fYUQ4OZ49w,98021,
주식 리딩방 피해 사례,4. 사기·추천방 피해,relevance,38,CEwKWiP6LtI,UCHpSmnG7cudqkweCcEZmNCQ,98021,
주식 리딩방 피해 사례,4. 사기·추천방 피해,relevance,39,9dcUGC6zMXQ,UCVvJ4-fDV3O0Uqz7T3-LJOw,98021,
주식 리딩방 피해 사례,4. 사기·추천방 피해,relevance,40,xKQG_jUCLWw,UCcQTRi69dsVYHN3exePtZ1A,98021,
주식 리딩방 피해 사례,4. 사기·추천방 피해,relevance,41,A6J7ta_DU6k,UCPkOSI26ju-0faZIgr1xM1Q,98021,
주식 리딩방 피해 사례,4. 사기·추천방 피해,relevance,42,Gnla3EIW1JY,UCVB2aja0Wrgz0ykvBfVifcQ,98021,
주식 리딩방 피해 사례,4. 사기·추천방 피해,relevance,43,PjDGbseHVy4,UCfnw9rAC07JCrk1XRAQC5dQ,98021,
주식 리딩방 피해 사례,4. 사기·추천방 피해,relevance,44,ywtnyBj4xaM,UCsU-I-vHLiaMfV_ceaYz5rQ,98021,
주식 리딩방 피해 사례,4. 사기·추천방 피해,relevance,45,9bdIbKz2OqA,UC0imORt231LWWyyotvE3lUw,98021,
주식 리딩방 피해 사례,4. 사기·추천방 피해,relevance,46,x2SU7SCAQjQ,UCrM0zcB6sJw7L3yAvFefYZQ,98021,
주식 리딩방 피해 사례,4. 사기·추천방 피해,relevance,47,V5u3sqsVSxw,UCdmBbQH1xyL0vzfP9vysjkw,98021,
주식 리딩방 피해 사례,4. 사기·추천방 피해,relevance,48,z5vG-t72OGE,UChlgI3UHCOnwUGzWzbJ3H5w,98021,
주식 리딩방 피해 사례,4. 사기·추천방 피해,relevance,49,Gk0yCsf9rbc,UCVvJ4-fDV3O0Uqz7T3-LJOw,98021,
주식 리딩방 피해 사례,4. 사기·추천방 피해,relevance,50,Jn4sUGvex-k,UCcQTRi69dsVYHN3exePtZ1A,98021,
주식 투자 실패 다큐멘터리,9. 사연·썰·다큐 포맷,relevance,1,7FrJ3wuJDaY,UCy-6oZwPwrR_W-zYnqLD8dg,80182,
주식 투자 실패 다큐멘터리,9. 사연·썰·다큐 포맷,relevance,2,H7_oH-Ujqak,UCFCtZJTuJhE18k8IXwmXTYQ,80182,
주식 투자 실패 다큐멘터리,9. 사연·썰·다큐 포맷,relevance,3,zI-qK78mKvE,UCy-6oZwPwrR_W-zYnqLD8dg,80182,
주식 투자 실패 다큐멘터리,9. 사연·썰·다큐 포맷,relevance,4,-DjeTSaMD6M,UCy-6oZwPwrR_W-zYnqLD8dg,80182,
주식 투자 실패 다큐멘터리,9. 사연·썰·다큐 포맷,relevance,5,VhGF4dmh2kA,UCFCtZJTuJhE18k8IXwmXTYQ,80182,
주식 투자 실패 다큐멘터리,9. 사연·썰·다큐 포맷,relevance,6,aoV42Eo8AxM,UCy-6oZwPwrR_W-zYnqLD8dg,80182,
주식 투자 실패 다큐멘터리,9. 사연·썰·다큐 포맷,relevance,7,74koqD12jG0,UCy-6oZwPwrR_W-zYnqLD8dg,80182,
주식 투자 실패 다큐멘터리,9. 사연·썰·다큐 포맷,relevance,8,I1r-gqxm7HI,UCJEYP25DMClnq6mzKSWJAMQ,80182,
주식 투자 실패 다큐멘터리,9. 사연·썰·다큐 포맷,relevance,9,ypC3KZ-_3mM,UCFCtZJTuJhE18k8IXwmXTYQ,80182,
주식 투자 실패 다큐멘터리,9. 사연·썰·다큐 포맷,relevance,10,yERWAxUcgCY,UCy-6oZwPwrR_W-zYnqLD8dg,80182,
주식 투자 실패 다큐멘터리,9. 사연·썰·다큐 포맷,relevance,11,Lst6Fw3ZRKw,UCFCtZJTuJhE18k8IXwmXTYQ,80182,
주식 투자 실패 다큐멘터리,9. 사연·썰·다큐 포맷,relevance,12,s9xzey_UKMA,UCWstEH0k34aMAMPb5cJ9okw,80182,
주식 투자 실패 다큐멘터리,9. 사연·썰·다큐 포맷,relevance,13,ietOEcoyl90,UCiFYUP4_TI70yCkkVJAlxoA,80182,
주식 투자 실패 다큐멘터리,9. 사연·썰·다큐 포맷,relevance,14,N5GCqYLb8qY,UCFCtZJTuJhE18k8IXwmXTYQ,80182,
주식 투자 실패 다큐멘터리,9. 사연·썰·다큐 포맷,relevance,15,f7ZWHaiO-AE,UCFCtZJTuJhE18k8IXwmXTYQ,80182,
주식 투자 실패 다큐멘터리,9. 사연·썰·다큐 포맷,relevance,16,1q8X-uCUcag,UC-swf20n5xdKW0waeLpXPFQ,80182,
주식 투자 실패 다큐멘터리,9. 사연·썰·다큐 포맷,relevance,17,fmSs4P-AJ-s,UC4LW3sOslC14Vn5bcoNUBkg,80182,
주식 투자 실패 다큐멘터리,9. 사연·썰·다큐 포맷,relevance,18,UmhP9BOdqGQ,UCvS5hW5HVgvQD5sMKLaBJbA,80182,
주식 투자 실패 다큐멘터리,9. 사연·썰·다큐 포맷,relevance,19,XIjpLadS674,UCiFYUP4_TI70yCkkVJAlxoA,80182,
주식 투자 실패 다큐멘터리,9. 사연·썰·다큐 포맷,relevance,20,8_YxWzVTbro,UCgFB5NI2tKLgmNgYuL_DAkQ,80182,
주식 투자 실패 다큐멘터리,9. 사연·썰·다큐 포맷,relevance,21,idmfQgL_UvM,UCFCtZJTuJhE18k8IXwmXTYQ,80182,
주식 투자 실패 다큐멘터리,9. 사연·썰·다큐 포맷,relevance,22,VEq_V5USmRg,UCFCtZJTuJhE18k8IXwmXTYQ,80182,
주식 투자 실패 다큐멘터리,9. 사연·썰·다큐 포맷,relevance,23,VUOnJPZePcA,UCvS5hW5HVgvQD5sMKLaBJbA,80182,
주식 투자 실패 다큐멘터리,9. 사연·썰·다큐 포맷,relevance,24,dRJNi2zPD4U,UCy-6oZwPwrR_W-zYnqLD8dg,80182,
주식 투자 실패 다큐멘터리,9. 사연·썰·다큐 포맷,relevance,25,BxOtFbKH_Ow,UCFCtZJTuJhE18k8IXwmXTYQ,80182,
주식 투자 실패 다큐멘터리,9. 사연·썰·다큐 포맷,relevance,26,X1_KNALfRBc,UC4LW3sOslC14Vn5bcoNUBkg,80182,
주식 투자 실패 다큐멘터리,9. 사연·썰·다큐 포맷,relevance,27,JduGJ8GYzG8,UCskhvdwQ9V0VQbUy60QWVBA,80182,
주식 투자 실패 다큐멘터리,9. 사연·썰·다큐 포맷,relevance,28,qJf4nz7mQ7Q,UCFCtZJTuJhE18k8IXwmXTYQ,80182,
주식 투자 실패 다큐멘터리,9. 사연·썰·다큐 포맷,relevance,29,q_61DY04zGA,UCfWZnsdfiKvOyHDGfzMT3Cg,80182,
주식 투자 실패 다큐멘터리,9. 사연·썰·다큐 포맷,relevance,30,pCuwX7mMR8w,UC4LW3sOslC14Vn5bcoNUBkg,80182,
주식 투자 실패 다큐멘터리,9. 사연·썰·다큐 포맷,relevance,31,GiYiN6qdObY,UCFCtZJTuJhE18k8IXwmXTYQ,80182,
주식 투자 실패 다큐멘터리,9. 사연·썰·다큐 포맷,relevance,32,m-um2QfeD98,UCy-6oZwPwrR_W-zYnqLD8dg,80182,
주식 투자 실패 다큐멘터리,9. 사연·썰·다큐 포맷,relevance,33,T_03ZKwC8f8,UCFCtZJTuJhE18k8IXwmXTYQ,80182,
주식 투자 실패 다큐멘터리,9. 사연·썰·다큐 포맷,relevance,34,tNJxw9hoVT0,UCawCv9kO2UXbTtsK4EammRQ,80182,
주식 투자 실패 다큐멘터리,9. 사연·썰·다큐 포맷,relevance,35,mbzL0mdFUnw,UC5O90RZzHh-bbo6S7_mKjUA,80182,
주식 투자 실패 다큐멘터리,9. 사연·썰·다큐 포맷,relevance,36,x_C7HFsorV4,UCiwQRG2sCcfjKkgxMEdJGPg,80182,
주식 투자 실패 다큐멘터리,9. 사연·썰·다큐 포맷,relevance,37,Yv3R8QNpL3Y,UCFCtZJTuJhE18k8IXwmXTYQ,80182,
주식 투자 실패 다큐멘터리,9. 사연·썰·다큐 포맷,relevance,38,N_u_-lqEzlY,UCm8VqlpN2vff3ijhWOyrtdw,80182,
주식 투자 실패 다큐멘터리,9. 사연·썰·다큐 포맷,relevance,39,V-Nlkc9YA34,UCe0lSThMhldpyl4z7OiJWiw,80182,
주식 투자 실패 다큐멘터리,9. 사연·썰·다큐 포맷,relevance,40,XVwTGxVrcoA,UC-INk2XcsNIBaE2Cj9NBcBg,80182,
주식 투자 실패 다큐멘터리,9. 사연·썰·다큐 포맷,relevance,41,775_I8KwAuY,UCawCv9kO2UXbTtsK4EammRQ,80182,
주식 투자 실패 다큐멘터리,9. 사연·썰·다큐 포맷,relevance,42,j7NXfNU4x_0,UCvS5hW5HVgvQD5sMKLaBJbA,80182,
주식 투자 실패 다큐멘터리,9. 사연·썰·다큐 포맷,relevance,43,sCxfVjYCkTw,UC4LW3sOslC14Vn5bcoNUBkg,80182,
주식 투자 실패 다큐멘터리,9. 사연·썰·다큐 포맷,relevance,44,BDTfGFGcKpU,UCuuA38hvvuipqXFIP3BfLEA,80182,
주식 투자 실패 다큐멘터리,9. 사연·썰·다큐 포맷,relevance,45,L6rm_4GWF1Y,UCawCv9kO2UXbTtsK4EammRQ,80182,
주식 투자 실패 다큐멘터리,9. 사연·썰·다큐 포맷,relevance,46,NBZVCGdxSzA,UCFCtZJTuJhE18k8IXwmXTYQ,80182,
주식 투자 실패 다큐멘터리,9. 사연·썰·다큐 포맷,relevance,47,Dr8rc1P6flM,UCvS5hW5HVgvQD5sMKLaBJbA,80182,
주식 투자 실패 다큐멘터리,9. 사연·썰·다큐 포맷,relevance,48,0W3o2FEmuWs,UCpqBzzbWNN7ImX40JUrXEfw,80182,
주식 투자 실패 다큐멘터리,9. 사연·썰·다큐 포맷,relevance,49,vRnk8TItKBw,UCowMNQXcxSJJ7Kyc41Q4Pzw,80182,
주식 투자 실패 다큐멘터리,9. 사연·썰·다큐 포맷,relevance,50,1uQlTumXP3g,UCR4R3u3RFdjLlCWlOeg8I8A,80182,
주식으로 전재산 잃은 사연,1. 실제 투자 실패·손실 사연,relevance,1,IbKt7z14sk4,UCR4R3u3RFdjLlCWlOeg8I8A,34091,
주식으로 전재산 잃은 사연,1. 실제 투자 실패·손실 사연,relevance,2,8XDNoaP3DFw,UC9-FOv67-03WMjbPApziPwQ,34091,
주식으로 전재산 잃은 사연,1. 실제 투자 실패·손실 사연,relevance,3,7FrJ3wuJDaY,UCy-6oZwPwrR_W-zYnqLD8dg,34091,
주식으로 전재산 잃은 사연,1. 실제 투자 실패·손실 사연,relevance,4,8_YxWzVTbro,UCgFB5NI2tKLgmNgYuL_DAkQ,34091,
주식으로 전재산 잃은 사연,1. 실제 투자 실패·손실 사연,relevance,5,HIYR58mvsU0,UCm8VqlpN2vff3ijhWOyrtdw,34091,
주식으로 전재산 잃은 사연,1. 실제 투자 실패·손실 사연,relevance,6,RXft-lAkSqU,UCnE_A6f34Dx2hemI4QeBkOg,34091,
주식으로 전재산 잃은 사연,1. 실제 투자 실패·손실 사연,relevance,7,lH_ugHpI_p0,UCyUJvPTlR-pklwT0APpFIhA,34091,
주식으로 전재산 잃은 사연,1. 실제 투자 실패·손실 사연,relevance,8,sMgROMB739Q,UCUI_wX3M1FF7g9upG7XegHw,34091,
주식으로 전재산 잃은 사연,1. 실제 투자 실패·손실 사연,relevance,9,4pkXt3f4tds,UCYYPvecmdGQgzIfghtdWhGQ,34091,
주식으로 전재산 잃은 사연,1. 실제 투자 실패·손실 사연,relevance,10,x_C7HFsorV4,UCiwQRG2sCcfjKkgxMEdJGPg,34091,
주식으로 전재산 잃은 사연,1. 실제 투자 실패·손실 사연,relevance,11,dlLI94w0_dk,UC8SGqzmP5XlDrPJujLwPzhQ,34091,
주식으로 전재산 잃은 사연,1. 실제 투자 실패·손실 사연,relevance,12,N_u_-lqEzlY,UCm8VqlpN2vff3ijhWOyrtdw,34091,
주식으로 전재산 잃은 사연,1. 실제 투자 실패·손실 사연,relevance,13,A6afQhNaHKw,UCvS5hW5HVgvQD5sMKLaBJbA,34091,
주식으로 전재산 잃은 사연,1. 실제 투자 실패·손실 사연,relevance,14,s9xzey_UKMA,UCWstEH0k34aMAMPb5cJ9okw,34091,
주식으로 전재산 잃은 사연,1. 실제 투자 실패·손실 사연,relevance,15,9TTgn41v558,UC5_OWZvQFBzWvfI7NwpvuYw,34091,
주식으로 전재산 잃은 사연,1. 실제 투자 실패·손실 사연,relevance,16,4OMJRLxkVQo,UCRo-8Q_a06VvCwyDY-fe5HQ,34091,
주식으로 전재산 잃은 사연,1. 실제 투자 실패·손실 사연,relevance,17,5xQElWCsr9w,UCZzZo5KH3-r_DaMH4u25X1g,34091,
주식으로 전재산 잃은 사연,1. 실제 투자 실패·손실 사연,relevance,18,E8UH8cPFgnY,UClLvzm-pJlhBh2wj8bmTcQw,34091,
주식으로 전재산 잃은 사연,1. 실제 투자 실패·손실 사연,relevance,19,Kv6dyA1u0bM,UCIOHzEDwgUuLBZwPKEUt1AQ,34091,
주식으로 전재산 잃은 사연,1. 실제 투자 실패·손실 사연,relevance,20,czxhjJiHYbs,UCskhvdwQ9V0VQbUy60QWVBA,34091,
주식으로 전재산 잃은 사연,1. 실제 투자 실패·손실 사연,relevance,21,-DjeTSaMD6M,UCy-6oZwPwrR_W-zYnqLD8dg,34091,
주식으로 전재산 잃은 사연,1. 실제 투자 실패·손실 사연,relevance,22,TGiXrCFWNFU,UCOf1YTicu1WUtffjThah6dQ,34091,
주식으로 전재산 잃은 사연,1. 실제 투자 실패·손실 사연,relevance,23,tDbXZbFysIo,UCJDd5BvqQBE7nkbbbuZnxBA,34091,
주식으로 전재산 잃은 사연,1. 실제 투자 실패·손실 사연,relevance,24,f5swOu1F1Pg,UCvS5hW5HVgvQD5sMKLaBJbA,34091,
주식으로 전재산 잃은 사연,1. 실제 투자 실패·손실 사연,relevance,25,sXCyhAFLcXg,UCmjNKt6kITwaZTqvWuaSPLg,34091,
주식으로 전재산 잃은 사연,1. 실제 투자 실패·손실 사연,relevance,26,5Cmpqsy1Qig,UCvS5hW5HVgvQD5sMKLaBJbA,34091,
주식으로 전재산 잃은 사연,1. 실제 투자 실패·손실 사연,relevance,27,I1r-gqxm7HI,UCJEYP25DMClnq6mzKSWJAMQ,34091,
주식으로 전재산 잃은 사연,1. 실제 투자 실패·손실 사연,relevance,28,3fmFpSlxHIc,UCR4R3u3RFdjLlCWlOeg8I8A,34091,
주식으로 전재산 잃은 사연,1. 실제 투자 실패·손실 사연,relevance,29,JfzRMIQGci0,UC3-9Ul8LOKJzQMdo1nFb_sQ,34091,
주식으로 전재산 잃은 사연,1. 실제 투자 실패·손실 사연,relevance,30,DUCGcfFmKic,UCRMA_Nb5VF-YoWApSVeXPVA,34091,
주식으로 전재산 잃은 사연,1. 실제 투자 실패·손실 사연,relevance,31,jXzA2Y3pcIs,UCy-6oZwPwrR_W-zYnqLD8dg,34091,
주식으로 전재산 잃은 사연,1. 실제 투자 실패·손실 사연,relevance,32,MWsKSEkaO8w,UCaJdckl6MBdDPDf75Ec_bJA,34091,
주식으로 전재산 잃은 사연,1. 실제 투자 실패·손실 사연,relevance,33,wZosp2n1onA,UCvS5hW5HVgvQD5sMKLaBJbA,34091,
주식으로 전재산 잃은 사연,1. 실제 투자 실패·손실 사연,relevance,34,CDumVE3MkzI,UCm8VqlpN2vff3ijhWOyrtdw,34091,
주식으로 전재산 잃은 사연,1. 실제 투자 실패·손실 사연,relevance,35,RmguNJf0ENE,UCWYzc_p0GgfCepIWDHGFmEg,34091,
주식으로 전재산 잃은 사연,1. 실제 투자 실패·손실 사연,relevance,36,drY-ns5RY0k,UCJDd5BvqQBE7nkbbbuZnxBA,34091,
주식으로 전재산 잃은 사연,1. 실제 투자 실패·손실 사연,relevance,37,cs2m4cFsyLk,UC1ifSsWUG241rRfK0ezYCgA,34091,
주식으로 전재산 잃은 사연,1. 실제 투자 실패·손실 사연,relevance,38,EpyKZitm9dA,UCYYPvecmdGQgzIfghtdWhGQ,34091,
주식으로 전재산 잃은 사연,1. 실제 투자 실패·손실 사연,relevance,39,Hhp7zbCv88o,UC-XdhVx5B0VTftmOJIqIYUA,34091,
주식으로 전재산 잃은 사연,1. 실제 투자 실패·손실 사연,relevance,40,dvpJtifo94g,UCPPG9-aMu7h3_Im2CBnoZsw,34091,
주식으로 전재산 잃은 사연,1. 실제 투자 실패·손실 사연,relevance,41,ohTivR7eL24,UC9nKG2Sp81rXb25ZiCJTv8g,34091,
주식으로 전재산 잃은 사연,1. 실제 투자 실패·손실 사연,relevance,42,Gy_2vA9H9Zo,UCvS5hW5HVgvQD5sMKLaBJbA,34091,
주식으로 전재산 잃은 사연,1. 실제 투자 실패·손실 사연,relevance,43,0W3o2FEmuWs,UCpqBzzbWNN7ImX40JUrXEfw,34091,
주식으로 전재산 잃은 사연,1. 실제 투자 실패·손실 사연,relevance,44,FpUNOFCHoXM,UC_EngQdug6VcxZ3xcqgnWug,34091,
주식으로 전재산 잃은 사연,1. 실제 투자 실패·손실 사연,relevance,45,khsCIvJiMb4,UCSsWdUwr4UonSCAVH-k0_Lg,34091,
주식으로 전재산 잃은 사연,1. 실제 투자 실패·손실 사연,relevance,46,EcqRufgRhZI,UCAwbbceBby-s7BnejRk9oMg,34091,
주식으로 전재산 잃은 사연,1. 실제 투자 실패·손실 사연,relevance,47,w5X4SFIfqiI,UCH37RCxPxdwRxoaMcADKkOA,34091,
주식으로 전재산 잃은 사연,1. 실제 투자 실패·손실 사연,relevance,48,kejvCNXeAgs,UCrehv5OOnF2TsgbV98X7uSw,34091,
주식으로 전재산 잃은 사연,1. 실제 투자 실패·손실 사연,relevance,49,N5GCqYLb8qY,UCFCtZJTuJhE18k8IXwmXTYQ,34091,
주식으로 전재산 잃은 사연,1. 실제 투자 실패·손실 사연,relevance,50,afhzHSMW0ac,UCekk2eA4bQ03jESxyLbD19w,34091,
노후 주식 투자 후회,2. 50·60대와 노후자금,relevance,1,Li_WB0F_yzo,UCtQkxwZkrruYdy2bVNNW-Rw,352548,
노후 주식 투자 후회,2. 50·60대와 노후자금,relevance,2,7FrJ3wuJDaY,UCy-6oZwPwrR_W-zYnqLD8dg,352548,
노후 주식 투자 후회,2. 50·60대와 노후자금,relevance,3,pd1IICARiyw,UCHpGooMnVgnILywqrpqvZcQ,352548,
노후 주식 투자 후회,2. 50·60대와 노후자금,relevance,4,EKqZ2YyMEpo,UCH9dsV-DAyvtVG4fF7ScgbQ,352548,
노후 주식 투자 후회,2. 50·60대와 노후자금,relevance,5,IQijdZE4QT0,UCSqFJxc0zYKLTr2IwFth2pA,352548,
노후 주식 투자 후회,2. 50·60대와 노후자금,relevance,6,x6oGcyrp-TU,UCNZihXDG1m0hnlMDlVL02kg,352548,
노후 주식 투자 후회,2. 50·60대와 노후자금,relevance,7,25987yjd6Vg,UCHpGooMnVgnILywqrpqvZcQ,352548,
노후 주식 투자 후회,2. 50·60대와 노후자금,relevance,8,gZVHIVzA3Jk,UCCNbQhzvJFmWs_kQYhERIow,352548,
노후 주식 투자 후회,2. 50·60대와 노후자금,relevance,9,5Ufjiv18F8s,UCvb2O9eEAMbe6OLWlQZVnaw,352548,
노후 주식 투자 후회,2. 50·60대와 노후자금,relevance,10,cOSIjcehieM,UCYYPvecmdGQgzIfghtdWhGQ,352548,
노후 주식 투자 후회,2. 50·60대와 노후자금,relevance,11,IVs5oVZgo2E,UCIt_hQy30blHrVAS7QLTyTg,352548,
노후 주식 투자 후회,2. 50·60대와 노후자금,relevance,12,9Cuwjx-uGrY,UC5CyCSvCdoEP-VgQmFq3iww,352548,
노후 주식 투자 후회,2. 50·60대와 노후자금,relevance,13,C5rreYEZGao,UCvil4OAt-zShzkKHsg9EQAw,352548,
노후 주식 투자 후회,2. 50·60대와 노후자금,relevance,14,sAkDYrGNySE,UCvS5hW5HVgvQD5sMKLaBJbA,352548,
노후 주식 투자 후회,2. 50·60대와 노후자금,relevance,15,1ITc59vE21M,UCXWOlSe2GHTev8QZhY_gMPg,352548,
노후 주식 투자 후회,2. 50·60대와 노후자금,relevance,16,8aasDZGWmmc,UCuAEegkcpCTs64hd0VwwVOA,352548,
노후 주식 투자 후회,2. 50·60대와 노후자금,relevance,17,3HgmLDqUFro,UCriq8I8GEESkQq0svX19oCw,352548,
노후 주식 투자 후회,2. 50·60대와 노후자금,relevance,18,ttEnbtvCXEw,UCDSj40X9FFUAnx1nv7gQhcA,352548,
노후 주식 투자 후회,2. 50·60대와 노후자금,relevance,19,0vg-WWftQXY,UCMdPOgZ4mmP9dtqkXfV9Idg,352548,
노후 주식 투자 후회,2. 50·60대와 노후자금,relevance,20,xEXZ6xvV-aw,UCvil4OAt-zShzkKHsg9EQAw,352548,
노후 주식 투자 후회,2. 50·60대와 노후자금,relevance,21,w3XnDONWFms,UC0t119arYLC0bxyzti57HxA,352548,
노후 주식 투자 후회,2. 50·60대와 노후자금,relevance,22,cA1q-ETU4vc,UCutSPIGfO4ZmPx9X9u5mfRw,352548,
노후 주식 투자 후회,2. 50·60대와 노후자금,relevance,23,Vadt13pc2b0,UClU6tzeYdQ902LLZta0Ymbg,352548,
노후 주식 투자 후회,2. 50·60대와 노후자금,relevance,24,mD57DoreRyo,UCAGsOPVivN4YgJRf6Y89eOA,352548,
노후 주식 투자 후회,2. 50·60대와 노후자금,relevance,25,NWFcsoSGu2I,UCDSj40X9FFUAnx1nv7gQhcA,352548,
노후 주식 투자 후회,2. 50·60대와 노후자금,relevance,26,98Q_4_SzIAg,UClU6tzeYdQ902LLZta0Ymbg,352548,
노후 주식 투자 후회,2. 50·60대와 노후자금,relevance,27,WBSISITEFng,UCDSj40X9FFUAnx1nv7gQhcA,352548,
노후 주식 투자 후회,2. 50·60대와 노후자금,relevance,28,bdog3KUtzxA,UCgCtDt1actTJUgLY_rH0p-w,352548,
노후 주식 투자 후회,2. 50·60대와 노후자금,relevance,29,FftJyktXA3s,UCDjaj6eENGMvgIXfeRErPmA,352548,
노후 주식 투자 후회,2. 50·60대와 노후자금,relevance,30,86YiCaX9-0o,UCwTeqOOcb4o64be9MnmxUUA,352548,
노후 주식 투자 후회,2. 50·60대와 노후자금,relevance,31,wsy11BC4NDc,UClU6tzeYdQ902LLZta0Ymbg,352548,
노후 주식 투자 후회,2. 50·60대와 노후자금,relevance,32,hbBABRmu93Q,UCSqFJxc0zYKLTr2IwFth2pA,352548,
노후 주식 투자 후회,2. 50·60대와 노후자금,relevance,33,1NTN-bEe0w4,UCM8Qz4CKAkpCW1p1BVK8j6Q,352548,
노후 주식 투자 후회,2. 50·60대와 노후자금,relevance,34,XUA-CMtCCpo,UClU6tzeYdQ902LLZta0Ymbg,352548,
노후 주식 투자 후회,2. 50·60대와 노후자금,relevance,35,vRnk8TItKBw,UCowMNQXcxSJJ7Kyc41Q4Pzw,352548,
노후 주식 투자 후회,2. 50·60대와 노후자금,relevance,36,Ea_7h_ddvMA,UCXIIyfdS3hA3OHrhuMY1urQ,352548,
노후 주식 투자 후회,2. 50·60대와 노후자금,relevance,37,La_-6RFGK_4,UCeUP5Kb-EDDplwAi0H02XlA,352548,
노후 주식 투자 후회,2. 50·60대와 노후자금,relevance,38,gQPTUX4bdUY,UCt9m3iBPn0e0z0B_t-Va7sw,352548,
노후 주식 투자 후회,2. 50·60대와 노후자금,relevance,39,Y-ytRabMNEs,UC8tWxC9EPKUCrHmEhiYTbhQ,352548,
노후 주식 투자 후회,2. 50·60대와 노후자금,relevance,40,bNg9LFf9Wck,UCc3tArY80hm3TiCyZ61WhAQ,352548,
노후 주식 투자 후회,2. 50·60대와 노후자금,relevance,41,5g7YPyiOJkw,UCK_3K2-ypzTDY9tB84RLvtw,352548,
노후 주식 투자 후회,2. 50·60대와 노후자금,relevance,42,4wCo2ubeIKs,UCjVP3Pf-Y0OhgIk4y7e6wOQ,352548,
노후 주식 투자 후회,2. 50·60대와 노후자금,relevance,43,EaqCMlfvWoE,UCaWi2foADm_lKAKnmeQwLSA,352548,
노후 주식 투자 후회,2. 50·60대와 노후자금,relevance,44,gLzRFxoAHmE,UC9pRbFJb-RRa3zsHNR7Aknw,352548,
주식 단톡방 사기 사례,4. 사기·추천방 피해,relevance,1,JPTX1VfkN84,UCbbz2yrttQ277mtRnqiiOBg,6044,
주식 단톡방 사기 사례,4. 사기·추천방 피해,relevance,2,xPBNNJb216g,UCkinYTS9IHqOEwR1Sze2JTw,6044,
주식 단톡방 사기 사례,4. 사기·추천방 피해,relevance,3,zAy3b37hgyU,UCHBvfByzuzamrZiL398jopQ,6044,
주식 단톡방 사기 사례,4. 사기·추천방 피해,relevance,4,mVXP51wmcaE,UCGCGxsbmG_9nincyI7xypow,6044,
주식 단톡방 사기 사례,4. 사기·추천방 피해,relevance,5,G73W91WXILc,UCWxRJkE-NCaGbKjI4etgtpg,6044,
주식 단톡방 사기 사례,4. 사기·추천방 피해,relevance,6,5mPQxitgvTA,UCWlV3Lz_55UaX4JsMj-z__Q,6044,
주식 단톡방 사기 사례,4. 사기·추천방 피해,relevance,7,7Jh2JjqERXQ,UCwbq9G7DGqWW7-OOs0InDdg,6044,
주식 단톡방 사기 사례,4. 사기·추천방 피해,relevance,8,eLn1KuRgSkU,UCR4R3u3RFdjLlCWlOeg8I8A,6044,
주식 단톡방 사기 사례,4. 사기·추천방 피해,relevance,9,zGWWjU_JwTs,UCblB86SI93UerFKcFfTlvaA,6044,
주식 단톡방 사기 사례,4. 사기·추천방 피해,relevance,10,9lAnBS05lt0,UCcQTRi69dsVYHN3exePtZ1A,6044,
주식 단톡방 사기 사례,4. 사기·추천방 피해,relevance,11,crHdBsaydU4,UCWlV3Lz_55UaX4JsMj-z__Q,6044,
주식 단톡방 사기 사례,4. 사기·추천방 피해,relevance,12,HFmcaEPP4m8,UCXl6uoYw2s_sS38OausqCKA,6044,
주식 단톡방 사기 사례,4. 사기·추천방 피해,relevance,13,0qAvbjFx45U,UCL1AIgIlN8sIFkhojy9Z6Aw,6044,
주식 단톡방 사기 사례,4. 사기·추천방 피해,relevance,14,xMHHGh2n5VU,UCRqnjMNlNDN_W28mvnrf8JQ,6044,
주식 단톡방 사기 사례,4. 사기·추천방 피해,relevance,15,Xe77BPxIG-c,UCydQdEuqyEl1zZb3bL-GI_w,6044,
주식 단톡방 사기 사례,4. 사기·추천방 피해,relevance,16,6Rui0n2hbpo,UCYigs8o_hgHJtfE0KnqVLeA,6044,
주식 단톡방 사기 사례,4. 사기·추천방 피해,relevance,17,99XhpqUL-Go,UCF4Wxdo3inmxP-Y59wXDsFw,6044,
주식 단톡방 사기 사례,4. 사기·추천방 피해,relevance,18,xKQG_jUCLWw,UCcQTRi69dsVYHN3exePtZ1A,6044,
주식 단톡방 사기 사례,4. 사기·추천방 피해,relevance,19,PU-2SErbUKg,UC1ifSsWUG241rRfK0ezYCgA,6044,
주식 단톡방 사기 사례,4. 사기·추천방 피해,relevance,20,CEwKWiP6LtI,UCHpSmnG7cudqkweCcEZmNCQ,6044,
주식 단톡방 사기 사례,4. 사기·추천방 피해,relevance,21,9bdIbKz2OqA,UC0imORt231LWWyyotvE3lUw,6044,
주식 단톡방 사기 사례,4. 사기·추천방 피해,relevance,22,kac_78_i28g,UC29gjHw8gzjS7QkPqRWbFnQ,6044,
주식 단톡방 사기 사례,4. 사기·추천방 피해,relevance,23,XIEWr0O7Iy8,UCkinYTS9IHqOEwR1Sze2JTw,6044,
주식 단톡방 사기 사례,4. 사기·추천방 피해,relevance,24,6eeNy0y1e90,UCMD74jSzceTRlxMvygxvwXQ,6044,
주식 단톡방 사기 사례,4. 사기·추천방 피해,relevance,25,JbA1SC3gcLs,UCcQTRi69dsVYHN3exePtZ1A,6044,
주식 단톡방 사기 사례,4. 사기·추천방 피해,relevance,26,wOX5xb4HT24,UCcQTRi69dsVYHN3exePtZ1A,6044,
주식 단톡방 사기 사례,4. 사기·추천방 피해,relevance,27,Z1ST9eDP2iU,UCwwcYxDTCBw1e5zehstNtUQ,6044,
주식 단톡방 사기 사례,4. 사기·추천방 피해,relevance,28,sw-IcMOqXXg,UCCOWR7nqq-iu4wJ-YjCvqDg,6044,
주식 단톡방 사기 사례,4. 사기·추천방 피해,relevance,29,F0echUUJ63A,UCcQTRi69dsVYHN3exePtZ1A,6044,
주식 단톡방 사기 사례,4. 사기·추천방 피해,relevance,30,FYe8t3nv6pU,UCAUM2Sf_ee1lU0b6H2xr0dQ,6044,
주식 단톡방 사기 사례,4. 사기·추천방 피해,relevance,31,PVJCikMRSfI,UCcQTRi69dsVYHN3exePtZ1A,6044,
주식 단톡방 사기 사례,4. 사기·추천방 피해,relevance,32,aWZi3WlEU-0,UCd4DNuVJBgwZ_lWMJEGpgBg,6044,
주식 단톡방 사기 사례,4. 사기·추천방 피해,relevance,33,z5vG-t72OGE,UChlgI3UHCOnwUGzWzbJ3H5w,6044,
주식 단톡방 사기 사례,4. 사기·추천방 피해,relevance,34,njZpWHaHO-A,UC4LW3sOslC14Vn5bcoNUBkg,6044,
주식 단톡방 사기 사례,4. 사기·추천방 피해,relevance,35,Zhnf9CNVb-A,UCEb31RoX5RnfYENmnyokN8A,6044,
주식 단톡방 사기 사례,4. 사기·추천방 피해,relevance,36,eP3Fr3GvuIk,UC2fNt6XqBzBhvty-vmITXXA,6044,
주식 단톡방 사기 사례,4. 사기·추천방 피해,relevance,37,uPnPBEe4zrM,UCWlV3Lz_55UaX4JsMj-z__Q,6044,
주식 단톡방 사기 사례,4. 사기·추천방 피해,relevance,38,X_pFC26chKg,UCxP5RWC4we6l6BC1pud4mjg,6044,
주식 단톡방 사기 사례,4. 사기·추천방 피해,relevance,39,oUMPHtWUkPE,UCPpPaYLh7GCIvzoVxHGyw0w,6044,
주식 단톡방 사기 사례,4. 사기·추천방 피해,relevance,40,KKNE7dJpIpk,UCNcA-pudYLB2xcN_5pXF_sQ,6044,
주식 단톡방 사기 사례,4. 사기·추천방 피해,relevance,41,z5Mn3VNi3GQ,UC0imORt231LWWyyotvE3lUw,6044,
상장폐지 주식 피해 사례,5. 특정 투자 방식 실패,relevance,1,lggWOdipffY,UCifXwtIk4JtAzzAGNeeM91A,10900,
상장폐지 주식 피해 사례,5. 특정 투자 방식 실패,relevance,2,n6NalEd6UZE,UCpa7-preJYL8zwWmEaBvQeQ,10900,
상장폐지 주식 피해 사례,5. 특정 투자 방식 실패,relevance,3,jm-fkWoZVro,UCupslRq5jW95UGzPjOZz0FA,10900,
상장폐지 주식 피해 사례,5. 특정 투자 방식 실패,relevance,4,i2dUqw-UZuk,UCHBvfByzuzamrZiL398jopQ,10900,
상장폐지 주식 피해 사례,5. 특정 투자 방식 실패,relevance,5,T0Wwz3J01hw,UCgFB5NI2tKLgmNgYuL_DAkQ,10900,
상장폐지 주식 피해 사례,5. 특정 투자 방식 실패,relevance,6,2K9Jra1HlrQ,UC65sUXjzUeHPpKSwzG9x3Bg,10900,
상장폐지 주식 피해 사례,5. 특정 투자 방식 실패,relevance,7,TcAcGxWv6lM,UCFzzQFz14CKDvVCiU6JyoeA,10900,
상장폐지 주식 피해 사례,5. 특정 투자 방식 실패,relevance,8,-DjeTSaMD6M,UCy-6oZwPwrR_W-zYnqLD8dg,10900,
상장폐지 주식 피해 사례,5. 특정 투자 방식 실패,relevance,9,63jVC6iP7Zw,UCjAnJ_gAT4d7ab4hj08fQWQ,10900,
상장폐지 주식 피해 사례,5. 특정 투자 방식 실패,relevance,10,ma52AZfXCIQ,UCOFAEsoEjW4G_IxuKkXneUQ,10900,
상장폐지 주식 피해 사례,5. 특정 투자 방식 실패,relevance,11,HcGqshDU_S4,UCcQTRi69dsVYHN3exePtZ1A,10900,
상장폐지 주식 피해 사례,5. 특정 투자 방식 실패,relevance,12,7FrJ3wuJDaY,UCy-6oZwPwrR_W-zYnqLD8dg,10900,
상장폐지 주식 피해 사례,5. 특정 투자 방식 실패,relevance,13,NizKO2SmclM,UCmSAxPDLqdYytWfjUWjKIcg,10900,
상장폐지 주식 피해 사례,5. 특정 투자 방식 실패,relevance,14,yERWAxUcgCY,UCy-6oZwPwrR_W-zYnqLD8dg,10900,
상장폐지 주식 피해 사례,5. 특정 투자 방식 실패,relevance,15,Tj9riMxxxgo,UCoqqvse0aW9-gCB6jJ7MwwQ,10900,
상장폐지 주식 피해 사례,5. 특정 투자 방식 실패,relevance,16,UzVtLYMI85w,UChQIBrXk5QMyJjF3Hl_5-kQ,10900,
상장폐지 주식 피해 사례,5. 특정 투자 방식 실패,relevance,17,VY59jszDazY,UCTHCOPwqNfZ0uiKOvFyhGwg,10900,
상장폐지 주식 피해 사례,5. 특정 투자 방식 실패,relevance,18,6MQTEYdV6LM,UC2f10-Z_LcwAH9QiTzAeplA,10900,
상장폐지 주식 피해 사례,5. 특정 투자 방식 실패,relevance,19,mCDxQlAHLA4,UC8Sv6O3Ux8ePVqorx8aOBMg,10900,
상장폐지 주식 피해 사례,5. 특정 투자 방식 실패,relevance,20,UEKpf3thW2Y,UCs0JQ2POzNwhtEfRr_tuqMA,10900,
상장폐지 주식 피해 사례,5. 특정 투자 방식 실패,relevance,21,mS2MIhykPxw,UCcQTRi69dsVYHN3exePtZ1A,10900,
상장폐지 주식 피해 사례,5. 특정 투자 방식 실패,relevance,22,BzixFTZ0qh8,UCsU-I-vHLiaMfV_ceaYz5rQ,10900,
상장폐지 주식 피해 사례,5. 특정 투자 방식 실패,relevance,23,U3qm41a15aM,UCsU-I-vHLiaMfV_ceaYz5rQ,10900,
상장폐지 주식 피해 사례,5. 특정 투자 방식 실패,relevance,24,mRdNHdePSIo,UCutSPIGfO4ZmPx9X9u5mfRw,10900,
상장폐지 주식 피해 사례,5. 특정 투자 방식 실패,relevance,25,JspK8cP1u2g,UCbIxO-kLOFEo_JI_QLDg39g,10900,
상장폐지 주식 피해 사례,5. 특정 투자 방식 실패,relevance,26,zI-qK78mKvE,UCy-6oZwPwrR_W-zYnqLD8dg,10900,
상장폐지 주식 피해 사례,5. 특정 투자 방식 실패,relevance,27,_7JXdGr6pmE,UChlgI3UHCOnwUGzWzbJ3H5w,10900,
상장폐지 주식 피해 사례,5. 특정 투자 방식 실패,relevance,28,MVmUy30HeT0,UCcQTRi69dsVYHN3exePtZ1A,10900,
상장폐지 주식 피해 사례,5. 특정 투자 방식 실패,relevance,29,s7O4tr1EPJY,UCXST0Hq6CAmG0dmo3jgrlEw,10900,
상장폐지 주식 피해 사례,5. 특정 투자 방식 실패,relevance,30,2U6lUM1bDEc,UChlgI3UHCOnwUGzWzbJ3H5w,10900,
상장폐지 주식 피해 사례,5. 특정 투자 방식 실패,relevance,31,znn6PuXg9gw,UCA2WKN4pW3-bBQKIqYgTbhw,10900,
상장폐지 주식 피해 사례,5. 특정 투자 방식 실패,relevance,32,lUsqWQwHeAY,UCVKvpNOvegnS7fYUQ4OZ49w,10900,
상장폐지 주식 피해 사례,5. 특정 투자 방식 실패,relevance,33,dvpJtifo94g,UCPPG9-aMu7h3_Im2CBnoZsw,10900,
상장폐지 주식 피해 사례,5. 특정 투자 방식 실패,relevance,34,ycAS-wUBW-U,UCWr6NbUWuxiVqQCvCoTFJlg,10900,
상장폐지 주식 피해 사례,5. 특정 투자 방식 실패,relevance,35,Z7mX0brmVqo,UC3wBHJbpd7fcUE6C7LZHHsQ,10900,
상장폐지 주식 피해 사례,5. 특정 투자 방식 실패,relevance,36,-yOHXbtp0HA,UCc1C4tsjXcCpeyaS19_nGAA,10900,
상장폐지 주식 피해 사례,5. 특정 투자 방식 실패,relevance,37,4B1OebB3aKo,UC6vXGkrr5yKcZ5qoG7b9WLQ,10900,
상장폐지 주식 피해 사례,5. 특정 투자 방식 실패,relevance,38,X8uMXcykPEg,UCkinYTS9IHqOEwR1Sze2JTw,10900,
상장폐지 주식 피해 사례,5. 특정 투자 방식 실패,relevance,39,x2SU7SCAQjQ,UCrM0zcB6sJw7L3yAvFefYZQ,10900,
상장폐지 주식 피해 사례,5. 특정 투자 방식 실패,relevance,40,d_ziXjAEnZs,UC_p_SRk036AiHWqlV5y0PEA,10900,
상장폐지 주식 피해 사례,5. 특정 투자 방식 실패,relevance,41,jWfYjo4pIAI,UCjAnJ_gAT4d7ab4hj08fQWQ,10900,
상장폐지 주식 피해 사례,5. 특정 투자 방식 실패,relevance,42,qtxPl36NG60,UChlgI3UHCOnwUGzWzbJ3H5w,10900,
상장폐지 주식 피해 사례,5. 특정 투자 방식 실패,relevance,43,rM2qJNV2BU8,UCB-ogYCX9Me8nP9gEGpMjUg,10900,
상장폐지 주식 피해 사례,5. 특정 투자 방식 실패,relevance,44,iTD9ZMaBnjg,UC0LkShslqOk3qm1iQmRYkXg,10900,
상장폐지 주식 피해 사례,5. 특정 투자 방식 실패,relevance,45,AF4ZZmgkT1Y,UC_pRKRffGwlBvdW31dBU0HQ,10900,
상장폐지 주식 피해 사례,5. 특정 투자 방식 실패,relevance,46,eOxQnMQV08o,UClErHbdZKUnD1NyIUeQWvuQ,10900,
상장폐지 주식 피해 사례,5. 특정 투자 방식 실패,relevance,47,3zvD5vGvjIY,UCEb31RoX5RnfYENmnyokN8A,10900,
상장폐지 주식 피해 사례,5. 특정 투자 방식 실패,relevance,48,vfEyNgR4rOA,UCEb31RoX5RnfYENmnyokN8A,10900,
상장폐지 주식 피해 사례,5. 특정 투자 방식 실패,relevance,49,1obZdwH7NOc,UC_V7zUaJ5UxJjOBTQ373aCw,10900,
상장폐지 주식 피해 사례,5. 특정 투자 방식 실패,relevance,50,v1LZWW-HJ-I,UCnO3lzE75HYGaFs3XD1KRaw,10900,
주가 폭락 실제 투자자 사연,6. 큰 하락과 공포,relevance,1,7FrJ3wuJDaY,UCy-6oZwPwrR_W-zYnqLD8dg,7904,
주가 폭락 실제 투자자 사연,6. 큰 하락과 공포,relevance,2,DSDUvGS-8Yg,UCuAEegkcpCTs64hd0VwwVOA,7904,
주가 폭락 실제 투자자 사연,6. 큰 하락과 공포,relevance,3,zI-qK78mKvE,UCy-6oZwPwrR_W-zYnqLD8dg,7904,
주가 폭락 실제 투자자 사연,6. 큰 하락과 공포,relevance,4,a87VkY00BzU,UCWlV3Lz_55UaX4JsMj-z__Q,7904,
주가 폭락 실제 투자자 사연,6. 큰 하락과 공포,relevance,5,N_u_-lqEzlY,UCm8VqlpN2vff3ijhWOyrtdw,7904,
주가 폭락 실제 투자자 사연,6. 큰 하락과 공포,relevance,6,-DjeTSaMD6M,UCy-6oZwPwrR_W-zYnqLD8dg,7904,
주가 폭락 실제 투자자 사연,6. 큰 하락과 공포,relevance,7,I1r-gqxm7HI,UCJEYP25DMClnq6mzKSWJAMQ,7904,
주가 폭락 실제 투자자 사연,6. 큰 하락과 공포,relevance,8,M0fHTKInPNc,UCcc-b4iEJz8k3reJo6N9pGg,7904,
주가 폭락 실제 투자자 사연,6. 큰 하락과 공포,relevance,9,LhgDGV-N46c,UCkinYTS9IHqOEwR1Sze2JTw,7904,
주가 폭락 실제 투자자 사연,6. 큰 하락과 공포,relevance,10,J0bSx02kr3c,UCwzBJHLN0uklfzLAfVbMDRw,7904,
주가 폭락 실제 투자자 사연,6. 큰 하락과 공포,relevance,11,IbKt7z14sk4,UCR4R3u3RFdjLlCWlOeg8I8A,7904,
주가 폭락 실제 투자자 사연,6. 큰 하락과 공포,relevance,12,s9xzey_UKMA,UCWstEH0k34aMAMPb5cJ9okw,7904,
주가 폭락 실제 투자자 사연,6. 큰 하락과 공포,relevance,13,7g839CtjDno,UC1ifSsWUG241rRfK0ezYCgA,7904,
주가 폭락 실제 투자자 사연,6. 큰 하락과 공포,relevance,14,Pm7x03_DSW0,UCDjaj6eENGMvgIXfeRErPmA,7904,
주가 폭락 실제 투자자 사연,6. 큰 하락과 공포,relevance,15,i1ixXS4vtkA,UCF8AeLlUbEpKju6v1H6p8Eg,7904,
주가 폭락 실제 투자자 사연,6. 큰 하락과 공포,relevance,16,K2nMluaMsY0,UCoEVLzH9LLcQhqNJ1jbLXKQ,7904,
주가 폭락 실제 투자자 사연,6. 큰 하락과 공포,relevance,17,40zYsAhdEm8,UCR4R3u3RFdjLlCWlOeg8I8A,7904,
주가 폭락 실제 투자자 사연,6. 큰 하락과 공포,relevance,18,yIPCoGXmVe0,UCvil4OAt-zShzkKHsg9EQAw,7904,
주가 폭락 실제 투자자 사연,6. 큰 하락과 공포,relevance,19,r3r29IB2YYE,UC1eyYJRpM_g5WBp60mmRwCQ,7904,
주가 폭락 실제 투자자 사연,6. 큰 하락과 공포,relevance,20,9TTgn41v558,UC5_OWZvQFBzWvfI7NwpvuYw,7904,
주가 폭락 실제 투자자 사연,6. 큰 하락과 공포,relevance,21,RDEO7tKznSM,UCRRplhBrgNjauY9teZQbhOQ,7904,
주가 폭락 실제 투자자 사연,6. 큰 하락과 공포,relevance,22,N5GCqYLb8qY,UCFCtZJTuJhE18k8IXwmXTYQ,7904,
주가 폭락 실제 투자자 사연,6. 큰 하락과 공포,relevance,23,EBYqJAVb4wk,UCcQTRi69dsVYHN3exePtZ1A,7904,
주가 폭락 실제 투자자 사연,6. 큰 하락과 공포,relevance,24,w5X4SFIfqiI,UCH37RCxPxdwRxoaMcADKkOA,7904,
주가 폭락 실제 투자자 사연,6. 큰 하락과 공포,relevance,25,2y1ctrq0jmQ,UC5CyCSvCdoEP-VgQmFq3iww,7904,
주가 폭락 실제 투자자 사연,6. 큰 하락과 공포,relevance,26,EP7olWJpbtk,UC9iBpg-ObvIW-_fQSGnck2A,7904,
주가 폭락 실제 투자자 사연,6. 큰 하락과 공포,relevance,27,ZoWJDZy7U1Y,UC9-FOv67-03WMjbPApziPwQ,7904,
주가 폭락 실제 투자자 사연,6. 큰 하락과 공포,relevance,28,miic8yqQQ4c,UCK_3K2-ypzTDY9tB84RLvtw,7904,
주가 폭락 실제 투자자 사연,6. 큰 하락과 공포,relevance,29,UQU-1yRyzCg,UCUVwugJJMK0lzEWKSHTssyA,7904,
주가 폭락 실제 투자자 사연,6. 큰 하락과 공포,relevance,30,zjc7kHesk-4,UCHKRLOqgrKhIgoCKJ3UkNhg,7904,
주가 폭락 실제 투자자 사연,6. 큰 하락과 공포,relevance,31,Qanr7lyGORA,UC-f35xl4apbaQdhbTPcxGQA,7904,
주가 폭락 실제 투자자 사연,6. 큰 하락과 공포,relevance,32,SNI7_8pY9sQ,UC6ij59Gy_HnqO4pFu9A_zgQ,7904,
주가 폭락 실제 투자자 사연,6. 큰 하락과 공포,relevance,33,nXJUcSPc8kM,UCutSPIGfO4ZmPx9X9u5mfRw,7904,
주가 폭락 실제 투자자 사연,6. 큰 하락과 공포,relevance,34,Hx_Pxa9yIko,UCvil4OAt-zShzkKHsg9EQAw,7904,
주가 폭락 실제 투자자 사연,6. 큰 하락과 공포,relevance,35,gLzRFxoAHmE,UC9pRbFJb-RRa3zsHNR7Aknw,7904,
주가 폭락 실제 투자자 사연,6. 큰 하락과 공포,relevance,36,Xn3rtYF0Dss,UCJo6G1u0e_-wS-JQn3T-zEw,7904,
주가 폭락 실제 투자자 사연,6. 큰 하락과 공포,relevance,37,CHSd6PSdUuc,UCu9kX98-cOONnIH7SirLFEg,7904,
주가 폭락 실제 투자자 사연,6. 큰 하락과 공포,relevance,38,C-hOpbxgXLc,UCCyFPCoWXldUl4c-6EIqvxg,7904,
주가 폭락 실제 투자자 사연,6. 큰 하락과 공포,relevance,39,VYrS9BahIwc,UCE9Q2l8yGDiDph3nTIQvDzQ,7904,
주가 폭락 실제 투자자 사연,6. 큰 하락과 공포,relevance,40,Mcg-pfTFaMw,UCE9Q2l8yGDiDph3nTIQvDzQ,7904,
주가 폭락 실제 투자자 사연,6. 큰 하락과 공포,relevance,41,HRXxuXxzGfs,UCIt_hQy30blHrVAS7QLTyTg,7904,
주가 폭락 실제 투자자 사연,6. 큰 하락과 공포,relevance,42,71QSyo_i4js,UCZyakhJDdZixare_pBPpWjg,7904,
주가 폭락 실제 투자자 사연,6. 큰 하락과 공포,relevance,43,JC2vetyb6aU,UCE9Q2l8yGDiDph3nTIQvDzQ,7904,
주가 폭락 실제 투자자 사연,6. 큰 하락과 공포,relevance,44,15q5Tm7btQA,UC8Sv6O3Ux8ePVqorx8aOBMg,7904,
주가 폭락 실제 투자자 사연,6. 큰 하락과 공포,relevance,45,fnCNyk4VOh8,UCHKRLOqgrKhIgoCKJ3UkNhg,7904,
60대 주식 투자 주의사항,7. 교훈과 예방,relevance,1,pct1kUtuKY0,UCH0myP0eYBexEFF0SD35CxQ,249687,
60대 주식 투자 주의사항,7. 교훈과 예방,relevance,2,inBPJcYzbQ4,UCBpPlj3jjkByAOdcWYQOk0w,249687,
60대 주식 투자 주의사항,7. 교훈과 예방,relevance,3,FEcE_2LWpXo,UC0_x13sGLNFEbSy5g0bUflw,249687,
60대 주식 투자 주의사항,7. 교훈과 예방,relevance,4,8m9Y3qJgcXo,UCcc-b4iEJz8k3reJo6N9pGg,249687,
60대 주식 투자 주의사항,7. 교훈과 예방,relevance,5,KDtQLyQr-h0,UCY3ts6OSRnLQVK9xSLmVbcQ,249687,
60대 주식 투자 주의사항,7. 교훈과 예방,relevance,6,IVs5oVZgo2E,UCIt_hQy30blHrVAS7QLTyTg,249687,
60대 주식 투자 주의사항,7. 교훈과 예방,relevance,7,gbFE2aXLvgg,UCFp_Hu3Icrxlp-9yNJUyPDw,249687,
60대 주식 투자 주의사항,7. 교훈과 예방,relevance,8,FWxJk_ofxwg,UCEDbet_4cQqo5_8Yw2ermKg,249687,
60대 주식 투자 주의사항,7. 교훈과 예방,relevance,9,OsOK2HdXe1A,UCY4bU2icAcpGdaJdGKove7w,249687,
60대 주식 투자 주의사항,7. 교훈과 예방,relevance,10,5h2qIktbbKg,UCY3ts6OSRnLQVK9xSLmVbcQ,249687,
60대 주식 투자 주의사항,7. 교훈과 예방,relevance,11,KsqWuvR-sfo,UC_DYUIdXIdgVWG-_3A9PEpQ,249687,
60대 주식 투자 주의사항,7. 교훈과 예방,relevance,12,mRdNHdePSIo,UCutSPIGfO4ZmPx9X9u5mfRw,249687,
60대 주식 투자 주의사항,7. 교훈과 예방,relevance,13,mKOkiulXe-8,UCQvWvQqVksHI2_p5buRHxKw,249687,
60대 주식 투자 주의사항,7. 교훈과 예방,relevance,14,2Gda55I54m8,UCJo6G1u0e_-wS-JQn3T-zEw,249687,
60대 주식 투자 주의사항,7. 교훈과 예방,relevance,15,wftkM2_RSsk,UCf_p0mYNGdnPDUqNg0fRrEA,249687,
60대 주식 투자 주의사항,7. 교훈과 예방,relevance,16,ufbl2YHgd6c,UCxfko2YOD6DODYRGzeOPhIQ,249687,
60대 주식 투자 주의사항,7. 교훈과 예방,relevance,17,leJ7qthMifE,UCgjsiInAgdceEq2lpRNNYvw,249687,
60대 주식 투자 주의사항,7. 교훈과 예방,relevance,18,DARKUFLWsDY,UC9PHqH6Uk0omUNvxdJLRA0A,249687,
60대 주식 투자 주의사항,7. 교훈과 예방,relevance,19,C5rreYEZGao,UCvil4OAt-zShzkKHsg9EQAw,249687,
60대 주식 투자 주의사항,7. 교훈과 예방,relevance,20,8oD1ZRuHxXA,UCLBkC13jf73u_dt3A60ItgA,249687,
60대 주식 투자 주의사항,7. 교훈과 예방,relevance,21,Uvl7xLjAh-I,UCJnEwE47s9sF0VhEOXbT4HQ,249687,
60대 주식 투자 주의사항,7. 교훈과 예방,relevance,22,XE9w9K2TjPo,UCKsbXgybCMIl1xBDdMf9SJw,249687,
60대 주식 투자 주의사항,7. 교훈과 예방,relevance,23,uzbEBtlPQqc,UCArMoa6lEdcDIsT7srY8YsA,249687,
60대 주식 투자 주의사항,7. 교훈과 예방,relevance,24,RDEO7tKznSM,UCRRplhBrgNjauY9teZQbhOQ,249687,
60대 주식 투자 주의사항,7. 교훈과 예방,relevance,25,_lZznJosMVA,UCx7tcHOxncHiyflRNqwICwA,249687,
60대 주식 투자 주의사항,7. 교훈과 예방,relevance,26,BxdqeNVORNc,UCcc-b4iEJz8k3reJo6N9pGg,249687,
60대 주식 투자 주의사항,7. 교훈과 예방,relevance,27,NXIB7czIj6U,UCDCdyt4h-uCwbt-JIQaXNVQ,249687,
60대 주식 투자 주의사항,7. 교훈과 예방,relevance,28,WOzIj3mCu-Y,UC6CNXBevdTEucEoVXu15WYQ,249687,
60대 주식 투자 주의사항,7. 교훈과 예방,relevance,29,PkjyCF-gXhI,UCx7tcHOxncHiyflRNqwICwA,249687,
60대 주식 투자 주의사항,7. 교훈과 예방,relevance,30,QELETDNTmmo,UCYqMq3XP0zAXXlR17uhlr-g,249687,
60대 주식 투자 주의사항,7. 교훈과 예방,relevance,31,tA92LZdstrw,UCDSj40X9FFUAnx1nv7gQhcA,249687,
60대 주식 투자 주의사항,7. 교훈과 예방,relevance,32,62oOjYFCtGo,UCHKiNUoqgcESX0RQz7MzWiw,249687,
60대 주식 투자 주의사항,7. 교훈과 예방,relevance,33,G3obwGByVGs,UCtQkxwZkrruYdy2bVNNW-Rw,249687,
60대 주식 투자 주의사항,7. 교훈과 예방,relevance,34,Wf77aiQMFsU,UCNZihXDG1m0hnlMDlVL02kg,249687,
60대 주식 투자 주의사항,7. 교훈과 예방,relevance,35,_lQkmZA2_5I,UCriq8I8GEESkQq0svX19oCw,249687,
60대 주식 투자 주의사항,7. 교훈과 예방,relevance,36,CldBVerJw_s,UC5CyCSvCdoEP-VgQmFq3iww,249687,
60대 주식 투자 주의사항,7. 교훈과 예방,relevance,37,19S2Bokd3us,UCa1MN4gdc3cnWaB0Sp1NMdg,249687,
60대 주식 투자 주의사항,7. 교훈과 예방,relevance,38,fXWdSHIvaOk,UCIt_hQy30blHrVAS7QLTyTg,249687,
60대 주식 투자 주의사항,7. 교훈과 예방,relevance,39,eG1tc83rNBY,UCDSj40X9FFUAnx1nv7gQhcA,249687,
60대 주식 투자 주의사항,7. 교훈과 예방,relevance,40,Glk3J5ka-AA,UCiYcXH2xoBeaXCQs7G9zImg,249687,
60대 주식 투자 주의사항,7. 교훈과 예방,relevance,41,msQI_OyhD5U,UC_SOUYCypLPK1dKGMNyqpKw,249687,
60대 주식 투자 주의사항,7. 교훈과 예방,relevance,42,eZaIgOErC6I,UCmcSbRX1q3c0XDeI9HeXfFw,249687,
60대 주식 투자 주의사항,7. 교훈과 예방,relevance,43,bNy5MzyuX84,UCVSPd7IQFsRmxG7jPWigP5Q,249687,
60대 주식 투자 주의사항,7. 교훈과 예방,relevance,44,fSYsLZU6kHQ,UCD9mxN8o9qLei1MbzroeP_A,249687,
60대 주식 투자 주의사항,7. 교훈과 예방,relevance,45,EZOWZDB60i4,UCL5p5u4IoMd4a25LR9Hn13w,249687,
60대 주식 투자 주의사항,7. 교훈과 예방,relevance,46,hADxbkSQsZY,UC3nsb3SxlRrJQ9egkKNnlfg,249687,
주식 투자 사기 실제 사건,8. 실제 사건·판결·뉴스,relevance,1,9bdIbKz2OqA,UC0imORt231LWWyyotvE3lUw,533228,
주식 투자 사기 실제 사건,8. 실제 사건·판결·뉴스,relevance,2,zAy3b37hgyU,UCHBvfByzuzamrZiL398jopQ,533228,
주식 투자 사기 실제 사건,8. 실제 사건·판결·뉴스,relevance,3,7--OCYjEmS4,UCUx9McABVQfuAOS7EH-w4FA,533228,
주식 투자 사기 실제 사건,8. 실제 사건·판결·뉴스,relevance,4,z5Mn3VNi3GQ,UC0imORt231LWWyyotvE3lUw,533228,
주식 투자 사기 실제 사건,8. 실제 사건·판결·뉴스,relevance,5,5mPQxitgvTA,UCWlV3Lz_55UaX4JsMj-z__Q,533228,
주식 투자 사기 실제 사건,8. 실제 사건·판결·뉴스,relevance,6,crHdBsaydU4,UCWlV3Lz_55UaX4JsMj-z__Q,533228,
주식 투자 사기 실제 사건,8. 실제 사건·판결·뉴스,relevance,7,G73W91WXILc,UCWxRJkE-NCaGbKjI4etgtpg,533228,
주식 투자 사기 실제 사건,8. 실제 사건·판결·뉴스,relevance,8,TFunwNUj1mk,UCcQTRi69dsVYHN3exePtZ1A,533228,
주식 투자 사기 실제 사건,8. 실제 사건·판결·뉴스,relevance,9,zI-qK78mKvE,UCy-6oZwPwrR_W-zYnqLD8dg,533228,
주식 투자 사기 실제 사건,8. 실제 사건·판결·뉴스,relevance,10,njZpWHaHO-A,UC4LW3sOslC14Vn5bcoNUBkg,533228,
주식 투자 사기 실제 사건,8. 실제 사건·판결·뉴스,relevance,11,Ldje4r9TsjY,UCB-ogYCX9Me8nP9gEGpMjUg,533228,
주식 투자 사기 실제 사건,8. 실제 사건·판결·뉴스,relevance,12,KzM2oCgIwWA,UC0imORt231LWWyyotvE3lUw,533228,
주식 투자 사기 실제 사건,8. 실제 사건·판결·뉴스,relevance,13,7FrJ3wuJDaY,UCy-6oZwPwrR_W-zYnqLD8dg,533228,
주식 투자 사기 실제 사건,8. 실제 사건·판결·뉴스,relevance,14,EBYqJAVb4wk,UCcQTRi69dsVYHN3exePtZ1A,533228,
주식 투자 사기 실제 사건,8. 실제 사건·판결·뉴스,relevance,15,PU-2SErbUKg,UC1ifSsWUG241rRfK0ezYCgA,533228,
주식 투자 사기 실제 사건,8. 실제 사건·판결·뉴스,relevance,16,aJ2QbBY7t8w,UCkdZR7sBajCG_-oiZt6kj6A,533228,
주식 투자 사기 실제 사건,8. 실제 사건·판결·뉴스,relevance,17,xMHHGh2n5VU,UCRqnjMNlNDN_W28mvnrf8JQ,533228,
주식 투자 사기 실제 사건,8. 실제 사건·판결·뉴스,relevance,18,K2nMluaMsY0,UCoEVLzH9LLcQhqNJ1jbLXKQ,533228,
주식 투자 사기 실제 사건,8. 실제 사건·판결·뉴스,relevance,19,FYnoNSQEllM,UCMD74jSzceTRlxMvygxvwXQ,533228,
주식 투자 사기 실제 사건,8. 실제 사건·판결·뉴스,relevance,20,jh9T0HNUu24,UCMAtq4pS5Yx3ghhYg7yRqVg,533228,
주식 투자 사기 실제 사건,8. 실제 사건·판결·뉴스,relevance,21,eP3Fr3GvuIk,UC2fNt6XqBzBhvty-vmITXXA,533228,
주식 투자 사기 실제 사건,8. 실제 사건·판결·뉴스,relevance,22,LxUtDR7sYTo,UC0imORt231LWWyyotvE3lUw,533228,
주식 투자 사기 실제 사건,8. 실제 사건·판결·뉴스,relevance,23,JPMoJYG8f7E,UC2YEsh-osrh7icC51v70YAA,533228,
주식 투자 사기 실제 사건,8. 실제 사건·판결·뉴스,relevance,24,Gnla3EIW1JY,UCVB2aja0Wrgz0ykvBfVifcQ,533228,
주식 투자 사기 실제 사건,8. 실제 사건·판결·뉴스,relevance,25,XIEWr0O7Iy8,UCkinYTS9IHqOEwR1Sze2JTw,533228,
주식 투자 사기 실제 사건,8. 실제 사건·판결·뉴스,relevance,26,yjzdV3t-Xq8,UCFN7c_OT3JSpuS-7us_D-sg,533228,
주식 투자 사기 실제 사건,8. 실제 사건·판결·뉴스,relevance,27,lWjB0iuhdHQ,UC0imORt231LWWyyotvE3lUw,533228,
주식 투자 사기 실제 사건,8. 실제 사건·판결·뉴스,relevance,28,N5GCqYLb8qY,UCFCtZJTuJhE18k8IXwmXTYQ,533228,
주식 투자 사기 실제 사건,8. 실제 사건·판결·뉴스,relevance,29,kUoirhSlofY,UC7jFDEmtDIfTN2vn5nBF36g,533228,
주식 투자 사기 실제 사건,8. 실제 사건·판결·뉴스,relevance,30,7Jh2JjqERXQ,UCwbq9G7DGqWW7-OOs0InDdg,533228,
주식 투자 사기 실제 사건,8. 실제 사건·판결·뉴스,relevance,31,kt2EL6--TsE,UC0imORt231LWWyyotvE3lUw,533228,
주식 투자 사기 실제 사건,8. 실제 사건·판결·뉴스,relevance,32,xKQG_jUCLWw,UCcQTRi69dsVYHN3exePtZ1A,533228,
주식 투자 사기 실제 사건,8. 실제 사건·판결·뉴스,relevance,33,JPTX1VfkN84,UCbbz2yrttQ277mtRnqiiOBg,533228,
주식 투자 사기 실제 사건,8. 실제 사건·판결·뉴스,relevance,34,DCjGhBxorgw,UCJsW_F8EubVmERGVmGvks7A,533228,
주식 투자 사기 실제 사건,8. 실제 사건·판결·뉴스,relevance,35,zGWWjU_JwTs,UCblB86SI93UerFKcFfTlvaA,533228,
주식 투자 사기 실제 사건,8. 실제 사건·판결·뉴스,relevance,36,1obZdwH7NOc,UC_V7zUaJ5UxJjOBTQ373aCw,533228,
주식 투자 사기 실제 사건,8. 실제 사건·판결·뉴스,relevance,37,iAL7hNQtDM4,UC4LW3sOslC14Vn5bcoNUBkg,533228,
주식 투자 사기 실제 사건,8. 실제 사건·판결·뉴스,relevance,38,SENI5hJbW5E,UCiwQRG2sCcfjKkgxMEdJGPg,533228,
주식 투자 사기 실제 사건,8. 실제 사건·판결·뉴스,relevance,39,LhgDGV-N46c,UCkinYTS9IHqOEwR1Sze2JTw,533228,
주식 투자 사기 실제 사건,8. 실제 사건·판결·뉴스,relevance,40,FKh409uYyc0,UCL8ACCJ895Lghs6Hk6olymQ,533228,
주식 투자 사기 실제 사건,8. 실제 사건·판결·뉴스,relevance,41,9lAnBS05lt0,UCcQTRi69dsVYHN3exePtZ1A,533228,
주식 투자 사기 실제 사건,8. 실제 사건·판결·뉴스,relevance,42,mVXP51wmcaE,UCGCGxsbmG_9nincyI7xypow,533228,
주식 투자 사기 실제 사건,8. 실제 사건·판결·뉴스,relevance,43,Zhnf9CNVb-A,UCEb31RoX5RnfYENmnyokN8A,533228,
주식 투자 사기 실제 사건,8. 실제 사건·판결·뉴스,relevance,44,NkPznrarSuw,UCWYzc_p0GgfCepIWDHGFmEg,533228,
주식 투자 사기 실제 사건,8. 실제 사건·판결·뉴스,relevance,45,HBKsZpMCuWo,UCcQTRi69dsVYHN3exePtZ1A,533228,
주식 투자 사기 실제 사건,8. 실제 사건·판결·뉴스,relevance,46,5qdPnLOaSl0,UCkdZR7sBajCG_-oiZt6kj6A,533228,
주식 투자 사기 실제 사건,8. 실제 사건·판결·뉴스,relevance,47,gwNY4WEAChw,UC5A_kSjrmkv7wi1q1eBKF_Q,533228,
주식 투자 사기 실제 사건,8. 실제 사건·판결·뉴스,relevance,48,PVJCikMRSfI,UCcQTRi69dsVYHN3exePtZ1A,533228,
주식 투자 사기 실제 사건,8. 실제 사건·판결·뉴스,relevance,49,oUMPHtWUkPE,UCPpPaYLh7GCIvzoVxHGyw0w,533228,
주식 투자 사기 실제 사건,8. 실제 사건·판결·뉴스,relevance,50,nZI0AhmqqrQ,UCEb31RoX5RnfYENmnyokN8A,533228,
주식으로 망한 사람 인터뷰,9. 사연·썰·다큐 포맷,relevance,1,I3px81kDEO8,UCW945UjEs6Jm3rVNvPEALdg,392731,
주식으로 망한 사람 인터뷰,9. 사연·썰·다큐 포맷,relevance,2,OSFDI0e6cGk,UCW945UjEs6Jm3rVNvPEALdg,392731,
주식으로 망한 사람 인터뷰,9. 사연·썰·다큐 포맷,relevance,3,yb9-pNTaK8w,UCzT7nHtzVqwiarTH8sqHaJA,392731,
주식으로 망한 사람 인터뷰,9. 사연·썰·다큐 포맷,relevance,4,7FrJ3wuJDaY,UCy-6oZwPwrR_W-zYnqLD8dg,392731,
주식으로 망한 사람 인터뷰,9. 사연·썰·다큐 포맷,relevance,5,hu-YrfQuzJE,UCmjNKt6kITwaZTqvWuaSPLg,392731,
주식으로 망한 사람 인터뷰,9. 사연·썰·다큐 포맷,relevance,6,yS4mIahougw,UC-ppKtl5wD4ZYvC1ecGEypw,392731,
주식으로 망한 사람 인터뷰,9. 사연·썰·다큐 포맷,relevance,7,-DjeTSaMD6M,UCy-6oZwPwrR_W-zYnqLD8dg,392731,
주식으로 망한 사람 인터뷰,9. 사연·썰·다큐 포맷,relevance,8,RmguNJf0ENE,UCWYzc_p0GgfCepIWDHGFmEg,392731,
주식으로 망한 사람 인터뷰,9. 사연·썰·다큐 포맷,relevance,9,0W3o2FEmuWs,UCpqBzzbWNN7ImX40JUrXEfw,392731,
주식으로 망한 사람 인터뷰,9. 사연·썰·다큐 포맷,relevance,10,s9xzey_UKMA,UCWstEH0k34aMAMPb5cJ9okw,392731,
주식으로 망한 사람 인터뷰,9. 사연·썰·다큐 포맷,relevance,11,0ip_RGMIENk,UCK1sVuXaDvJeNwl9noN5nOA,392731,
주식으로 망한 사람 인터뷰,9. 사연·썰·다큐 포맷,relevance,12,yERWAxUcgCY,UCy-6oZwPwrR_W-zYnqLD8dg,392731,
주식으로 망한 사람 인터뷰,9. 사연·썰·다큐 포맷,relevance,13,DUCGcfFmKic,UCRMA_Nb5VF-YoWApSVeXPVA,392731,
주식으로 망한 사람 인터뷰,9. 사연·썰·다큐 포맷,relevance,14,zI-qK78mKvE,UCy-6oZwPwrR_W-zYnqLD8dg,392731,
주식으로 망한 사람 인터뷰,9. 사연·썰·다큐 포맷,relevance,15,VhGF4dmh2kA,UCFCtZJTuJhE18k8IXwmXTYQ,392731,
주식으로 망한 사람 인터뷰,9. 사연·썰·다큐 포맷,relevance,16,sEzSDUgvY28,UCd4DNuVJBgwZ_lWMJEGpgBg,392731,
주식으로 망한 사람 인터뷰,9. 사연·썰·다큐 포맷,relevance,17,JfzRMIQGci0,UC3-9Ul8LOKJzQMdo1nFb_sQ,392731,
주식으로 망한 사람 인터뷰,9. 사연·썰·다큐 포맷,relevance,18,WJSg1GFrP2M,UCDAmWzKQzoqmiSeFcAujgrg,392731,
주식으로 망한 사람 인터뷰,9. 사연·썰·다큐 포맷,relevance,19,qZkWdi3ruXQ,UCm8VqlpN2vff3ijhWOyrtdw,392731,
주식으로 망한 사람 인터뷰,9. 사연·썰·다큐 포맷,relevance,20,1A28aRcW9zM,UCrwNJeDnl6bBQ96CJrdw3Aw,392731,
주식으로 망한 사람 인터뷰,9. 사연·썰·다큐 포맷,relevance,21,G_0QlxbebyE,UCAi37F2UKYDcB40Hq13NJ3w,392731,
주식으로 망한 사람 인터뷰,9. 사연·썰·다큐 포맷,relevance,22,6E_PZFqIBJM,UCR4R3u3RFdjLlCWlOeg8I8A,392731,
주식으로 망한 사람 인터뷰,9. 사연·썰·다큐 포맷,relevance,23,J0bSx02kr3c,UCwzBJHLN0uklfzLAfVbMDRw,392731,
주식으로 망한 사람 인터뷰,9. 사연·썰·다큐 포맷,relevance,24,RXft-lAkSqU,UCnE_A6f34Dx2hemI4QeBkOg,392731,
주식으로 망한 사람 인터뷰,9. 사연·썰·다큐 포맷,relevance,25,7q9NHm32wYw,UCUpVImsjp8wn54B4ih9xuyw,392731,
주식으로 망한 사람 인터뷰,9. 사연·썰·다큐 포맷,relevance,26,5MHq-kzFDu8,UCMtLgnp-joJj0aMDoLMrVKg,392731,
주식으로 망한 사람 인터뷰,9. 사연·썰·다큐 포맷,relevance,27,lH_ugHpI_p0,UCyUJvPTlR-pklwT0APpFIhA,392731,
주식으로 망한 사람 인터뷰,9. 사연·썰·다큐 포맷,relevance,28,09R51bZ_29Q,UCgFB5NI2tKLgmNgYuL_DAkQ,392731,
주식으로 망한 사람 인터뷰,9. 사연·썰·다큐 포맷,relevance,29,_8z2XgRx4LY,UCQeCqmZZcSa0oEd6IeQ7dyg,392731,
주식으로 망한 사람 인터뷰,9. 사연·썰·다큐 포맷,relevance,30,8_YxWzVTbro,UCgFB5NI2tKLgmNgYuL_DAkQ,392731,
주식으로 망한 사람 인터뷰,9. 사연·썰·다큐 포맷,relevance,31,Q4vubUTZv_k,UCaWi2foADm_lKAKnmeQwLSA,392731,
주식으로 망한 사람 인터뷰,9. 사연·썰·다큐 포맷,relevance,32,RaufyYGWvXU,UCeg5g-vWgtgzQ0cYNV2Cyow,392731,
주식으로 망한 사람 인터뷰,9. 사연·썰·다큐 포맷,relevance,33,mlvud03kqlg,UCUpVImsjp8wn54B4ih9xuyw,392731,
주식으로 망한 사람 인터뷰,9. 사연·썰·다큐 포맷,relevance,34,utfw86RrMVE,UC5CyCSvCdoEP-VgQmFq3iww,392731,
주식으로 망한 사람 인터뷰,9. 사연·썰·다큐 포맷,relevance,35,K2nMluaMsY0,UCoEVLzH9LLcQhqNJ1jbLXKQ,392731,
주식으로 망한 사람 인터뷰,9. 사연·썰·다큐 포맷,relevance,36,N5GCqYLb8qY,UCFCtZJTuJhE18k8IXwmXTYQ,392731,
주식으로 망한 사람 인터뷰,9. 사연·썰·다큐 포맷,relevance,37,fnCNyk4VOh8,UCHKRLOqgrKhIgoCKJ3UkNhg,392731,
주식으로 망한 사람 인터뷰,9. 사연·썰·다큐 포맷,relevance,38,7Jb283mpbxw,UC5Mjj4LKlMtP_PXlIVYGxIQ,392731,
주식으로 망한 사람 인터뷰,9. 사연·썰·다큐 포맷,relevance,39,tHDLNI7c_ro,UCRMA_Nb5VF-YoWApSVeXPVA,392731,
주식으로 망한 사람 인터뷰,9. 사연·썰·다큐 포맷,relevance,40,5Cmpqsy1Qig,UCvS5hW5HVgvQD5sMKLaBJbA,392731,
주식으로 망한 사람 인터뷰,9. 사연·썰·다큐 포맷,relevance,41,RDEO7tKznSM,UCRRplhBrgNjauY9teZQbhOQ,392731,
주식으로 망한 사람 인터뷰,9. 사연·썰·다큐 포맷,relevance,42,I6H7ZckgRQ4,UCVIB6JMy4MW5b8yl4TA04YA,392731,
주식으로 망한 사람 인터뷰,9. 사연·썰·다큐 포맷,relevance,43,5xQElWCsr9w,UCZzZo5KH3-r_DaMH4u25X1g,392731,
주식으로 망한 사람 인터뷰,9. 사연·썰·다큐 포맷,relevance,44,XvdA79EB40U,UCRanie597Iy6Frh5E6vfb6g,392731,
주식으로 망한 사람 인터뷰,9. 사연·썰·다큐 포맷,relevance,45,GTjoMg0dNsA,UCfR4SBjxOAKozC8llJYqmAg,392731,
주식으로 망한 사람 인터뷰,9. 사연·썰·다큐 포맷,relevance,46,xjzJqMOHdPg,UCd4wlgbmaXkzwA5qE2_fP-g,392731,
주식으로 망한 사람 인터뷰,9. 사연·썰·다큐 포맷,relevance,47,8d8lurBu7bU,UCO-e0J-Qsilkv_4tBa3LyYw,392731,
주식으로 망한 사람 인터뷰,9. 사연·썰·다큐 포맷,relevance,48,OUW-wvJ1LyM,UCDSj40X9FFUAnx1nv7gQhcA,392731,
주식 전문가 사칭 피해 사례,4. 사기·추천방 피해,relevance,1,zAy3b37hgyU,UCHBvfByzuzamrZiL398jopQ,54540,
주식 전문가 사칭 피해 사례,4. 사기·추천방 피해,relevance,2,9bdIbKz2OqA,UC0imORt231LWWyyotvE3lUw,54540,
주식 전문가 사칭 피해 사례,4. 사기·추천방 피해,relevance,3,mVXP51wmcaE,UCGCGxsbmG_9nincyI7xypow,54540,
주식 전문가 사칭 피해 사례,4. 사기·추천방 피해,relevance,4,PU-2SErbUKg,UC1ifSsWUG241rRfK0ezYCgA,54540,
주식 전문가 사칭 피해 사례,4. 사기·추천방 피해,relevance,5,0qAvbjFx45U,UCL1AIgIlN8sIFkhojy9Z6Aw,54540,
주식 전문가 사칭 피해 사례,4. 사기·추천방 피해,relevance,6,5mPQxitgvTA,UCWlV3Lz_55UaX4JsMj-z__Q,54540,
주식 전문가 사칭 피해 사례,4. 사기·추천방 피해,relevance,7,JPTX1VfkN84,UCbbz2yrttQ277mtRnqiiOBg,54540,
주식 전문가 사칭 피해 사례,4. 사기·추천방 피해,relevance,8,lUsqWQwHeAY,UCVKvpNOvegnS7fYUQ4OZ49w,54540,
주식 전문가 사칭 피해 사례,4. 사기·추천방 피해,relevance,9,EBYqJAVb4wk,UCcQTRi69dsVYHN3exePtZ1A,54540,
주식 전문가 사칭 피해 사례,4. 사기·추천방 피해,relevance,10,9lAnBS05lt0,UCcQTRi69dsVYHN3exePtZ1A,54540,
주식 전문가 사칭 피해 사례,4. 사기·추천방 피해,relevance,11,kJI__HjsoQY,UCh6Abvmtk-LsNxJ_FXRK4ow,54540,
주식 전문가 사칭 피해 사례,4. 사기·추천방 피해,relevance,12,wOX5xb4HT24,UCcQTRi69dsVYHN3exePtZ1A,54540,
주식 전문가 사칭 피해 사례,4. 사기·추천방 피해,relevance,13,6eeNy0y1e90,UCMD74jSzceTRlxMvygxvwXQ,54540,
주식 전문가 사칭 피해 사례,4. 사기·추천방 피해,relevance,14,Y4V-WViaddw,UClErHbdZKUnD1NyIUeQWvuQ,54540,
주식 전문가 사칭 피해 사례,4. 사기·추천방 피해,relevance,15,db-Zf7nGSiQ,UC6odNKIKZkn0cdUTiXk8F3Q,54540,
주식 전문가 사칭 피해 사례,4. 사기·추천방 피해,relevance,16,YYXwgNvj4GY,UCjqSTkZ6Z9E9PYJWAVL-VaQ,54540,
주식 전문가 사칭 피해 사례,4. 사기·추천방 피해,relevance,17,xMHHGh2n5VU,UCRqnjMNlNDN_W28mvnrf8JQ,54540,
주식 전문가 사칭 피해 사례,4. 사기·추천방 피해,relevance,18,6Rui0n2hbpo,UCYigs8o_hgHJtfE0KnqVLeA,54540,
주식 전문가 사칭 피해 사례,4. 사기·추천방 피해,relevance,19,WDJxMp0ID-Q,UCxDuo3ZPV9x92pT344TS_Sw,54540,
주식 전문가 사칭 피해 사례,4. 사기·추천방 피해,relevance,20,xPBNNJb216g,UCkinYTS9IHqOEwR1Sze2JTw,54540,
주식 전문가 사칭 피해 사례,4. 사기·추천방 피해,relevance,21,Sy_Kf-OnLkI,UClErHbdZKUnD1NyIUeQWvuQ,54540,
주식 전문가 사칭 피해 사례,4. 사기·추천방 피해,relevance,22,7FrJ3wuJDaY,UCy-6oZwPwrR_W-zYnqLD8dg,54540,
주식 전문가 사칭 피해 사례,4. 사기·추천방 피해,relevance,23,nZI0AhmqqrQ,UCEb31RoX5RnfYENmnyokN8A,54540,
주식 전문가 사칭 피해 사례,4. 사기·추천방 피해,relevance,24,x2SU7SCAQjQ,UCrM0zcB6sJw7L3yAvFefYZQ,54540,
주식 전문가 사칭 피해 사례,4. 사기·추천방 피해,relevance,25,zGWWjU_JwTs,UCblB86SI93UerFKcFfTlvaA,54540,
주식 전문가 사칭 피해 사례,4. 사기·추천방 피해,relevance,26,_lFS2ocQpew,UCF4Wxdo3inmxP-Y59wXDsFw,54540,
주식 전문가 사칭 피해 사례,4. 사기·추천방 피해,relevance,27,NlKl4-b-QFo,UCG9aFJTZ-lMCHAiO1KJsirg,54540,
주식 전문가 사칭 피해 사례,4. 사기·추천방 피해,relevance,28,ywtnyBj4xaM,UCsU-I-vHLiaMfV_ceaYz5rQ,54540,
주식 전문가 사칭 피해 사례,4. 사기·추천방 피해,relevance,29,e2iGs0400ps,UC_87sfUiY-OHnqjZBGw4Ttg,54540,
주식 전문가 사칭 피해 사례,4. 사기·추천방 피해,relevance,30,pCLBPEo7zKM,UC9F-3NSzjN0dfro-2MvDVrQ,54540,
주식 전문가 사칭 피해 사례,4. 사기·추천방 피해,relevance,31,jh9T0HNUu24,UCMAtq4pS5Yx3ghhYg7yRqVg,54540,
주식 전문가 사칭 피해 사례,4. 사기·추천방 피해,relevance,32,knTEfrqD40o,UCAmff0euQRf6RwVlbB8PLMw,54540,
주식 전문가 사칭 피해 사례,4. 사기·추천방 피해,relevance,33,Ii1zcUbERfw,UCeOowfLeJY_6-YbRGxFtXNA,54540,
주식 전문가 사칭 피해 사례,4. 사기·추천방 피해,relevance,34,s0HnYY8sK94,UCQmmyhDi-AEIV5mKPcmgzhA,54540,
주식 전문가 사칭 피해 사례,4. 사기·추천방 피해,relevance,35,WSDYkrT7mSI,UC7vq18tJ0ePP4DWSSiS8yRg,54540,
주식 전문가 사칭 피해 사례,4. 사기·추천방 피해,relevance,36,zfpLzRJ9Fpw,UCeOowfLeJY_6-YbRGxFtXNA,54540,
주식 전문가 사칭 피해 사례,4. 사기·추천방 피해,relevance,37,J0bSx02kr3c,UCwzBJHLN0uklfzLAfVbMDRw,54540,
주식 전문가 사칭 피해 사례,4. 사기·추천방 피해,relevance,38,qA0oI6rH6SQ,UC7vq18tJ0ePP4DWSSiS8yRg,54540,
주식 전문가 사칭 피해 사례,4. 사기·추천방 피해,relevance,39,GMEDFGHAFF0,UCzdXqHpV02Q4oPJBVGvni-Q,54540,
주식 전문가 사칭 피해 사례,4. 사기·추천방 피해,relevance,40,qT3mgd05s3s,UCthvY96ExzLeuyfSpG_yKcA,54540,
주식 전문가 사칭 피해 사례,4. 사기·추천방 피해,relevance,41,EqWP_R3kWx0,UCeOowfLeJY_6-YbRGxFtXNA,54540,
주식 전문가 사칭 피해 사례,4. 사기·추천방 피해,relevance,42,hFpz4iWvI54,UC7vq18tJ0ePP4DWSSiS8yRg,54540,
주식 전문가 사칭 피해 사례,4. 사기·추천방 피해,relevance,43,9ZcvnYwihRI,UCpdaiyzwMyE58_S6IEra95Q,54540,
주식 전문가 사칭 피해 사례,4. 사기·추천방 피해,relevance,44,FNrA2igcsoM,UC7vq18tJ0ePP4DWSSiS8yRg,54540,
주식 전문가 사칭 피해 사례,4. 사기·추천방 피해,relevance,45,ujFbxvzd3bU,UCtJkQHzWmorXPTfINl4Y5JA,54540,
주식 전문가 사칭 피해 사례,4. 사기·추천방 피해,relevance,46,S7ACUX64diU,UCeOowfLeJY_6-YbRGxFtXNA,54540,
주식 전문가 사칭 피해 사례,4. 사기·추천방 피해,relevance,47,7f5dN9ShaEs,UCeOowfLeJY_6-YbRGxFtXNA,54540,
주식 전문가 사칭 피해 사례,4. 사기·추천방 피해,relevance,48,Y-2zRnXQaZU,UCnqbfWD6MuL0mVbWx2-v9jA,54540,
주식 전문가 사칭 피해 사례,4. 사기·추천방 피해,relevance,49,MP4K0ugOSHg,UCeOowfLeJY_6-YbRGxFtXNA,54540,
주식 전문가 사칭 피해 사례,4. 사기·추천방 피해,relevance,50,K2nfxM3Q2TY,UC7vq18tJ0ePP4DWSSiS8yRg,54540,
주식 손실 회복하려다 더 잃은 사연,6. 큰 하락과 공포,relevance,1,SNI7_8pY9sQ,UC6ij59Gy_HnqO4pFu9A_zgQ,27,
주식 손실 회복하려다 더 잃은 사연,6. 큰 하락과 공포,relevance,2,qO0r6gi5WyY,UCskhvdwQ9V0VQbUy60QWVBA,27,
주식 손실 회복하려다 더 잃은 사연,6. 큰 하락과 공포,relevance,3,JfzRMIQGci0,UC3-9Ul8LOKJzQMdo1nFb_sQ,27,
주식 손실 회복하려다 더 잃은 사연,6. 큰 하락과 공포,relevance,4,nIBClC3mRWE,UCskhvdwQ9V0VQbUy60QWVBA,27,
주식 손실 회복하려다 더 잃은 사연,6. 큰 하락과 공포,relevance,5,lH_ugHpI_p0,UCyUJvPTlR-pklwT0APpFIhA,27,
주식 손실 회복하려다 더 잃은 사연,6. 큰 하락과 공포,relevance,6,8yWcpirU7d8,UCskhvdwQ9V0VQbUy60QWVBA,27,
주식 손실 회복하려다 더 잃은 사연,6. 큰 하락과 공포,relevance,7,uqwmtFkX8Zk,UCskhvdwQ9V0VQbUy60QWVBA,27,
주식 손실 회복하려다 더 잃은 사연,6. 큰 하락과 공포,relevance,8,K2nMluaMsY0,UCoEVLzH9LLcQhqNJ1jbLXKQ,27,
주식 손실 회복하려다 더 잃은 사연,6. 큰 하락과 공포,relevance,9,IbKt7z14sk4,UCR4R3u3RFdjLlCWlOeg8I8A,27,
주식 손실 회복하려다 더 잃은 사연,6. 큰 하락과 공포,relevance,10,0W3o2FEmuWs,UCpqBzzbWNN7ImX40JUrXEfw,27,
주식 손실 회복하려다 더 잃은 사연,6. 큰 하락과 공포,relevance,11,-OKoEBoPRRk,UCWMljBgfOjejIHvz8fAyexg,27,
주식 손실 회복하려다 더 잃은 사연,6. 큰 하락과 공포,relevance,12,BdUAII-p9mA,UCWiMB4iRTqDGu5BmtT3Ytcg,27,
주식 손실 회복하려다 더 잃은 사연,6. 큰 하락과 공포,relevance,13,I3px81kDEO8,UCW945UjEs6Jm3rVNvPEALdg,27,
주식 손실 회복하려다 더 잃은 사연,6. 큰 하락과 공포,relevance,14,4ZBafKRNLnI,UCvS5hW5HVgvQD5sMKLaBJbA,27,
주식 손실 회복하려다 더 잃은 사연,6. 큰 하락과 공포,relevance,15,TRoa54zn5Q0,UC1ifSsWUG241rRfK0ezYCgA,27,
주식 손실 회복하려다 더 잃은 사연,6. 큰 하락과 공포,relevance,16,kGUHZaWDT6Y,UCYHmqqSy8EhVoxGICwh4NaQ,27,
주식 손실 회복하려다 더 잃은 사연,6. 큰 하락과 공포,relevance,17,FoeAZm3z_RU,UCR4R3u3RFdjLlCWlOeg8I8A,27,
주식 손실 회복하려다 더 잃은 사연,6. 큰 하락과 공포,relevance,18,DSDUvGS-8Yg,UCuAEegkcpCTs64hd0VwwVOA,27,
주식 손실 회복하려다 더 잃은 사연,6. 큰 하락과 공포,relevance,19,gBpwTKMsgBo,UCowMNQXcxSJJ7Kyc41Q4Pzw,27,
주식 손실 회복하려다 더 잃은 사연,6. 큰 하락과 공포,relevance,20,wffpbIMq9jQ,UCsoPXn1CPz-hP7UasztxR1Q,27,
주식 손실 회복하려다 더 잃은 사연,6. 큰 하락과 공포,relevance,21,T63wFhVnEN4,UCR4R3u3RFdjLlCWlOeg8I8A,27,
주식 손실 회복하려다 더 잃은 사연,6. 큰 하락과 공포,relevance,22,vRnk8TItKBw,UCowMNQXcxSJJ7Kyc41Q4Pzw,27,
주식 손실 회복하려다 더 잃은 사연,6. 큰 하락과 공포,relevance,23,AmTF8PMlL-E,UCkinYTS9IHqOEwR1Sze2JTw,27,
주식 손실 회복하려다 더 잃은 사연,6. 큰 하락과 공포,relevance,24,Q7SjKR9xwdg,UCEytMXVXSNogCM41UV28i2Q,27,
주식 손실 회복하려다 더 잃은 사연,6. 큰 하락과 공포,relevance,25,pzHZPEOz6y4,UCFa51NxL2bNPGpzmMrqPuFw,27,
주식 사연 읽어주는,9. 사연·썰·다큐 포맷,relevance,1,uJ0ed9V3Gew,UCskhvdwQ9V0VQbUy60QWVBA,195345,
주식 사연 읽어주는,9. 사연·썰·다큐 포맷,relevance,2,BASWRHaJMR4,UCXJM0s2POaZopM76pD15t0w,195345,
주식 사연 읽어주는,9. 사연·썰·다큐 포맷,relevance,3,Bpls7wOyg6E,UCI6C5V4J8FWRcLcOdh1yElw,195345,
주식 사연 읽어주는,9. 사연·썰·다큐 포맷,relevance,4,HIYR58mvsU0,UCm8VqlpN2vff3ijhWOyrtdw,195345,
주식 사연 읽어주는,9. 사연·썰·다큐 포맷,relevance,5,Zr6AS7xjrcA,UC2QeHNJFfuQWB4cy3M-745g,195345,
주식 사연 읽어주는,9. 사연·썰·다큐 포맷,relevance,6,gLzRFxoAHmE,UC9pRbFJb-RRa3zsHNR7Aknw,195345,
주식 사연 읽어주는,9. 사연·썰·다큐 포맷,relevance,7,w5X4SFIfqiI,UCH37RCxPxdwRxoaMcADKkOA,195345,
주식 사연 읽어주는,9. 사연·썰·다큐 포맷,relevance,8,-7PNSj9m1XA,UCnellvbbGXMZpXJC4vYD3Lg,195345,
주식 사연 읽어주는,9. 사연·썰·다큐 포맷,relevance,9,EDNrv4MYw60,UCvS5hW5HVgvQD5sMKLaBJbA,195345,
주식 사연 읽어주는,9. 사연·썰·다큐 포맷,relevance,10,IbKt7z14sk4,UCR4R3u3RFdjLlCWlOeg8I8A,195345,
주식 사연 읽어주는,9. 사연·썰·다큐 포맷,relevance,11,mw_gbosQv94,UCm8VqlpN2vff3ijhWOyrtdw,195345,
주식 사연 읽어주는,9. 사연·썰·다큐 포맷,relevance,12,dEE8sm6A5Dc,UCC0umo0saQb7nKXGtuxr_mQ,195345,
주식 사연 읽어주는,9. 사연·썰·다큐 포맷,relevance,13,BfxO1AZ1Xek,UCupslRq5jW95UGzPjOZz0FA,195345,
주식 사연 읽어주는,9. 사연·썰·다큐 포맷,relevance,14,TqroAQQQmfg,UCvS5hW5HVgvQD5sMKLaBJbA,195345,
주식 사연 읽어주는,9. 사연·썰·다큐 포맷,relevance,15,AHOyw0ZeCzc,UCv9FeN8Yjqr3jGKzTNk9SLw,195345,
주식 사연 읽어주는,9. 사연·썰·다큐 포맷,relevance,16,N_u_-lqEzlY,UCm8VqlpN2vff3ijhWOyrtdw,195345,
주식 사연 읽어주는,9. 사연·썰·다큐 포맷,relevance,17,lx7M53p6KKs,UCTTHg3FlkC1x4qCg83i0dWQ,195345,
주식 사연 읽어주는,9. 사연·썰·다큐 포맷,relevance,18,EUGWIvW6aiw,UCvS5hW5HVgvQD5sMKLaBJbA,195345,
주식 사연 읽어주는,9. 사연·썰·다큐 포맷,relevance,19,W55Ph81aRAI,UCm8VqlpN2vff3ijhWOyrtdw,195345,
주식 사연 읽어주는,9. 사연·썰·다큐 포맷,relevance,20,WJWkjHTSjl8,UCL5p5u4IoMd4a25LR9Hn13w,195345,
주식 사연 읽어주는,9. 사연·썰·다큐 포맷,relevance,21,MWsKSEkaO8w,UCaJdckl6MBdDPDf75Ec_bJA,195345,
주식 사연 읽어주는,9. 사연·썰·다큐 포맷,relevance,22,jzMlcvKHrzc,UC2QeHNJFfuQWB4cy3M-745g,195345,
주식 사연 읽어주는,9. 사연·썰·다큐 포맷,relevance,23,rLxQxy8duCQ,UCCsKLqWRe9e7PcBlutCGsUQ,195345,
주식 사연 읽어주는,9. 사연·썰·다큐 포맷,relevance,24,PeFHzKmVuTc,UCgN0SxH0Lz1oi-dlQ1ON2aQ,195345,
주식 사연 읽어주는,9. 사연·썰·다큐 포맷,relevance,25,J0bSx02kr3c,UCwzBJHLN0uklfzLAfVbMDRw,195345,
주식 사연 읽어주는,9. 사연·썰·다큐 포맷,relevance,26,B0ITxIRQv5E,UCvS5hW5HVgvQD5sMKLaBJbA,195345,
주식 사연 읽어주는,9. 사연·썰·다큐 포맷,relevance,27,LBeCrqg3TE8,UCv9FeN8Yjqr3jGKzTNk9SLw,195345,
주식 사연 읽어주는,9. 사연·썰·다큐 포맷,relevance,28,osL1Ph1hiqI,UCTTHg3FlkC1x4qCg83i0dWQ,195345,
주식 사연 읽어주는,9. 사연·썰·다큐 포맷,relevance,29,A7aXyCbNlRQ,UCowMNQXcxSJJ7Kyc41Q4Pzw,195345,
주식 사연 읽어주는,9. 사연·썰·다큐 포맷,relevance,30,6CA1Jvb-3BE,UCvS5hW5HVgvQD5sMKLaBJbA,195345,
주식 사연 읽어주는,9. 사연·썰·다큐 포맷,relevance,31,j6tvH1dNXXs,UCvS5hW5HVgvQD5sMKLaBJbA,195345,
주식 사연 읽어주는,9. 사연·썰·다큐 포맷,relevance,32,c1jMSCVGqEs,UC6ij59Gy_HnqO4pFu9A_zgQ,195345,
주식 사연 읽어주는,9. 사연·썰·다큐 포맷,relevance,33,Dm9ZPMFkGms,UCvBl79IK3X6jiZzZ8_mIM2A,195345,
주식 사연 읽어주는,9. 사연·썰·다큐 포맷,relevance,34,fxeXCRzbeJ4,UC2QeHNJFfuQWB4cy3M-745g,195345,
주식 사연 읽어주는,9. 사연·썰·다큐 포맷,relevance,35,s-ybdHYKfpU,UCLuEH6YDa6IgMdZDrWvyy9w,195345,
주식 사연 읽어주는,9. 사연·썰·다큐 포맷,relevance,36,dpq9IdJYegA,UC2QeHNJFfuQWB4cy3M-745g,195345,
주식 사연 읽어주는,9. 사연·썰·다큐 포맷,relevance,37,qr2QEXu5GG8,UC2QeHNJFfuQWB4cy3M-745g,195345,
주식 사연 읽어주는,9. 사연·썰·다큐 포맷,relevance,38,cUxEI7DxBlQ,UC2QeHNJFfuQWB4cy3M-745g,195345,
주식 사연 읽어주는,9. 사연·썰·다큐 포맷,relevance,39,iacwbUHyqv4,UCcc-b4iEJz8k3reJo6N9pGg,195345,
주식 사연 읽어주는,9. 사연·썰·다큐 포맷,relevance,40,7FrJ3wuJDaY,UCy-6oZwPwrR_W-zYnqLD8dg,195345,
주식 사연 읽어주는,9. 사연·썰·다큐 포맷,relevance,41,hUCljr2Pwhw,UC2QeHNJFfuQWB4cy3M-745g,195345,
주식 사연 읽어주는,9. 사연·썰·다큐 포맷,relevance,42,9O4uWelE14E,UC2QeHNJFfuQWB4cy3M-745g,195345,
주식 사연 읽어주는,9. 사연·썰·다큐 포맷,relevance,43,P_gKlakgV9M,UC2QeHNJFfuQWB4cy3M-745g,195345,
주식 실패 사연 라디오,9. 사연·썰·다큐 포맷,relevance,1,uJ0ed9V3Gew,UCskhvdwQ9V0VQbUy60QWVBA,74558,
주식 실패 사연 라디오,9. 사연·썰·다큐 포맷,relevance,2,nVm_fQ3jv0Y,UCskhvdwQ9V0VQbUy60QWVBA,74558,
주식 실패 사연 라디오,9. 사연·썰·다큐 포맷,relevance,3,S-bfnd9eFZY,UCskhvdwQ9V0VQbUy60QWVBA,74558,
주식 실패 사연 라디오,9. 사연·썰·다큐 포맷,relevance,4,DilSTlYODes,UCowMNQXcxSJJ7Kyc41Q4Pzw,74558,
주식 실패 사연 라디오,9. 사연·썰·다큐 포맷,relevance,5,wZosp2n1onA,UCvS5hW5HVgvQD5sMKLaBJbA,74558,
주식 실패 사연 라디오,9. 사연·썰·다큐 포맷,relevance,6,UmhP9BOdqGQ,UCvS5hW5HVgvQD5sMKLaBJbA,74558,
주식 실패 사연 라디오,9. 사연·썰·다큐 포맷,relevance,7,N_u_-lqEzlY,UCm8VqlpN2vff3ijhWOyrtdw,74558,
주식 실패 사연 라디오,9. 사연·썰·다큐 포맷,relevance,8,HIYR58mvsU0,UCm8VqlpN2vff3ijhWOyrtdw,74558,
주식 실패 사연 라디오,9. 사연·썰·다큐 포맷,relevance,9,A6afQhNaHKw,UCvS5hW5HVgvQD5sMKLaBJbA,74558,
주식 실패 사연 라디오,9. 사연·썰·다큐 포맷,relevance,10,SLsjYwTwtkw,UCskhvdwQ9V0VQbUy60QWVBA,74558,
주식 실패 사연 라디오,9. 사연·썰·다큐 포맷,relevance,11,f5swOu1F1Pg,UCvS5hW5HVgvQD5sMKLaBJbA,74558,
주식 실패 사연 라디오,9. 사연·썰·다큐 포맷,relevance,12,kYoTeBWbIg4,UC7jFDEmtDIfTN2vn5nBF36g,74558,
주식 실패 사연 라디오,9. 사연·썰·다큐 포맷,relevance,13,s9xzey_UKMA,UCWstEH0k34aMAMPb5cJ9okw,74558,
주식 실패 사연 라디오,9. 사연·썰·다큐 포맷,relevance,14,ccHZFwfsXyI,UCvS5hW5HVgvQD5sMKLaBJbA,74558,
주식 실패 사연 라디오,9. 사연·썰·다큐 포맷,relevance,15,7FrJ3wuJDaY,UCy-6oZwPwrR_W-zYnqLD8dg,74558,
주식 실패 사연 라디오,9. 사연·썰·다큐 포맷,relevance,16,Gy_2vA9H9Zo,UCvS5hW5HVgvQD5sMKLaBJbA,74558,
주식 실패 사연 라디오,9. 사연·썰·다큐 포맷,relevance,17,e6X2ZlQuMYo,UCh-5PV93nI5iAEnaluUZdYQ,74558,
주식 실패 사연 라디오,9. 사연·썰·다큐 포맷,relevance,18,DSDUvGS-8Yg,UCuAEegkcpCTs64hd0VwwVOA,74558,
주식 실패 사연 라디오,9. 사연·썰·다큐 포맷,relevance,19,URt0uV6kGHQ,UCskhvdwQ9V0VQbUy60QWVBA,74558,
주식 실패 사연 라디오,9. 사연·썰·다큐 포맷,relevance,20,VUOnJPZePcA,UCvS5hW5HVgvQD5sMKLaBJbA,74558,
주식 실패 사연 라디오,9. 사연·썰·다큐 포맷,relevance,21,j7NXfNU4x_0,UCvS5hW5HVgvQD5sMKLaBJbA,74558,
주식 실패 사연 라디오,9. 사연·썰·다큐 포맷,relevance,22,JduGJ8GYzG8,UCskhvdwQ9V0VQbUy60QWVBA,74558,
주식 실패 사연 라디오,9. 사연·썰·다큐 포맷,relevance,23,L9-4rcS7fr4,UCskhvdwQ9V0VQbUy60QWVBA,74558,
주식 실패 사연 라디오,9. 사연·썰·다큐 포맷,relevance,24,A7aXyCbNlRQ,UCowMNQXcxSJJ7Kyc41Q4Pzw,74558,
주식 실패 사연 라디오,9. 사연·썰·다큐 포맷,relevance,25,CDumVE3MkzI,UCm8VqlpN2vff3ijhWOyrtdw,74558,
주식 실패 사연 라디오,9. 사연·썰·다큐 포맷,relevance,26,hfQoXS25zyw,UCskhvdwQ9V0VQbUy60QWVBA,74558,
주식 실패 사연 라디오,9. 사연·썰·다큐 포맷,relevance,27,Dr8rc1P6flM,UCvS5hW5HVgvQD5sMKLaBJbA,74558,
주식 실패 사연 라디오,9. 사연·썰·다큐 포맷,relevance,28,IbKt7z14sk4,UCR4R3u3RFdjLlCWlOeg8I8A,74558,
주식 실패 사연 라디오,9. 사연·썰·다큐 포맷,relevance,29,EUGWIvW6aiw,UCvS5hW5HVgvQD5sMKLaBJbA,74558,
주식 실패 사연 라디오,9. 사연·썰·다큐 포맷,relevance,30,5Cmpqsy1Qig,UCvS5hW5HVgvQD5sMKLaBJbA,74558,
주식 실패 사연 라디오,9. 사연·썰·다큐 포맷,relevance,31,-DjeTSaMD6M,UCy-6oZwPwrR_W-zYnqLD8dg,74558,
주식 실패 사연 라디오,9. 사연·썰·다큐 포맷,relevance,32,4pkXt3f4tds,UCYYPvecmdGQgzIfghtdWhGQ,74558,
주식 실패 사연 라디오,9. 사연·썰·다큐 포맷,relevance,33,f41uldrZdUI,UCowMNQXcxSJJ7Kyc41Q4Pzw,74558,
주식 실패 사연 라디오,9. 사연·썰·다큐 포맷,relevance,34,hAUVpVzpBKU,UCR4R3u3RFdjLlCWlOeg8I8A,74558,
주식 실패 사연 라디오,9. 사연·썰·다큐 포맷,relevance,35,K3M2t5Z4_nI,UCvS5hW5HVgvQD5sMKLaBJbA,74558,
주식 실패 사연 라디오,9. 사연·썰·다큐 포맷,relevance,36,8_YxWzVTbro,UCgFB5NI2tKLgmNgYuL_DAkQ,74558,
주식 실패 사연 라디오,9. 사연·썰·다큐 포맷,relevance,37,bAw84Re8XgI,UChgj3VLiqHVGfy3k_8s5WKA,74558,
주식 실패 사연 라디오,9. 사연·썰·다큐 포맷,relevance,38,xcbgPUIkz6c,UCvS5hW5HVgvQD5sMKLaBJbA,74558,
주식 실패 사연 라디오,9. 사연·썰·다큐 포맷,relevance,39,N5GCqYLb8qY,UCFCtZJTuJhE18k8IXwmXTYQ,74558,
주식 실패 사연 라디오,9. 사연·썰·다큐 포맷,relevance,40,0NZwiicgnac,UCm8VqlpN2vff3ijhWOyrtdw,74558,
주식 실패 사연 라디오,9. 사연·썰·다큐 포맷,relevance,41,drY-ns5RY0k,UCJDd5BvqQBE7nkbbbuZnxBA,74558,
주식 실패 사연 라디오,9. 사연·썰·다큐 포맷,relevance,42,K2nMluaMsY0,UCoEVLzH9LLcQhqNJ1jbLXKQ,74558,
주식 실패 사연 라디오,9. 사연·썰·다큐 포맷,relevance,43,M0fHTKInPNc,UCcc-b4iEJz8k3reJo6N9pGg,74558,
주식 실패 사연 라디오,9. 사연·썰·다큐 포맷,relevance,44,9CQT1UCuYLI,UCskhvdwQ9V0VQbUy60QWVBA,74558,
주식 실패 사연 라디오,9. 사연·썰·다큐 포맷,relevance,45,5xQElWCsr9w,UCZzZo5KH3-r_DaMH4u25X1g,74558,
주식 실패 사연 라디오,9. 사연·썰·다큐 포맷,relevance,46,IAuTgWjieGg,UCskhvdwQ9V0VQbUy60QWVBA,74558,
주식 실패 사연 라디오,9. 사연·썰·다큐 포맷,relevance,47,EBJ4XA57b7g,UCb3IUCcxtdxBuKs6SvArqCQ,74558,
주식 실패 사연 라디오,9. 사연·썰·다큐 포맷,relevance,48,tpemw_8iBGg,UCOKYg9vaiduYhm1xp7OeJeA,74558,
주식 실패 사연 라디오,9. 사연·썰·다큐 포맷,relevance,49,1uQlTumXP3g,UCR4R3u3RFdjLlCWlOeg8I8A,74558,
주식 실패 사연 라디오,9. 사연·썰·다큐 포맷,relevance,50,HuB73XjeUXo,UCwIrieudR3EGFhOVrAr8x3A,74558,
남편 몰래 주식 투자 사연,3. 가족 갈등,relevance,1,H66YFsg67zU,UC1ifSsWUG241rRfK0ezYCgA,40677,
남편 몰래 주식 투자 사연,3. 가족 갈등,relevance,2,-PqNLSgJRVo,UCR9gReM5VhQ_8brqQrBaVCA,40677,
남편 몰래 주식 투자 사연,3. 가족 갈등,relevance,3,FJKZ4I9PTCQ,UCe-gh0jfKlR_EvsNyzYphww,40677,
남편 몰래 주식 투자 사연,3. 가족 갈등,relevance,4,hwGEoSkYA2g,UCAP8OK0GHFbnL5OkY3j04Xw,40677,
남편 몰래 주식 투자 사연,3. 가족 갈등,relevance,5,_DC9aQr9ZgE,UC_EngQdug6VcxZ3xcqgnWug,40677,
남편 몰래 주식 투자 사연,3. 가족 갈등,relevance,6,wt7IZrBPk8M,UCd4BxCKyMHG2J0X1SerTPaQ,40677,
남편 몰래 주식 투자 사연,3. 가족 갈등,relevance,7,HuB73XjeUXo,UCwIrieudR3EGFhOVrAr8x3A,40677,
남편 몰래 주식 투자 사연,3. 가족 갈등,relevance,8,BGGUTKexDQI,UCRMA_Nb5VF-YoWApSVeXPVA,40677,
남편 몰래 주식 투자 사연,3. 가족 갈등,relevance,9,t03YNLj2do8,UC-qAanNrl15qHXox2iLUq1A,40677,
남편 몰래 주식 투자 사연,3. 가족 갈등,relevance,10,w5X4SFIfqiI,UCH37RCxPxdwRxoaMcADKkOA,40677,
남편 몰래 주식 투자 사연,3. 가족 갈등,relevance,11,Krcc2cXxek0,UCvsw6d2J-EjDaLsO3z3X8vw,40677,
남편 몰래 주식 투자 사연,3. 가족 갈등,relevance,12,PG2-80VDwBg,UC1ifSsWUG241rRfK0ezYCgA,40677,
남편 몰래 주식 투자 사연,3. 가족 갈등,relevance,13,CzERjh7bG7Q,UCc9DvZNHfidsHsVlTAug5nQ,40677,
남편 몰래 주식 투자 사연,3. 가족 갈등,relevance,14,4ztxyaOSFJA,UC6PipVCHqg07p_0W-AgQD1g,40677,
남편 몰래 주식 투자 사연,3. 가족 갈등,relevance,15,x_C7HFsorV4,UCiwQRG2sCcfjKkgxMEdJGPg,40677,
남편 몰래 주식 투자 사연,3. 가족 갈등,relevance,16,RUJF3Zlhq3M,UC1ifSsWUG241rRfK0ezYCgA,40677,
남편 몰래 주식 투자 사연,3. 가족 갈등,relevance,17,_FhfEfJAieI,UCYyLIlOJyqkAFKlVjzX5img,40677,
남편 몰래 주식 투자 사연,3. 가족 갈등,relevance,18,gLzRFxoAHmE,UC9pRbFJb-RRa3zsHNR7Aknw,40677,
남편 몰래 주식 투자 사연,3. 가족 갈등,relevance,19,GF2jswGAP8A,UCR9YgzFmGQDgtqMJjnIo6Ew,40677,
남편 몰래 주식 투자 사연,3. 가족 갈등,relevance,20,rwcpx2aaDuY,UCLF1hNfWMvgq4zvR5qzDWgg,40677,
남편 몰래 주식 투자 사연,3. 가족 갈등,relevance,21,lH_ugHpI_p0,UCyUJvPTlR-pklwT0APpFIhA,40677,
남편 몰래 주식 투자 사연,3. 가족 갈등,relevance,22,42nV0EPfmwU,UC1ifSsWUG241rRfK0ezYCgA,40677,
남편 몰래 주식 투자 사연,3. 가족 갈등,relevance,23,PiLXxpC_h6c,UCrZxdF-Cb4fYoQHMjQuPFDg,40677,
남편 몰래 주식 투자 사연,3. 가족 갈등,relevance,24,8YBPpTMY6Es,UCJJCbn-4RlnTeIps6RxHKwQ,40677,
남편 몰래 주식 투자 사연,3. 가족 갈등,relevance,25,scxuUG4T2gw,UC1ifSsWUG241rRfK0ezYCgA,40677,
남편 몰래 주식 투자 사연,3. 가족 갈등,relevance,26,MyOS-SEnKV8,UCvS5hW5HVgvQD5sMKLaBJbA,40677,
남편 몰래 주식 투자 사연,3. 가족 갈등,relevance,27,FzRNWzHPr5c,UCw0ZKmxFBc9donV317twWeA,40677,
남편 몰래 주식 투자 사연,3. 가족 갈등,relevance,28,5xQElWCsr9w,UCZzZo5KH3-r_DaMH4u25X1g,40677,
남편 몰래 주식 투자 사연,3. 가족 갈등,relevance,29,YU7Z05mQ6Cs,UCDSj40X9FFUAnx1nv7gQhcA,40677,
남편 몰래 주식 투자 사연,3. 가족 갈등,relevance,30,bmahDNdA928,UCJc9VOREfO7mUbtYYpf7uZA,40677,
남편 몰래 주식 투자 사연,3. 가족 갈등,relevance,31,OyxTtoSdPQE,UCSsWdUwr4UonSCAVH-k0_Lg,40677,
남편 몰래 주식 투자 사연,3. 가족 갈등,relevance,32,ahYVr3aKGjY,UCzbN_xBNLw2042QyLYXwNjA,40677,
남편 몰래 주식 투자 사연,3. 가족 갈등,relevance,33,w5-YBTKM4Mo,UC2wEx1iKCgXNliHYNDxIh2A,40677,
남편 몰래 주식 투자 사연,3. 가족 갈등,relevance,34,H-CNBm-pRVg,UCOSOnyaXAxFzdgktPhwGcYA,40677,
남편 몰래 주식 투자 사연,3. 가족 갈등,relevance,35,9CbXGKxrEJE,UCMA123uuJ-d883dystg6nMw,40677,
남편 몰래 주식 투자 사연,3. 가족 갈등,relevance,36,9Q1XHudxcO0,UCJBhr6IKEWzz3GS0rYxJ-MQ,40677,
남편 몰래 주식 투자 사연,3. 가족 갈등,relevance,37,85DxSuRvqsA,UCJk_08Z01jYg2xDc4jfiibw,40677,
남편 몰래 주식 투자 사연,3. 가족 갈등,relevance,38,on7BSdbb0cw,UC1ifSsWUG241rRfK0ezYCgA,40677,
남편 몰래 주식 투자 사연,3. 가족 갈등,relevance,39,C9g-oKQ6p34,UC4LhREUWyiGniosrDqpJWCg,40677,
남편 몰래 주식 투자 사연,3. 가족 갈등,relevance,40,FpUNOFCHoXM,UC_EngQdug6VcxZ3xcqgnWug,40677,
남편 몰래 주식 투자 사연,3. 가족 갈등,relevance,41,nkLBGy9UQDo,UCXG5TJDFFkmUrAGCCTJb64w,40677,
남편 몰래 주식 투자 사연,3. 가족 갈등,relevance,42,FICSfRKACuA,UCxyWLuoeLnmybI4F41i3RuQ,40677,
남편 몰래 주식 투자 사연,3. 가족 갈등,relevance,43,dtSX_nNDXp8,UCXG5TJDFFkmUrAGCCTJb64w,40677,
남편 몰래 주식 투자 사연,3. 가족 갈등,relevance,44,Xr1yQKkBdmw,UC1ifSsWUG241rRfK0ezYCgA,40677,
남편 몰래 주식 투자 사연,3. 가족 갈등,relevance,45,XeedGEtzVMI,UCq04NBIwq4oavZdbttidnpg,40677,
남편 몰래 주식 투자 사연,3. 가족 갈등,relevance,46,Zn0tZBnYlWY,UCvS5hW5HVgvQD5sMKLaBJbA,40677,
남편 몰래 주식 투자 사연,3. 가족 갈등,relevance,47,7q9NHm32wYw,UCUpVImsjp8wn54B4ih9xuyw,40677,
남편 몰래 주식 투자 사연,3. 가족 갈등,relevance,48,B6EWlswbjKs,UC3x42Q4PS-R0RdNPTdVPLDw,40677,
남편 몰래 주식 투자 사연,3. 가족 갈등,relevance,49,JfiU7C5Ci5w,UCELOTuU0GDCamnCmWhfcBCQ,40677,
남편 몰래 주식 투자 사연,3. 가족 갈등,relevance,50,VhGF4dmh2kA,UCFCtZJTuJhE18k8IXwmXTYQ,40677,
테마주 투자 실패 사례,5. 특정 투자 방식 실패,relevance,1,XfChn9821gY,UCskhvdwQ9V0VQbUy60QWVBA,12835,
테마주 투자 실패 사례,5. 특정 투자 방식 실패,relevance,2,8_YxWzVTbro,UCgFB5NI2tKLgmNgYuL_DAkQ,12835,
테마주 투자 실패 사례,5. 특정 투자 방식 실패,relevance,3,PGzbkRhLpoQ,UCG9aFJTZ-lMCHAiO1KJsirg,12835,
테마주 투자 실패 사례,5. 특정 투자 방식 실패,relevance,4,-DjeTSaMD6M,UCy-6oZwPwrR_W-zYnqLD8dg,12835,
테마주 투자 실패 사례,5. 특정 투자 방식 실패,relevance,5,9ywcAN762pk,UCR4R3u3RFdjLlCWlOeg8I8A,12835,
테마주 투자 실패 사례,5. 특정 투자 방식 실패,relevance,6,9CQT1UCuYLI,UCskhvdwQ9V0VQbUy60QWVBA,12835,
테마주 투자 실패 사례,5. 특정 투자 방식 실패,relevance,7,JfzRMIQGci0,UC3-9Ul8LOKJzQMdo1nFb_sQ,12835,
테마주 투자 실패 사례,5. 특정 투자 방식 실패,relevance,8,InUTtd3j5ek,UCgSET4MjJ-6KGDVsOcVKOrw,12835,
테마주 투자 실패 사례,5. 특정 투자 방식 실패,relevance,9,rYSwbq5pQ-A,UCGuq1wmri8_yiES2DArI_Mg,12835,
테마주 투자 실패 사례,5. 특정 투자 방식 실패,relevance,10,yERWAxUcgCY,UCy-6oZwPwrR_W-zYnqLD8dg,12835,
테마주 투자 실패 사례,5. 특정 투자 방식 실패,relevance,11,MeTWhFRbd04,UCjVfe0iq7wnjo3FnVMjHxEw,12835,
테마주 투자 실패 사례,5. 특정 투자 방식 실패,relevance,12,rHdhuEm7tLU,UC9vlJ0CQ3uVuxgjEAOs_apA,12835,
테마주 투자 실패 사례,5. 특정 투자 방식 실패,relevance,13,M0fHTKInPNc,UCcc-b4iEJz8k3reJo6N9pGg,12835,
테마주 투자 실패 사례,5. 특정 투자 방식 실패,relevance,14,x_C7HFsorV4,UCiwQRG2sCcfjKkgxMEdJGPg,12835,
테마주 투자 실패 사례,5. 특정 투자 방식 실패,relevance,15,ErspNYLJOWs,UCabdDNbpoShi21sLQmvhgqg,12835,
테마주 투자 실패 사례,5. 특정 투자 방식 실패,relevance,16,uJ0ed9V3Gew,UCskhvdwQ9V0VQbUy60QWVBA,12835,
테마주 투자 실패 사례,5. 특정 투자 방식 실패,relevance,17,-fAeoSMc3Ao,UCFCtZJTuJhE18k8IXwmXTYQ,12835,
테마주 투자 실패 사례,5. 특정 투자 방식 실패,relevance,18,74t-1actW28,UC5CyCSvCdoEP-VgQmFq3iww,12835,
테마주 투자 실패 사례,5. 특정 투자 방식 실패,relevance,19,6tejVOLzOcI,UCQeCqmZZcSa0oEd6IeQ7dyg,12835,
테마주 투자 실패 사례,5. 특정 투자 방식 실패,relevance,20,kYoTeBWbIg4,UC7jFDEmtDIfTN2vn5nBF36g,12835,
테마주 투자 실패 사례,5. 특정 투자 방식 실패,relevance,21,EBYqJAVb4wk,UCcQTRi69dsVYHN3exePtZ1A,12835,
테마주 투자 실패 사례,5. 특정 투자 방식 실패,relevance,22,SYW42eh0wJQ,UCOMG2V-vUgYX0aHiBDbBTyg,12835,
테마주 투자 실패 사례,5. 특정 투자 방식 실패,relevance,23,w5X4SFIfqiI,UCH37RCxPxdwRxoaMcADKkOA,12835,
테마주 투자 실패 사례,5. 특정 투자 방식 실패,relevance,24,sEzSDUgvY28,UCd4DNuVJBgwZ_lWMJEGpgBg,12835,
테마주 투자 실패 사례,5. 특정 투자 방식 실패,relevance,25,otsz0tROdXI,UCdAeG2KuQCZUsXtq_-C0B1Q,12835,
테마주 투자 실패 사례,5. 특정 투자 방식 실패,relevance,26,K2nMluaMsY0,UCoEVLzH9LLcQhqNJ1jbLXKQ,12835,
테마주 투자 실패 사례,5. 특정 투자 방식 실패,relevance,27,EBJ4XA57b7g,UCb3IUCcxtdxBuKs6SvArqCQ,12835,
테마주 투자 실패 사례,5. 특정 투자 방식 실패,relevance,28,KE8vSusZ6Ek,UCaJdckl6MBdDPDf75Ec_bJA,12835,
테마주 투자 실패 사례,5. 특정 투자 방식 실패,relevance,29,JqSHQU3huFw,UCK6IkFBFPRo0QOUgUJ9VETA,12835,
테마주 투자 실패 사례,5. 특정 투자 방식 실패,relevance,30,scxuUG4T2gw,UC1ifSsWUG241rRfK0ezYCgA,12835,
테마주 투자 실패 사례,5. 특정 투자 방식 실패,relevance,31,1P_rk9ZGb8A,UCRnvH2abXsACsC5VurNbaJg,12835,
테마주 투자 실패 사례,5. 특정 투자 방식 실패,relevance,32,phrDY2oR96I,UCdOjVxkj5JA0iDu3_xcsTyQ,12835,
테마주 투자 실패 사례,5. 특정 투자 방식 실패,relevance,33,J0bSx02kr3c,UCwzBJHLN0uklfzLAfVbMDRw,12835,
테마주 투자 실패 사례,5. 특정 투자 방식 실패,relevance,34,OCnR9n5qBrc,UCvS5hW5HVgvQD5sMKLaBJbA,12835,
테마주 투자 실패 사례,5. 특정 투자 방식 실패,relevance,35,7q9NHm32wYw,UCUpVImsjp8wn54B4ih9xuyw,12835,
테마주 투자 실패 사례,5. 특정 투자 방식 실패,relevance,36,N_u_-lqEzlY,UCm8VqlpN2vff3ijhWOyrtdw,12835,
테마주 투자 실패 사례,5. 특정 투자 방식 실패,relevance,37,Su94e2m9KwA,UCemHk5BC7kw4n1vxZZpbdOg,12835,
테마주 투자 실패 사례,5. 특정 투자 방식 실패,relevance,38,t0MYGkH3ElQ,UCKhJcRMVvU4M7uIAPEkW7mQ,12835,
테마주 투자 실패 사례,5. 특정 투자 방식 실패,relevance,39,502LTGK70fM,UCkinYTS9IHqOEwR1Sze2JTw,12835,
테마주 투자 실패 사례,5. 특정 투자 방식 실패,relevance,40,s9xzey_UKMA,UCWstEH0k34aMAMPb5cJ9okw,12835,
테마주 투자 실패 사례,5. 특정 투자 방식 실패,relevance,41,SoM3W-Cxess,UCSqFJxc0zYKLTr2IwFth2pA,12835,
테마주 투자 실패 사례,5. 특정 투자 방식 실패,relevance,42,izbreO1lkjU,UCaWt1JuACsSJvvbU_KSWkqw,12835,
테마주 투자 실패 사례,5. 특정 투자 방식 실패,relevance,43,KoZu_rWvktI,UCxGiMUPaaB8yuLmddxw4w9w,12835,
테마주 투자 실패 사례,5. 특정 투자 방식 실패,relevance,44,Sc-cV9y4LKg,UCR4R3u3RFdjLlCWlOeg8I8A,12835,
테마주 투자 실패 사례,5. 특정 투자 방식 실패,relevance,45,RaufyYGWvXU,UCeg5g-vWgtgzQ0cYNV2Cyow,12835,
테마주 투자 실패 사례,5. 특정 투자 방식 실패,relevance,46,xVn0Ylw86Uk,UCv-spDeZBGYVUI9eGXGaLSg,12835,
테마주 투자 실패 사례,5. 특정 투자 방식 실패,relevance,47,xjzJqMOHdPg,UCd4wlgbmaXkzwA5qE2_fP-g,12835,
테마주 투자 실패 사례,5. 특정 투자 방식 실패,relevance,48,I1r-gqxm7HI,UCJEYP25DMClnq6mzKSWJAMQ,12835,
고수익 주식 투자 사기,4. 사기·추천방 피해,relevance,1,jKIaA23LVcA,UCTHCOPwqNfZ0uiKOvFyhGwg,185734,
고수익 주식 투자 사기,4. 사기·추천방 피해,relevance,2,TFunwNUj1mk,UCcQTRi69dsVYHN3exePtZ1A,185734,
고수익 주식 투자 사기,4. 사기·추천방 피해,relevance,3,7Jh2JjqERXQ,UCwbq9G7DGqWW7-OOs0InDdg,185734,
고수익 주식 투자 사기,4. 사기·추천방 피해,relevance,4,5mPQxitgvTA,UCWlV3Lz_55UaX4JsMj-z__Q,185734,
고수익 주식 투자 사기,4. 사기·추천방 피해,relevance,5,Qf7O4iKIdio,UC1ifSsWUG241rRfK0ezYCgA,185734,
고수익 주식 투자 사기,4. 사기·추천방 피해,relevance,6,eP3Fr3GvuIk,UC2fNt6XqBzBhvty-vmITXXA,185734,
고수익 주식 투자 사기,4. 사기·추천방 피해,relevance,7,9bdIbKz2OqA,UC0imORt231LWWyyotvE3lUw,185734,
고수익 주식 투자 사기,4. 사기·추천방 피해,relevance,8,xCaA7hbx5uw,UCTHCOPwqNfZ0uiKOvFyhGwg,185734,
고수익 주식 투자 사기,4. 사기·추천방 피해,relevance,9,2i9GLHMwN90,UCcQTRi69dsVYHN3exePtZ1A,185734,
고수익 주식 투자 사기,4. 사기·추천방 피해,relevance,10,xMHHGh2n5VU,UCRqnjMNlNDN_W28mvnrf8JQ,185734,
고수익 주식 투자 사기,4. 사기·추천방 피해,relevance,11,KyueGxfR51s,UCcQTRi69dsVYHN3exePtZ1A,185734,
고수익 주식 투자 사기,4. 사기·추천방 피해,relevance,12,O01yXp929t4,UCcQTRi69dsVYHN3exePtZ1A,185734,
고수익 주식 투자 사기,4. 사기·추천방 피해,relevance,13,DJyYCrGpevo,UCcQTRi69dsVYHN3exePtZ1A,185734,
고수익 주식 투자 사기,4. 사기·추천방 피해,relevance,14,JPMoJYG8f7E,UC2YEsh-osrh7icC51v70YAA,185734,
고수익 주식 투자 사기,4. 사기·추천방 피해,relevance,15,HBKsZpMCuWo,UCcQTRi69dsVYHN3exePtZ1A,185734,
고수익 주식 투자 사기,4. 사기·추천방 피해,relevance,16,JPTX1VfkN84,UCbbz2yrttQ277mtRnqiiOBg,185734,
고수익 주식 투자 사기,4. 사기·추천방 피해,relevance,17,zGWWjU_JwTs,UCblB86SI93UerFKcFfTlvaA,185734,
고수익 주식 투자 사기,4. 사기·추천방 피해,relevance,18,jh9T0HNUu24,UCMAtq4pS5Yx3ghhYg7yRqVg,185734,
고수익 주식 투자 사기,4. 사기·추천방 피해,relevance,19,xKQG_jUCLWw,UCcQTRi69dsVYHN3exePtZ1A,185734,
고수익 주식 투자 사기,4. 사기·추천방 피해,relevance,20,n5POzCe_kgY,UCr0LBUePUC5XnejgV4JmboA,185734,
고수익 주식 투자 사기,4. 사기·추천방 피해,relevance,21,m9o-1O4DxMQ,UCG9aFJTZ-lMCHAiO1KJsirg,185734,
고수익 주식 투자 사기,4. 사기·추천방 피해,relevance,22,CEwKWiP6LtI,UCHpSmnG7cudqkweCcEZmNCQ,185734,
고수익 주식 투자 사기,4. 사기·추천방 피해,relevance,23,9lAnBS05lt0,UCcQTRi69dsVYHN3exePtZ1A,185734,
고수익 주식 투자 사기,4. 사기·추천방 피해,relevance,24,99XhpqUL-Go,UCF4Wxdo3inmxP-Y59wXDsFw,185734,
고수익 주식 투자 사기,4. 사기·추천방 피해,relevance,25,2y1ctrq0jmQ,UC5CyCSvCdoEP-VgQmFq3iww,185734,
고수익 주식 투자 사기,4. 사기·추천방 피해,relevance,26,FYnoNSQEllM,UCMD74jSzceTRlxMvygxvwXQ,185734,
고수익 주식 투자 사기,4. 사기·추천방 피해,relevance,27,IE4WNsueaII,UCUo0x5oLlyUaCSHhk09aNfA,185734,
고수익 주식 투자 사기,4. 사기·추천방 피해,relevance,28,njZpWHaHO-A,UC4LW3sOslC14Vn5bcoNUBkg,185734,
고수익 주식 투자 사기,4. 사기·추천방 피해,relevance,29,FKh409uYyc0,UCL8ACCJ895Lghs6Hk6olymQ,185734,
고수익 주식 투자 사기,4. 사기·추천방 피해,relevance,30,HRw8QojK_0k,UCHpGooMnVgnILywqrpqvZcQ,185734,
고수익 주식 투자 사기,4. 사기·추천방 피해,relevance,31,rWvU4VOLObk,UChlgI3UHCOnwUGzWzbJ3H5w,185734,
고수익 주식 투자 사기,4. 사기·추천방 피해,relevance,32,cZNuxTCwQTU,UCcQTRi69dsVYHN3exePtZ1A,185734,
고수익 주식 투자 사기,4. 사기·추천방 피해,relevance,33,NlKl4-b-QFo,UCG9aFJTZ-lMCHAiO1KJsirg,185734,
고수익 주식 투자 사기,4. 사기·추천방 피해,relevance,34,gwNY4WEAChw,UC5A_kSjrmkv7wi1q1eBKF_Q,185734,
고수익 주식 투자 사기,4. 사기·추천방 피해,relevance,35,UyFrg1Jcz8Y,UCTHCOPwqNfZ0uiKOvFyhGwg,185734,
고수익 주식 투자 사기,4. 사기·추천방 피해,relevance,36,PU-2SErbUKg,UC1ifSsWUG241rRfK0ezYCgA,185734,
고수익 주식 투자 사기,4. 사기·추천방 피해,relevance,37,WSiXEIDtgVk,UCNbYt65wiTchnxD-KNwXsAA,185734,
고수익 주식 투자 사기,4. 사기·추천방 피해,relevance,38,Bwt7eME-8TM,UCXtIrFDiYtGxMq1S1h73Msg,185734,
고수익 주식 투자 사기,4. 사기·추천방 피해,relevance,39,g3ojNnGgT10,UCcQTRi69dsVYHN3exePtZ1A,185734,
고수익 주식 투자 사기,4. 사기·추천방 피해,relevance,40,8XpkdrvC7QA,UCA2WKN4pW3-bBQKIqYgTbhw,185734,
고수익 주식 투자 사기,4. 사기·추천방 피해,relevance,41,DZnHLNV3NXc,UCcQTRi69dsVYHN3exePtZ1A,185734,
고수익 주식 투자 사기,4. 사기·추천방 피해,relevance,42,8U5HIrHqWLw,UCF4Wxdo3inmxP-Y59wXDsFw,185734,
고수익 주식 투자 사기,4. 사기·추천방 피해,relevance,43,3necTyhd3NI,UCTHCOPwqNfZ0uiKOvFyhGwg,185734,
고수익 주식 투자 사기,4. 사기·추천방 피해,relevance,44,kJI__HjsoQY,UCh6Abvmtk-LsNxJ_FXRK4ow,185734,
고수익 주식 투자 사기,4. 사기·추천방 피해,relevance,45,P8qcySTDZhc,UCnFnsb1jfgAHSdviaNSaUwA,185734,
고수익 주식 투자 사기,4. 사기·추천방 피해,relevance,46,1oaG32qhx9g,UCgqMjKxRWAKUvgYqgomighw,185734,
고수익 주식 투자 사기,4. 사기·추천방 피해,relevance,47,EBYqJAVb4wk,UCcQTRi69dsVYHN3exePtZ1A,185734,
고수익 주식 투자 사기,4. 사기·추천방 피해,relevance,48,SxY-6-BUtBk,UCcVEkHTwN4Cz481AN1Vh18Q,185734,
고수익 주식 투자 사기,4. 사기·추천방 피해,relevance,49,6gjzPFqjs7E,UCHSAUD9ReFZxO6bdZXRFeTA,185734,
고수익 주식 투자 사기,4. 사기·추천방 피해,relevance,50,V9_ZswRbubY,UCot3IlVrwKto4F3ie-uG9Ng,185734,
작전주 피해 실제 사례,5. 특정 투자 방식 실패,relevance,1,aRKBwQ3eK28,UCm0kXrdAWl2LjMMfrwxx8Tw,234,
작전주 피해 실제 사례,5. 특정 투자 방식 실패,relevance,2,u_EQOu4_03Q,UCEqaIYcv-1ES142qB8-xAjw,234,
작전주 피해 실제 사례,5. 특정 투자 방식 실패,relevance,3,1obZdwH7NOc,UC_V7zUaJ5UxJjOBTQ373aCw,234,
작전주 피해 실제 사례,5. 특정 투자 방식 실패,relevance,4,3g8cjXjIQQ0,UCLmBQf7XZFUeccaUVMaTdkQ,234,
작전주 피해 실제 사례,5. 특정 투자 방식 실패,relevance,5,E4JBzWFdt44,UCI9oLnJOXVgcvtvsmzl04gQ,234,
작전주 피해 실제 사례,5. 특정 투자 방식 실패,relevance,6,jl7tKPHmZWs,UCc5iDhoS23H_TYmrurKBXug,234,
작전주 피해 실제 사례,5. 특정 투자 방식 실패,relevance,7,MxgC3kEOfOw,UC6ij59Gy_HnqO4pFu9A_zgQ,234,
작전주 피해 실제 사례,5. 특정 투자 방식 실패,relevance,8,69lNxy-DV5w,UCI9oLnJOXVgcvtvsmzl04gQ,234,
작전주 피해 실제 사례,5. 특정 투자 방식 실패,relevance,9,duISSW0WyCs,UCI9oLnJOXVgcvtvsmzl04gQ,234,
작전주 피해 실제 사례,5. 특정 투자 방식 실패,relevance,10,H_p2-K0vjmg,UCqJcytaQBunXQg6u6_wP9hw,234,
작전주 피해 실제 사례,5. 특정 투자 방식 실패,relevance,11,mMTI1zxCHM4,UCQiD4NV-8triYCEN3RX53Xw,234,
작전주 피해 실제 사례,5. 특정 투자 방식 실패,relevance,12,UEKpf3thW2Y,UCs0JQ2POzNwhtEfRr_tuqMA,234,
작전주 피해 실제 사례,5. 특정 투자 방식 실패,relevance,13,YV1xrYExgAA,UCcQTRi69dsVYHN3exePtZ1A,234,
작전주 피해 실제 사례,5. 특정 투자 방식 실패,relevance,14,SfxCgc-5cm0,UCifXwtIk4JtAzzAGNeeM91A,234,
작전주 피해 실제 사례,5. 특정 투자 방식 실패,relevance,15,meX3wrn0x0A,UCEqaIYcv-1ES142qB8-xAjw,234,
작전주 피해 실제 사례,5. 특정 투자 방식 실패,relevance,16,YDxkvproFxQ,UCvvsOdnAQH4fl50DY17eV1A,234,
작전주 피해 실제 사례,5. 특정 투자 방식 실패,relevance,17,lPnPv2Zf9kA,UCLmBQf7XZFUeccaUVMaTdkQ,234,
작전주 피해 실제 사례,5. 특정 투자 방식 실패,relevance,18,gzf2_nbIkIc,UCI9oLnJOXVgcvtvsmzl04gQ,234,
작전주 피해 실제 사례,5. 특정 투자 방식 실패,relevance,19,2vDhFTgMd6Q,UCcQTRi69dsVYHN3exePtZ1A,234,
작전주 피해 실제 사례,5. 특정 투자 방식 실패,relevance,20,hc8irclX6to,UCawCv9kO2UXbTtsK4EammRQ,234,
작전주 피해 실제 사례,5. 특정 투자 방식 실패,relevance,21,S_0bQ0_wG8Q,UCWr6NbUWuxiVqQCvCoTFJlg,234,
작전주 피해 실제 사례,5. 특정 투자 방식 실패,relevance,22,Gf5wQYvupu8,UC6ij59Gy_HnqO4pFu9A_zgQ,234,
작전주 피해 실제 사례,5. 특정 투자 방식 실패,relevance,23,7t3vLx0SsqQ,UCTHCOPwqNfZ0uiKOvFyhGwg,234,
작전주 피해 실제 사례,5. 특정 투자 방식 실패,relevance,24,Qsry3Skx8As,UC8nLCtMl2_5I8EI2ZlvMllQ,234,
작전주 피해 실제 사례,5. 특정 투자 방식 실패,relevance,25,4UjBn5dhxv8,UCI9oLnJOXVgcvtvsmzl04gQ,234,
작전주 피해 실제 사례,5. 특정 투자 방식 실패,relevance,26,vkC2505xc60,UCZAmMsaT1wk-r0fwc_Espbw,234,
작전주 피해 실제 사례,5. 특정 투자 방식 실패,relevance,27,J7vI8Nwp-VY,UCPL0MibE700CmhCct2BLvcQ,234,
작전주 피해 실제 사례,5. 특정 투자 방식 실패,relevance,28,lUsqWQwHeAY,UCVKvpNOvegnS7fYUQ4OZ49w,234,
작전주 피해 실제 사례,5. 특정 투자 방식 실패,relevance,29,dNjSWJCDk2Y,UCff8o2RFWdsXXyAmCddBOKA,234,
작전주 피해 실제 사례,5. 특정 투자 방식 실패,relevance,30,sCxfVjYCkTw,UC4LW3sOslC14Vn5bcoNUBkg,234,
작전주 피해 실제 사례,5. 특정 투자 방식 실패,relevance,31,MWwbiUrha5s,UC8WHQZl4kdk18hmV-G1BhNA,234,
작전주 피해 실제 사례,5. 특정 투자 방식 실패,relevance,32,bGciG-Yz4Dg,UCI9oLnJOXVgcvtvsmzl04gQ,234,
작전주 피해 실제 사례,5. 특정 투자 방식 실패,relevance,33,dAVC997yegs,UClilvxdZdNtdbnm1fQacmQA,234,
작전주 피해 실제 사례,5. 특정 투자 방식 실패,relevance,34,uAZzjdfUuoQ,UCF4Wxdo3inmxP-Y59wXDsFw,234,
작전주 피해 실제 사례,5. 특정 투자 방식 실패,relevance,35,rIK1Sj4sIKA,UCqJcytaQBunXQg6u6_wP9hw,234,
작전주 피해 실제 사례,5. 특정 투자 방식 실패,relevance,36,AZnvQU7Jv8s,UCXMAW_McZltIBlGek8qOoww,234,
작전주 피해 실제 사례,5. 특정 투자 방식 실패,relevance,37,N1g74uJxdCo,UCG9aFJTZ-lMCHAiO1KJsirg,234,
작전주 피해 실제 사례,5. 특정 투자 방식 실패,relevance,38,Niyskk9VgLM,UCBEnILpIAQ0NqkcSbH-T5Xg,234,
작전주 피해 실제 사례,5. 특정 투자 방식 실패,relevance,39,KtJZCI5fM5s,UClilvxdZdNtdbnm1fQacmQA,234,
작전주 피해 실제 사례,5. 특정 투자 방식 실패,relevance,40,YNntPUEKNKo,UC6ij59Gy_HnqO4pFu9A_zgQ,234,
작전주 피해 실제 사례,5. 특정 투자 방식 실패,relevance,41,pbvZXoKYsfM,UCI9oLnJOXVgcvtvsmzl04gQ,234,
작전주 피해 실제 사례,5. 특정 투자 방식 실패,relevance,42,4MsxjKPeqWY,UCAI98TVtrL-li-uBBQ4Tyrw,234,
작전주 피해 실제 사례,5. 특정 투자 방식 실패,relevance,43,k-2R-g59gOQ,UCkinYTS9IHqOEwR1Sze2JTw,234,
작전주 피해 실제 사례,5. 특정 투자 방식 실패,relevance,44,5ZFoi_L4AMw,UCG9aFJTZ-lMCHAiO1KJsirg,234,
작전주 피해 실제 사례,5. 특정 투자 방식 실패,relevance,45,z2V3982j7Cc,UCvS5hW5HVgvQD5sMKLaBJbA,234,
작전주 피해 실제 사례,5. 특정 투자 방식 실패,relevance,46,3Sl5wK2BV-Q,UCtqGfAaf1VlW4-v1-VKo8uw,234,
작전주 피해 실제 사례,5. 특정 투자 방식 실패,relevance,47,NDI4H18usZI,UCIUni4ScRp4mqPXsxy62L5w,234,
작전주 피해 실제 사례,5. 특정 투자 방식 실패,relevance,48,x5YfRzLAnow,UChlgI3UHCOnwUGzWzbJ3H5w,234,
작전주 피해 실제 사례,5. 특정 투자 방식 실패,relevance,49,P8j0Mh05EQ8,UCsU-I-vHLiaMfV_ceaYz5rQ,234,
작전주 피해 실제 사례,5. 특정 투자 방식 실패,relevance,50,0gW8HD4lll8,UChlgI3UHCOnwUGzWzbJ3H5w,234,
주식 투자자가 가장 후회하는 것,7. 교훈과 예방,relevance,1,7q9NHm32wYw,UCUpVImsjp8wn54B4ih9xuyw,135481,
주식 투자자가 가장 후회하는 것,7. 교훈과 예방,relevance,2,ah9W8hPyFng,UCGCGxsbmG_9nincyI7xypow,135481,
주식 투자자가 가장 후회하는 것,7. 교훈과 예방,relevance,3,-8adMPsAYkk,UC7MYJo2LuhYBodjt3BTLyQw,135481,
주식 투자자가 가장 후회하는 것,7. 교훈과 예방,relevance,4,YUvH8M6kZTU,UCUpVImsjp8wn54B4ih9xuyw,135481,
주식 투자자가 가장 후회하는 것,7. 교훈과 예방,relevance,5,HN2dIZYyGKU,UCUpVImsjp8wn54B4ih9xuyw,135481,
주식 투자자가 가장 후회하는 것,7. 교훈과 예방,relevance,6,J0bSx02kr3c,UCwzBJHLN0uklfzLAfVbMDRw,135481,
주식 투자자가 가장 후회하는 것,7. 교훈과 예방,relevance,7,JLca0QXL-ao,UCE9Q2l8yGDiDph3nTIQvDzQ,135481,
주식 투자자가 가장 후회하는 것,7. 교훈과 예방,relevance,8,JfzRMIQGci0,UC3-9Ul8LOKJzQMdo1nFb_sQ,135481,
주식 투자자가 가장 후회하는 것,7. 교훈과 예방,relevance,9,2PlT7tMrxyE,UCpqBzzbWNN7ImX40JUrXEfw,135481,
주식 투자자가 가장 후회하는 것,7. 교훈과 예방,relevance,10,mlvud03kqlg,UCUpVImsjp8wn54B4ih9xuyw,135481,
주식 투자자가 가장 후회하는 것,7. 교훈과 예방,relevance,11,7FrJ3wuJDaY,UCy-6oZwPwrR_W-zYnqLD8dg,135481,
주식 투자자가 가장 후회하는 것,7. 교훈과 예방,relevance,12,nomXwaka75I,UCQvWvQqVksHI2_p5buRHxKw,135481,
주식 투자자가 가장 후회하는 것,7. 교훈과 예방,relevance,13,kbnOEB_Y9Is,UCnoMvisA2ot4V0oIvLOJrbw,135481,
주식 투자자가 가장 후회하는 것,7. 교훈과 예방,relevance,14,UEKpf3thW2Y,UCs0JQ2POzNwhtEfRr_tuqMA,135481,
주식 투자자가 가장 후회하는 것,7. 교훈과 예방,relevance,15,G3obwGByVGs,UCtQkxwZkrruYdy2bVNNW-Rw,135481,
주식 투자자가 가장 후회하는 것,7. 교훈과 예방,relevance,16,OUW-wvJ1LyM,UCDSj40X9FFUAnx1nv7gQhcA,135481,
주식 투자자가 가장 후회하는 것,7. 교훈과 예방,relevance,17,XevlHDzQBa8,UCSsWdUwr4UonSCAVH-k0_Lg,135481,
주식 투자자가 가장 후회하는 것,7. 교훈과 예방,relevance,18,CfJpm_YhB50,UC2QeHNJFfuQWB4cy3M-745g,135481,
주식 투자자가 가장 후회하는 것,7. 교훈과 예방,relevance,19,gQPTUX4bdUY,UCt9m3iBPn0e0z0B_t-Va7sw,135481,
주식 투자자가 가장 후회하는 것,7. 교훈과 예방,relevance,20,sMgROMB739Q,UCUI_wX3M1FF7g9upG7XegHw,135481,
주식 투자자가 가장 후회하는 것,7. 교훈과 예방,relevance,21,I3zO58L8I8c,UCxKLNBYfPhj27SxjhEs9qow,135481,
주식 투자자가 가장 후회하는 것,7. 교훈과 예방,relevance,22,74t-1actW28,UC5CyCSvCdoEP-VgQmFq3iww,135481,
주식 투자자가 가장 후회하는 것,7. 교훈과 예방,relevance,23,4uyVJcuXT88,UCupslRq5jW95UGzPjOZz0FA,135481,
주식 투자자가 가장 후회하는 것,7. 교훈과 예방,relevance,24,RyavONEfQSM,UC5CyCSvCdoEP-VgQmFq3iww,135481,
주식 투자자가 가장 후회하는 것,7. 교훈과 예방,relevance,25,leJ7qthMifE,UCgjsiInAgdceEq2lpRNNYvw,135481,
주식 투자자가 가장 후회하는 것,7. 교훈과 예방,relevance,26,_XSlrHzm1CE,UCskhvdwQ9V0VQbUy60QWVBA,135481,
주식 투자자가 가장 후회하는 것,7. 교훈과 예방,relevance,27,-DjeTSaMD6M,UCy-6oZwPwrR_W-zYnqLD8dg,135481,
주식 투자자가 가장 후회하는 것,7. 교훈과 예방,relevance,28,8yTzMiuWY6U,UCn4m5ec1YQH5H1GHwB2likQ,135481,
주식 투자자가 가장 후회하는 것,7. 교훈과 예방,relevance,29,d7A7uMtG_Gc,UCvil4OAt-zShzkKHsg9EQAw,135481,
주식 투자자가 가장 후회하는 것,7. 교훈과 예방,relevance,30,bltEtuqiYOg,UCteP-Wh0p64rUWrjOWspARg,135481,
주식 투자자가 가장 후회하는 것,7. 교훈과 예방,relevance,31,1W-I-wmDHlU,UClU6tzeYdQ902LLZta0Ymbg,135481,
주식 투자자가 가장 후회하는 것,7. 교훈과 예방,relevance,32,yERWAxUcgCY,UCy-6oZwPwrR_W-zYnqLD8dg,135481,
주식 투자자가 가장 후회하는 것,7. 교훈과 예방,relevance,33,C5rreYEZGao,UCvil4OAt-zShzkKHsg9EQAw,135481,
주식 투자자가 가장 후회하는 것,7. 교훈과 예방,relevance,34,gIk1lVl_8po,UCHpGooMnVgnILywqrpqvZcQ,135481,
주식 투자자가 가장 후회하는 것,7. 교훈과 예방,relevance,35,fnTATZ2qy9o,UCDSj40X9FFUAnx1nv7gQhcA,135481,
주식 투자자가 가장 후회하는 것,7. 교훈과 예방,relevance,36,gbFE2aXLvgg,UCFp_Hu3Icrxlp-9yNJUyPDw,135481,
주식 투자자가 가장 후회하는 것,7. 교훈과 예방,relevance,37,ZJCnGMz-Jgg,UCe1iO4VU_CjKbM3Tpx6WeLw,135481,
주식 투자자가 가장 후회하는 것,7. 교훈과 예방,relevance,38,Jf_KseMu2lA,UC6ij59Gy_HnqO4pFu9A_zgQ,135481,
주식 투자자가 가장 후회하는 것,7. 교훈과 예방,relevance,39,I1r-gqxm7HI,UCJEYP25DMClnq6mzKSWJAMQ,135481,
주식 투자자가 가장 후회하는 것,7. 교훈과 예방,relevance,40,ycUfP_3MUa4,UC8ImQcymUB3VrAlLa_IMl4A,135481,
주식 투자자가 가장 후회하는 것,7. 교훈과 예방,relevance,41,EpyKZitm9dA,UCYYPvecmdGQgzIfghtdWhGQ,135481,
주식 투자자가 가장 후회하는 것,7. 교훈과 예방,relevance,42,aeUYCgjpkac,UCbOIEn95Rvnk97KRtSFqvbQ,135481,
주식 투자자가 가장 후회하는 것,7. 교훈과 예방,relevance,43,63ArnpQ04ws,UCBVhPEv4H6NwNnIyYvq2WnA,135481,
주식 투자자가 가장 후회하는 것,7. 교훈과 예방,relevance,44,LFdUl2aCO3E,UCbOIEn95Rvnk97KRtSFqvbQ,135481,
주식 투자자가 가장 후회하는 것,7. 교훈과 예방,relevance,45,S4gFOyDnTPY,UCswHl6Hq9rNApoM4W7sDHpg,135481,
주식 투자자가 가장 후회하는 것,7. 교훈과 예방,relevance,46,cKkgNCmFxBs,UCe1iO4VU_CjKbM3Tpx6WeLw,135481,
