video_id,title,channel_title,channel_id,published_at,fmt,duration_sec,views,likes,comments,subscribers,channel_size,age_days,views_per_day,views_per_sub,outlier_score,baseline_views,baseline_kind,is_success,is_small_channel,is_mature,in_window,like_rate,comment_rate,weekday_label,publish_hour,title_len,uploads_per_week,tags,video_url
s0HnYY8sK94,공모주사기? 비상장주식 투자로 피해 당했다면 꼭 보세요! 유명인 사칭 사전청약 사기의 실체!,검사출신변호사_법무법인 대환[TV],UCQmmyhDi-AEIV5mKPcmgzhA,2025-12-10 14:53:02,shorts,35.0,2741984,4283.0,3.0,681,1천 미만,303.24348334184026,9042.186067058914,4026.4082232011747,8690.916006339145,315.5,same_format,True,True,True,True,0.0015620076557704202,1.094098287954999e-06,수,14,51,3.0133544214997254,"공모주사기, 공모주 청약 사기, 비상장주식 투자사기, 투자사기 대응법, 비상장주식 피해구제, 유명인 사칭 사기, 사전청약 사기, 투자사기 변호사, 공모주 투자 사기 유형, 공모주 사기 수법, 비상장주 사기 대응, 공모주 피해자, 공모주 사기 사례, 공모주 불법청약, 상장예정주 사기, 공모주 청약 절차, 위조서류 사기, 공모주 공식 절차, 투자사기 조심, 텔레그램 사기 수법, SNS 투자 사기, 지인 소개 투자사기, 금융사기 대응방법, 사기 피해 보상, 공모주 사기 대응 전략, 비상장 투자 사기 예방, 투자사기 신고절차, 공모주 사기 고소, 금융사기 변호사",https://www.youtube.com/watch?v=s0HnYY8sK94
4ld98oGLB0Y,천재투자자의 설정으로 ai자동매매를 만들어봤더니?,AI자동매매제작소,UCSKzsJMJSCzjmO8-8SUDdUw,2025-06-17 12:37:22,shorts,37.0,251558,1692.0,26.0,26000,1만~10만,479.3376963048033,524.8032899128348,9.675307692307692,4452.353982300885,56.5,all_formats,False,False,True,False,0.006726083050429722,0.0001033558861177144,화,12,27,4.167211569083314,,https://www.youtube.com/watch?v=4ld98oGLB0Y
K2nMluaMsY0,미쳐버린 주식 방송사고 대참사 #주식 #주식투자 #재테크,투자하는 동네형,UCoEVLzH9LLcQhqNJ1jbLXKQ,2025-08-02 18:44:56,shorts,46.0,5053333,30121.0,2468.0,4980,1천~1만,433.08244167517364,11668.29340957251,1014.7255020080321,2791.896685082873,1810.0,same_format,False,True,True,False,0.005960620445951217,0.0004883905335349956,토,18,31,1.9025729152890734,"주식, 투자, 주식투자, 경제방송, 재테크",https://www.youtube.com/watch?v=K2nMluaMsY0
Ry_90ZfrWQY,"목사님, 법륜스님의 설법을 듣고 놀란 이유",The Life 지구촌교회 - 더라이프지구촌교회,UCXqPL_eApnUym_FGY6wmhQw,2023-06-05 18:15:01,shorts,58.0,3125837,34583.0,4501.0,45600,1만~10만,1222.1032171381366,2557.7520426792894,68.54905701754386,2279.9686360320934,1371.0,same_format,False,False,True,False,0.011063596726252841,0.0014399343279895914,월,18,23,9.448925184760233,,https://www.youtube.com/watch?v=Ry_90ZfrWQY
OcaTuFNz07k,단타로 183억 번 89세 할아버지의 매매법,다산북스TV,UCSdKPIlqnJNI9FqESh35qdQ,2025-08-14 09:00:24,shorts,31.0,2832210,18462.0,829.0,42800,1만~10만,421.4883676010995,6719.5448740839975,66.17313084112149,1835.5217109526895,1543.0,same_format,False,False,True,False,0.006518584427002235,0.00029270428393374785,목,9,24,7.781075929303367,"독서, 도서, 베스트셀러, 추천, 리뷰",https://www.youtube.com/watch?v=OcaTuFNz07k
shcVIK-_MTM,3년 전 만난 코인 투자자의 현 자산은?,KBS시사,UCEb31RoX5RnfYENmnyokN8A,2024-05-01 06:00:34,shorts,34.0,8025775,27641.0,1711.0,647000,10만~100만,891.6132518603589,9001.408383347993,12.404598145285934,1554.0274954012973,5164.5,same_format,False,False,True,False,0.003444028769807277,0.00021318813447922475,수,6,22,16.600836080467943,"KBS, KBS시사, KBS뉴스, 시사기획창, 시사멘터리추적, 사사건건, 일요진단, 일요진단라이브, 시사다큐, 다큐멘터리, 언론, 탐사보도, 기자, 심층취재, 시사토크, 시사직격, 추적60분, 뉴스공장, 그것이알고싶다, pd수첩, 스트레이트, 국제이슈, 국제경제, 시사다큐 창, 시사다큐 추적, 시사다큐멘터리, 시사멘터리, 추적, 시사이슈, 제보, 머니올라, 삼프로, 슈카월드, 케시, 시사다큐 다시보기, 특파원보고 세계는지금, 사기추적, 금융사기, 신종사기, 더라이브, kbs 시사멘터리, kbs 시사기획, kbs 시사프로, 고발, 시사, 정치, 외교, 국제시사",https://www.youtube.com/watch?v=shcVIK-_MTM
-yOHXbtp0HA,개인 투자자의 무덤이 된 코스닥…수백만 투자자 폭발한 이유,인포스탁데일리,UCc1C4tsjXcCpeyaS19_nGAA,2026-07-29 14:07:11,shorts,64.0,1202329,29167.0,5142.0,28800,1만~10만,72.27532361961805,16635.401127054185,41.74753472222222,1257.6663179916318,956.0,same_format,True,False,True,True,0.024258751140494823,0.004276699638784393,수,14,32,4.4853811283522065,인포스탁데일리,https://www.youtube.com/watch?v=-yOHXbtp0HA
6eeNy0y1e90,"""나는 속지 않을 수 있을까?"" 일단 들어보세요! 실제 주식 리딩방 사기 대화 모두 공개 ｜투자를 유도하는 주식 리딩방 사기 수법｜리딩방 실체 및 후기 모두 공개｜보이스피싱 사례",법무법인(유한) 효성,UCMD74jSzceTRlxMvygxvwXQ,2025-08-09 13:10:25,long,1243.0,190520,1890.0,461.0,2040,1천~1만,426.31474491591433,446.89986042490244,93.3921568627451,1088.6857142857143,175.0,same_format,False,True,True,False,0.00992021834977955,0.0024196934705017848,토,13,99,2.4647929512790148,"#보이스피싱, #리딩방, #보이스피싱변호사, #주식리딩방, #투자사기변호사, #주식투자사기, #주식리딩방사기, #투자리딩방, #주식사이트, #투자사기, #리딩사기, #주식리딩사기, #주식리딩, #보이스피싱사기, #보이스피싱사례, #보이스피싱당했을때, #리딩투자사기, #코인리딩, #주식사기, #주식거래소, #주식사기신고, #투자사기전문변호사, #코인사기변호사, #주식사기변호사, #투자금반환소송, #주식거래소사기, #금융거래사기, #재테크사기, #가상계좌사기, #리딩방사기변호사, #금융사기전문변호사",https://www.youtube.com/watch?v=6eeNy0y1e90
wffpbIMq9jQ,도박을 하면 안되는 이유 중독상담은 1336  #shorts #바카라,스쳐지나간이야기,UCsoPXn1CPz-hP7UasztxR1Q,2022-07-27 05:24:00,shorts,58.0,205073,797.0,41.0,204,1천 미만,1535.6386453788773,133.54248450123094,1005.2598039215686,1068.0885416666667,192.0,same_format,False,True,True,False,0.003886420933033603,0.00019992880583987165,수,5,38,8.056251079979738,,https://www.youtube.com/watch?v=wffpbIMq9jQ
gLzRFxoAHmE,삼성전자 주식 사놓고 까먹은 레전드 할아버지,이름 뒤의 이야기,UC9pRbFJb-RRa3zsHNR7Aknw,2025-09-20 19:01:10,shorts,58.0,21037457,129875.0,3465.0,9100,1천~1만,384.07116852702546,54774.89258223162,2311.8084615384614,1057.3180378951602,19897.0,same_format,False,True,True,False,0.006173512321379908,0.00016470621900736387,토,19,24,1.3619789085135257,"이야기, 썰, story, 인물, 삼성, 삼성전자, 주식, 레전드, 할아버지, 증권, 증권계좌, 코로나, 경제tv, 상담전화, 이건희, 진행자, 앵커, 액면분할, 배당금, 금리, 은행, 은행 금리, 돈방석, 돈 자랑",https://www.youtube.com/watch?v=gLzRFxoAHmE
62oOjYFCtGo,90%가 모르는 ISA계좌 팁,금융초년생 경제가이더 채미,UCHKiNUoqgcESX0RQz7MzWiw,2024-09-05 17:08:37,shorts,34.0,1735310,14811.0,263.0,4400,1천~1만,764.1493282492477,2270.9043060677564,394.38863636363635,1026.810650887574,1690.0,same_format,False,True,True,False,0.008535074424742554,0.00015155793489347725,목,17,16,0.9544006375042776,,https://www.youtube.com/watch?v=62oOjYFCtGo
gbFE2aXLvgg,단 1분 만에 배우는 ETF장단점 투자비법!,돈맛탱,UCFp_Hu3Icrxlp-9yNJUyPDw,2024-08-30 12:28:05,shorts,43.0,546760,2293.0,1.0,522,1천 미만,770.3441430640626,709.7607023079955,1047.4329501915709,979.8566308243728,558.0,same_format,False,True,True,False,0.004193796181139805,1.8289560318969931e-06,금,12,24,4.218422117222234,,https://www.youtube.com/watch?v=gbFE2aXLvgg
mKOkiulXe-8,주식 단타 아무나 할 수 없는 이유,머니테이블,UCQvWvQqVksHI2_p5buRHxKw,2025-03-22 08:00:41,shorts,56.0,3309084,13869.0,540.0,13400,1만~10만,566.529837508507,5840.970379517409,246.9465671641791,917.2790020790021,3607.5,same_format,False,False,True,False,0.0041911900695177275,0.00016318715390724442,토,8,19,1.4643076463879106,,https://www.youtube.com/watch?v=mKOkiulXe-8
H_p2-K0vjmg,세력한테 개미가 털리는 과정(feat. 작전주)｜ #거래량,찬란한 개미TV,UCqJcytaQBunXQg6u6_wP9hw,2022-12-02 13:03:07,shorts,38.0,170709,958.0,3.0,8090,1천~1만,1407.3198143603588,121.3007862591553,21.10123609394314,818.7482014388489,208.5,all_formats,False,True,True,False,0.005611889238411566,1.7573765882290916e-05,금,13,32,3.432556229391467,"주식, 트레이딩, 전업투자, 실전주식투자, 실전주식매매, 실시간매매, 스캘핑, 초단타, 단타, 슈퍼개미, 초보주식, 상한가, 골든크로스, 눌림목, 눌림목매매, 투자기법, 찬란한개미, 숏츠, 주식숏츠, 주식쇼츠, 작전주, 작전주패턴, 세력개미, 작전주따라하기, 작전주따라잡기, 주식세력, 주포세력",https://www.youtube.com/watch?v=H_p2-K0vjmg
5MHq-kzFDu8,"""3억이 0원 됐다"" 주식으로 망하는 사람들의 10가지 특징",체감경제,UCMtLgnp-joJj0aMDoLMrVKg,2026-02-14 18:00:10,long,737.0,125366,1946.0,170.0,980,1천 미만,237.11352963813658,528.7171937903477,127.92448979591836,769.1165644171779,163.0,same_format,True,True,True,True,0.015522549973677073,0.0013560295454908028,토,18,33,1.505108409614059,,https://www.youtube.com/watch?v=5MHq-kzFDu8
Dm9ZPMFkGms,노후자금 사연 주식투자로 280만 원에서 210억 만든 58세 전직 어부의 충격적인 투자 성공 비결,인생경영연구소,UCvBl79IK3X6jiZzZ8_mIM2A,2026-06-28 00:00:23,long,3161.0,765,12.0,1.0,1010,1천~1만,103.86337917517362,7.365444934251257,0.7574257425742574,765.0,1.0,same_format,False,True,True,True,0.01568627450980392,0.00130718954248366,일,0,55,19.288482084482787,"인생경영연구소, 인생이야기, 인생사연, 실화사연, 노후사연, 시니어사연, 황혼이야기, 감동사연, 인생교훈, 삶의지혜, 인생의지혜, 노후생활, 시니어라이프, 황혼인생, 오디오북, 사연라디오, 인생오디오북, 감동실화, 노년의삶, 인생역전, 가족갈등, 고부갈등, 황혼재혼, 황혼이혼, 재혼사연, 노후준비, 은퇴생활, 시니어공감, 인생수업, 성공인생, 인생멘토, 삶의경험, 중년이야기, 노년이야기, 인생명언, 감성사연, 휴먼스토리, 가족사연, 실버세대, 인생드라마, 사이다사연, 반전사연, 충격실화, 눈물사연, 인생성공스토리, 행복한노후, 여유로운인생, 노후행복, 시니어스토리, 인생에세이, 인생극장, 오디오드라마, 한국실화사연, 중장년이야기, 황혼연애, 인생공감, 노후공감, 감동오디오북, 인생채널, 시니어채널, 인생연구소, 삶의가치, 인생철학, 인생상담, 인생성장, 인생경영, 행복한인생, 노후이야기, 따뜻한이야기, 힐링사연, 인생강의, 시니어교육, 인생노트, 감동스토리",https://www.youtube.com/watch?v=Dm9ZPMFkGms
yjx50AEGD1I,주식투자에서 개미투자자 90%가 결국 손실나는 5가지 이유! 목숨걸고 주의해야 할 것!,돈톡스,UCqJWyjSDkweMZmwLKdn4dMw,2025-07-09 21:46:01,long,1994.0,139039,2718.0,189.0,20700,1만~10만,456.9566893603588,304.27172473309173,6.716859903381643,739.5691489361702,188.0,same_format,False,False,True,False,0.019548472011450026,0.0013593308352332798,수,21,48,6.102471884535743,,https://www.youtube.com/watch?v=yjx50AEGD1I
RDEO7tKznSM,주식으로 돈 번 사람들의 유일한 공통점은? 현직 애널리스트피셜 (Feat.이광수) 메보라_#Shorts,메디치미디어,UCRRplhBrgNjauY9teZQbhOQ,2022-05-17 10:24:50,shorts,60.0,5105675,55454.0,2043.0,271000,10만~100만,1606.4297333418401,3178.274713191914,18.840129151291514,689.816253462136,7401.5,same_format,False,False,True,False,0.010861247533381971,0.000400142978156659,화,10,57,2.901334201175098,,https://www.youtube.com/watch?v=RDEO7tKznSM
I1r-gqxm7HI,주식 투자 실패로 15억 날린 사장님,세상의 다양한 이야기,UCJEYP25DMClnq6mzKSWJAMQ,2024-11-17 15:00:18,shorts,48.0,947477,4611.0,1250.0,33800,1만~10만,691.238437045544,1370.6948995048044,28.031863905325444,657.5135322692574,1441.0,same_format,False,False,True,False,0.004866608899213385,0.0013192932387804663,일,15,20,6.511630711296602,,https://www.youtube.com/watch?v=I1r-gqxm7HI
pWv-815AEQU,천재투자자가 쓰는 매매법으로 자동매매를 만들면?,AI자동매매제작소,UCSKzsJMJSCzjmO8-8SUDdUw,2025-06-19 13:27:03,shorts,31.0,36442,255.0,3.0,26000,1만~10만,477.3031939899884,76.34979287560431,1.4016153846153847,644.9911504424779,56.5,all_formats,False,False,True,False,0.00699742055869601,8.232259480818836e-05,목,13,26,4.167211569083314,,https://www.youtube.com/watch?v=pWv-815AEQU
19S2Bokd3us,#단타 는 이렇게 쉽게 하는겁니다,하루단타 이프로,UCa1MN4gdc3cnWaB0Sp1NMdg,2024-08-07 20:00:01,shorts,16.0,1226208,3863.0,193.0,11100,1만~10만,793.0303004714698,1546.2309564603001,110.4691891891892,595.2466019417476,2060.0,same_format,False,False,True,False,0.0031503627443304886,0.00015739580886766356,수,20,18,2.773211038150268,"단타, 주식단타, 매매기법, 급등주, 매수 타점, 매도 타점, 주식 타점, 주식 세력, 주식 매매, 주식 매매 방ㅂ버, 주식 매매 방법, 급등주 매매, 주식 매매 기법, 단타 기법, 주도주, 주도주 단타, 당일 단타, 국내주시그, 국내주식, 주식 추천, 무료 추천주, 세력주, 바닥주, 바닥주 찾기, 세력주 찾기, 급등주 찾기, 주도주 찾기, 주식, 코인 단타, 코이느, 코인, 매매 비법, 주식 매매 고수, 단타기법",https://www.youtube.com/watch?v=19S2Bokd3us
zGWWjU_JwTs,리딩방 사기 수법 3가지 이것만 알아도 투자사기는 피한다 (부모님께 공유 필수),변호사 이승재,UCblB86SI93UerFKcFfTlvaA,2024-05-14 18:00:52,shorts,60.0,25910,247.0,34.0,3800,1천~1만,878.1130435270255,29.506451579320576,6.818421052631579,484.29906542056074,53.5,same_format,False,True,True,False,0.00953299884214589,0.0013122346584330375,화,18,44,2.8571382680129855,"#법무법인리앤파트너스, #이승재변호사, #형사전문변호사, #리딩방사기, #투자사기, #리딩방사기수법, #주식리딩방, #카톡리딩방, #수익인증, #법률상담, #변호사선임, #변호사상담",https://www.youtube.com/watch?v=zGWWjU_JwTs
a8uDvaT2wiE,주식 90%의 투자자가 실패하는 냉혹한 진실,한국개선협회,UCdvDbUaPpzex0nzPih_rMpw,2025-10-20 07:00:01,long,811.0,14036,315.0,18.0,1850,1천~1만,354.5719671381366,39.5857577610803,7.587027027027027,484.0,29.0,same_format,True,True,True,True,0.02244229125106868,0.0012824166429182104,월,7,24,4.999976851959018,,https://www.youtube.com/watch?v=a8uDvaT2wiE
AIUHL8ZOZD0,"2,000만원으로 자동매매 해본 썰 풀어본다 [고정댓글 확인]",비트패스 비트코인자동매매,UCD_dgZUmlMnN-za_fjVu5XQ,2022-08-14 12:00:03,shorts,27.0,652180,1653.0,188.0,5420,1천~1만,1517.3636106566553,429.81128281952283,120.32841328413284,480.6042741341194,1357.0,same_format,False,True,True,False,0.002534576343954123,0.0002882639762028888,일,12,34,6.486397441133369,"#비트코인, #알트코인, #비트패스, #자동매매, #자동매매프로그램, #비트코인자동매매프로그램, #투자, #재테크, #주식, 코인, 상승장, 폭락, 하락장, 대하락장, 하락, 코린이, 성투, 상승, 호재, 악재",https://www.youtube.com/watch?v=AIUHL8ZOZD0
B68KX94T0KA,대기업 직장인이 루나로 전재산 잃고 퇴사를 결심한 이유 #시사직격 #shorts,KBS 추적60분,UCy-6oZwPwrR_W-zYnqLD8dg,2022-10-29 15:42:49,shorts,47.0,2760828,15125.0,3581.0,803000,10만~100만,1441.208911582581,1915.633450370741,3.4381419676214198,470.4887525562372,5868.0,same_format,False,False,True,False,0.005478428935087589,0.0012970746457222253,토,15,44,3.9886097756024497,"KBS, 임재성, 다큐, 다큐멘터리, 인터뷰, 레전드, 김어준, 뉴스공장, 루나, 코인, 참교육, 수혜주, 이더리움, 빚투, 영끌, 실패, 대기업, 연봉, 퇴사, 현실",https://www.youtube.com/watch?v=B68KX94T0KA
Uvl7xLjAh-I,결국 폭발해버린 퇴직연금 전문가 #shorts,교보생명 퇴직연금,UCJnEwE47s9sF0VhEOXbT4HQ,2023-09-15 18:00:32,shorts,47.0,1083895,4961.0,894.0,80300,1만~10만,1120.1132750085071,967.6655247138,13.498069738480698,468.5087529716879,2313.5,same_format,False,False,True,False,0.00457701161090327,0.0008248031405256044,금,18,25,0.8348247359452673,,https://www.youtube.com/watch?v=Uvl7xLjAh-I
EcqRufgRhZI,오늘만 2억이상 손절 남은건 가족이랑 감당하지못할빚뿐입니다#열심히 살겠습니다#빚투 #주식방송 #주식실시간 #shorts,주식일기 STOCK DIARY,UCAwbbceBby-s7BnejRk9oMg,2022-12-29 11:22:39,shorts,26.0,213918,624.0,260.0,1770,1천~1만,1380.3895828788775,154.9692946493137,120.85762711864406,461.0301724137931,464.0,same_format,False,True,True,False,0.002917005581577988,0.0012154189923241617,목,11,66,8.67054509170879,,https://www.youtube.com/watch?v=EcqRufgRhZI
5N0jh7wDssI,찰리 멍거 “주식으로 부자되려면 걍 닥치고 이것만 해라”  #shorts,타민더마켓,UCe1iO4VU_CjKbM3Tpx6WeLw,2023-05-03 17:15:00,shorts,30.0,2840192,28924.0,1254.0,136000,10만~100만,1255.1448953788774,2262.8399401988254,20.883764705882353,455.30490541840334,6238.0,same_format,False,False,True,False,0.010183818558745325,0.00044151944657262607,수,17,40,0.4473934140671319,"찰리멍거, 차리멍거, 찰릴멍거, 멍거주식, 주식꿀팁, 주식매매, 주식부자, 부자되는법, 주식부자되는법, 투자꿀팁, 주식잘하는법",https://www.youtube.com/watch?v=5N0jh7wDssI
-vPbgWEJg_g,맞벌이 부부의 월급날루틴 “빠르게 1억 모으기“,재테콩,UCydd_GbDufCQg2804nKlPaA,2025-12-23 12:00:00,shorts,30.0,2098605,14196.0,360.0,7190,1천~1만,290.3636453788773,7227.50603734039,291.87830319888735,419.05051916932905,5008.0,same_format,True,True,True,True,0.006764493556433917,0.00017154252467710694,화,12,26,0.6913743909594721,,https://www.youtube.com/watch?v=-vPbgWEJg_g
V-Nlkc9YA34,아들의 코인빚에 아버지가 향한곳,마음온기,UCe0lSThMhldpyl4z7OiJWiw,2026-04-23 22:01:03,shorts,24.0,4889533,20862.0,2813.0,2810,1천~1만,168.946249545544,28941.352726991998,1740.0473309608542,399.3411466840902,12244.0,same_format,False,True,True,True,0.004266665139595131,0.0005753105664692313,목,22,17,2.1552082024487413,,https://www.youtube.com/watch?v=V-Nlkc9YA34
i97dYdf-wzQ,약 5년 동안 연금저축펀드에서 ETF만 계속 샀더니..,서대리TV,UCtQkxwZkrruYdy2bVNNW-Rw,2024-05-10 23:10:02,shorts,11.0,3301418,7359.0,207.0,243000,10만~100만,881.8983444529515,3743.5357723093307,13.58608230452675,385.83743353006486,8556.5,same_format,False,False,True,False,0.002229042187326779,6.270033058522126e-05,금,23,30,7.824904310528636,,https://www.youtube.com/watch?v=i97dYdf-wzQ
P8qcySTDZhc,주식 초보가 절대 돈을 잃지 않는 방법,주식부엉,UCnFnsb1jfgAHSdviaNSaUwA,2024-07-04 20:16:43,shorts,24.0,2492525,15515.0,441.0,27600,1만~10만,827.0187032492476,3013.8677519712646,90.3088768115942,361.70729937599765,6891.0,same_format,False,False,True,False,0.006224611588650063,0.00017692901776311171,목,20,21,0.4617969677562026,,https://www.youtube.com/watch?v=P8qcySTDZhc
rIK1Sj4sIKA,작전 세력이 공매도 하는 이유,찬란한 개미TV,UCqJcytaQBunXQg6u6_wP9hw,2022-12-29 15:06:05,shorts,53.0,66786,682.0,32.0,8090,1천~1만,1380.2344208418403,48.38743259225886,8.255377008652658,320.31654676258995,208.5,all_formats,False,True,True,False,0.010211721019375317,0.0004791423352199563,목,15,16,3.432556229391467,"주식, 트레이딩, 전업투자, 실전주식투자, 실전주식매매, 실시간매매, 스캘핑, 초단타, 단타, 슈퍼개미, 초보주식, 상한가, 골든크로스, 눌림목, 눌림목매매, 투자기법, 찬란한개미, 숏츠, 주식숏츠, 주식쇼츠, 돈, 유지태, 류준열, 작전, 작전주, 공매도, 돈 공매도",https://www.youtube.com/watch?v=rIK1Sj4sIKA
8Rp4vsTkAoU,주식 자동매매 프로그램으로 상승 종목 올라타보기 #shorts #에코프로비엠 #주식자동매매,주식프로그램으로 노후보내기,UCVgnj0NqPit4GpTbdpr2KSg,2024-02-28 20:00:06,shorts,19.0,11072,28.0,1.0,25,1천 미만,954.0302426010996,11.605502116801803,442.88,291.36842105263156,38.0,same_format,False,True,True,False,0.0025289017341040463,9.03179190751445e-05,수,20,50,0.8658594331326523,"비트코인, 알트코인, 비트패스, 자동매매, 자동매매프로그램, 비트코인자동매매프로그램, 투자, 재테크, 주식, 코인, 상승장, 폭락, 하락장, 대하락장, 하락, 코린이, 성투, 상승, 호재, 악재, 조선족",https://www.youtube.com/watch?v=8Rp4vsTkAoU
Y-ytRabMNEs,사고 5년뒤 후회할아파트,푸릉,UC8tWxC9EPKUCrHmEhiYTbhQ,2024-11-28 17:30:11,shorts,51.0,4231443,44896.0,1510.0,405000,10만~100만,680.1343513973958,6221.481081357129,10.448007407407408,285.08003772822207,14843.0,same_format,False,False,True,False,0.010610092112785166,0.00035685226056454027,목,17,25,2.9166751061200986,"렘군, 램군, 부동산투자, 부동산전망, 재테크, 투자노하우, 공시지가, 다주택자, 무주택자, 부동산공약, 1주택자, 투자전략, 2030투자, 3040투자, 4050투자, 지식산업센터, 아파텔, 비과세, 종부세, 취득세, 부동산세금, 공시가격, 2022부동산, 렘군자산, 푸릉, 알리알리",https://www.youtube.com/watch?v=Y-ytRabMNEs
C8oWM2NKgbM,저는 이렇게 주식계좌 깡통을 찼습니다.,양가이TV,UCtZ_7hprG4TQc1eZChXEKPA,2021-05-31 17:38:06,long,760.0,834416,21414.0,1776.0,9150,1천~1만,1957.1288537122105,426.3469921345803,91.19300546448088,284.0081688223281,2938.0,same_format,False,True,True,False,0.02566345803532051,0.0021284347375889246,월,17,21,2.590302640149098,,https://www.youtube.com/watch?v=C8oWM2NKgbM
Zhnf9CNVb-A,주식리딩방 사기 수법! HTS도 가짜? 수익난 것처럼?ㅣKBS 시사멘터리 추적 22.05.29 방송,KBS시사,UCEb31RoX5RnfYENmnyokN8A,2022-09-24 19:00:31,long,1378.0,1458479,9905.0,2621.0,647000,10만~100만,1476.0716199159144,988.0814591388753,2.2542179289026274,282.40468583599574,5164.5,all_formats,False,False,True,False,0.0067913216439866465,0.0017970776404733972,토,19,55,16.600836080467943,"KBS, KBS시사, KBS뉴스, 시사멘터리추적, 시사다큐, 사회이슈, 다큐멘터리, 탐사보도, 기자, 시사직격, 추적60분, 그것이알고싶다, 주식 다큐, 시사다큐 주식, 주식사기 다큐, kbs추적 주식사기, 리딩방사기, 무료리딩, 유료리딩, 리딩방 사기수법, 리딩방 환불, 카톡 리딩방, 카카오톡 리딩방",https://www.youtube.com/watch?v=Zhnf9CNVb-A
Bpls7wOyg6E,주식을 '매수하면 안 되는 시간'이 있다?,강민우 돈깡TV,UCI6C5V4J8FWRcLcOdh1yElw,2021-11-26 20:38:35,shorts,59.0,9743827,71096.0,1412.0,591000,10만~100만,1778.0035180640625,5480.206816806154,16.487016920473774,279.85027859153314,34818.0,same_format,False,False,True,False,0.007296517066651532,0.00014491226086013227,금,20,23,2.6611734789422328,"주식, 재테크, 주식투자, 해외선물, 해외주식, 주식초보, 주식하는법, 주식공부, 주식기초, 주식 사는법, 삼성전자, 테슬라, 주식강의, 투자, 초보투자, 주린이, 코스피, 코스닥",https://www.youtube.com/watch?v=Bpls7wOyg6E
SIxVQtsKVZg,"미국 S&P500, SPY 적립식 투자가 망하는 1가지 이유 #SPY #미국주식 #연금투자",퀀트는 게만아 | 파이썬 자동매매,UCisI76sCtqpz_S6pKfvAXPQ,2024-09-21 19:30:17,shorts,53.0,313412,850.0,136.0,17500,1만~10만,748.0509486196181,418.97146254321393,17.909257142857143,278.83629893238435,1124.0,same_format,False,False,True,False,0.0027120850509871988,0.00043393360815795185,토,19,71,10.413276928083306,,https://www.youtube.com/watch?v=SIxVQtsKVZg
dpl9pVqdqNo,황혼이혼 재산분할 어떻게 해야하나?,소송가이드,UC_0iaEN4A-ZQ1brZxdy9s1w,2021-01-20 22:56:01,long,249.0,4669,69.0,1.0,3520,1천~1만,2087.9080782492474,2.2362095576137864,1.3264204545454545,259.3888888888889,18.0,same_format,False,True,True,False,0.014778325123152709,0.00021417862497322766,수,22,19,1.0255711098246252,,https://www.youtube.com/watch?v=dpl9pVqdqNo
mSfl7lqisFc,연금저축 IRP 납입 방법 정리,주식부엉,UCnFnsb1jfgAHSdviaNSaUwA,2024-06-03 17:02:00,shorts,36.0,1711514,11945.0,545.0,27600,1만~10만,858.1539231566552,1994.4137686911963,62.011376811594204,248.36946742127412,6891.0,same_format,False,False,True,False,0.0069792008712753735,0.0003184315173583155,월,17,17,0.4617969677562026,,https://www.youtube.com/watch?v=mSfl7lqisFc
OUW-wvJ1LyM,대부분의 사람들이 부자 되기 힘든 이유#shorts  #부자되는법 #삼프로tv (쇼츠 김동환),월급쟁이부자들TV,UCDSj40X9FFUAnx1nv7gQhcA,2023-01-13 12:00:14,shorts,49.0,4458088,69945.0,1710.0,2120000,100만+,1365.3634833418403,3265.129069578205,2.1028716981132076,239.4182755565103,18620.5,same_format,False,False,True,False,0.015689461491114578,0.0003835725091115294,금,12,52,7.0510318429634475,"월급쟁이부자들, 너나위, 너바나, 코크드림, 구해줘월부, 월부, 10억달성, 월부닷컴, 재테크, 부동산투자, 부동산강의",https://www.youtube.com/watch?v=OUW-wvJ1LyM
Z_ul2wo7NHs,"노후 자금 10년 묻어두려던 ETF, 결국 단타치다 망하는 치명적인 이유",부의 스케치,UCtjPzcDqJlZHzTFy-K5_0uQ,2026-03-07 07:00:30,long,565.0,233243,3991.0,343.0,5560,1천~1만,216.57163148998842,1076.978542366396,41.950179856115106,237.03556910569105,984.0,same_format,True,True,True,True,0.01711091008090275,0.0014705693204083296,토,7,40,2.262054933430444,"노후준비, 노후, 노후대책, 노후자금, 노후대비, 50대노후준비, 60대노후준비, 은퇴준비, 은퇴설계, 5060재테크, 50대재테크, 자산관리, 투자포트폴리오, 퇴직연금, 연금저축펀드, IRP, 개인연금, 재무설계, ETF투자, S&P500, 미국주식, 장기투자, 단타, 뇌동매매, 주식마인드, 주식심리, 주식초보, 부의스케치",https://www.youtube.com/watch?v=Z_ul2wo7NHs
9zjtMaaDOlM,미국주식 팔았더니 세금이 왜이래.. 연말까지 준비합시다! #신혼부부 #미국주식 #해외주식,해쏘현_신혼부부 재테크,UCVIB6JMy4MW5b8yl4TA04YA,2024-11-25 20:00:15,shorts,16.0,725095,1696.0,243.0,26300,1만~10만,683.0301384344328,1061.5856595464202,27.57015209125475,213.89233038348084,3390.0,same_format,False,False,True,False,0.0023390038546673196,0.0003351285004033954,월,20,49,1.041665805501153,,https://www.youtube.com/watch?v=9zjtMaaDOlM
kejvCNXeAgs,주식으로 1억 날린 신혼부부가 깨달은 것들  #신혼부부 #주식 #폭망,오투방송,UCrehv5OOnF2TsgbV98X7uSw,2022-12-28 19:46:25,long,425.0,550990,6829.0,1658.0,4380,1천~1만,1381.0397449159145,398.96751851522373,125.79680365296804,207.4120082815735,2656.5,same_format,False,True,True,False,0.012394054338554238,0.003009129022305305,수,19,38,0.9485416172634574,,https://www.youtube.com/watch?v=kejvCNXeAgs
dNjSWJCDk2Y,주린이도 이해하는 주가 조작 원리,이승훈의 성공실험,UCff8o2RFWdsXXyAmCddBOKA,2023-05-09 01:11:48,shorts,55.0,49948,247.0,7.0,696,1천 미만,1249.8137842677663,39.96435359309407,71.76436781609195,204.70491803278688,244.0,same_format,False,True,True,False,0.004945142948666614,0.00014014575158164492,화,1,18,0.37983370895294805,,https://www.youtube.com/watch?v=dNjSWJCDk2Y
jl7tKPHmZWs,세력의 심리를 알면 차트를 보는 눈이 달라집니다. #설거지,김추세,UCc5iDhoS23H_TYmrurKBXug,2025-01-16 01:49:22,shorts,115.0,2025684,33870.0,547.0,20700,1만~10만,631.7876963048033,3206.273265288024,97.85913043478261,201.20023837902264,10068.0,same_format,False,False,True,False,0.01672027818751592,0.00027003224589817565,목,1,32,2.2673011853846474,,https://www.youtube.com/watch?v=jl7tKPHmZWs
86YiCaX9-0o,은퇴자금 5억 원으로 어느정도 버틸수 있을까? 😭#노후준비 #은퇴자금 #자산관리 #김경필  #쇼츠,빅퀘스천 Big Questions,UCwTeqOOcb4o64be9MnmxUUA,2026-05-21 19:15:17,shorts,56.0,2799781,9158.0,734.0,786000,10만~100만,141.06136528628474,19847.964708960746,3.562062340966921,196.959620119592,14215.0,same_format,False,False,True,True,0.0032709701223059945,0.00026216336206296136,목,19,54,7.11561725038337,"김경필, 머니트레이너 김경필, 빅퀘스천 김경필, 재테크, 자산관리, 노후준비, 은퇴준비, 노후생활비, 은퇴자금, 노후대비, 은퇴자산관리, 재테크기초, 쇼츠, shorts, 노후5억, 은퇴후한달생활비, 노후파산",https://www.youtube.com/watch?v=86YiCaX9-0o
nomXwaka75I,버핏이 한국 주식을 사지 않는 진짜 이유,머니테이블,UCQvWvQqVksHI2_p5buRHxKw,2025-04-24 19:01:31,shorts,57.0,703368,2758.0,232.0,13400,1만~10만,533.0709254714699,1319.4641958345644,52.490149253731346,194.97380457380459,3607.5,same_format,False,False,True,False,0.003921133745066594,0.00032984156231162065,목,19,22,1.4643076463879106,,https://www.youtube.com/watch?v=nomXwaka75I
YU7Z05mQ6Cs,이런 사람과는 절대 결혼하면 안 됩니다 #shorts  #이혼 #결혼  (쇼츠 이인철),월급쟁이부자들TV,UCDSj40X9FFUAnx1nv7gQhcA,2023-08-24 08:00:13,shorts,41.0,3579969,38454.0,816.0,2120000,100만+,1142.530161582581,3133.369358968335,1.6886646226415094,192.25955264359175,18620.5,same_format,False,False,True,False,0.010741433794538444,0.00022793493463211552,목,8,48,7.0510318429634475,,https://www.youtube.com/watch?v=YU7Z05mQ6Cs
eG1tc83rNBY,이런 집들은 피하세요,월급쟁이부자들TV,UCDSj40X9FFUAnx1nv7gQhcA,2024-09-03 12:00:33,shorts,22.0,3572479,19059.0,3327.0,2120000,100만+,766.3632634344328,4661.600014580616,1.6851316037735848,191.85730780591282,18620.5,same_format,False,False,True,False,0.005334950884245925,0.0009312860901351694,화,12,11,7.0510318429634475,,https://www.youtube.com/watch?v=eG1tc83rNBY
mbzL0mdFUnw,남편의 비트코인 투자실패로 빚 4억이 생긴 애기엄마,피플빌리지,UC5O90RZzHh-bbo6S7_mKjUA,2025-10-29 13:49:01,long,525.0,164853,2034.0,1226.0,1610,1천~1만,345.2879393603588,477.4363109970998,102.39316770186335,187.75968109339408,878.0,same_format,False,True,True,True,0.01233826499972703,0.007436928657652575,수,13,28,2.17130541121558,"비트코인, 비트코인선물, 알트코인, 알트코인선물, 리플, 이더리움, 해외선물, 삼성전자, sk하이닉스, 빚, 사체, 대출, 엄마, 여성, 어머니, 가족, 파산, 꿈, 희망, 돈",https://www.youtube.com/watch?v=mbzL0mdFUnw
6evwASRVysw,코인판 3대 레전드 사건 #코인 #비트코인 #shorts #차트 #주식,코뭉,UCoLJtmpkYvqFBgOvOHqYrzA,2024-09-20 19:52:28,shorts,44.0,1682775,,438.0,38300,1만~10만,749.0355435270254,2246.588983049087,43.93668407310705,187.04774078808427,8996.5,same_format,False,False,True,False,,0.0002602843517404288,금,19,39,3.574445122538785,,https://www.youtube.com/watch?v=6evwASRVysw
PkjyCF-gXhI,IRP 계좌를 무조건 2개 이상 만들어야 하는 이유!,돈워리,UCx7tcHOxncHiyflRNqwICwA,2024-11-18 07:00:15,shorts,55.0,634394,2564.0,28.0,69600,1만~10만,690.5718051010996,918.6503058970454,9.114856321839081,178.85367916549197,3547.0,same_format,False,False,True,False,0.0040416523485404966,4.413660911042665e-05,월,7,29,10.796849633517647,,https://www.youtube.com/watch?v=PkjyCF-gXhI
YI6Is1LX87w,"40대 16년 동안 쉼 없이 모은 모든 자산이 단, 8개월 만에 녹아버렸어요. 영끌절대하지마세요 | 영끌의 현실 | 영끌족의 최후 | 영끌실패 |부동산실패 | 투자실패 | 빚투 |",짠행복,UCOS_JWKjqTL8s2de2nwGG6A,2023-01-23 02:03:40,long,440.0,845207,4101.0,1248.0,8640,1천~1만,1355.7777657492477,623.411167635509,97.82488425925926,177.09942378208487,4772.5,same_format,False,True,True,False,0.004852065825294869,0.001476561363074371,월,2,100,0.7283899422066901,,https://www.youtube.com/watch?v=YI6Is1LX87w
iacwbUHyqv4,주식으로 성공한 부자들의 어마어마한 핵심 노하우,좋은미래만들기,UCcc-b4iEJz8k3reJo6N9pGg,2025-10-29 22:43:24,shorts,49.0,5401259,43147.0,939.0,138000,10만~100만,344.91683982332177,15659.597840356853,39.13955797101449,172.00913983631094,31401.0,same_format,True,False,True,True,0.007988322722535615,0.0001738483564665201,수,22,26,9.861518067220725,,https://www.youtube.com/watch?v=iacwbUHyqv4
eZaIgOErC6I,"연금저축과 IRP, 핵심 차이 정리 [경제적 본능]",CBS 경제연구실,UCmcSbRX1q3c0XDeI9HeXfFw,2025-09-22 18:00:50,shorts,62.0,397208,1901.0,107.0,176000,10만~100만,382.1130666751736,1039.503839678056,2.2568636363636365,166.47443419949707,2386.0,same_format,False,False,True,False,0.004785905621236229,0.0002693802743147167,월,18,28,21.875063295900738,"노컷뉴스, 노컷, 실컷",https://www.youtube.com/watch?v=eZaIgOErC6I
ahYVr3aKGjY,주식으로 대박난 80대 부부의 현실이 레전드,키득키득짤,UCzbN_xBNLw2042QyLYXwNjA,2025-01-25 20:42:26,shorts,35.0,1988254,31090.0,399.0,697,1천 미만,622.0008444529514,3196.5454994657857,2852.5882352941176,163.25264800065688,12179.0,same_format,False,True,True,False,0.01563683513273455,0.0002006785853316528,토,20,24,5.317335808214972,,https://www.youtube.com/watch?v=ahYVr3aKGjY
GnRbPMTard8,내가 TQQQ 투자하는 방법!,퀀트는 게만아 | 파이썬 자동매매,UCisI76sCtqpz_S6pKfvAXPQ,2024-04-29 19:30:06,shorts,25.0,181890,319.0,15.0,17500,1만~10만,893.051075934433,203.6725612918406,10.393714285714285,161.8238434163701,1124.0,same_format,False,False,True,False,0.0017538072461377755,8.246742536698004e-05,월,19,16,10.413276928083306,"무한매수법, 라오어의 무한매수법, 라오어 무한매수법, 라오어무한매수, 무한매수, TQQQ, TQQQ무한매수, UPRO무한매수",https://www.youtube.com/watch?v=GnRbPMTard8
B8bU8-A5Bjc,[주식 실패 사연] 은퇴 후 용돈 벌려고 시작한 주식으로 2억 날린 60대 이야기,코인챗,UCm8VqlpN2vff3ijhWOyrtdw,2021-06-29 12:00:02,long,734.0,418640,5178.0,765.0,21400,1만~10만,1928.363622230729,217.09598499670807,19.562616822429906,159.6643783371472,2622.0,same_format,False,False,True,False,0.012368622205236003,0.0018273456908083317,화,12,45,1.0835910982991275,"재테크, 정년퇴임, 전업투자",https://www.youtube.com/watch?v=B8bU8-A5Bjc
daUXgWnzAQE,"채무자의 모든 계좌, 한번에 다 압류 가능한가요?",류인규 변호사의 내돈내놔,UCw9o9ThCdG5G1VAFtVymCwg,2024-09-06 18:07:14,shorts,54.0,206969,1433.0,104.0,17600,1만~10만,763.1086222307292,271.218269549865,11.759602272727273,157.9313239221671,1310.5,same_format,False,False,True,False,0.006923742202938604,0.0005024907111693056,금,18,27,4.999712318140425,"내돈내놔, 류인규변호사, 30초변호사, 압류, 계좌압류",https://www.youtube.com/watch?v=daUXgWnzAQE
8aasDZGWmmc,최고의 노후준비는 '이것'만 알면 됩니다 #노후 #노년 #노후준비 #노인 #노인빈곤 #노후파산,달그닥TV,UCuAEegkcpCTs64hd0VwwVOA,2024-11-29 22:21:05,shorts,41.0,519239,2104.0,100.0,257000,10만~100만,678.932337508507,764.7875514450569,2.0203852140077823,156.58594692400482,3316.0,same_format,False,False,True,False,0.004052083915114234,0.00019258953969174118,금,22,52,3.632556353874415,,https://www.youtube.com/watch?v=8aasDZGWmmc
ApgVJeJIQ7U,정말 이혼하고 싶다면 처음 해야 할 일,유돈로우,UCh6Abvmtk-LsNxJ_FXRK4ow,2024-06-28 18:00:09,shorts,41.0,272161,1559.0,91.0,13600,1만~10만,833.1135412122105,326.6793618598443,20.011838235294118,150.19922737306842,1812.0,same_format,False,False,True,False,0.005728227042081709,0.0003343609113723127,금,18,21,2.02117001816179,"김유돈변호사, 군법무관, 군검사, 군판사, 법무법인지금, 변호사, 서초변호사, 법률상담, 법률사무소, 법률지식, 이혼, 파혼, 이혼소송, 재산분할, 위자료",https://www.youtube.com/watch?v=ApgVJeJIQ7U
smsrFLb8Suk,코인 투자 실패로 3억 잃고 깨달은 사실,사장찍어주는남자,UCd0JNZPS_7yjqWA3Y6yU-vw,2024-11-11 20:00:59,shorts,57.0,494148,2350.0,237.0,143000,10만~100만,697.0296291751736,708.9339955099864,3.4555804195804196,150.15132178669097,3291.0,same_format,False,False,True,False,0.004755660247537175,0.0004796133951771534,월,20,22,2.2163531535942265,,https://www.youtube.com/watch?v=smsrFLb8Suk
G73W91WXILc,3개월만에 사라진 1억. 주식 해외선물 리딩방 사기 그날의 생생한 이야기,피해자갤러리,UCWxRJkE-NCaGbKjI4etgtpg,2023-12-26 21:02:31,long,1979.0,899158,11160.0,5672.0,9370,1천~1만,1017.9868976936922,883.2707002782591,95.96136606189968,148.84257573249462,6041.0,same_format,False,True,True,False,0.01241161175232829,0.006308123822509504,화,21,40,0.3561855581911315,"주식전망, 주식단테, 주식에소리, 주식강의 기초, 주식실기간방송, 주식에미치는사람들, 주식공부, 주식꾸러기, 주식단타, 해외선물 실시간, 해외선물실시간방송, 해외선물 코비, 해외선물 하는법, 해외선물 보스, 해외선물 인범, 해외선물 노엘, 해외선물 택삼, 해외선물 실시간 코비, 리딩방 사기, 리딩방 사기수법, 리딩방 실체, 리딩방 환불, 리딩방 몰아보기, 리딩방 수익, 리딩방 검거, 리딩방 유튜버, 주식사기, 주식사기 유튜버, 주식사기 수법, 주식사기꾼, 주식사기 신고, 사기꾼, 사기꾼 참교육, 사기꾼의 특징, 해외선물 사기피해, 해외선물 사기업체, 해외선물 사기 유튜버",https://www.youtube.com/watch?v=G73W91WXILc
leJ7qthMifE,주식하기 전에 꼭 알아야 할 2가지(존리 대표) #shorts #경제일타강사 #존리 #주식투자 #주식,경제야놀자,UCgjsiInAgdceEq2lpRNNYvw,2023-10-18 07:00:24,shorts,60.0,1121044,16978.0,212.0,378000,10만~100만,1087.571700934433,1030.7770963852847,2.9657248677248678,143.9173246036331,7789.5,all_formats,False,False,True,False,0.015144811443618627,0.00018910943727454052,수,7,56,22.180218677592478,"발칙한경제, 머니투데이방송, 경제, 주린이, 발경",https://www.youtube.com/watch?v=leJ7qthMifE
uYiKAfx04ZU,"""은퇴 자금, 이렇게만 불리세요"" 5억으로 '평생' 먹고사는 노후 전략 [김지훈 작가]",호오인사이트 HOOH INSIGHT,UC1C9yWtYquN2W2VaWE5rqkQ,2026-04-15 18:30:37,long,555.0,211549,2036.0,114.0,26900,1만~10만,177.09238380480326,1194.5685943963344,7.864275092936803,143.42305084745763,1475.0,same_format,True,False,True,True,0.009624247810200002,0.0005388822447754421,수,18,48,3.3342161361506872,"은퇴자금, 노후자금, 노후준비, 은퇴준비, 노후전략, 자산관리, 재테크, 투자전략, S&P 500, QQQ, ETF투자, 미국주식, 장기투자, 경제공부, 재테크 공부, 경제 기초, 투자 초보, 자산 증식, 경제적 자유, 재테크 강의, 김지훈 작가",https://www.youtube.com/watch?v=uYiKAfx04ZU
Glk3J5ka-AA,40초만에 ETF 투자 완벽정리  #etf투자 #etf #채권 #주식 #주식투자 #다꿈스쿨,다꿈스쿨 TV,UCiYcXH2xoBeaXCQs7G9zImg,2025-10-24 13:23:41,shorts,43.0,169840,1394.0,32.0,106000,10만~100만,350.3055319529514,484.8339078550742,1.6022641509433961,139.21311475409837,1220.0,same_format,True,False,True,True,0.008207724917569477,0.00018841262364578426,금,13,50,5.442193520730276,"경제적자유, 부자되는법, 부자, 돈버는법, 자본주의, 부자아빠, 청울림, 부동산, 투자, 토지, 상가, 아파트, 경매, 창업, 4050, 부린이",https://www.youtube.com/watch?v=Glk3J5ka-AA
4wCo2ubeIKs,조용한 복리효과를 내는 4가지 ETF 포트폴리오,시드업,UCjVP3Pf-Y0OhgIk4y7e6wOQ,2025-09-27 21:00:18,shorts,42.0,3586323,39180.0,384.0,39200,1만~10만,376.988437045544,9513.084878958067,91.48783163265306,137.7977022977023,26026.0,same_format,False,False,True,False,0.010924838616042114,0.0001070734565737665,토,21,26,2.089556281618013,,https://www.youtube.com/watch?v=4wCo2ubeIKs
1mC69VtIuss,매일 30년간 S&P500에 투자했다면?,디히치,UCnoMvisA2ot4V0oIvLOJrbw,2025-03-05 15:48:26,shorts,21.0,1039596,2136.0,444.0,25100,1만~10만,583.205011119618,1782.556699923098,41.41816733067729,137.05945945945945,7585.0,same_format,False,False,True,False,0.0020546443041335287,0.00042708898456708184,수,15,22,1.8155617416472452,"주식, 주식투자, 주식 투자, 미국 주식, 미국주식",https://www.youtube.com/watch?v=1mC69VtIuss
BxdqeNVORNc,무조건 기억하세요! 주식 가장 중요한 원칙 하나,좋은미래만들기,UCcc-b4iEJz8k3reJo6N9pGg,2025-09-19 20:00:43,shorts,108.0,4273198,47031.0,979.0,138000,10만~100만,385.0298143603588,11098.3561288597,30.965202898550725,136.084774370243,31401.0,same_format,False,False,True,False,0.011006042781074034,0.00022910241931218726,금,20,26,9.861518067220725,,https://www.youtube.com/watch?v=BxdqeNVORNc
-OKoEBoPRRk,포스코홀딩스 주식투자실패 존망기ㅠ #손절 #개미투자자 #주식 #인간지표 #투자실패 #포스코홀딩스,존망tv,UCWMljBgfOjejIHvz8fAyexg,2024-06-25 04:43:00,shorts,38.0,130963,327.0,119.0,110,1천 미만,836.6671176010997,156.52939770777465,1190.5727272727272,128.52109911678116,1019.0,same_format,False,True,True,False,0.0024968884341378863,0.0009086535891816772,화,4,53,0.1829170521474733,"투자실패, 인간지표, posco, 주식, posco홀딩스, 리튬, 전기차, 2차전지, 베터리, 핵심광물, 포스코, 포스코홀딩스, 손절, 개미투자자, 포홀, 배터리, 포스코 하락, 포스코홀딩스 주가하락, 포스코홀딩스 하락, 리튬가격, 철강, 철강주, 2차전지 관련주, 2차전지 관련주식, 2차전지 주식, 광양, 포항, 2차전지 관련, 포항제철소, 광양제철소, 필바라 광산, 옴부레염호",https://www.youtube.com/watch?v=-OKoEBoPRRk
UEKpf3thW2Y,미국주식으로 2년동안 번거 3달만에 날린 근황 ㄷㄷ;; #미국주식 #미장 #테슬라 #나스닥,근황입니다,UCs0JQ2POzNwhtEfRr_tuqMA,2025-04-06 12:14:20,shorts,12.0,371166,511.0,94.0,6870,1천~1만,551.3536916751736,673.190377799574,54.02707423580786,127.22056555269923,2917.5,same_format,False,True,True,False,0.001376742481800596,0.000253255955556274,일,12,50,3.887260698547432,,https://www.youtube.com/watch?v=UEKpf3thW2Y
3g8cjXjIQQ0,주가조작은 이렇게 합니다.!!!주식 작전주 이야기/ 시원하게 파헤쳐 드립니다.!!!,문서진의 캐시메이커,UCLmBQf7XZFUeccaUVMaTdkQ,2023-04-29 12:00:01,long,926.0,230225,3111.0,245.0,21100,1만~10만,1259.3636338048034,182.81058291674,10.911137440758294,118.85647909137842,1937.0,same_format,False,False,True,False,0.013512867846671734,0.0010641763492235856,토,12,46,1.8514596683940223,"주식, 투자, 문서진, 국내주식, 금융, 작전주, 작전, 주식작전, 주가조작, sg, 대성홀딩스, 삼천리, 서울가스, 선광, 다우데이타",https://www.youtube.com/watch?v=3g8cjXjIQQ0
EuWJN9t_Puk,주식 물렸을 때 해야 하는 것?,머니버디,UCAi37F2UKYDcB40Hq13NJ3w,2023-07-21 15:57:57,shorts,60.0,1020361,9230.0,648.0,148000,10만~100만,1176.198402323322,867.5075548347121,6.894331081081081,118.70874294689081,8595.5,same_format,False,False,True,False,0.009045818097712476,0.0006350693529054913,금,15,17,0.5950466615757118,"주식, 계좌관리, 현금관리, 물린주식관리, 물타기, 주식드리블, 주식기법, 주식심법",https://www.youtube.com/watch?v=EuWJN9t_Puk
0vg-WWftQXY,은퇴후 90세까지 현금흐름 만드는 방법 | 포트폴리오 인생 | 은퇴후 10년 수익률 | 인생파산 | 시퀀스리스크 | 4퍼센트법칙 | 인생파산,라이프링크 스튜디오,UCMdPOgZ4mmP9dtqkXfV9Idg,2024-05-05 17:00:02,shorts,34.0,117129,708.0,8.0,16100,1만~10만,887.155288897396,132.02761846302488,7.275093167701863,117.83601609657947,994.0,same_format,False,False,True,False,0.006044617473042543,6.830076240726038e-05,일,17,78,0.8884601193932923,"포트폴리오 인생, 인생파산, 시퀀스리스크, 4%의 법칙, 72의 법칙, 검은사기, 고수익과 안정성은 같이 갈 수 없다, 은퇴후 10년 수익률, 금융사기, 폰지사기, 인생 포트폴리오, 72의 법칙 증명, 4프로의 법칙, 금융사기 사례, 은퇴후 10년 수익률 계산, 검은사기 드라마, 4퍼센트법칙, 인생 포트폴리오가 중요한 이유, 4 의 법칙, 금융사기 예방교육, 금융사기 신고, 은퇴후 가장 후회하는 3가지, 은퇴 후 10년이 결정한다, 노후파산, 이상건센터장, 노후빈곤, 은퇴후10년, 노후파산하는 사람과 아닌 사람의 차이, 골든타임10년, 은퇴후 골든타임 10년이 중요한 이유, 은퇴후 가장 후회하는 3가지 방법, 나이들수록 조심해야 하는 것, 퇴직금 중간정산, 노후 준비 하는 방법, 은퇴 후 10년이 결정한다면, 국민연금, 퇴직연금, 사적연금, 세이렌, 넛지, 리처드세일러, 은퇴후 일자리 찾는 방법, 금융사기 뉴스, 금융사기 피해구제, 은퇴, 은퇴 포트폴리오",https://www.youtube.com/watch?v=0vg-WWftQXY
I6H7ZckgRQ4,30대 신혼부부가 주식 투자로 1억 날리고 나서야 깨달은 것들,해쏘현_신혼부부 재테크,UCVIB6JMy4MW5b8yl4TA04YA,2024-12-01 20:00:20,long,657.0,830440,7095.0,1502.0,26300,1만~10만,677.0300805640625,1226.5924717970067,31.575665399239544,117.227555053642,7084.0,same_format,False,False,True,False,0.008543663600019267,0.0018086797360435433,일,20,34,1.041665805501153,"미국주식투자, 주식투자실패, 주식투자실패담, 신혼부부재테크",https://www.youtube.com/watch?v=I6H7ZckgRQ4
WDJxMp0ID-Q,❗ 부자언니 유수진 사기 ❗주식 리딩방 증권사 사칭 투자 사기 피해 대응 방안,법온길,UCxDuo3ZPV9x92pT344TS_Sw,2025-10-27 17:08:58,long,80.0,2344,7.0,7.0,860,1천 미만,347.14908519369214,6.752142235063541,2.7255813953488373,111.61904761904762,21.0,same_format,False,True,True,True,0.0029863481228668944,0.0029863481228668944,월,17,43,25.087420201844225,,https://www.youtube.com/watch?v=WDJxMp0ID-Q
4ppf-qkwmDM,주식 초보를 위한 자동 매매 설정법 | 키움 영웅문 HTS 완전 정리,종목⚡️주세요,UCXgAcjK_ZKt9NQU3wLnvV6g,2025-09-10 18:30:06,long,612.0,52322,1088.0,38.0,11800,1만~10만,394.09274260109953,132.76570295271918,4.43406779661017,109.4602510460251,478.0,same_format,False,False,True,False,0.020794312144031192,0.0007262719315010894,수,18,38,13.964493981044493,"차트, 차트설정, HTS, 키움, 영웅문, 주식, 자동 매매, 매수, 매도, 매매, 종목",https://www.youtube.com/watch?v=4ppf-qkwmDM
o3mSVknZvOg,Tqqq 장기투자 수익률 공개합니다,전프로 JEON PRO,UC5tZn3S61eYLsryJ4fMfNaw,2023-06-09 22:49:15,shorts,19.0,483106,1584.0,142.0,1840,1천~1만,1217.912777323322,396.6671579402839,262.55760869565216,107.30919591292759,4502.0,same_format,False,True,True,False,0.0032787835381883064,0.0002939313525396083,금,22,19,0.41961201041692364,,https://www.youtube.com/watch?v=o3mSVknZvOg
5xQElWCsr9w,주식으로 5억을 날린 배우자! 이혼해!! [한국시니어TV] #주식 #이혼소송 #귀책사유 #조한나변호사,한국시니어TV,UCZzZo5KH3-r_DaMH4u25X1g,2023-07-22 07:00:05,shorts,60.0,63818,428.0,29.0,324000,10만~100만,1175.5719208418404,54.28676788596584,0.19696913580246914,106.89782244556113,597.0,same_format,False,False,True,False,0.006706571813594911,0.0004544172490519916,토,7,56,13.999786114378809,"시니어, 시니어tv, 한국시니어tv, senior, 어르신, 노년, 실버세대, 인생2막, 액티브, 삶의활력, 노후생활, 노후설계, 정년퇴직, 어르신문화, 명언, 주식, 이혼, 남편, 부부, 아내, 이혼소송, 이혼전문, 변호사, 신은숙, 조한나, 백세인생",https://www.youtube.com/watch?v=5xQElWCsr9w
4z0pPMkxraY,자동매매 프로그램 사기적인 기능 #ai  #비트코인,패시브인컴,UCdhZuMyHAzZhd6lJMZCs75Q,2024-09-04 20:00:06,shorts,17.0,137970,288.0,14.0,55300,1만~10만,765.0302426010995,180.34581159942462,2.4949367088607595,106.45833333333333,1296.0,same_format,False,False,True,False,0.002087410306588389,0.00010147133434804668,수,20,28,1.6304392658947207,"비트코인, 패시브인컴, 재테크, 자동매매, 프로그램, 비트코인선물, 선물거래, 마진거래",https://www.youtube.com/watch?v=4z0pPMkxraY
cA1q-ETU4vc,매월 배당금으로 100만원 만드는 방법,머니치트키,UCutSPIGfO4ZmPx9X9u5mfRw,2024-08-23 18:57:07,shorts,39.0,2401596,22573.0,780.0,108000,10만~100만,777.0739810270254,3090.5628790014475,22.237,105.7389543203082,22712.5,same_format,False,False,True,False,0.009399166221129615,0.00032478401862761264,금,18,21,0.7990618844363091,,https://www.youtube.com/watch?v=cA1q-ETU4vc
WBSISITEFng,현금 이만큼 있다면 당장 은퇴해도 됩니다,월급쟁이부자들TV,UCDSj40X9FFUAnx1nv7gQhcA,2024-02-07 20:07:03,shorts,25.0,1920930,8060.0,715.0,2120000,100만+,975.0254162122108,1970.1332581282338,0.9060990566037735,103.16210628071212,18620.5,same_format,False,False,True,False,0.004195884285216015,0.00037221554143045295,수,20,22,7.0510318429634475,,https://www.youtube.com/watch?v=WBSISITEFng
UZ8moQHNjAk,60대에 시작하는 주식 투자: 실패를 피하는 5가지 팁,나만의 경제수첩,UCsFb9NlFK6sGqUu8z1ap-Ag,2025-12-28 18:52:01,long,647.0,6869,152.0,6.0,260,1천 미만,285.0775226936921,24.095200263756148,26.41923076923077,101.01470588235294,68.0,same_format,False,True,True,True,0.02212840296986461,0.0008734895909157083,일,18,30,10.29727244866687,,https://www.youtube.com/watch?v=UZ8moQHNjAk
AF4ZZmgkT1Y,국내 주식시장이 카지노 투기판으로 변해버린 이유 #레버리지ETF #상장폐지 #코스피전망 #삼전닉스,돈에안기자(TV조선경제채널),UC_pRKRffGwlBvdW31dBU0HQ,2026-07-09 13:32:46,shorts,50.0,630531,9848.0,1201.0,25300,1만~10만,92.29922408258102,6831.37920461669,24.92217391304348,100.64341580207503,6265.0,same_format,True,False,True,True,0.015618581798515854,0.0019047437794493848,목,13,54,11.317526222304059,"안형영, 안형영경제부장, 경제부장, TV조선, TV조선경제채널, 돈에안기자, 핫뉴스, 레버리지ETF, 단일종목레버리지, 상장폐지요구, 증시변동성, 삼성전자주가, SK하이닉스주식, 주식초보, 투자전략, 주가전망, 투자전망, 재테크, 주식공부, 반도체주식, 미국증시, 국내증시, 코스피, 코스닥, 외국인매수, 기관매수, 재테크정보, 금융트렌드, 자산관리, 주식시황, 증시전망, 글로벌증시, 저평가주식, 우량주추천, 급등주, 주식꿀팁, 주식유튜브, 경제채널, 경제뉴스, 실시간증시, 오늘의주식, 반도체소부장, 목표주가, 주식차트, 가치투자, 장기투자, 복리효과, 돈모으기, 자산배분, 포트폴리오, 개인투자자, 서학개미, 동학개미, 매수타이밍, 증권사리포트, 금융뉴스, 세계경제, 나스닥, 엔비디아, 해외주식, 투자유망종목, 경기전망, 인플레이션, 통화정책, 금리인하주식, 자산증식, 노후대비, 은퇴자금, 수익인증, 계좌관리, 대형주전망, 월가전망, 기관리포트, 주식시세, 성장주추천, 주식매매, 투자초보, 수익률, 음의복리, 원금손실, 선물투자, 인버스ETF, 금융지식, 시장지수, 투기판증시, 정책실패",https://www.youtube.com/watch?v=AF4ZZmgkT1Y
QELETDNTmmo,1억 원 예금 vs 채권: 당신의 돈을 불리는 최고의 방법 #shorts,머니하이브,UCYqMq3XP0zAXXlR17uhlr-g,2024-09-10 18:00:19,shorts,58.0,218066,722.0,87.0,408,1천 미만,759.1134254714699,287.2640539384001,534.4754901960785,100.53757491931766,2169.0,same_format,False,True,True,False,0.00331092421560445,0.0003989617822127246,화,18,40,0.2507694752846444,,https://www.youtube.com/watch?v=QELETDNTmmo
0qAvbjFx45U,주식 리딩방 사기 고소 환불 받고 싶다면 이렇게 대처하세요,은우의 변호사 (조영채 변호사),UCL1AIgIlN8sIFkhojy9Z6Aw,2023-07-19 20:00:01,long,387.0,27875,296.0,163.0,8750,1천~1만,1178.03030047147,23.66237947261959,3.1857142857142855,96.95652173913044,287.5,same_format,False,True,True,False,0.010618834080717489,0.005847533632286996,수,20,32,2.9411764705882355,"성범죄전문변호사, 형사전문변호사, 법무법인은우, 주식리딩방사기, 주식리딩방환불, 주식리딩방불법, 주식리딩방구속, 주식리딩방기소, 카카오톡주식리딩방, 주식리딩사기, 주식리딩환불, 주식리딩불법, 주식리딩업체실체, 주식리딩방, 주식리딩, 주식불법리딩, 유사투자자문업, 유사수신행위법위반, 유사수신행위법",https://www.youtube.com/watch?v=0qAvbjFx45U
ttEnbtvCXEw,2030이 영끌해서 집 사는 이유,월급쟁이부자들TV,UCDSj40X9FFUAnx1nv7gQhcA,2025-02-19 21:01:20,shorts,18.0,1795761,13722.0,1245.0,2120000,100만+,596.9877194529514,3008.036750982989,0.8470570754716981,96.43999892591499,18620.5,same_format,False,False,True,False,0.007641328662333128,0.0006932993867223979,수,21,18,7.0510318429634475,,https://www.youtube.com/watch?v=ttEnbtvCXEw
jh9T0HNUu24,사기꾼이 수백억 벌고 감옥 갔다오면 남는 장사 아닌가요? #변호사 #장휘일 #사기꾼 #사기 #holypop,장휘일 변호사-Feel변,UCMAtq4pS5Yx3ghhYg7yRqVg,2023-04-25 12:37:23,shorts,35.0,164104,1000.0,232.0,2440,1천~1만,1263.3376847307293,129.89717791484824,67.25573770491803,93.66666666666667,1752.0,same_format,False,True,True,False,0.0060936966801540485,0.0014137376297957392,화,12,59,1.268396041899685,,https://www.youtube.com/watch?v=jh9T0HNUu24
JPTX1VfkN84,주식 리딩방은 사기인가요?,법무법인 해율,UCbbz2yrttQ277mtRnqiiOBg,2024-05-27 17:48:51,shorts,53.0,204403,1531.0,110.0,12300,1만~10만,865.121388434433,236.27088953366174,16.618130081300812,93.42001828153565,2188.0,same_format,False,False,True,False,0.007490105331135062,0.000538152571146216,월,17,14,1.7075429524129122,,https://www.youtube.com/watch?v=JPTX1VfkN84
aYAGurhbZ7g,VOO 7천만원 투자하면 배당금 얼마 받을까  #etf #배당금,서대리TV,UCtQkxwZkrruYdy2bVNNW-Rw,2023-09-22 20:47:09,shorts,24.0,796808,2105.0,125.0,243000,10만~100만,1112.9975689899886,715.911716431761,3.279045267489712,93.12312277216151,8556.5,same_format,False,False,True,False,0.0026417907450728404,0.0001568759349805725,금,20,35,7.824904310528636,"voo, etf, 배당금, 배당, 배당etf, 리얼티인컴, schd, 미국주식, S&P500, 주식, 투자, 재테크",https://www.youtube.com/watch?v=aYAGurhbZ7g
8d8lurBu7bU,다들 진짜 안 합니다. 그냥 하는 사람이 성공한다 #황현희 #성공 #투자 #주식,하와이 대저택,UCO-e0J-Qsilkv_4tBa3LyYw,2025-10-12 20:00:13,shorts,45.0,1640691,11604.0,319.0,1050000,100만+,362.030161582581,4531.9179839267335,1.5625628571428571,89.7656134591711,18277.5,same_format,True,False,True,True,0.00707262976392264,0.0001944302735859464,일,20,44,14.334606888574976,"황현희, 성공, 주식",https://www.youtube.com/watch?v=8d8lurBu7bU
8_YxWzVTbro,주식 실패로 5억이 20만 원 되는 과정(1~5편 통합본),무한배터리,UCgFB5NI2tKLgmNgYuL_DAkQ,2026-08-08 13:28:47,long,4352.0,520560,6777.0,1795.0,56800,1만~10만,62.30199028628472,8355.431304970638,9.164788732394365,88.95420369104579,5852.0,same_format,True,False,True,True,0.013018672199170125,0.0034482096204087906,토,13,32,2.140233870092758,"주식 5억, 주식5억손실, 5억, 5억 손실, 주식손실인증, 주식손해인증, 주식투자실패사례, 주식투자실패, 주식투자실패과정, 주식실패, 투자실패, 평범한회사원, 주식손실계좌인증, 주식실패이유, 주식실패과정, 월가의영웅, 피터린치, 주식추천책",https://www.youtube.com/watch?v=8_YxWzVTbro
FdHUC_DUufc,주식으로 80억 날리고 이혼! 주식으로 망한 스타들,파일박스,UC71bwUkuBuIPKPdHr1GzN_w,2025-05-06 17:05:01,shorts,46.0,12320,22.0,1.0,841,1천 미만,521.1518282492477,23.63994393224655,14.64922711058264,86.45614035087719,142.5,same_format,False,True,True,False,0.0017857142857142857,8.116883116883117e-05,화,17,28,1.7766571572815713,,https://www.youtube.com/watch?v=FdHUC_DUufc
hADxbkSQsZY,"재개발 재건축, 좋지만 믿으면 안된다는 이유","리치고TV. 데이터로 보는 부동산, 주식 투자",UC3nsb3SxlRrJQ9egkKNnlfg,2025-09-13 20:01:10,shorts,43.0,157754,1139.0,48.0,137000,10만~100만,391.0295018603588,403.4324756814278,1.1514890510948905,85.73586956521739,1840.0,same_format,False,False,True,False,0.007220102184413707,0.0003042712070692344,토,20,24,9.49152840286516,"부동산, 주식, 리치고, 빅데이터, 부동산시장, 영끌, 아파트, 강남, 부동산 정책, 분양, 부동산 폭락, 실거주, 표영호, 투기",https://www.youtube.com/watch?v=hADxbkSQsZY
PYI_OCYUxFI,100세까지 팔팔하게! 걱정 없는 노후를 위해 자산 관리는 '이렇게'만 하세요!  (함만나 콘서트 라이브강의) #김경록 #함익병 #부동산,셀코TV / 잘 먹고 잘 사는 방법,UCQOxUtjZJAQpxCIqBgfoCRA,2024-09-23 19:00:30,long,898.0,258499,3205.0,81.0,1010000,100만+,746.0716314899885,346.4801355383914,0.25593960396039606,84.67048804454635,3053.0,all_formats,False,False,True,False,0.012398500574470308,0.00031334744041563024,월,19,76,24.999565979757293,"노후준비, 60대, 노후, 실버타운, 시니어, 시니어세대, 은퇴, 가성비, 역이민, 보증금, 부동산, 재테크, 매매, 전세, 월세, 50대, 70대, 연금, 국민연금, 아파트, 강남, 김경록, 김경록박사, 김경록 박사, 김경록 교수, 김경록교수, 은퇴자금, 은퇴준비, 재취업, 재취업시장, 50대취업, 60대취업, 생활비, 은퇴생활비, 자산, 자산운용, 물가상승, 물가, 노후자산, 채권, 주식, 코인, 증시, 주가, 목돈",https://www.youtube.com/watch?v=PYI_OCYUxFI
Gw69AcSFhOQ,TIGER 미국나스닥100 5년 투자했더니..?!,서대리TV,UCtQkxwZkrruYdy2bVNNW-Rw,2024-06-24 23:18:26,shorts,21.0,719186,2132.0,106.0,243000,10만~100만,836.8925111196181,859.3528923300472,2.95961316872428,84.05142289487524,8556.5,same_format,False,False,True,False,0.0029644626007736524,0.00014738885350938421,월,23,27,7.824904310528636,,https://www.youtube.com/watch?v=Gw69AcSFhOQ
G3obwGByVGs,S&P500 10년 투자했는데 수익률이 -48%??,서대리TV,UCtQkxwZkrruYdy2bVNNW-Rw,2024-11-13 23:03:03,shorts,40.0,716153,1453.0,200.0,243000,10만~100만,694.9031939899884,1030.57951984362,2.9471316872427984,83.69695553088296,8556.5,same_format,False,False,True,False,0.0020288960599201566,0.00027926993254234777,수,23,28,7.824904310528636,,https://www.youtube.com/watch?v=G3obwGByVGs
X08HjlsEvpo,미국 ETF 30초만에 이해하기,어피티 UPPITY,UC8d2HkvVNQlRasXm6yXUw0Q,2025-10-26 14:00:38,shorts,35.0,2316941,,202.0,220000,10만~100만,348.27987223072915,6652.526271931868,10.53155,83.05341076101372,27897.0,same_format,True,False,True,True,,8.718392052279277e-05,일,14,17,5.799606340212503,,https://www.youtube.com/watch?v=X08HjlsEvpo
njMnWYT802c,200만원으로 돌려본 자동매매 프로그램 #비트코인 #자동매매 #현물,비트코인 자동매매 이야기,UCaisQNFnmqo64k3FKh-VbjA,2025-01-01 21:01:02,shorts,18.0,120024,238.0,16.0,1480,1천~1만,645.9879277862848,185.79913778157803,81.0972972972973,81.62121727303638,1470.5,same_format,False,True,True,False,0.0019829367459841367,0.00013330667199893355,수,21,37,5.833302951547128,"비트코인, 자동매매, 프로그램",https://www.youtube.com/watch?v=njMnWYT802c
p5_pNLzVDhw,19초만에 3천만원 단타 익절 영상,코인진,UCXauRBf4EHbzLV-Fm1h8-fg,2022-07-24 16:40:35,shorts,19.0,457013,896.0,62.0,12600,1만~10만,1538.1687958418404,297.11498584254963,36.270873015873015,80.23402387640449,5696.0,same_format,False,False,True,False,0.0019605569207002864,0.0001356635369234573,일,16,19,0.8096918616409043,"코인, 비트코인, 코인진, 리플",https://www.youtube.com/watch?v=p5_pNLzVDhw
sQWNN5fHx6g,7억 단타,차트영웅,UChoDn1sBZIDdgUsqtFfCyuw,2024-06-18 16:00:22,shorts,60.0,3758418,7650.0,769.0,186000,10만~100만,843.1967240825811,4457.34416732851,20.206548387096774,80.13855306083285,46899.0,same_format,False,False,True,False,0.002035430864794709,0.00020460736405583413,화,16,5,2.047405424798372,"차트영웅, 차트영웅 김동환, 주식 차트영웅, 차트영웅 주식, 차트영웅 주식투자, 재테크히어로즈, 차트영웅 재테크히어로즈, 차트영웅 단타, 차트영웅 단타법, 차트영웅 매매법, 차트영웅 주식매매기법, 차트영웅 매매기법, 차트영웅 단타매매법, 차트영웅 매매 기법, 차트영웅 단타매매기법, 차트영웅 상한가매매법, 상한가 매매법, 주식매매법, 주식매매기법, 단타매매법, 단타매매기법, 주식단타 매매기법, 주식 단타매매기법, 단타매매타이밍, 단타매매 매수타이밍, 주식 매수타이밍, 주식매매타이밍, 차트영웅 매매타이밍, 차트영웅 단타 매수타점, 단타매수타점",https://www.youtube.com/watch?v=sQWNN5fHx6g
G_0QlxbebyE,주식 하다가 망한 사람들의 한결같은 공통점,머니버디,UCAi37F2UKYDcB40Hq13NJ3w,2020-09-07 21:30:01,long,835.0,1014828,20345.0,1172.0,148000,10만~100만,2222.9678004714697,456.51943306815554,6.856945945945946,77.8361711919006,13038.0,same_format,False,False,True,False,0.020047732226544795,0.0011548755059970753,월,21,23,0.5950466615757118,"주식, 주식 망한 썰",https://www.youtube.com/watch?v=G_0QlxbebyE
M0fHTKInPNc,주식 투자 마이너스(-)되도 계속 갖고 있는 사람들의 결말,좋은미래만들기,UCcc-b4iEJz8k3reJo6N9pGg,2025-10-26 16:47:55,shorts,37.0,2415498,14637.0,649.0,138000,10만~100만,348.1637032492477,6937.822574430636,17.503608695652172,76.92423808158976,31401.0,same_format,True,False,True,True,0.0060596200038252985,0.0002686816548802773,일,16,32,9.861518067220725,,https://www.youtube.com/watch?v=M0fHTKInPNc
sEzSDUgvY28,주식투자 실패한 사람들의 공통적인 특징,머니필터,UCd4DNuVJBgwZ_lWMJEGpgBg,2026-02-05 18:15:07,long,623.0,47152,569.0,98.0,3680,1천~1만,246.10314769369214,191.59446127315238,12.81304347826087,76.35951417004048,617.5,same_format,True,True,True,True,0.012067356633864948,0.0020783847980997625,목,18,21,2.062453183028875,"직장인 주식, 주식 손실, 재테크, ETF 투자, S&P500, 자산관리, 30대 재테크, 연봉 인상, 적립식 투자, 경제 공부",https://www.youtube.com/watch?v=sEzSDUgvY28
3DLjWsX51xU,"[리딩방변호사] 카카오톡, 텔레그램, 네이버밴드에 있는 리딩방, 100% 사기라고 보시면 됩니다. 리딩방 사기 어떻게 흘러가나? 리딩방의 모든 것",로펌 DSY 법률가이드,UCQ8jBFFjDKm4kWxszfs8imQ,2025-04-01 14:33:52,long,267.0,18367,233.0,56.0,7460,1천~1만,556.2567935270255,33.01892257987794,2.4620643431635387,75.89669421487604,242.0,all_formats,False,True,True,False,0.012685795176131104,0.0030489464801001795,화,14,81,3.973901559204431,"증권사사칭사기, 증권사직원사칭사기, 증권사사칭리딩방사기, 대신증권사칭사기, 유안타증권사칭사기, 미래에셋증권사칭사기, 삼성증권사칭사기, 웰스파고사칭사기, 리딩방사기, 사칭사기, 삼성증권, 미래에셋증권, 대신증권, 한국투자증권, 카카오, 토스, 증권사직원, 직원사칭, KB투자증권, 개미인생역전, 수익금, 유안타증권, 코인, 공모주, 공모주청약, 청약사기, 가짜증권맨, 가짜증권사, 금융사기, 고수익미끼, 리딩방, 텔레그램, 카카오톡, 오픈톡, 밴드",https://www.youtube.com/watch?v=3DLjWsX51xU
2Gda55I54m8,(주식 단타)야수의 세계에서 6년간 생존한 비법,머니코믹스 Money Comics,UCJo6G1u0e_-wS-JQn3T-zEw,2021-11-27 17:23:32,shorts,57.0,10622562,72290.0,2821.0,1440000,100만+,1777.1389694529514,5977.338960312088,7.376779166666667,73.54918713822805,144428.0,same_format,False,False,True,False,0.006805326248036961,0.000265566819002798,토,17,26,16.469475917748476,"#Shorts, #슈카월드",https://www.youtube.com/watch?v=2Gda55I54m8
fnTATZ2qy9o,이런 집을 사야 후회하지 않습니다 #shorts #내집마련 #부동산투자 (쇼츠 너나위),월급쟁이부자들TV,UCDSj40X9FFUAnx1nv7gQhcA,2023-04-22 12:03:59,shorts,53.0,1349718,15147.0,92.0,2120000,100만+,1266.3608791751737,1065.8241439668602,0.6366594339622641,72.48559383475202,18620.5,same_format,False,False,True,False,0.011222344223015475,6.816238651333093e-05,토,12,48,7.0510318429634475,"월급쟁이부자들, 너나위, 너바나, 코크드림, 구해줘월부, 월부, 10억달성, 월부닷컴, 재테크, 부동산투자, 부동산강의",https://www.youtube.com/watch?v=fnTATZ2qy9o
vfEyNgR4rOA,"비상장주식 사기 당했습니다...""공모가 3분의1가격에 드리고 상장 안 되면 100% 환불해드려요""| KBS 시사멘터리 추적 22.09.18 방송",KBS시사,UCEb31RoX5RnfYENmnyokN8A,2022-09-21 18:00:10,live,1133.0,351414,2542.0,710.0,647000,10만~100만,1479.1135296381367,237.5841968574062,0.5431437403400309,68.04414754574499,5164.5,all_formats,False,False,True,False,0.00723363326446869,0.0020204089763071476,수,18,80,16.600836080467943,"KBS, KBS시사, KBS뉴스, 시사멘터리추적, 시사다큐, 사회이슈, 다큐멘터리, 탐사보도, 심층취재, 시사직격, 추적60분, 그것이알고싶다, pd수첩, 스트레이트, kbs시사멘터리, 비상장주식 사기, 장외주식 사기, 비상장주식 추천, 비상장주식 투자, 장외주식 투자방법, 주식사기, 소액주주 사기, 금융사기, 주식 추천, 비인가 비상장주식, 주가조작, 보호예수, 시세조작, 주식 작전세력, 이희진, 청담동 주식부자",https://www.youtube.com/watch?v=vfEyNgR4rOA
-7PNSj9m1XA,"주식초보 주린이를 위한 1 Tier 추천 도서 완벽 정리, 한권으로 주식투자 공부 끝! 코스톨라니의달걀, 금리, 생각, 인플레이션 완벽 정복",부자회사원,UCnellvbbGXMZpXJC4vYD3Lg,2021-10-03 13:00:00,long,3597.0,2653793,77633.0,2056.0,409000,10만~100만,1832.3219787122105,1448.3224186750924,6.488491442542787,63.73794312614084,41636.0,same_format,False,False,True,False,0.029253600412692322,0.0007747401549404946,일,13,78,2.0834256257355976,"주식공부, 주식기초, 주식강의, 주식 초보, 주식시작, 주식 추천, 주식 용어, 주식 공부, 주식 기초, 주식 강의, 주식 종목 발굴, 주식 종목 분석, 주식 종목 선정, 주식 종목 찾기, 주식 종목 고르는 법, 주식 종목 정리, 주식투자 기초 책, 주식투자 책 공부, 초보 주식투자 책 추천, 주식투자 책, 앙드레 코스톨라니, 코스톨라니의달걀",https://www.youtube.com/watch?v=-7PNSj9m1XA
JkdlHA0_m0Q,이혼재산분할에 포함되지 않는 네 가지,빛변TV - 김한빛 변호사,UCiRgPyS47RaZK8fHbFO_RCw,2023-06-23 18:00:12,shorts,24.0,115805,508.0,80.0,2460,1천~1만,1204.1135064899886,96.17448801614522,47.07520325203252,62.546583850931675,1851.5,same_format,False,True,True,False,0.004386684512758516,0.0006908164587021286,금,18,20,3.1773580456978476,,https://www.youtube.com/watch?v=JkdlHA0_m0Q
6thAmJZjpWQ,사기 사건 고소 접수 경찰은 싫어한다?,신탁의 신(信) - 오상민 변호사,UC0pzkwP6wcHiH54qRI0MY6A,2025-04-15 18:00:08,shorts,49.0,77522,379.0,53.0,8680,1천~1만,542.1135527862847,142.99956088823552,8.93110599078341,60.16453240201785,1288.5,same_format,False,True,True,False,0.004888934754005315,0.0006836768917210599,화,18,43,4.166667814888617,"신탁전문변호사, 부동산신탁, 오상민변호사, 오상민, 부동산신탁전문변호사",https://www.youtube.com/watch?v=6thAmJZjpWQ
DARKUFLWsDY,"주식 처음이라면, 이 6단계만 따라해보세요! #주식초보 #주식입문",슬로우빈,UC9PHqH6Uk0omUNvxdJLRA0A,2025-08-04 09:00:26,shorts,31.0,557919,8648.0,45.0,11000,1만~10만,431.4883444529514,1293.0105926901447,50.71990909090909,59.129775846537015,9435.5,same_format,False,False,True,False,0.01550045795178153,8.06568695455792e-05,월,9,36,0.8764602852918806,,https://www.youtube.com/watch?v=DARKUFLWsDY
So-vOWwlNDo,"주식으로4,700만원 잃었습니다.💸#빚투 #주식실패 #미국주식 #미국주식 #주린이 #나스닥 #shorts #쇼츠 #극복 #사연 #투자실패 #경험담 #이코노스탁",이코노스탁 | 40대 빚투 3억 빚갚기,UCszmjuh8cT54ubrxcDzqWcw,2025-08-20 14:45:22,shorts,33.0,13786,46.0,6.0,1050,1천~1만,415.24880741591437,33.19937289113489,13.129523809523809,58.914529914529915,234.0,all_formats,False,True,True,False,0.0033367184099811404,0.0004352241404323226,수,14,88,3.2257132010286016,,https://www.youtube.com/watch?v=So-vOWwlNDo
NWFcsoSGu2I,50대에 이정도 없으면 좌절한다고 합니다..,월급쟁이부자들TV,UCDSj40X9FFUAnx1nv7gQhcA,2024-12-20 20:00:25,shorts,20.0,1096266,8683.0,751.0,2120000,100만+,658.0300226936921,1665.9817366878765,0.5171066037735849,58.87414408850461,18620.5,same_format,False,False,True,False,0.007920522938775808,0.0006850527153081461,금,20,24,7.0510318429634475,,https://www.youtube.com/watch?v=NWFcsoSGu2I
HFmcaEPP4m8,"최근 주식리딩방 사기 수법! 진짜 있는 주식을 판다?ㅣ형사전문변호사가 알려주는 카톡, 라인 리딩방 실체, 주식&코인 리딩방의 모든것!",[법무법인 태하] 변호사랑,UCXl6uoYw2s_sS38OausqCKA,2025-05-27 17:15:00,long,342.0,175368,278.0,69.0,44400,1만~10만,500.1448953788773,350.6343893946025,3.9497297297297296,58.65150501672241,2990.0,same_format,False,False,True,False,0.0015852378997308516,0.00039345832763103874,화,17,74,6.2962288212789215,"주식사기, 리딩방사기, 무료리딩, 유료리딩, 리딩방 사기수법, 리딩방 환불, 카톡 리딩방, 카카오톡 리딩방, 라인 리딩방, 리딩방트렌드, 최근사기트렌드, 리딩방사기방법, 리딩방실체, 리딩방사기환불, 리딩방오픈채팅, 오픈채팅, 주식오픈채팅, 주식리딩방, 코인리딩방, 코인사기, 코인오픈방, 코인오픈채팅방, 코인사기환불, 주식코인사기, 리딩방 사기변호사, 지효섭변호사, 안산변호사, 지효섭안산변호사, 지효섭, 지효섭이혼변호사, 형사전문변호사, 형사변호사, 지효섭형사변호사, 지효섭형사전문, 법무법인태하, 태하, 법무법인, 태하변호사, 법무법인태하변호사, 성범죄전문변호사, 주식리딩방사기, 주식리딩방환불, 주식리딩방불법, 주식리딩방구속, 주식리딩방기소, 카카오톡주식리딩방, 주식리딩사기, 주식리딩환불, 주식리딩불법, 주식리딩업체실체, 주식리딩, 주식불법리딩, 유사투자자문업, 유사수신행위법위반, 유사수신행위법",https://www.youtube.com/watch?v=HFmcaEPP4m8
SoM3W-Cxess,50대 주식투자를 실패했다면 99%는 3가지 이유 때문입니다 | 개미투자자가 상승장에도 돈을 잃는 소름 돋는 이유,만약에 머니,UCSqFJxc0zYKLTr2IwFth2pA,2026-03-25 19:00:42,long,1657.0,359711,6811.0,175.0,33800,1만~10만,198.07149260109955,1816.066488297888,10.64233727810651,58.304724856147175,6169.5,same_format,True,False,True,True,0.018934644756485066,0.0004865016638356903,수,19,63,3.3333348030576735,"만약에머니, 경제학, 환율, 경제공부, 재테크, 주식, 투자, 금융, 부자되는법, 세계경제, 부의법칙, 돈버는법, 재테크기초, 거시경제, 미시경제, S&P500, ETF, 국민연금, kospi, kodex200, 50대재테크, 노후준비, 주식초보, ISA, 조기수령, 연기연금, 퇴직연금, IRP, 주식투자, 50대투자, 투자실패",https://www.youtube.com/watch?v=SoM3W-Cxess
-GKQIL9YNTA,아침10분 단타매매방법 딱! 알려드립니다,개천에서 용재난다,UCWr6NbUWuxiVqQCvCoTFJlg,2022-10-06 17:31:19,shorts,60.0,1012917,9724.0,84.0,273000,10만~100만,1464.1335643603588,691.8200802551211,3.7103186813186815,56.14839246119734,18040.0,same_format,False,False,True,False,0.009599996840807291,8.292880857957759e-05,목,17,22,0.934229039842397,"주식, 단타, 주식단타, 주식매매, 주식기초, 주식강의, 주식초보, 주식강좌, 주식매매하는법, 주식하는법, 주식멘탈, 주식마인드, 주식차트, 주식차트보는법, 투자, 매매기법, 주식고수, 주린이, 매매영상, 매매법, 스윙, 스켈핑, 호가창매매, 차트분석, 차트, 지지선, 슈퍼개미, 김정환, 매도시점, 매수시점, 매매전략, 종목, 주식시장, 전업투자자, 전업 투자자, 주식경력, 전업투자, 호가창, 호가창 분석, 단타매매, 돈이깡패당, 슈퍼개미김정환, 저항선, 박호두, 박호두 해외선물, 창원개미, 창원개미TV, 일조TV, 돈깡, 시황분석, 주식시황, 미국시황, 미증시, 해외증시, 주식종목, 종목분석, 코로나, 이평선, 이동평균선, 거래량, 주식거래량, 주식기보, 증자, 감자, 코스피, 코스닥, kospi, kosdaq, 다우지수, 미국다우지수, 다우나스닥, 나스닥, nasdaq, 주식단테, 주식공부, 주식전망, 주식실시간, 주식거래방법, 주식거래량분석, 주식이평선, 주식이동평균선, 개천에서용재난다, 개천에서 용재난다, 개천용재, 개용, ap투자연구소, 김용재, 김용재소장, 분할매수, 분할매도, 분산투자, 집중투자",https://www.youtube.com/watch?v=-GKQIL9YNTA
0qKM_7gSXNY,알트 코인으로 인생 망하는 과정,주독 - 주식독설가,UC-8ZMX23sWwZ61HeIYU-tqQ,2024-05-29 15:48:04,shorts,31.0,1171660,6261.0,472.0,69700,1만~10만,863.2052657492478,1357.336483557035,16.810043041606885,54.7172278522393,21413.0,all_formats,False,False,True,False,0.005343700390898384,0.00040284724237406755,수,15,17,2.8853607254315925,"알트, 코인, 인생, 투자",https://www.youtube.com/watch?v=0qKM_7gSXNY
mVXP51wmcaE,기자도 당할 뻔했다? 주식 리딩방의 실체 | 몰라도 되는 이야기,한경 코리아마켓,UCGCGxsbmG_9nincyI7xypow,2021-11-08 18:00:16,long,763.0,1404547,12458.0,1255.0,757000,10만~100만,1796.1134601936922,781.9923580153641,1.8554121532364598,53.47599466971255,26265.0,same_format,False,False,True,False,0.008869763703172624,0.0008935265249222703,월,18,35,8.256686851499229,"재테크, 경제, 주식, 투자, 증권, 한국경제, 경제방송, 분석, 전망, 미국주식, ETF, 종목",https://www.youtube.com/watch?v=mVXP51wmcaE
RXft-lAkSqU,"주식으로 돈 벌어도 결국 전재산을 잃는 이유, 실패 과정의 전형적인 패턴입니다",차윤호 스플릿,UCnE_A6f34Dx2hemI4QeBkOg,2026-02-18 17:49:00,long,650.0,169462,3136.0,520.0,13900,1만~10만,233.1212842677662,726.9263316401161,12.191510791366907,53.373858267716535,3175.0,same_format,True,False,True,True,0.018505623679644995,0.0030685345387166446,수,17,43,1.4413574842058392,"국내주식, 미국주식, 빚투, 빚내서투자",https://www.youtube.com/watch?v=RXft-lAkSqU
wsy11BC4NDc,펑펑 썼는데 6억이 남은 80세의 비밀,어른의금융수업,UClU6tzeYdQ902LLZta0Ymbg,2026-05-03 12:15:03,shorts,5.0,522768,769.0,7.0,12500,1만~10만,159.35319398998843,3280.5617942797153,41.82144,52.17766244136141,10019.0,same_format,True,False,True,True,0.001471015823462798,1.3390261071833011e-05,일,12,21,22.047340539547417,,https://www.youtube.com/watch?v=wsy11BC4NDc
gW16jUdXw1g,주식 리딩방 잘못 들어갔다가 피해자에서 피의자로? 주식 리딩방의 실체 [행복재무상담센터 오영일센터장],Happy 오영일,UCVBW4MGELgNW8VgdOv700WQ,2021-08-17 17:30:04,long,2215.0,29580,665.0,105.0,153000,10만~100만,1879.1344324159143,15.74128997358129,0.19333333333333333,49.714285714285715,595.0,same_format,False,False,True,False,0.022481406355645706,0.0035496957403651115,화,17,56,2.5176082721414654,"주식리딩방, 주식리딩사기, 주식리딩 환불, 주식리딩 내용증명, 주식리딩 영업, 무료 주식 카톡방 후기, 무료 주식 카톡방, 무료 주식 종목 추천, 무료 주식 리딩방, 유료 리딩방, 유료 리딩방 환불, 유료 리딩방 사기, 오영일, 행복재무상담센터, 재테크, 주식투자, 무료 리딩방, 리딩방 실체, 종목추천, 주식 종목 추천",https://www.youtube.com/watch?v=gW16jUdXw1g
zbAX8brdZHo,QQQ 나스닥에 올인하면 안되는 이유,레드리치,UCv75JYk7H6Nwjr4cDfGX4Lw,2025-07-03 00:16:25,shorts,36.0,119427,278.0,71.0,4840,1천~1만,463.85224491591435,257.4677632996027,24.675,48.2923574605742,2473.0,same_format,False,True,True,False,0.002327781824880471,0.000594505430095372,목,0,20,0.6336046295378265,,https://www.youtube.com/watch?v=zbAX8brdZHo
8m9Y3qJgcXo,주식 초보 투자자는 꼭 알아야 할 ‘손절의 법칙’,좋은미래만들기,UCcc-b4iEJz8k3reJo6N9pGg,2025-10-27 22:35:34,shorts,68.0,1515036,21769.0,188.0,138000,10만~100만,346.92227963813656,4367.076111630205,10.978521739130434,48.24801757905799,31401.0,same_format,True,False,True,True,0.014368635464767835,0.00012408946058047466,월,22,27,9.861518067220725,,https://www.youtube.com/watch?v=8m9Y3qJgcXo
e3EY2JJMgDw,"노후 자금 주식에 올인했다간 큰일 납니다, 은퇴자가 무조건 사서 묻어둬야 할 ETF 종목 | 존리 | ETF아는형",ETF 아는 형,UCIt_hQy30blHrVAS7QLTyTg,2026-09-12 08:00:03,long,1154.0,922761,4561.0,153.0,157000,10만~100만,27.530277323321762,33518.04230530944,5.877458598726115,46.89541088580577,19677.0,same_format,True,False,True,True,0.004942774998076425,0.0001658067473592837,토,8,63,14.659657437158353,"노후자산배분, 연금저축, 노후세팅법, 노후준비, 노후자금, 주식초보, 연금저축펀드, ETF투자, 채권, 연금, 은퇴, 존리, 존리대표, ETF",https://www.youtube.com/watch?v=e3EY2JJMgDw
BASWRHaJMR4,"노후자금사연 주식 투자로 평생모은 은퇴자금을 모두 날리는데 단 하루, 60대 가장의 피눈물나는 현실 조언   사연라디오   오디오북   삶의지혜",세계관,UCXJM0s2POaZopM76pD15t0w,2026-07-04 11:40:32,long,2727.0,768,20.0,0.0,1610,1천~1만,97.37716389739585,7.8868593955891395,0.47701863354037266,46.54545454545455,16.5,same_format,False,True,True,True,0.026041666666666668,0.0,토,11,80,35.55689338105608,,https://www.youtube.com/watch?v=BASWRHaJMR4
msQI_OyhD5U,주담대는 이렇게 갚는 게 가장 이득입니다 #주택담보대출 #황준성 #리얼캐스트,리얼캐스트TV,UC_SOUYCypLPK1dKGMNyqpKw,2025-04-03 19:15:05,shorts,31.0,191227,584.0,28.0,149000,10만~100만,554.0615041751736,345.1367737317862,1.2834026845637585,46.358060606060604,4125.0,same_format,False,False,True,False,0.0030539620451086927,0.0001464228377791839,목,19,42,1.1838124452746095,,https://www.youtube.com/watch?v=msQI_OyhD5U
fXWdSHIvaOk,월배당 ETF는 언제 사야 할까? #etf #월배당etf #etf투자,ETF 아는 형,UCIt_hQy30blHrVAS7QLTyTg,2025-07-22 08:00:46,shorts,41.0,622367,2058.0,58.0,157000,10만~100만,444.5297796381366,1400.0569332084553,3.9641210191082803,46.0978446041034,13501.0,all_formats,False,False,True,False,0.003306730594649138,9.319260179283285e-05,화,8,38,14.659657437158353,"etf, 월배당, 월배당etf, 배당etf, 고배당 etf, etf 투자, ETF, 아는형, ETF아는형",https://www.youtube.com/watch?v=fXWdSHIvaOk
URt0uV6kGHQ,"💢《주식》1억 잃고 얻은 단 하나의 깨달음ㅣ폭락이 두렵지 않은 이유 ""가치투자의 힘""ㅣ돈을 잃고 배운 ""주식 속임수 7가지"" 당신도 당할 수 있습니다",미라클miracle,UCskhvdwQ9V0VQbUy60QWVBA,2025-08-09 18:45:04,long,1937.0,59437,1575.0,62.0,22700,1만~10만,426.082349082581,139.49650842842175,2.618370044052863,46.07519379844961,1290.0,same_format,False,False,True,False,0.026498645624779178,0.0010431212880865454,토,18,83,7.000011342610971,"주식, 주식실패사연, 주식실패담, 주식투자, 실화사연, 주식전업투자, 전업투자",https://www.youtube.com/watch?v=URt0uV6kGHQ
ohTivR7eL24,주식하다망함 투자실패로 전재산 잃은 34살 그래도 포기하지않는다,멋진하루 프로젝트,UC9nKG2Sp81rXb25ZiCJTv8g,2022-04-19 15:33:30,long,411.0,67551,1065.0,211.0,600,1천 미만,1634.2153814899884,41.335432749635906,112.585,45.78176889190105,1475.5,same_format,False,True,True,False,0.01576586579029178,0.0031235658983582775,화,15,35,0.10139245489030459,"성장과정, 도전하기, 100일도전, 30일도전",https://www.youtube.com/watch?v=ohTivR7eL24
XN06rwzd5pc,"해외주식 손실 발생 시, 세금신고 해야할까?",99퍼센트 - 99%를 위한 1% 지식,UCGoQ5Lte_qSjGDBb4g-nPCA,2024-11-06 14:18:27,shorts,16.0,1634,3.0,0.0,262,1천 미만,702.267499545544,2.3267487119329955,6.236641221374046,45.388888888888886,36.0,same_format,False,True,True,False,0.0018359853121175031,0.0,수,14,24,1.8885058377874655,,https://www.youtube.com/watch?v=XN06rwzd5pc
Hhp7zbCv88o,주식투자로 전재산 다 잃고서야 배운 인생교훈,정교수의인생수업,UC-XdhVx5B0VTftmOJIqIYUA,2022-01-11 08:16:53,long,606.0,2014,39.0,6.0,3710,1천~1만,1732.518587508507,1.1624694906715458,0.5428571428571428,43.78260869565217,46.0,same_format,False,True,True,False,0.019364448857994043,0.0029791459781529296,화,8,24,3.0894260103924855,"#과욕 #욕심이부른참사 #주식투자 #주식투자실패 #비트코인 #사업실패 #현명한재테크 #머니러시 #파이프라인 #투자광풍 #전재산탕진 #인생깨달음, #인생교훈 #실패경험 #실패특강 #실패극복경험 #나의실패 #실패의재구성 #실패히스토리 #실패두려워하지않기 #실패한인생, #긍정 #동기부여 #동기부여특강 #동기부여강연가 #자기관리 #자기계발 #인생강연 #커리어코치 #정철상, #인생교훈",https://www.youtube.com/watch?v=Hhp7zbCv88o
_lZznJosMVA,국채는 이때 사세요!  #국채 #채권 #투자 #안전자산 #금 #달러,돈워리,UCx7tcHOxncHiyflRNqwICwA,2024-06-12 17:30:09,shorts,37.0,149833,617.0,16.0,69600,1만~10만,849.1343745455441,176.45381519290214,2.152772988505747,42.24217648717226,3547.0,same_format,False,False,True,False,0.004117917948649496,0.00010678555458410363,수,17,37,10.796849633517647,"돈워리, 세금, 세무사, 재테크, 세테크, 절세, 투자",https://www.youtube.com/watch?v=_lZznJosMVA
RaufyYGWvXU,요즘 21살 주식 수익률 근황  #미미미누 #생활과경제,토스,UCeg5g-vWgtgzQ0cYNV2Cyow,2023-11-28 16:00:10,shorts,21.0,1799793,8154.0,655.0,154000,10만~100만,1046.19686297147,1720.3196297952202,11.686967532467532,42.03257899530582,42819.0,same_format,False,False,True,False,0.00453052100991614,0.0003639307409240952,화,16,30,0.8769187164206683,,https://www.youtube.com/watch?v=RaufyYGWvXU
9b2KxkAsMhQ,자동매매 5개월 100% 솔직 후기,비트패스 비트코인자동매매,UCD_dgZUmlMnN-za_fjVu5XQ,2025-07-29 20:00:14,shorts,39.0,52582,134.0,1.0,5420,1천~1만,437.03015000850695,120.31664176711028,9.701476014760148,38.748710390567425,1357.0,same_format,False,True,True,False,0.002548400593358944,1.9017914875813017e-05,화,20,19,6.486397441133369,"#비트패스, #비트코인자동매매, #자동매매프로그램, #코인자동매매, #부업, #실제후기, #자동매매, #비트코인",https://www.youtube.com/watch?v=9b2KxkAsMhQ
6CIZbfyeDlk,조직을 피해 도망 다니는 지창욱을 데려와 운전기사로 쓴다고!!!,달빛뮤즈,UCMguxwveCsLVpyKrLz-EFTg,2022-08-20 11:00:02,long,2999.0,861561,4634.0,112.0,1230000,100만+,1511.4052888973958,570.0396884468547,0.7004560975609756,38.373463388562264,22452.0,same_format,False,False,True,False,0.005378609291739065,0.00012999659919611033,토,11,35,1.2121209206058392,"당신이 소원을 말하면, 당신이 소원을 말하면 줄거리, 당신이 소원을 말하면예고편, 당신이소원을말하면 리뷰, 당소말, 드라마 당신이 소원을 말하면, 수목드라마, kbs드라마, 당신이 소원을 말하면드라마, 노킹 온 헤븐스 도어, 당신이 소원을 말하면 kbs, 당신이 소원을 말하면넷플릭스, kbs드라마추천, Knockin' On Heaven's Door, 감동드라마, 소녀시대 수영, 당신이 소원을 말하면지창욱, 지창욱 드라마, 당신이 소원을 말하면수영, 휴먼드라마, 달빛뮤즈 당신이 소원을 말하면, 달빛뮤즈 kbs, 한국드라마추천, 한드 추천, k drama, Korean Drama, 넷플릭스 드라마, 돼지의왕, 달빛뮤즈이뻐, 달빛뮤즈 리뷰, 드라마 리뷰, 달빛뮤즈 드라마, 꿀잼드라마, 넷플릭스드라마, 술도녀, 어른연습생, KBSDrama, Netflix Drama, Drama trailer, Korea Drama Review, best korean drama",https://www.youtube.com/watch?v=6CIZbfyeDlk
kZnDjAxBpZA,자녀 명의 계좌로 주식투자 수익나면 증여세?,상속 증여 마스터 김민식세무사,UCxlBX86fkh8Fg33bAwqN0TQ,2025-06-21 17:00:53,shorts,17.0,207365,499.0,79.0,10400,1만~10만,475.15469861961805,436.41576228209556,19.938942307692308,37.26570221942672,5564.5,same_format,False,False,True,False,0.0024063848769078676,0.00038097075205555423,토,17,24,4.484374756707099,"세무사, 상속세, 증여세, 양도소득세, 주식투자, 자녀명의투자, 주식증여",https://www.youtube.com/watch?v=kZnDjAxBpZA
XIzt0Kljb6g,《주식》주식은 기본만 지키면 안전합니다ㅣ성공한 전업투자자의 노하우ㅣ한번의 주식 매매로 딱 일주일만에 1년 동안 벌었던 수익을 날렸네요,미라클miracle,UCskhvdwQ9V0VQbUy60QWVBA,2025-02-13 18:45:02,long,2680.0,47743,1081.0,28.0,22700,1만~10만,603.0823722307292,79.16497347353129,2.103215859030837,37.01007751937985,1290.0,same_format,False,False,True,False,0.022642062710763883,0.0005864734097145131,목,18,74,7.000011342610971,"주식, 주식실패사연, 주식실패담, 주식투자, 실화사연, 주식전업투자, 전업투자",https://www.youtube.com/watch?v=XIzt0Kljb6g
1obZdwH7NOc,국내 역대급 주가 조작 사건,인간지표 김주식,UC_V7zUaJ5UxJjOBTQ373aCw,2023-08-25 23:56:52,shorts,60.0,145475,777.0,44.0,676,1천 미만,1140.8658213048034,127.51280412066413,215.19970414201183,36.625125881168174,3972.0,same_format,False,True,True,False,0.005341123904450937,0.00030245746691871453,금,23,15,2.5058679488799624,,https://www.youtube.com/watch?v=1obZdwH7NOc
s-ybdHYKfpU,1억 1천만원 주식투자로 100억 부자된 60대 주부의 투자원칙｜노후자금사연｜가족갈등사연｜오디오북,일주일의 사연,UCLuEH6YDa6IgMdZDrWvyy9w,2025-10-29 18:01:37,long,2888.0,48867,1843.0,58.0,3010,1천~1만,345.11252269369214,141.59729591549004,16.23488372093023,35.8,1365.0,same_format,True,True,True,True,0.03771461313360755,0.001186895041643645,수,18,54,1.1900857669835154,"드라마사연, 오디오사연, 인생사연, 노후사연, 인생드라마사연, 오디오북, 라디오사연, 인생노후사연, 시니어, 황혼, 반전사연, 밤에 듣기 좋은 이야기, 황혼연애",https://www.youtube.com/watch?v=s-ybdHYKfpU
WJSg1GFrP2M,주식 중독으로 모든 걸 잃고 모텔에서 먹고 자고 일하는 한 남자의 이야기,머니멘터리,UCDAmWzKQzoqmiSeFcAujgrg,2023-12-25 18:59:25,long,415.0,914939,6105.0,997.0,301000,10만~100만,1019.0723838048033,897.8155178575133,3.0396644518272424,35.46962589649157,25795.0,same_format,False,False,True,False,0.006672575985940047,0.001089690132347621,월,18,40,3.8250838729328387,,https://www.youtube.com/watch?v=WJSg1GFrP2M
QbOcN_SxL8s,미국 주식에서 하락장 4번 겪은 개미 최후,썰플,UCT1kwFpz5p1zI5DYNZtoxJQ,2025-03-09 23:10:00,shorts,60.0,1041708,6539.0,511.0,39600,1만~10만,578.8983676010995,1799.4661209993392,26.305757575757575,35.38650723554589,29438.0,same_format,False,False,True,False,0.006277190921064252,0.0004905405353515573,일,23,23,9.495158379806965,,https://www.youtube.com/watch?v=QbOcN_SxL8s
hbBABRmu93Q,"50대 노후준비 1억을 20억으로 만드는 가장 현실적인 3가지 전략 | (ISA 계좌, S&P500)",만약에 머니,UCSqFJxc0zYKLTr2IwFth2pA,2026-04-21 19:01:10,long,1272.0,217586,2958.0,139.0,33800,1만~10만,171.07116852702546,1271.903394788738,6.437455621301775,35.268011994489015,6169.5,same_format,True,False,True,True,0.013594624654159735,0.0006388278657634222,화,19,56,3.3333348030576735,"만약에머니, 경제학, 환율, 경제공부, 재테크, 주식, 투자, 금융, 부자되는법, 세계경제, 부의법칙, 돈버는법, 재테크기초, 거시경제, 미시경제, S&P500, ETF, 국민연금, kospi, kodex200, 50대재테크, 노후준비, 주식초보, ISA, 조기수령, 연기연금, 퇴직연금, IRP",https://www.youtube.com/watch?v=hbBABRmu93Q
3cJJQawElVo,"50~60대 노후준비, 안늦었어요.",100세연구소,UCNZihXDG1m0hnlMDlVL02kg,2026-01-17 17:14:04,shorts,5.0,2806069,4720.0,72.0,58400,1만~10만,265.1455435270255,10583.127148482456,48.049126712328764,34.94830120061774,80292.0,same_format,True,False,True,True,0.0016820684024519712,2.5658670545877525e-05,토,17,19,3.0032150489676,"시니어라이프, 중장년, 노후준비, 은퇴생활, 삶의지혜, 인생조언, 인생철학, 마음관리, 감정회복, 행복습관, 관계조언, 말습관, 부모역할, 부모조언, 자녀교육, 가정교육, 중년부모, 재테크, 투자, ETF투자, 연금저축, 국민연금, 퇴직연금, 부동산투자, 경제적자유, 50대, 60대, 중년, 노년",https://www.youtube.com/watch?v=3cJJQawElVo
-8adMPsAYkk,주식 개미 투자자가 무조건 망하는 이유  358만 계좌 데이터 분석 결과,방구석 경제학,UC7MYJo2LuhYBodjt3BTLyQw,2025-12-26 08:00:01,long,739.0,194422,3033.0,210.0,24100,1만~10만,287.5303004714699,676.1791702690182,8.067302904564315,34.845774710995606,5579.5,same_format,True,False,True,True,0.01560008640997418,0.0010801246772484596,금,8,40,1.323673551286572,,https://www.youtube.com/watch?v=-8adMPsAYkk
XvdA79EB40U,주식으로 손실 시 가져야하는 마인드,인생미술관,UCRanie597Iy6Frh5E6vfb6g,2025-08-05 17:00:39,shorts,27.0,54761,153.0,21.0,35300,1만~10만,430.1548606566551,127.30531491938581,1.5513031161473088,34.09775840597759,1606.0,same_format,False,False,True,False,0.0027939592045433796,0.0003834845967020325,화,17,19,1.8918941407650574,"장사, 직업, 인생, 자영업자, 이야기",https://www.youtube.com/watch?v=XvdA79EB40U
7FrJ3wuJDaY,어떤 투자는 '도박'이다? 주식 투자 때문에 인생이 무너진 사람들 | 추적60분 KBS 방송,KBS 추적60분,UCy-6oZwPwrR_W-zYnqLD8dg,2026-08-02 23:59:30,long,2316.0,3548586,20518.0,9424.0,803000,10만~100만,67.86399260109954,52289.673271338084,4.419160647571607,32.62722562671534,108761.5,same_format,True,False,True,True,0.005782021345967098,0.0026557056810797316,일,23,51,3.9886097756024497,"KBS, 다큐, 다큐멘터리, 인터뷰, 레전드, 그것이 알고싶다",https://www.youtube.com/watch?v=7FrJ3wuJDaY
hJJAMBhMr3g,주식 레버리지 투자 마진콜의 무서움 레버리지는 인생을 파멸시킬 수 있습니다,주식겸손,UCzPIALdJG6224NiMcn5o5ww,2025-01-20 16:22:00,shorts,60.0,80419,486.0,8.0,24300,1만~10만,627.1817009344329,128.22280988138587,3.309423868312757,32.518803073190455,2473.0,same_format,False,False,True,False,0.006043347965033139,9.947897884828212e-05,월,16,41,17.56127135706699,,https://www.youtube.com/watch?v=hJJAMBhMr3g
M8-SD1r0ZRE,주식 코인 도박 중독 남편 이혼 가능할까요?,똑똑 변호사 이변,UCzdXqHpV02Q4oPJBVGvni-Q,2025-10-24 20:07:57,long,471.0,2527,3.0,6.0,6210,1천~1만,350.02479121221063,7.219488628929565,0.4069243156199678,32.3974358974359,78.0,same_format,False,True,True,True,0.001187178472497032,0.002374356944994064,금,20,24,1.8317508939931715,"#변호사, 이혼변호사, 남편도박중독, 남편도박이혼, 도박이혼, 주식탕진이혼, 코인탕진이혼, 남편코인이혼, 도박중독남편이혼, 남편몰래대출이혼, 주식중독이혼 위자로, 도박 중독 이혼 위자로, 도박 중독 이혼 가능성, 주식 중독 이혼 가능, 코인 중독 이혼 사례",https://www.youtube.com/watch?v=M8-SD1r0ZRE
utfw86RrMVE,삼성역 30대 직장인 현실 저축액,싱글파이어,UC5CyCSvCdoEP-VgQmFq3iww,2024-11-29 18:01:07,shorts,21.0,3644496,13594.0,1520.0,513000,10만~100만,679.1128699159144,5366.554164186654,7.104280701754386,32.00154541862405,113885.0,same_format,False,False,True,False,0.003730008209639961,0.000417067270755682,금,18,18,3.301896526817591,,https://www.youtube.com/watch?v=utfw86RrMVE
GjDKhZp5w7c,계좌지급정지를 당했다면 제일 먼저 확인해야 할 것 #이태훈변호사 #리앤컴퍼니법률사무소,리앤컴퍼니 법률사무소,UCnXBiZCXlYYXKcBAnTpT8oQ,2025-06-19 18:00:33,shorts,28.0,46159,138.0,34.0,262,1천 미만,477.1132634344329,96.74641963992137,176.1793893129771,31.507849829351535,1465.0,same_format,False,True,True,False,0.0029896661539461425,0.000736584414740354,목,18,47,1.5959633948062475,"보이스피싱, 사기죄, 사기죄변호사, 로또당첨확률, 기망행위, 사기피해, 사기피해복구, 집단소송, 금융사기변호사, 보이스피싱변호사, 이태훈변호사, 법률사무소리앤컴퍼니, 사기변호사추천, 사기고소변호사, 보이스피싱연루, 계좌지급정지, 계좌지급정지당했을때, 계좌막혔을때, 입출금막힘, 계좌정지이유, 계좌지급정지사유, 계좌정지해제하는법, 계좌정지해제, 계좌막혔어요, 입출금안될때, 계좌지급정지변호사, 계좌지급정지 됐을 때",https://www.youtube.com/watch?v=GjDKhZp5w7c
drY-ns5RY0k,"내가 주식으로 거지가 된 5가지 이유 [주식 실패 사연, 주식거지노하우, 주식투자]｜거꾸로 하는 투자",거꾸로 하는 투자,UCJDd5BvqQBE7nkbbbuZnxBA,2023-03-02 22:42:12,long,917.0,103839,2605.0,312.0,2360,1천~1만,1316.9176731566552,78.85003149141255,43.99957627118644,31.267389340560072,3321.0,same_format,False,True,True,False,0.025086913394774604,0.003004651431543062,목,22,56,0.9274626237393168,"주식실패, 주식투자, 투자실패, 주식실패담, 주식실패사연, 빚투자, 코인투자, 주식거지, 코인투자실패",https://www.youtube.com/watch?v=drY-ns5RY0k
zI-qK78mKvE,돈 때문에 세상이 무너졌다... 사기 당했거나 투자에 실패한 사람들의 이야기 | 추적60분 KBS 방송,KBS 추적60분,UCy-6oZwPwrR_W-zYnqLD8dg,2024-10-20 23:48:58,long,3305.0,3404628,18790.0,5460.0,803000,10만~100만,718.8713074159143,4736.074405637946,4.239885429638854,31.127173654665473,109378.0,same_format,False,False,True,False,0.00551895831203879,0.001603699435004353,일,23,57,3.9886097756024497,"KBS, 다큐, 다큐멘터리, 인터뷰, 레전드, 코인, 투자, 실패, 월세, 전세, 사기, 영끌, 청산, 사례, 빚, 극복, 다시보기, 30대, 우울증, 다단계",https://www.youtube.com/watch?v=zI-qK78mKvE
tpemw_8iBGg,퇴직금으로 주식에 몽땅 투자하고 빚까지 내서 투자했다가 청산 당해 폭삭 망했습니다 ㅣ노후사연ㅣ오디오북ㅣ은퇴후창업ㅣ시니어드라마ㅣ노후준비,그날 일기장 -  인생상담실,UCOKYg9vaiduYhm1xp7OeJeA,2025-11-27 20:01:49,long,2511.0,15015,258.0,18.0,480,1천 미만,316.02905047146993,47.51145496782583,31.28125,30.95876288659794,485.0,same_format,True,True,True,True,0.017182817182817185,0.0011988011988011988,목,20,74,4.409389666980262,"#시니어오디오북, #노후사연, #노후자금, #은퇴사연, #오디오북, #노후대백",https://www.youtube.com/watch?v=tpemw_8iBGg
V4-y1RSwOrk,주식 매매하다가 물렸어요 #단타 #shorts,대왕개미 홍인기,UCHKRLOqgrKhIgoCKJ3UkNhg,2024-01-22 20:00:32,shorts,18.0,1518758,4009.0,221.0,331000,10만~100만,991.0299416751737,1532.5046561487218,4.588392749244713,30.614565905380072,49609.0,same_format,False,False,True,False,0.0026396568775275586,0.00014551363680059628,월,20,25,2.2637411106614573,"쇼츠, 홍인기, 대왕개미, 대왕개미홍인기, 홍인기주식, 처음부터시작하는, 주식투자단타전략, 전업투자자, 트레이더, 억대트레이더, 매매수익, 계좌공개, 수익실현, 주식, 주식잘하는법, 주린이, 주식기초, 단타, 단기투자, 단기매매, 전업투자, 데이트레이더, 스켈핑, 주식잘하려면, 손절, 익절, 상한가, 하한가, 상따, 돌파매매, 눌림목, 눌림목매매, 눌림목매수, 매수타점, 주식고수",https://www.youtube.com/watch?v=V4-y1RSwOrk
dvpJtifo94g,코인 폭락으로 430억 잃은 유튜버 근황,셀럽팡팡,UCPPG9-aMu7h3_Im2CBnoZsw,2025-10-13 23:28:09,shorts,35.0,1042879,4774.0,604.0,7270,1천~1만,360.8857634344329,2889.775950359633,143.4496561210454,29.93595889427907,34837.0,same_format,False,True,True,True,0.004577712275345462,0.0005791659435083073,월,23,22,1.4523496053321594,,https://www.youtube.com/watch?v=dvpJtifo94g
mMTI1zxCHM4,중국세력 공매도 영상 #SHORTS,완전마구 비트코인 트레이더,UCQiD4NV-8triYCEN3RX53Xw,2021-09-08 15:20:56,shorts,11.0,38497,172.0,18.0,21300,1만~10만,1857.2241083418403,20.728246971966534,1.8073708920187794,29.888975155279503,1288.0,same_format,False,False,True,False,0.0044678806140738235,0.00046756890147284203,수,15,19,1.9293386113674666,,https://www.youtube.com/watch?v=mMTI1zxCHM4
UQU-1yRyzCg,역대급 주식 폭락에 SK하이닉스 손실 고백한 연예인 TOP7,이슈방앗간,UCUVwugJJMK0lzEWKSHTssyA,2026-07-30 20:15:10,shorts,79.0,929870,7184.0,130.0,7100,1천~1만,71.01977963813657,13093.112999475903,130.9676056338028,29.687440137922227,31322.0,same_format,True,True,True,True,0.007725811134889823,0.00013980448879950962,목,20,33,5.527147420451299,"연예인, 이슈, 뉴스, 주식, 코스피, sk하이닉스, 가수, 배우, 투자",https://www.youtube.com/watch?v=UQU-1yRyzCg
2hhHC44We8c,노후에는 이렇게 살면 됩니다 #법륜스님 #법륜스님쇼츠 #법륜쇼츠 #즉문즉설 #정토불교대학 #노년생활,법륜스님의 즉문즉설,UCSsWdUwr4UonSCAVH-k0_Lg,2025-10-04 05:00:06,shorts,53.0,4550749,68294.0,873.0,1640000,100만+,370.65524260109953,12277.578938489565,2.774846951219512,29.540535277278305,154051.0,same_format,False,False,True,False,0.015007199913684538,0.000191836552620239,토,5,55,5.831320942676225,"불교, 즉문즉설, 법륜스님, 정토회, buddha, buddhism, pomnyun, 스님의주례사, 엄마수업, 깨달음, 기도, 수행, 답답하면물어라, 법륜, 스님, 새로운100년, Buddhahood, Gautama, Buddha",https://www.youtube.com/watch?v=2hhHC44We8c
_pSLInJSIpU,"5일 만에 만든 AI 자동매매, 실제로 돌려봤더니...",명준MJ,UC6ahNeFbY2t_aZ-6Q-D6emw,2026-03-22 20:00:52,long,518.0,10235,36.0,7.0,2110,1천~1만,201.02971019369213,50.91287248108042,4.850710900473934,29.242857142857144,350.0,same_format,False,True,True,True,0.003517342452369321,0.0006839276990718125,일,20,30,0.21169885982802436,"ai자동매매, 개발, 프로그래밍, 코인, 투자, 코인투자, 사이드프로젝트, 트레이딩, ai실험, chatgpt, claude, 파이썬, ai에이전트, 솔직후기, ai 자동매매, 클로드, 지피티, 코딩, 실험",https://www.youtube.com/watch?v=_pSLInJSIpU
mfFFySbsmuk,"삼전닉스 레버리지, 2배 먹는 상품 아님 #Shorts",여의돈스트리트,UCL10nJjqz3PabTdZX2qiMVQ,2026-05-27 10:55:30,shorts,52.0,83037,391.0,77.0,1310,1천~1만,135.408437045544,613.233575482973,63.387022900763355,29.228088701161564,2841.0,same_format,True,True,True,True,0.004708744294711996,0.0009272974698026181,수,10,30,4.922334065335195,"주식, 재태크, 주식투자, 주식 투자, 경제, ETF, 증시, 여의돈스트리트, 투자",https://www.youtube.com/watch?v=mfFFySbsmuk
9w48QQyB0z8,노후 준비 5억 있다면 이렇게 투자하세요! 50대부터 평생 안심하는 주식·ETF 포트폴리오 전략 | 존리 | ETF아는형,ETF 아는 형,UCIt_hQy30blHrVAS7QLTyTg,2026-08-13 17:00:35,long,1435.0,565460,6399.0,354.0,157000,10만~100만,57.154906952951386,9893.463748711441,3.601656050955414,28.737104233368907,19677.0,same_format,True,False,True,True,0.01131645032363032,0.0006260389771159763,목,17,67,14.659657437158353,"존리, 주식, 노후준비, 금융문맹, 장기투자, 적립식투자, ETF, ETF투자, 연금저축, 포트폴리오, 자산배분, 삼성전자, SK하이닉스, 레버리지ETF, 상가투자, 손절매, 복리효과, 투자철학, 부동산, 채권ETF, 리츠, 마라톤, 금융지식, 돈모으기, 재테크, 은퇴준비, 투자, 레버리지, 주식투자, 월간존리, 채권, 코스피, 코스피200, 적금, 분산투자, 금융공부, 펀더멘탈, 주식형ETF, 마켓타이밍, 연금",https://www.youtube.com/watch?v=9w48QQyB0z8
EBJ4XA57b7g,코인 선물투자로 30년 모은 퇴직금 15억이 0원 되는 데 딱 3분... 아들까지 잃은 60세 은퇴자의 눈물 | 노후자금사연ㅣ시니어사연ㅣ투자실패사연ㅣ오디오북,사연채널B,UCb3IUCcxtdxBuKs6SvArqCQ,2025-12-17 00:45:54,long,2011.0,8518,135.0,61.0,238,1천 미만,296.8317703788773,28.696389167263295,35.78991596638655,28.72849915682968,296.5,same_format,False,True,True,True,0.015848790795961493,0.007161305470767786,수,0,87,4.782681515083557,,https://www.youtube.com/watch?v=EBJ4XA57b7g
2y1ctrq0jmQ,배당주 10억원 투자자가 밝힌 가장 큰 수익 본 주식 2가지,싱글파이어,UC5CyCSvCdoEP-VgQmFq3iww,2024-01-26 18:00:04,shorts,43.0,3242344,19833.0,887.0,513000,10만~100만,987.1135990825811,3284.6715950559487,6.320358674463938,28.470334108969574,113885.0,same_format,False,False,True,False,0.0061168710044338295,0.000273567517820441,금,18,33,3.301896526817591,,https://www.youtube.com/watch?v=2y1ctrq0jmQ
lWjB0iuhdHQ,[사건실화] 400억 주식왕 박철상의 실체는? #실화탐사대 #실화On MBC180430방송,실화 On,UC0imORt231LWWyyotvE3lUw,2021-01-15 12:00:07,long,1485.0,3066607,16732.0,5112.0,922000,10만~100만,2093.363564360359,1464.9184939535442,3.326037960954447,28.392406118065328,108008.0,same_format,False,False,True,False,0.005456193115061695,0.001666988955545983,금,12,50,12.069013685399447,"사건, 실화, 실화탐사대, 신동엽, 김정근, 강다솜, 박지훈, 실화On, 실탐, 주간사건실화, 사건실화, Truestory, 실화탐사, 충격실화, 박철상, 주식왕, 청년기부왕, 경북대, 아너소사이어티",https://www.youtube.com/watch?v=lWjB0iuhdHQ
Xn3rtYF0Dss,주식 하락장 대처법,머니코믹스 Money Comics,UCJo6G1u0e_-wS-JQn3T-zEw,2022-08-23 12:23:49,shorts,54.0,4036076,39906.0,1632.0,1440000,100만+,1508.3471060270256,2675.8270585548394,2.8028305555555555,27.945246074168445,144428.0,same_format,False,False,True,False,0.009887326204957489,0.0004043531390390072,화,12,10,16.469475917748476,"#Shorts, #슈카월드",https://www.youtube.com/watch?v=Xn3rtYF0Dss
kUoirhSlofY,주식 리딩방 사기를 당한 20대 남성의 빚 #Shorts,회생의 지름길,UC7jFDEmtDIfTN2vn5nBF36g,2024-03-12 18:00:29,shorts,11.0,35172,84.0,4.0,44300,1만~10만,941.1133097307293,37.372758026409585,0.7939503386004515,27.71631205673759,1269.0,same_format,False,False,True,False,0.002388263391334016,0.00011372682815876265,화,18,31,4.8616120584698885,,https://www.youtube.com/watch?v=kUoirhSlofY
wv3Pq4D66uk,주식은 중독입니다. 실체를 알려드릴게요.,이서영변호사의 회생파산연구소,UCzb5UFkYRYRm6T0TQnCQd6Q,2025-01-02 19:30:26,long,452.0,123392,2023.0,261.0,101000,10만~100만,645.0508444529514,191.29034720456045,1.2217029702970297,27.31724595970777,4517.0,same_format,False,False,True,False,0.016394904045643154,0.0021152100622406638,목,19,22,5.673792930574089,"개인회생전문변호사, 개인파산전문변호사, 빚투, 주식, 코인, 주식 개인회생, 주식 개인파산, 빚투 개인파산, 빚투 개인회생",https://www.youtube.com/watch?v=wv3Pq4D66uk
tDbXZbFysIo,[주식 실패] 주식투자로 9개월 만에 4억 원의 손실을 본 35살 직장인입니다. 다시 일어서보려 합니다.,거꾸로 하는 투자,UCJDd5BvqQBE7nkbbbuZnxBA,2023-02-15 10:30:28,long,195.0,89329,860.0,240.0,2360,1천~1만,1332.4258213048033,67.04238132560572,37.85127118644068,26.89822342667871,3321.0,same_format,False,True,True,False,0.00962733266912201,0.002686697489057305,수,10,58,0.9274626237393168,"주식투자, 주식, 투자, 코인, 코인투자, 빚투, 영끌, 투자실패, 반대매매, 주식손실, 주식신용매수, 주식 실패, 주식 실패담, 주식 실패 사연",https://www.youtube.com/watch?v=tDbXZbFysIo
w5X4SFIfqiI,천재 장동민 수익률 1600% 찍고도 그만둔 이유,쩐의 흐름,UCH37RCxPxdwRxoaMcADKkOA,2025-05-07 12:00:58,shorts,26.0,603088,2572.0,133.0,14000,1만~10만,520.362974082581,1158.9756190152966,43.077714285714286,26.816425442984503,22489.5,same_format,False,False,True,False,0.0042647175868198335,0.00022053166370413605,수,12,27,7.142820025028215,,https://www.youtube.com/watch?v=w5X4SFIfqiI
eUEv3wALmL8,은행에 묵혀두면 평생 후회! 1억원 퇴직금으로 매달 70만원 받는 기적의 ETF 조합,어른의금융수업,UClU6tzeYdQ902LLZta0Ymbg,2026-08-14 21:15:23,shorts,6.0,265238,204.0,3.0,12500,1만~10만,55.97796250850694,4738.2574876620765,21.21904,26.473500349336263,10019.0,same_format,True,False,True,True,0.0007691205634185147,1.131059652086051e-05,금,21,47,22.047340539547417,,https://www.youtube.com/watch?v=eUEv3wALmL8
fnCNyk4VOh8,손이 미끄러져서 1억어치 주식 산 대학생 #단타 #주식 #투자,대왕개미 홍인기,UCHKRLOqgrKhIgoCKJ3UkNhg,2024-07-27 21:59:16,shorts,22.0,1311925,2953.0,519.0,331000,10만~100만,803.9474879714699,1631.854094488516,3.9635196374622357,26.44530226370215,49609.0,same_format,False,False,True,False,0.0022508908664748365,0.00039560188272957675,토,21,34,2.2637411106614573,,https://www.youtube.com/watch?v=fnCNyk4VOh8
L_BdwQvI9oY,[1분주식꿀팁] 손절은 칼같이! HTS 0624 자동감시주문 활용하기 #shorts,요즘주식TV,UCEHSeh36_ROl4TPUUvwXPlg,2022-06-28 17:25:29,shorts,59.0,29029,211.0,2.0,41200,1만~10만,1564.1376152862847,18.559108684747546,0.7045873786407767,26.39,1100.0,same_format,False,False,True,False,0.007268593475490027,6.889662062075855e-05,화,17,46,6.276945302980926,"요즘주식, 급등일보, 주식, 코스피, 코스닥, 나스닥, 주식꿀팁, 주식잘하는법, 주식정보, 주식강좌, 단타, 스윙, 장투, 비트코인, 존버, 주식뉴스, 추천종목, 테마주, 관련주",https://www.youtube.com/watch?v=L_BdwQvI9oY
oUMPHtWUkPE,회사도 HTS도 모두 가짜…평범한 투자자들이 주식 리딩방에 현혹되어 돈을 잃어가는 과정 I KBS 220529 방송,여의도 육퇴클럽,UCPpPaYLh7GCIvzoVxHGyw0w,2025-06-01 22:01:23,long,1274.0,385835,2727.0,974.0,572000,10만~100만,494.9460180640625,779.5496597975663,0.6745367132867133,26.084031909140077,14792.0,same_format,False,False,True,False,0.00706778804411212,0.002524395143001542,일,22,64,20.626151012891345,,https://www.youtube.com/watch?v=oUMPHtWUkPE
u_EQOu4_03Q,개미들 농락하는 작전주 수법,스튜디오 상상인,UCEqaIYcv-1ES142qB8-xAjw,2023-02-24 18:00:41,shorts,54.0,58113,494.0,33.0,213000,10만~100만,1323.1131708418404,43.92141298315788,0.272830985915493,26.083034111310592,2228.0,same_format,False,False,True,False,0.008500679710219745,0.0005678591709256105,금,18,15,1.2640716802212997,"피식대학, 이용주, 김민수, 이재형, 찌라시, 주식, 작전주, 평탄화작업, 주가상승, 주식사기, 개미, 고점",https://www.youtube.com/watch?v=u_EQOu4_03Q
GNcsUZ7R7AU,전직 트레이더가 말해주는 주식이 어려운 이유,머니코믹스 Money Comics,UCJo6G1u0e_-wS-JQn3T-zEw,2024-05-21 12:00:07,shorts,59.0,3760214,36138.0,1529.0,1440000,100만+,871.3635643603589,4315.32158767765,2.611259722222222,26.03521477829784,144428.0,same_format,False,False,True,False,0.009610623225167503,0.0004066257931064562,화,12,24,16.469475917748476,#슈카월드,https://www.youtube.com/watch?v=GNcsUZ7R7AU
0NZwiicgnac,[주식 실패 사연] 3억 전재산을 한종목에 몰빵투자해서 나락으로 (몰빵 투자의 위험성 + 가치투자의 함정),코인챗,UCm8VqlpN2vff3ijhWOyrtdw,2021-07-11 11:00:01,long,336.0,67978,1308.0,108.0,21400,1만~10만,1916.40530047147,35.47161969510113,3.176542056074766,25.92601067887109,2622.0,same_format,False,False,True,False,0.019241519315072522,0.0015887493012445202,일,11,59,1.0835910982991275,"재테크, 주식투자",https://www.youtube.com/watch?v=0NZwiicgnac
1tWZ8xfQPqI,주식 초보가 고수가 되기까지의 과정,AP투자연구소 김용재소장,UCUFUOdQwKTWda7kKqxQwMxw,2025-05-19 17:58:10,shorts,154.0,628004,6993.0,169.0,678000,10만~100만,508.11491852702545,1235.94875312955,0.9262595870206489,25.884263457258264,24262.0,same_format,False,False,True,False,0.011135279393124885,0.00026910656620021526,월,17,19,17.452943712525084,"코스피, 코스닥, 주식, 주가, 종목분석, 단타, 무료추천종목, 단타매매, 주식단타, 무료종목, 주식종목, 무료주식종목, 주식방송, 실시간주식, 거래량, 차트, 호가창, 주린이, AP투자연구소, 수익, 상승, 승률, 스윙, 중장기, 장기, 종목, 주식공부, 시장, 지수, 최고가, 매수, 매도, 목표가, 단타의정석, 단테, 상한가, 치킨, 먹방, 게임, 브이로그, 용느, 김용재, 상승장, 하락장, 금리인상, 실적, 꿀팁, 매매, 테슬라, 미증시, 국내증시, 전략, 2차전지, 반도체, 기업, 회사, 자금, 주식전망, 주식트레이더, 주식투자, 주식백만장자, 주식실패, 주식차트보는법, 주식초보, 주식실시간방송, 초보, 에코프로, 에코프로비엠, 삼성전자, sk하이닉스, 2차전지장비주, 이차전지장비주, 장비주, 하반기, 상반기, 주식강의, ai, 삼성, 부동산, 초보자, 실시간, 라이브, 실패, 성공, 미국, 일본, 중국, 시장가, 투자, 엔비디아, 메타, 미장, 소프트웨어, 창업투자, 기계, 화학, 철강, 전자장비와기기, 건축자재, 건설, 화장품, 조선, 비철금속, 광고, 해운사, 반도체장비, 자동차부품, 항공사, 자동차, 삼프로tv",https://www.youtube.com/watch?v=1tWZ8xfQPqI
mRdNHdePSIo,레버리지 장기투자 절대 하면 안돼는 이유,머니치트키,UCutSPIGfO4ZmPx9X9u5mfRw,2024-08-18 19:05:28,shorts,40.0,585303,4118.0,298.0,108000,10만~100만,782.0681824159143,748.4040562702858,5.419472222222222,25.77008255365988,22712.5,same_format,False,False,True,False,0.007035672121960762,0.0005091380020263009,일,19,22,0.7990618844363091,,https://www.youtube.com/watch?v=mRdNHdePSIo
nXJUcSPc8kM,주식 폭락에 도망치면 투자가 망하는 이유,머니치트키,UCutSPIGfO4ZmPx9X9u5mfRw,2025-04-04 17:54:06,shorts,41.0,553620,,122.0,108000,10만~100만,553.1177426010995,1000.9080478896565,5.126111111111111,24.37512383048982,22712.5,same_format,False,False,True,False,,0.00022036776128030056,금,17,22,0.7990618844363091,,https://www.youtube.com/watch?v=nXJUcSPc8kM
1ITc59vE21M,"노후준비 너무 늦은걸까요? | 50대, 60대, 70대를 위한 존리대표의 조언",존리의 부자학교,UCXWOlSe2GHTev8QZhY_gMPg,2024-02-18 18:00:01,shorts,60.0,1115391,15641.0,232.0,585000,10만~100만,964.1136338048034,1156.9082324852016,1.906651282051282,24.193458126369215,46103.0,same_format,False,False,True,False,0.014022885248312028,0.0002079988093861256,일,18,43,4.172276382404583,"주식, 주식투자, 주식종목, 주식강연, 주식강좌, 주식교육, 금융, 금융위기, 금융교육, 경제, 경제위기, 펀드, 펀드매니저, 애널리스트, 배당, 이자, 이자율, 채권, 연금, 연금저축, 퇴직연금, 국민연금, 노후준비, 50대, 60대, 70대, 주식차트, 주가, 재테크, 재테크교육, 주식공부, 수입, 소득, 지출, 변동성, 금리, 보험, 연금보험, 주식전망, 주식초보, 존리",https://www.youtube.com/watch?v=1ITc59vE21M
emwUuUcQXaU,주식으로 수천만원 잃고 비로소 깨달은 것들,호이쏘이 𝙃𝙊𝙔 𝙎𝙊𝙔,UCXME0jhaXzTE1r_FFhHIsrQ,2021-01-13 21:00:16,long,517.0,621323,7555.0,1241.0,93100,1만~10만,2094.988460193692,296.57585796083845,6.673716433941998,24.134203422090156,25744.5,same_format,False,False,True,False,0.012159536988007848,0.001997350814310753,수,21,23,1.5618241424234873,"주식실패, 주식실패하는이유, 주식실패담, 주식손절, 주식투자",https://www.youtube.com/watch?v=emwUuUcQXaU
3an26gGzop8,당신이 레버리지 투자 덤볐다가 망하는 이유,공부하는투자 케빈쌤,UCVQs29DhBGl5VySg9JP8Byw,2023-10-07 17:00:02,long,274.0,16442,162.0,16.0,15100,1만~10만,1098.1552888973958,14.972381562273046,1.0888741721854305,24.002919708029196,685.0,same_format,False,False,True,False,0.00985281595912906,0.0009731176255929935,토,17,23,6.9956099308975315,"주식, 투자, 주식투자, 주린이, 주식초보, 주식공부, 투자공부, 투자강의, 주식강의, 경제강의, 경제, 금융, 재무, 재무제표, 재무분석, 기업분석, 경제적자유, 가치투자, 장기투자, 공부하는투자, 케빈베스트먼트, kevinvestment, 케빈쌤, 실전투자, 레버리지, ETF, 너구리, TQQQ, SQQQ, NRGU, SSO, FNGO, GUSH, USD, 코스피 2배, 코스닥 2배, KODEX 레버리지, 코스닥 레버리지",https://www.youtube.com/watch?v=3an26gGzop8
9ywcAN762pk,"투자로 1억 날리고 깨달은, 절대 하면 안 되는 3가지 행동 (투자 실패담)",마르지 않는 투자,UCR4R3u3RFdjLlCWlOeg8I8A,2025-11-28 16:30:04,long,733.0,333666,6426.0,535.0,19600,1만~10만,315.176099082581,1058.6653016242021,17.023775510204082,23.812874678846704,14012.0,same_format,True,False,True,True,0.019258779737821655,0.0016033998069926213,금,16,42,2.6295162855230347,"#주식투자, #주식공부, #주식기초, #주식초보, #경제적자유",https://www.youtube.com/watch?v=9ywcAN762pk
rLxQxy8duCQ,[노후자금사연] 1천만원으로 10억 부자된 60대 주부의 쉬운 투자원칙! 노후자금 | 주식투자 | 퇴직금 | 노후자금 | 노후연금,사연궁,UCCsKLqWRe9e7PcBlutCGsUQ,2025-11-24 06:00:52,long,2604.0,15326,493.0,27.0,2560,1천~1만,319.61304352702547,47.95173510715648,5.98671875,23.79813664596273,644.0,same_format,True,True,True,True,0.03216755839749445,0.0017617121231893514,월,6,72,1.5788598318792921,#주식투자 #노후준비 #배당투자 #장기투자 #복리효과 #60대투자 #재테크 #투자공부 #은퇴설계 #코로나투자,https://www.youtube.com/watch?v=rLxQxy8duCQ
T22mXDQYnT0,'장기투자의 힘' 주식으로 4000만원에서 55억원 만든 직장인의 실제 계좌 공개 [싱글파이어],싱글파이어,UC5CyCSvCdoEP-VgQmFq3iww,2025-07-09 18:00:52,long,756.0,3029659,36994.0,1691.0,513000,10만~100만,457.11304352702547,6627.811310356713,5.9057680311890834,23.409511667439343,129420.0,same_format,False,False,True,False,0.012210615122031886,0.0005581486233269156,수,18,53,3.301896526817591,,https://www.youtube.com/watch?v=T22mXDQYnT0
y8_6ioRCTEU,"남편은 그녀가 너무 뚱뚱하다는 이유로 바람을 피우고 이혼을 강요했다! 그녀는 200파운드를 감량하고 아름다워졌고, 전 남편은 후회했다! #revengedrama #복수",林熙劇場LuckyDrama,UCFTyXMwb1ioIM_kQzZ5itig,2026-09-05 11:30:14,long,6795.0,394737,699.0,9.0,66900,1만~10만,34.384316675173615,11480.146711335128,5.900403587443946,23.386278807986255,16879.0,same_format,False,False,True,True,0.0017707992916802834,2.279999088000365e-05,토,11,93,13.903985257361665,"계약결혼, 이혼후복수, 환생복수, 잃고후회하는남자, 악한시어머니, 가짜공주, 운명의재회, 임신도망, 차가운재벌남, 집착남, 통쾌한복수, 재벌CEO, 숨겨진상속녀, 한번에몰아보기, 반전많은드라마",https://www.youtube.com/watch?v=y8_6ioRCTEU
zrjsC4NmI50,왜? 주식에 손을 댔는지 정말 후회가 되네요 #주식실패담 #주식실패사연 #주식,미라클miracle,UCskhvdwQ9V0VQbUy60QWVBA,2024-01-11 12:00:37,shorts,59.0,29756,535.0,76.0,22700,1만~10만,1002.3632171381366,29.685845900208545,1.3108370044052864,23.066666666666666,1290.0,all_formats,False,False,True,False,0.01797956714612179,0.0025541067347761796,목,12,43,7.000011342610971,"주식실패, 주식전업, 전업투자, 주식투자, 주식, 주식실패사연, 실화사연, 주식에 미치는 사람들, 주식단타, 주식공부, 주식초보, 주식강의, 기초강의",https://www.youtube.com/watch?v=zrjsC4NmI50
Dr8rc1P6flM,주식실패사연｜어제 100만원 잃고 오늘 90만원 벌었다고 좋아하지 마세요,용의꼬리올라타다 Message,UCvS5hW5HVgvQD5sMKLaBJbA,2023-06-25 20:00:17,long,748.0,41548,581.0,54.0,68800,1만~10만,1202.0301152862849,34.56485779485201,0.6038953488372093,22.592713431212616,1839.0,same_format,False,False,True,False,0.013983825936266486,0.0012997015500144412,일,20,40,1.2082882339616818,"주식, 실화사연, 투자실패사연, 주식마인드, 주식중독, 주식망한사람, 오늘주식하락이유, 주덕",https://www.youtube.com/watch?v=Dr8rc1P6flM
6F-_ZkwD270,99% 공감하는 주식 손실이 커질때 멘탈 변화 11단계 #경제공부 #재테크정보,바바라핵팁,UCbVa4V0hcnscgUFIklIwNEw,2026-08-08 19:30:24,shorts,6.0,77988,55.0,0.0,97100,1만~10만,62.05086760109953,1256.8397995875575,0.8031719876416066,22.212475078325262,3511.0,same_format,True,False,True,True,0.0007052367030825255,0.0,토,19,49,16.515520165155202,"#주식, #주식투자, #주식공부, #주식초보, #주린이, #재테크, #투자, #투자공부, #손실, #손절, #물타기, #장기투자, #가치투자, #국내주식, #미국주식, #증시, #주식시장, #경제, #경제공부, #재테크정보",https://www.youtube.com/watch?v=6F-_ZkwD270
3zvD5vGvjIY,"비상장주식 사기 피해 [상장의 꿈, 덫에 빠지다] 외 | KBS 시사멘터리 추적 19회 22.09.18",KBS시사,UCEb31RoX5RnfYENmnyokN8A,2022-09-18 20:10:11,live,2906.0,111770,1161.0,171.0,647000,10만~100만,1482.0232402862848,75.41717090644894,0.17275115919629058,21.64197889437506,5164.5,all_formats,False,False,True,False,0.010387402701977275,0.0015299275297485909,일,20,57,16.600836080467943,"KBS, KBS시사, KBS뉴스, 시사멘터리추적, 시사다큐, 사회이슈, 다큐멘터리, 언론, 탐사보도, 기자, 심층취재, 시사직격, 추적60분, 뉴스공장, 그것이알고싶다, pd수첩, 스트레이트, 비상장주식, 비상장주식 피해, 소액주주, 시세조작, 비상장주식 따상, 장외주식, 비케이플러스, kbs추적, 다큐멘터리 추적, 추적 다큐, 개미주주 피해, 주식 사기",https://www.youtube.com/watch?v=3zvD5vGvjIY
1dnExeKVraM,"[노후자금사연] 60대의 주식 실패 이야기… 은퇴 후 24억, 바이오주로 다 날렸습니다 | 노후자금 | 노후사연 | 은퇴자금 | 오디오북",황혼길동무,UCYJMUYK-bEuSezJimo7k5yg,2025-10-13 07:00:02,long,2837.0,29819,464.0,85.0,3200,1천~1만,361.57195556406253,82.47044479288088,9.3184375,21.63933236574746,1378.0,same_format,True,True,True,True,0.015560548643482344,0.002850531540293102,월,7,76,3.8461386815350114,"#노후자금, #노후사연, #노후자금사연, #퇴직금, #은퇴자금, #오디오북, #노후투자",https://www.youtube.com/watch?v=1dnExeKVraM
iTD9ZMaBnjg,"2020년 상장폐지 안당하는 방법, 상폐 주의 종목 리스트",주식 스터디,UC0LkShslqOk3qm1iQmRYkXg,2019-12-30 11:36:57,long,1589.0,12657,251.0,,45000,1만~10만,2475.379652323322,5.11315506214188,0.28126666666666666,21.543829787234042,587.5,same_format,False,False,True,False,0.01983092359958916,,월,11,32,0.3485552987995486,"주식, 투자, 증권정보, 투자정보, 종목상담, 가치투자, 장기투자, 주식으로, 1억버는, 비법, 강한투자클럽",https://www.youtube.com/watch?v=iTD9ZMaBnjg
GExHjqnuV8A,50대에 노후준비 안 됐다면 '이 3가지' ETF만  모으세요. 은퇴후 죽을 때까지 마르지 않는 현금 흐름 만드는 법,만약에 머니,UCSqFJxc0zYKLTr2IwFth2pA,2026-01-09 14:00:17,long,1394.0,160972,2940.0,100.0,33800,1만~10만,273.28011528628474,589.0366367540785,4.762485207100592,21.40300491955857,7521.0,same_format,True,False,True,True,0.018264045921029745,0.0006212260517357056,금,14,65,3.3333348030576735,"만약에머니, 만약, 경제심리, 행동경제학, 자본주의시뮬레이션, 지식, 상식, 인문학, 자본주의, 시장경제, 경제학, 경제, 경제뉴스, 시사경제, 생활경제, 환율, 외환, 한국경제, 경제공부, 재테크, 주식, 경제위기, 경기침체, 가계부채, 금리인상, 역사, 세계사, 한국사, 돈의역사, 역사속경제, 투자, 금융, 부자되는법, 세계경제, 경제용어, 기초경제, 부의법칙, 돈버는법, 비트코인, 재테크기초, 경제전망, 거시경제, 미시경제, ETF, 은퇴, 은퇴ETF, 50세은퇴",https://www.youtube.com/watch?v=GExHjqnuV8A
u5BmMM6MOpw,배우자 증여를 통해 주식 양도세를 0원 내는 꿀팁,타민더마켓,UCe1iO4VU_CjKbM3Tpx6WeLw,2023-12-20 09:18:30,shorts,54.0,127131,1334.0,99.0,136000,10만~100만,1024.4757981566552,124.09370746360968,0.9347867647058824,20.380089772362936,6238.0,same_format,False,False,True,False,0.01049311340271059,0.0007787243079972626,수,9,27,0.4473934140671319,"타민, 타민더마켓, 해외주식양도소득세, 양도소득세, 해외주식양도소득세신고방법, 해외주식양도소득세절세, 해외주식세금, 해외주식양도세, 해외주식양도세절세, 해외주식절세, 해외주식양도소득세신고안하면, 해외주식양도소득세250만원미만, 해외주식양도소득세계산방법, 미국주식양도세, 주식배우자증여, 미국주식양도소득세, 주식 양도세, 배우자양도세, 배우자주식증여, 배우자주식양도, 주식양도세, 주식증여세",https://www.youtube.com/watch?v=u5BmMM6MOpw
uEC_UObqYlA,주식실패사연｜카지노보다 더한 주식 중독자의 삶,용의꼬리올라타다 Message,UCvS5hW5HVgvQD5sMKLaBJbA,2023-01-09 20:15:02,long,3698.0,37424,631.0,26.0,68800,1만~10만,1369.0198722307293,27.33634533662394,0.543953488372093,20.350190320826535,1839.0,same_format,False,False,True,False,0.016860837964942282,0.0006947413424540402,월,20,25,1.2082882339616818,"주식, 앵벌이, 카지노썰, 주식실패사연, 투자실패사연, 투자실패극복, 빚쟁이, 막장사연, 빚투, 영끌",https://www.youtube.com/watch?v=uEC_UObqYlA
EDNrv4MYw60,주식성공사연 모음｜주식고수들은 똑같은 이유로 매매한다｜절대 안잃는 매매기법 승자의 비밀을 가져가세요｜주식공부 초보투자자 강의,용의꼬리올라타다 Message,UCvS5hW5HVgvQD5sMKLaBJbA,2024-09-14 10:00:13,long,3049.0,37264,763.0,19.0,68800,1만~10만,755.4468282492477,49.3270983562927,0.5416279069767442,20.263186514410005,1839.0,same_format,False,False,True,False,0.020475525976814082,0.0005098754830399313,토,10,69,1.2082882339616818,"주식, 투자실패사연, 주식고수, 매매기법, 기술적분석, 주식 성공, 주식사는법, 단타매매, 스윙투자",https://www.youtube.com/watch?v=EDNrv4MYw60
TGiXrCFWNFU,주식으로 돈의 맛을 본 고민남이 모든 걸 잃은 이유는? [무엇이든 물어보살 291화],MYSTIC TV,UCOf1YTicu1WUtffjThah6dQ,2024-11-15 07:00:16,long,622.0,522434,3062.0,973.0,253000,10만~100만,693.5717935270254,753.2515088932074,2.0649565217391306,19.923499351689422,26222.0,same_format,False,False,True,False,0.005861027421645605,0.001862436212038267,금,7,47,3.4653505057646976,"서장훈, 이수근, 무엇이든 물어보살, 점집, 점괘, 운세, 고민, 상담, 조언, 위로, 해결, 무물보, 50대영끌남, 50대, 영끌, 주식, 투자, 코인",https://www.youtube.com/watch?v=TGiXrCFWNFU
V5u3sqsVSxw,리딩방 사기 피해는 이게 정말 중요합니다.,강철우 변호사 | 경찰출신 • 형사전문,UCdmBbQH1xyL0vzfP9vysjkw,2025-10-17 18:45:34,shorts,69.0,9064,106.0,7.0,1650,1천~1만,357.0820018603588,25.38352522047467,5.493333333333333,19.92087912087912,455.0,same_format,False,True,True,True,0.011694616063548102,0.0007722859664607238,금,18,23,4.324460371983674,,https://www.youtube.com/watch?v=V5u3sqsVSxw
tA92LZdstrw,돈 되는 구축 아파트 고르는 방법,월급쟁이부자들TV,UCDSj40X9FFUAnx1nv7gQhcA,2025-05-21 22:06:43,shorts,16.0,370183,1192.0,46.0,2120000,100만+,505.9423143603588,731.6703693147439,0.17461462264150943,19.88040063371016,18620.5,same_format,False,False,True,False,0.0032200290126775137,0.00012426286458319265,수,22,18,7.0510318429634475,,https://www.youtube.com/watch?v=tA92LZdstrw
HN2dIZYyGKU,워렌 버핏이 1천만원으로 주식한다면?,위대한투자자,UCUpVImsjp8wn54B4ih9xuyw,2025-07-22 12:15:21,shorts,31.0,3350352,20314.0,797.0,13900,1만~10만,444.3529856566551,7539.8435661435315,241.03251798561152,19.736977908689248,169750.0,same_format,False,False,True,False,0.00606324350396615,0.00023788545203608458,화,12,20,0.5891955896895318,,https://www.youtube.com/watch?v=HN2dIZYyGKU
Wf77aiQMFsU,전업주부가 연금저축 하면 안되는 이유  #노후준비 #인생조언 #재테크,100세연구소,UCNZihXDG1m0hnlMDlVL02kg,2026-04-28 07:15:00,shorts,6.0,1580066,1169.0,43.0,58400,1만~10만,164.56156204554398,9601.6711336436,27.055924657534245,19.67899666218303,80292.0,same_format,True,False,True,True,0.0007398425129076886,2.7214053083858524e-05,화,7,38,3.0032150489676,"시니어라이프, 중장년, 노후준비, 은퇴생활, 삶의지혜, 인생조언, 인생철학, 마음관리, 감정회복, 행복습관, 관계조언, 말습관, 부모역할, 부모조언, 자녀교육, 가정교육, 중년부모, 재테크, 투자, ETF투자, 연금저축, 국민연금, 퇴직연금, 부동산투자, 경제적자유, 50대, 60대, 중년, 노년",https://www.youtube.com/watch?v=Wf77aiQMFsU
A5VfkpvroSE,작년에만 자동매매로 5억번 직장인 (feat. 공돌투자자),강민우 돈깡TV,UCI6C5V4J8FWRcLcOdh1yElw,2024-01-03 19:00:10,long,1302.0,948089,9528.0,391.0,591000,10만~100만,1010.07186297147,938.6351949364016,1.6042115059221658,19.400225086965417,48870.0,same_format,False,False,True,False,0.010049689427891263,0.0004124085397046058,수,19,32,2.6611734789422328,"주식, 코스피, 코스닥, 증시, 주식초보, 주식하는 법, 재테크, 부동산, 개인투자, 주식공부, stock, stocktrader, invest, investment, 주식강의, 주식거래, 주식매매, 선물, 선물옵션, 증권, 옵션, 해외선물, 주식투자, 주식단타, 주식기초, 전업투자자, 해외주식",https://www.youtube.com/watch?v=A5VfkpvroSE
lPnPv2Zf9kA,옛날 작전 VS 요즘 작전... 어떻게 변했나??? 작전주 이야기 2번째,문서진의 캐시메이커,UCLmBQf7XZFUeccaUVMaTdkQ,2024-06-14 14:04:08,long,858.0,37236,1195.0,57.0,21100,1만~10만,847.2774416751737,43.947824134653885,1.764739336492891,19.22354155911203,1937.0,same_format,False,False,True,False,0.032092598560532815,0.001530776667740896,금,14,40,1.8514596683940223,"주식, 투자, 문서진, 해외선물, 국내주식, 해외주식, 시황, 경제, 금융, 미래지구방위대, 토마토tv, 문서진대표, 문서진 대표, 문서진전문가, 문서진 전문가, 문서진 캐시, 문서진 캐시메이커, 캐시메이커, 코스피, 코스닥, 나스닥, 미국증시, 뉴욕증시, 캐시메이커 문서진, 케시메이커, 캐시매이커, 전문가 문서진, 증시, 토마토 문서진, 작전주, 세력, 작전, 급등주, 테마, 세력주",https://www.youtube.com/watch?v=lPnPv2Zf9kA
0W3o2FEmuWs,직장 때려치고 주식하다 손실만 -3억6천... 30대 가장,[주식] 더트레이딩tv,UCpqBzzbWNN7ImX40JUrXEfw,2024-10-19 18:15:00,long,1954.0,1500157,12407.0,3864.0,149000,10만~100만,720.1032287122107,2083.252706258227,10.0681677852349,19.18457465855031,78196.0,same_format,False,False,True,False,0.008270467691048337,0.0025757304068840794,토,18,32,2.9888144804108117,"wntlr, 주식, WNTLR, 테마",https://www.youtube.com/watch?v=0W3o2FEmuWs
WOzIj3mCu-Y,직장 생활하는 50대 평균 자산 규모는 얼마일까요?,현명한 은퇴자들,UC6CNXBevdTEucEoVXu15WYQ,2023-01-01 20:11:48,shorts,19.0,406486,1143.0,208.0,83000,1만~10만,1377.0221176010996,295.1920632241814,4.897421686746988,18.847591227338064,21567.0,same_format,False,False,True,False,0.0028119049610564693,0.0005117027400697687,일,20,28,1.3236150922059426,#노후준비 #평생현역 #돈버는방법 #4050 #잘먹고잘사는법 #현금흐름 #은퇴준비 #경제적자유,https://www.youtube.com/watch?v=WOzIj3mCu-Y
jXzA2Y3pcIs,25억 잃고도 코인 투자 계속하는 이유?? 전재산 잃은 대기업 사원 A의 뇌파를 측정해봤다 | 시사직격 KBS 220902 방송,KBS 추적60분,UCy-6oZwPwrR_W-zYnqLD8dg,2022-09-18 20:47:16,long,718.0,2055177,9732.0,5086.0,803000,10만~100만,1481.99748797147,1386.7614599084693,2.559373599003736,18.78967434036095,109378.0,same_format,False,False,True,False,0.004735358560357575,0.002474726021165087,일,20,71,3.9886097756024497,"KBS, 임재성, 다큐, 다큐멘터리, 인터뷰, 레전드, 김어준, 뉴스공장, 주식, 코인, 레버리지, 투자, 도박, 도지코인, 알트코인, 비트코인, 이더리움, 빗썸, 단타, 수익률, 우량주, 투자 중독, 도박 중독, 뇌, 왜, 2030, 루나, 빚투, 사또, 워뇨띠, 선물, 수혜주, 전망, 대출, 참교육, 이유",https://www.youtube.com/watch?v=jXzA2Y3pcIs
-SHs1ZS5t64,형사사건에서 배상명령을 신청하면 민사소송 안해도 되나요? I 형사재판 I 배상명령신청,법무법인 홍림 성보스,UCyozgLqIzYoSS4yq81qq8DA,2024-06-06 09:00:00,shorts,20.0,21347,90.0,7.0,1150,1천~1만,855.4886453788774,24.952990452077685,18.562608695652173,18.69264448336252,1142.0,same_format,False,True,True,False,0.004216049093549445,0.00032791492949829014,목,9,47,4.375355117798189,"형사소송, 형사소송 후 민사소송, 형사 재판, 배상명령신청서 작성, 배상명령신청 이후, 배상명령신청 후기, 형사배상명령, 배상명령, 배상명령제도, 배상명령신청서, 배상명령신청 각하, 배상명령 강제집행, 배상명령신청서 작성법, 민사소송 하는법, 민사소송 당했을때, 민사소송 승소 후 돈 회수 방법, 나홀로 민사소송, 기각, 각하, 기각 각하 차이, 각하 기각, 기각 각하, 민사, 민사재판, 민사 형사 차이, 형사, 민사재판 형사재판, 빌려준돈 형사소송, 민사소송",https://www.youtube.com/watch?v=-SHs1ZS5t64
bdog3KUtzxA,"모르면 평생 후회, 노후 자금 불리는 황금 순서 3단계 완벽 정리 #재테크 #돈모으는법",온도한스푼,UCgCtDt1actTJUgLY_rH0p-w,2026-03-10 21:01:08,shorts,6.0,288641,553.0,1.0,10700,1만~10만,212.98785834184028,1355.1993162762278,26.975794392523365,18.465342417554297,15631.5,same_format,False,False,True,True,0.0019158747371302066,3.464511278716468e-06,화,21,48,1.8364630838429812,,https://www.youtube.com/watch?v=bdog3KUtzxA
98Q_4_SzIAg,연금계좌 안 하면 평생 후회하는 이유,어른의금융수업,UClU6tzeYdQ902LLZta0Ymbg,2026-10-01 12:45:37,shorts,6.0,183801,337.0,2.0,12500,1만~10만,8.331967138136573,22059.736548733763,14.70408,18.34524403633097,10019.0,same_format,False,False,False,True,0.0018335047143377893,1.0881333616248008e-05,목,12,20,22.047340539547417,,https://www.youtube.com/watch?v=98Q_4_SzIAg
pW0dhhbrj0Q,"이혼 재산 분할, 다 뺏기고 싶지 않다면 이것을 알아야 합니다",조성구 변호사의 슬기로운 이혼수업,UCLCZcDF0ztS6L7ZVQ4b8leQ,2025-05-21 17:30:20,long,992.0,72088,688.0,89.0,25400,1만~10만,506.13424723072916,142.42861532177167,2.8381102362204724,18.008493629777668,4003.0,same_format,False,False,True,False,0.00954389080013317,0.0012346021529242037,수,17,34,2.058822828559767,"이혼, 이혼소송, 이혼조정, 이혼변호사, 이혼전문변호사, 이혼 재산분할, 재산분할, 위자료, 이혼 위자료, 재산분할 주의사항, 재산분할 손해, 재산분할 계산법, 이혼법",https://www.youtube.com/watch?v=pW0dhhbrj0Q
kJI__HjsoQY,"주식리딩방 사기, 고소보다 먼저 해야할 '이것' (HTS 사기, 스미싱 사기) | 김유돈 대표변호사 | 유돈로우",유돈로우,UCh6Abvmtk-LsNxJ_FXRK4ow,2025-05-01 20:01:22,shorts,39.0,32569,206.0,27.0,13600,1만~10만,526.0293629714699,61.9147946723393,2.394779411764706,17.974061810154524,1812.0,same_format,False,False,True,False,0.006325033006847002,0.0008290091805090731,목,20,62,2.02117001816179,"김유돈변호사, 군법무관, 군검사, 군판사, 법무법인지금, 변호사, 서초변호사, 법률상담, 법률사무소, 법률지식",https://www.youtube.com/watch?v=kJI__HjsoQY
TqroAQQQmfg,"주식성공사연｜주식시장에는 고수가 돈을 버는 것이 아니라, 돈을 버는 사람이 고수다｜어느 단타쟁이의 투자전략 풀버전",용의꼬리올라타다 Message,UCvS5hW5HVgvQD5sMKLaBJbA,2023-09-16 10:00:14,long,1676.0,32990,869.0,33.0,68800,1만~10만,1119.4468166751737,29.469912735990746,0.47950581395348835,17.93909733550843,1839.0,same_format,False,False,True,False,0.02634131555016672,0.0010003031221582298,토,10,63,1.2082882339616818,"투자실패사연, 주식마인드, 주식고수, 매매기법, 주식투자의 지혜, 기술적분석, 주식 성공, 주식경험담, 주식성공확률",https://www.youtube.com/watch?v=TqroAQQQmfg
JwkVXrcEL44,40살까지 모은 돈이 인생을 좌우합니다,부투스쿨 TV,UCCTOzFObhmZoMkJVQKgAQJQ,2025-09-03 18:00:22,shorts,33.0,361789,2038.0,548.0,306000,10만~100만,401.1133907492477,901.9619098834052,1.1823169934640523,17.858186485019004,20259.0,same_format,False,False,True,False,0.0056331176459206884,0.0015146950294232275,수,18,21,7.14283014803421,,https://www.youtube.com/watch?v=JwkVXrcEL44
YpcTUeCkZHQ,주식 10년 장기투자 결과 #주식투자실패,말아먹고 복구한 남자,UCqyxZqr9760RKF0s0FwVOWw,2023-06-03 07:00:23,shorts,13.0,23389,30.0,16.0,625,1천 미만,1224.571712508507,19.099738921853888,37.4224,17.840579710144926,1311.0,same_format,False,True,True,False,0.0012826542391722604,0.0006840822608918723,토,7,22,3.789187358398858,"투자실패 비트코인, 코인투자, 코인실패, 주식실패, 실패담, 삼성전자, 이더리움, 영끌투자, 영끌실패, 투자후기, 주식투자, 깡통",https://www.youtube.com/watch?v=YpcTUeCkZHQ
ErspNYLJOWs,세종 상가에 10억 영끌한 30대 청년의 최후 #공실 #부동산,여우대장,UCabdDNbpoShi21sLQmvhgqg,2025-03-15 07:00:10,shorts,55.0,447321,2678.0,233.0,105000,10만~100만,573.57186297147,779.886582445991,4.2602,17.783648398831176,25153.5,same_format,False,False,True,False,0.00598675224279656,0.0005208787425584759,토,7,34,4.573904633785879,,https://www.youtube.com/watch?v=ErspNYLJOWs
xO2oyVn_xUE,"주식으로 7억 날린 아들의 눈물겨운 고백, 그리고 어머니의 한마디(feat. 삼성전자)",무한배터리,UCgFB5NI2tKLgmNgYuL_DAkQ,2026-07-13 08:35:50,long,696.0,102103,1743.0,657.0,56800,1만~10만,88.50542778628471,1153.635461166851,1.797588028169014,17.44753930280246,5852.0,same_format,True,False,True,True,0.017070996934468136,0.006434678706796078,월,8,48,2.140233870092758,"주식 5억, 5억, 5억 손실, 주식 5억 손실, 주식손실인증, 주식손해인증, 주식투자실패사례, 주식투자실패, 주식투자실패과정, 주식실패, 투자실패, 주식손실계좌인증, 주식실패이유, 주식성공, 무한배터리",https://www.youtube.com/watch?v=xO2oyVn_xUE
_BAdI9THvYc,왕초보도 가능한! 내 조건검색식으로 자동매매를 해주는 프로그램을 하루 만에 만들어 보자!,2026 키움영웅전,UCMzWnv9lk5zgpxhg7oRopfA,2025-11-28 20:01:12,long,953.0,205036,3161.0,115.0,168000,10만~100만,315.0294787122107,650.8470281516315,1.2204523809523808,17.234260738001176,11897.0,same_format,True,False,True,True,0.015416804853781775,0.0005608771142628612,금,20,49,1.2112489458649427,"영웅문, HTS, 조건검색, 자동매매, 자동매매프로그램, 텔레그램, 파이썬, 코딩, 수익, 자동, 돈, 재테크",https://www.youtube.com/watch?v=_BAdI9THvYc
otsz0tROdXI,공격적인 투자자가 결국 망하는 과정,최총명,UCdAeG2KuQCZUsXtq_-C0B1Q,2026-05-24 16:54:45,long,607.0,77334,,953.0,2510,1천~1만,138.15895787887732,559.7465498241381,30.81035856573705,17.07340766088972,4529.5,same_format,True,True,True,True,,0.012323169627848036,일,16,19,1.4893862024720066,"미국주식, 비트코인, 알트코인, 재테크, 레버리지, 경제, 브이로그, 자기계발, 직장인, TQQQ, SOXL, 파이어족",https://www.youtube.com/watch?v=otsz0tROdXI
Aq3m48k30eQ,레버리지가 뭐예요?,어피티 UPPITY,UC8d2HkvVNQlRasXm6yXUw0Q,2026-06-12 18:41:10,shorts,41.0,475700,,73.0,220000,10만~100만,119.08505741591436,3994.6237615570744,2.162272727272727,17.052012761228806,27897.0,same_format,True,False,True,True,,0.00015345806180365777,금,18,10,5.799606340212503,,https://www.youtube.com/watch?v=Aq3m48k30eQ
yS4mIahougw,주식으로 큰 돈 벌었다 망한 사람들의 공통점 1가지 I 작가 정상곤 7부,성장읽기,UC-ppKtl5wD4ZYvC1ecGEypw,2025-10-25 07:01:15,long,717.0,41440,731.0,51.0,138000,10만~100만,349.5711106566551,118.54526514549971,0.30028985507246375,16.93502247650184,2447.0,same_format,True,False,True,True,0.01763996138996139,0.0012306949806949808,토,7,40,7.2917053475881675,,https://www.youtube.com/watch?v=yS4mIahougw
NNDwemp847U,입원이 답일까? 정신과의사가 알려주는 도박중독 치료법ㅣ[정신과의사 뇌부자들 김지용 원장 3부],도박엔딩,UCe_Yoph-Xbs0OMhvcTRy4Hg,2025-04-07 18:00:24,long,830.0,45952,389.0,117.0,26100,1만~10만,550.1133676010995,83.53187307624363,1.7606130268199234,16.931466470154753,2714.0,same_format,False,False,True,False,0.008465355153203343,0.0025461350974930364,월,18,52,1.2325289831798922,"도박센터, 한국도박문제예방치유원, 한국도박문제예방센터, 도박상담센터, 도박문제, 도박 문제, 도박 상담, 도박빚, 도박 빚, 단도박, 단 도박, 도박끊는법, 도박 끊는 법, 도박끊는 법, 도박중독, 도박 중독, 도박중독상담, 도박중독 상담, 도박 중독 상담, 1336, 도박문제예방치유원, 한국도박문제관리센터, 도박상담, 도박엔딩, 토토, 경마, 경정, 경륜, 로또, 복권, 강원랜드, 홀덤, 고스톱, 포커, 바카라, 블랙잭, 투자, 투기, 도박, 놀이터, 꽁머니, 코인, 비트코인, 이더리움, 가상화폐, 주식, 뇌부자들",https://www.youtube.com/watch?v=NNDwemp847U
Kv6dyA1u0bM,5분만에 전재산을 잃을 수 있는 비트코인,자두두 Jadoodoo,UCIOHzEDwgUuLBZwPKEUt1AQ,2023-10-25 18:00:12,shorts,55.0,5937611,43745.0,3383.0,234000,10만~100만,1080.1135064899886,5497.210213855459,25.374405982905984,16.888003697514844,351587.5,same_format,False,False,True,False,0.0073674412149937075,0.0005697577695810655,수,18,22,2.612750689929479,,https://www.youtube.com/watch?v=Kv6dyA1u0bM
C9g-oKQ6p34,"주식, 비트코인 떡락 = 이혼 가능성 떡상",찬찬히 살펴보는 법 이야기 - 이대찬 변호사,UC4LhREUWyiGniosrDqpJWCg,2022-07-06 15:00:04,shorts,26.0,1889,22.0,0.0,1230,1천~1만,1556.238599082581,1.213824153387267,1.5357723577235773,16.79111111111111,112.5,all_formats,False,True,True,False,0.011646373742721016,0.0,수,15,23,1.4323583681061538,,https://www.youtube.com/watch?v=C9g-oKQ6p34
7q9NHm32wYw,주식투자 무조건 성공하는 성격,위대한투자자,UCUpVImsjp8wn54B4ih9xuyw,2025-07-28 19:11:32,shorts,37.0,2792666,25652.0,1011.0,13900,1만~10만,438.06396945295137,6375.018706714102,200.91122302158274,16.451640648011782,169750.0,same_format,False,False,True,False,0.009185487988896632,0.0003620196614990837,월,19,16,0.5891955896895318,,https://www.youtube.com/watch?v=7q9NHm32wYw
CxwCFxUwano,"3억 빚쟁이와 결혼한 여자, 그 결말은...? 1편 #shorts #이슈 #알고리즘 #유튜브쇼츠",톡톡소담,UCzXOlwCzzbAlb0eI3ZMH-2w,2025-11-12 08:00:30,shorts,63.0,1237,5.0,1.0,342,1천 미만,331.5299648233218,3.731186110610603,3.6169590643274856,16.276315789473685,76.0,same_format,False,True,True,True,0.004042037186742118,0.0008084074373484236,수,8,53,3.3353278387924874,"사기결혼, 시니어공감, 실화썰, 결혼현실, 부부갈등, 거짓결혼, 결혼충격, 시니어이야기, 인생이야기, 시니어쇼츠, 부부썰, 결혼썰, 현실이혼, 인생경험담, 실화스토리, 가정문제, 결혼지옥, 이혼고민, 현실충격, 사랑과현실",https://www.youtube.com/watch?v=CxwCFxUwano
J0bSx02kr3c,개미가 주식으로 큰돈 못 버는 이유,이헌상 황금바닥,UCwzBJHLN0uklfzLAfVbMDRw,2025-10-23 12:19:37,shorts,24.0,1281279,6137.0,,180000,10만~100만,351.35002269369215,3646.730944193,7.118216666666667,16.247411568529238,78860.5,same_format,True,False,True,True,0.004789745246741733,,목,12,19,2.105396980468057,"삼성전자, SK하이닉스, 테슬라, 엔비디아, 브로드컴, 마이크로소프트, TSLA, NVIDIA, MU, 엔터주, 바이오, 제약바이오, 와이지, JYP, 에스엠",https://www.youtube.com/watch?v=J0bSx02kr3c
I3zO58L8I8c,주식하지 말라는 근거,잡인사이드 job inside,UCxKLNBYfPhj27SxjhEs9qow,2024-09-24 17:30:06,shorts,35.0,33760,238.0,66.0,111000,10만~100만,745.1344092677662,45.30726212627264,0.30414414414414415,16.19573039098105,2084.5,same_format,False,False,True,False,0.007049763033175355,0.0019549763033175353,화,17,11,3.0172440887608554,,https://www.youtube.com/watch?v=I3zO58L8I8c
Ds_tSBPfJ-E,"주식, 비트코인으로 재산을 다 날리면 이혼 사유일까? ｜대구 이대찬 변호사",찬찬히 살펴보는 법 이야기 - 이대찬 변호사,UC4LhREUWyiGniosrDqpJWCg,2022-05-18 15:00:06,long,208.0,1759,14.0,0.0,1230,1천~1만,1605.238575934433,1.0957872719798427,1.4300813008130082,15.635555555555555,112.5,all_formats,False,True,True,False,0.007959067652075043,0.0,수,15,41,1.4323583681061538,"주식이혼, 비트코인이혼, 대구이혼변호사, 주식폭락, 비트코인폭락, 대구변호사, 주식빚, 비트코인빚, 주식망한사람, 비트코인망한사람, 주식실패, 비트코인실패",https://www.youtube.com/watch?v=Ds_tSBPfJ-E
NgqSeJ_NsAI,지난 4년간의 투자 실패 그리고 느낀 점 (-7천만원 손절),디히치,UCnoMvisA2ot4V0oIvLOJrbw,2024-12-22 19:50:07,long,225.0,95736,1270.0,602.0,25100,1만~10만,656.0371754714699,145.93075450518188,3.814183266932271,15.592182410423453,6140.0,same_format,False,False,True,False,0.013265647196456924,0.006288125678950447,일,19,33,1.8155617416472452,"주식, 부동산, 사업, 주식투자, 주식 투자, 투자, 재테크, 주식 실패, 주식투자 실패, 주식 투자 실패, 투자 실패, 투자 손실, 투자 실패 사연, 투자 실패 이야기, 주식투자 손절",https://www.youtube.com/watch?v=NgqSeJ_NsAI
j6tvH1dNXXs,주식실패사연｜뇌동매매로 이어진 투자로 1억이라는 돈을 한번에 잃게 된 50대 남성,용의꼬리올라타다 Message,UCvS5hW5HVgvQD5sMKLaBJbA,2023-03-09 21:01:53,long,643.0,28491,417.0,44.0,68800,1만~10만,1309.987337508507,21.749065188819035,0.41411337209302324,15.492659053833606,1839.0,same_format,False,False,True,False,0.01463620090554912,0.0015443473377557825,목,21,45,1.2082882339616818,"주식투자, 사연읽어주는, 투자실패사연, 매매기법, 주식방송, 다시함프로, 주식망한사람",https://www.youtube.com/watch?v=j6tvH1dNXXs
huBYfHyHA9Y,요즘 단체로 멘붕온 노후준비족 근황  #노후준비 #자산관리 #은퇴준비,어른의금융수업,UClU6tzeYdQ902LLZta0Ymbg,2026-06-21 23:30:05,shorts,50.0,155045,489.0,42.0,12500,1만~10만,109.88442084184028,1410.9825470451412,12.4036,15.475097315101307,10019.0,same_format,False,False,True,True,0.0031539230545970525,0.00027088909671385726,일,23,38,22.047340539547417,,https://www.youtube.com/watch?v=huBYfHyHA9Y
R0Mi8IWJp3U,미수 8천만원 쓴 대학원생에게 순식간에 벌어진 일,마르지 않는 투자,UCR4R3u3RFdjLlCWlOeg8I8A,2026-06-12 14:00:19,long,468.0,203603,1484.0,1057.0,19600,1만~10만,119.28009213813658,1706.9319477403678,10.387908163265307,15.460779102437543,13169.0,same_format,True,False,True,True,0.007288694174447332,0.0051914755676488065,금,14,27,2.6295162855230347,"#주식투자, #주식공부, #주식기초, #주식초보, #경제적자유",https://www.youtube.com/watch?v=R0Mi8IWJp3U
7Jb283mpbxw,주식으로 망하는 과정,와조스키,UC5Mjj4LKlMtP_PXlIVYGxIQ,2024-10-21 18:29:53,long,754.0,557149,8074.0,724.0,226000,10만~100만,718.0928930640625,775.873157054481,2.4652610619469026,15.436055854158585,36094.0,same_format,False,False,True,False,0.01449163509222847,0.0012994728519659911,월,18,11,6.034182927931622,,https://www.youtube.com/watch?v=7Jb283mpbxw
2Qx0fmjcWp8,"3억 장기투자, 실패하지 않는 마인드셋",도토리 투자연구소,UCsihFW_BkUGguOk9xllqbMA,2025-11-17 00:00:03,long,468.0,720,12.0,0.0,1040,1천~1만,326.8636106566551,2.2027536150431386,0.6923076923076923,15.319148936170214,47.0,same_format,False,True,True,True,0.016666666666666666,0.0,월,0,21,7.777713763672727,"장기투자, 가치투자, ETF투자, 배당주, 주식초보, 주식공부, 투자원칙, 자산관리, 경제공부, 우량주투자, 미국주식, 한국주식, 재테크, 투자마인드, 금융지식",https://www.youtube.com/watch?v=2Qx0fmjcWp8
mppkxeVJjDc,"📉물린 주식 '이렇게' 탈출하고 돈 버는 계좌로 바꾸세요 (계좌 관리법, 주식 투자)",부자티비,UCFNvxbkVLERlXqoSRtZ8KVQ,2025-03-13 19:01:04,long,748.0,758050,10824.0,433.0,422000,10만~100만,575.0712379714699,1318.184513407377,1.7963270142180094,15.285731569608002,49592.0,same_format,False,False,True,False,0.014278741507816108,0.0005712024272805224,목,19,47,1.8603975861587403,"주도주, 주도주 찾는 방법, 물린주식, 주식물렸을때, 물린주식 관리방법, 물린주식 탈출, 물린주식 대처법, 주식으로 돈 버는 방법, 주식, 주식투자, 부자, 부자티비, 이수빈대표, 부자티비 수빈쌤, 부자티비 이수빈대표, 부자티비 이수빈, 이수빈, 수빈쌤, 매수라이브, 2차전지, 2차전지 전망",https://www.youtube.com/watch?v=mppkxeVJjDc
UeA2sm2z3p4,은퇴 자금 10억도 모자란 이유 #주식 #투자전략,불로소득,UCPGUR-wUfBvFA4zEnSWmM1Q,2025-04-08 09:00:58,shorts,35.0,15375,29.0,12.0,2150,1천~1만,549.487974082581,27.980594162538186,7.151162790697675,15.207715133531158,1011.0,same_format,False,True,True,False,0.001886178861788618,0.0007804878048780488,화,9,27,0.45507559850287577,"ETF, investmentroutine, 킬데어, 이티에프, 주식, KODEX, KINDEX, TIGER",https://www.youtube.com/watch?v=UeA2sm2z3p4
1NTN-bEe0w4,금융 전문가들이 말하는 노후 자산관리 실수 TOP 3,생활지원백과,UCM8Qz4CKAkpCW1p1BVK8j6Q,2025-02-22 20:00:04,shorts,57.0,20497,224.0,1.0,17300,1만~10만,594.0302657492477,34.504975894026586,1.1847976878612716,15.104642593957259,1357.0,same_format,False,False,True,False,0.010928428550519589,4.878762745767673e-05,토,20,29,4.341597587312198,"노후 자산관리, 은퇴 준비, 재테크 실수, 금융 전문가, 경제적 자유, 자산 증식, 연금 관리, 안전한 투자, 분산 투자, 노후 대비, 투자 공부, 부동산 투자, 주식 배당, 채권 투자, 연금 저축, 퇴직연금, 자산 보호, 물가 상승, 금융 투자, 은퇴 후 생활, 경제 관리, 재무 설계, 금융 전략, 돈 불리기, 경제 상식, 자산 운용, 성공적인 노후, 배당주 투자, 금융 지식, 현명한 투자, 돈 관리법, 노후 생활비, 안전한 재테크, 장기 투자, 월 배당 투자, 부동산 임대, 부동산 매매, 금융 상품, ETF 투자, 연금 투자, 은퇴 자금, 현금 흐름, 경제 전망, 자산 배분, 안정적인 수익, 투자 리스크, 은퇴 재테크, 노후 대비 투자, 절세 전략, 금융 습관, 성공적인 재테크, 자산 증대, 배당 투자, 금융 자유, 부자 되는 법, 경제 뉴스, 투자 트렌드, 국민연금",https://www.youtube.com/watch?v=1NTN-bEe0w4
7Jh2JjqERXQ,요즘 유행하는 사기 '주식 리딩방 사기' (ft. 오영호 변호사),슥튜디오,UCwbq9G7DGqWW7-OOs0InDdg,2025-06-19 16:16:38,shorts,31.0,41905,145.0,6.0,25100,1만~10만,477.1854277862847,87.8170152730813,1.6695219123505975,14.968744418646187,2799.5,same_format,False,False,True,False,0.0034602076124567475,0.00014318100465338264,목,16,36,8.36777476960948,"전세사기, 사기꾼, 사기유형, 주식, 리딩방",https://www.youtube.com/watch?v=7Jh2JjqERXQ
JiR3TvA5m0w,"[FX마진거래 3탄] FX렌트 판결문 총정리, 법원이 판단한 FX렌트가 빼박 도박인 이유",변호사 이승재,UCblB86SI93UerFKcFfTlvaA,2020-06-03 18:00:07,long,306.0,965,17.0,4.0,3800,1천~1만,2319.113564360359,0.41610726392614555,0.25394736842105264,14.846153846153847,65.0,same_format,False,True,True,False,0.017616580310880828,0.004145077720207254,수,18,49,2.8571382680129855,"법무법인리앤파트너스, 리앤파트너스, 이승재변호사, 이승재, 엄민지변호사, 엄민지, 형사변호사, FX마진거래, FX렌트, 무죄, 유죄, 금융감독원, 신종사행성투자, 자본시장법, 무허가금융거래, 환율, 도박, 파기환송, 도박공간개설, FX, FX본사, FX지사, 검찰, 공소장, 변호사유튜브, 법률자문, 법률상담, 법률조언, 변호사상담, 변호사선임",https://www.youtube.com/watch?v=JiR3TvA5m0w
XD8ouSW5-l4,"개인회생 성공사례 𝒆𝒑.𝟛 | #서울회생법원 | 리딩방 사기 피해 의뢰인, 회생 전략 1부 #개인회생 #성공사례",회생은 채무종결자 | 법무법인 스탠다드,UCkmGJkndcQl6NJ1DBNcbJ-g,2026-03-05 17:56:16,long,506.0,4512,8.0,1.0,6990,1천~1만,218.11623797146993,20.686217779852683,0.6454935622317597,14.79344262295082,305.0,same_format,False,True,True,True,0.0017730496453900709,0.00022163120567375886,목,17,62,6.175103388057057,"개인회생, 개인파산, 법인회생, 법인파산, 법무법인스탠다드, 회생, 파산, 기각, 면책, 인가, 법원, 회생법원, 채무조정, 변제율, M&A, 재무제표, 신용대출, 대출, 일반회생, 간이회생",https://www.youtube.com/watch?v=XD8ouSW5-l4
SLsjYwTwtkw,주식실패사연ㅣ어떻게 하면 깡통을 찰 수 있을까ㅣ3천만원으로 5억원을 벌었던 고수 몰락기ㅣ나는 이렇게 깡통을 차고 망했다ㅣ탐욕이 무섭네요,미라클miracle,UCskhvdwQ9V0VQbUy60QWVBA,2024-05-27 18:45:02,long,1907.0,19059,288.0,29.0,22700,1만~10만,865.0823722307292,22.031428002461602,0.8396035242290749,14.774418604651164,1290.0,same_format,False,False,True,False,0.01511097119471116,0.0015215908494674432,월,18,75,7.000011342610971,"주식, 주식실패사연, 주식실패담, 주식투자, 실화사연, 주식전업투자, 전업투자",https://www.youtube.com/watch?v=SLsjYwTwtkw
zjc7kHesk-4,주식 단타 진짜 노답인 이유;; #단타 #shorts #주식,대왕개미 홍인기,UCHKRLOqgrKhIgoCKJ3UkNhg,2024-04-12 18:15:03,shorts,24.0,724208,3477.0,132.0,331000,10만~100만,910.1031939899885,795.7427298161604,2.187939577039275,14.598318853433852,49609.0,same_format,False,False,True,False,0.004801106864326271,0.00018226807767934074,금,18,33,2.2637411106614573,"쇼츠, 홍인기, 대왕개미, 대왕개미홍인기, 홍인기주식, 처음부터시작하는, 주식투자단타전략, 전업투자자, 트레이더, 억대트레이더, 매매수익, 계좌공개, 수익실현, 주식, 주식잘하는법, 주린이, 주식기초, 단타, 단기투자, 단기매매, 전업투자, 데이트레이더, 스켈핑, 주식잘하려면, 손절, 익절, 상한가, 하한가, 상따, 돌파매매, 눌림목, 눌림목매매, 눌림목매수, 매수타점, 주식고수, hlb, 대왕개미 홍인기, 3분봉 단타",https://www.youtube.com/watch?v=zjc7kHesk-4
lggWOdipffY,주식이 상장폐지 되면 내 돈은 어떻게 될까,은근한 잡다한 지식,UCifXwtIk4JtAzzAGNeeM91A,2025-01-26 15:19:36,long,242.0,952653,6582.0,603.0,576000,10만~100만,621.2250342677662,1533.5070987969532,1.6539114583333334,14.547652134076506,65485.0,same_format,False,False,True,False,0.006909126408041543,0.0006329691923502051,일,15,23,2.5384247328526217,"주식, 주식 투자, 상장폐지, 주식 상장폐지, 상장폐지 되면 내 돈, 상장폐지 돈, 상장폐지 과정, 정리매매, 은잡지",https://www.youtube.com/watch?v=lggWOdipffY
OnEJaDPytao,주식실패사연｜2007년 폭락장에 어느 주식고수의 투자자가 쓴 글｜주식투자 손실의 지혜,용의꼬리올라타다 Message,UCvS5hW5HVgvQD5sMKLaBJbA,2023-03-17 20:30:16,long,989.0,26718,496.0,14.0,68800,1만~10만,1302.0092935270256,20.520590853559387,0.38834302325581394,14.528548123980425,1839.0,same_format,False,False,True,False,0.018564263792200015,0.000523991316715323,금,20,47,1.2082882339616818,"매매기법, 하락장, 주식공부, w를 찾아서, 박경철 엘리어트, 주식강의, 시골의사 박경철, 기술적분석, 볼린저밴드, 부자경제학",https://www.youtube.com/watch?v=OnEJaDPytao
EFigjoIV23o,3배 레버리지 ETF의 불편한 진실,MKTV 김미경TV,UCnaGfDaiM-pM1l-SXYpq37Q,2026-04-11 07:30:06,shorts,57.0,639216,1209.0,212.0,1890000,100만+,181.55107593443287,3520.860433957729,0.3382095238095238,14.337662337662337,44583.0,same_format,True,False,True,True,0.0018913794398137719,0.0003316562789417036,토,7,19,4.929571839625249,,https://www.youtube.com/watch?v=EFigjoIV23o
-MjVbEH_Zo8,미국주식 장기투자 : s&p500 적립식 매수결과,천호개미,UCUrZsK1w0iuR76ME5m6fQMQ,2023-09-14 20:09:25,shorts,19.0,221947,568.0,31.0,8080,1천~1만,1121.0237726936923,197.98598870627575,27.46868811881188,14.32147120503307,15497.5,same_format,False,True,True,False,0.002559169531464719,0.0001396729849919125,목,20,27,1.7067968046551303,,https://www.youtube.com/watch?v=-MjVbEH_Zo8
aoV42Eo8AxM,[full] 나쁜 빚 - 20대는 왜 빚을 지게 되었나 | 추적60분 1385회 KBS 241025 방송,KBS 추적60분,UCy-6oZwPwrR_W-zYnqLD8dg,2024-10-25 22:50:00,long,2872.0,1529689,11420.0,,803000,10만~100만,713.9122564899884,2142.684883322845,1.9049676214196762,13.985344401982116,109378.0,same_format,False,False,True,False,0.007465569798828389,,금,22,58,3.9886097756024497,"KBS, 다큐, 다큐멘터리, 인터뷰, 레전드, 빚, 영끌, 20대, 청년, 알바",https://www.youtube.com/watch?v=aoV42Eo8AxM
KpmBLP_-H4E,주식실패사연｜아무리 조금씩 모아도 어느 순간인가 한 방에 훅 가버린다 60대남성실화,용의꼬리올라타다 Message,UCvS5hW5HVgvQD5sMKLaBJbA,2023-02-13 20:30:05,long,505.0,25122,437.0,23.0,68800,1만~10만,1334.0094208418404,18.831950964893863,0.3651453488372093,13.66068515497553,1839.0,same_format,False,False,True,False,0.01739511185415174,0.0009155322028500916,월,20,46,1.2082882339616818,"퇴근길 라디오, 사연읽어주는, 실제제보, 전업투자자, 신청사연, 주식 망하는 이유, 투자실패사연, 영끌투자, 주식",https://www.youtube.com/watch?v=KpmBLP_-H4E
VUOnJPZePcA,"주식실패사연｜4억은 날렸을까, 아니 더 잃었을 겁니다. 그래서 주식시장을 떠납니다｜20년동안 단타도 스윙도 다 틀렸네요",용의꼬리올라타다 Message,UCvS5hW5HVgvQD5sMKLaBJbA,2025-05-17 10:00:36,long,1568.0,24932,382.0,60.0,68800,1만~10만,510.446562045544,48.843506556471766,0.3623837209302326,13.5573681348559,1839.0,same_format,False,False,True,False,0.015321674955879994,0.002406545804588481,토,10,66,1.2082882339616818,"투자실패사연, 주식고수, 매매기법, 주식 성공, 스윙투자자, 주식잘하는법, 주식공부, 주식망한사람, 주식경험담",https://www.youtube.com/watch?v=VUOnJPZePcA
0DePbyx9TFY,20만 유튜버가 빚투 레버리지 땡긴 결과,한민규의 이슈분석,UCIEJx7sHQnBzZtZULydG_NQ,2026-06-22 06:50:56,shorts,125.0,375760,23950.0,276.0,140000,10만~100만,109.57827500850695,3429.1468812666417,2.684,13.423116080518692,27993.5,same_format,True,False,True,True,0.06373749201618054,0.0007345113902490952,월,6,22,13.61672082885484,,https://www.youtube.com/watch?v=0DePbyx9TFY
uJ0ed9V3Gew,주식실패사연ㅣ주식에서 손을 떼야 사람답게 살 수 있습니다ㅣ어느 한심한 개미의 생각ㅣ주식에서 성공하는 100% 방법ㅣ주식투자 실화사연 주식실패,미라클miracle,UCskhvdwQ9V0VQbUy60QWVBA,2024-04-02 18:45:02,long,1895.0,17140,282.0,30.0,22700,1만~10만,920.0823722307292,18.628766855346075,0.7550660792951542,13.286821705426357,1290.0,same_format,False,False,True,False,0.016452742123687282,0.001750291715285881,화,18,78,7.000011342610971,"주식, 주식실패사연, 주식실패담, 주식투자, 실화사연, 주식전업투자, 전업투자",https://www.youtube.com/watch?v=uJ0ed9V3Gew
dzCLtKW4Eg8,요즘 난리난 AI 투자 대회,토미의 트레이딩TV,UC6nkHbnWIrpaDBHXQ_1aiIA,2025-10-22 16:15:49,shorts,52.0,285388,2661.0,110.0,191000,10만~100만,352.18599491591436,810.3331879171895,1.4941780104712041,13.055857998993549,21859.0,same_format,False,False,True,True,0.009324148177218383,0.0003854401726771974,수,16,15,8.15904085941897,,https://www.youtube.com/watch?v=dzCLtKW4Eg8
IAuTgWjieGg,주식 전업 투자ㅣ모든 이의 실패원인 공통점ㅣ실화사연 주식실패담,미라클miracle,UCskhvdwQ9V0VQbUy60QWVBA,2023-03-19 06:15:00,shorts,59.0,16520,269.0,12.0,22700,1만~10만,1300.6032287122107,12.701798392702162,0.7277533039647577,12.806201550387597,1290.0,all_formats,False,False,True,False,0.01628329297820823,0.0007263922518159806,일,6,34,7.000011342610971,"주식실패, 주식전업, 전업투자, 주식투자, 주식, 주식실패사연, 실화사연, 주식에 미치는 사람들, 주식단타, 주식공부, 주식초보, 주식강의, 기초강의",https://www.youtube.com/watch?v=IAuTgWjieGg
afhzHSMW0ac,오늘자 주식에 전재산 넣은 20대 상황.. 삼전닉스야.. 나 한강물 안 좋아해.. 😭,썸재이 JOIE,UCekk2eA4bQ03jESxyLbD19w,2026-07-13 15:42:59,shorts,5.0,24377,25.0,18.0,7130,1천~1만,88.20879584184027,276.3556600830187,3.4189340813464235,12.789611752360965,1906.0,same_format,True,True,True,True,0.0010255568773844198,0.0007384009517167823,월,15,47,0.1707578563813116,,https://www.youtube.com/watch?v=afhzHSMW0ac
Qsry3Skx8As,작전세력 몰래 대주주사 매도 하면 ㅈ 되는이유  [작전],드라마모니터링,UC8nLCtMl2_5I8EI2ZlvMllQ,2024-04-05 07:00:14,shorts,41.0,148610,947.0,36.0,159,1천 미만,917.5718166751737,161.96007473125005,934.6540880503145,12.73981997428204,11665.0,same_format,False,True,True,False,0.006372384092591346,0.00024224480183029405,금,7,31,4.444514121326613,,https://www.youtube.com/watch?v=Qsry3Skx8As
FWxJk_ofxwg,"나이 먹으면 더 주식투자를 해야 하는 이유, 아무것도 하지 않으면 모든 것을 잃습니다.",똑똑하게 돈 벌기,UCEDbet_4cQqo5_8Yw2ermKg,2026-04-29 18:00:20,long,1452.0,41672,1494.0,111.0,77900,1만~10만,163.11341389739584,255.47868200596412,0.5349422336328626,12.553697846061153,3319.5,same_format,True,False,True,True,0.03585141101938952,0.00266365905164139,수,18,48,7.1806703193736094,,https://www.youtube.com/watch?v=FWxJk_ofxwg
foZ3_ZdxIt0,건물주의 요구를 들어줄수 밖에 없는 여자의사연은 (영화리뷰/결말포함),무비샷 : MOVIE SHOT,UC_FSImuNKApTDqvn-EW2rPA,2022-03-19 15:00:12,long,625.0,54030,166.0,2.0,2210,1천~1만,1665.2385064899884,32.445802681974456,24.447963800904976,12.475178942507505,4331.0,same_format,False,True,True,False,0.0030723672034055154,3.701647233018693e-05,토,15,38,0.42866442939304555,"영화리뷰, 영화결말, 영화전문리뷰, 결말포함, 음란주택2, 건물주, 여성전용",https://www.youtube.com/watch?v=foZ3_ZdxIt0
OyxTtoSdPQE,1931. 남편의 투자로 늘어만 가는 빚,법륜스님의 즉문즉설,UCSsWdUwr4UonSCAVH-k0_Lg,2023-07-24 05:00:05,long,1347.0,636454,10147.0,600.0,1640000,100만+,1173.6552541751737,542.2836030732805,0.38808170731707314,12.441190843872784,51157.0,same_format,False,False,True,False,0.01594302180518938,0.0009427232761519293,월,5,22,5.831320942676225,"불교, 즉문즉설, 법륜스님, 정토회, buddha, buddhism, pomnyun, 스님의주례사, 엄마수업, 깨달음, 기도, 수행, 답답하면물어라, 법륜, 스님, 새로운100년, Buddhahood, Gautama, Buddha, 투자, 부동산, 상가, 빚, 투기, 남편, 대출, 스트레스, 자책, 재취업, 원망, 개인 파산, 성질, 부부, 부채 탕감",https://www.youtube.com/watch?v=OyxTtoSdPQE
WMG66_Cu1SQ,종가매매로 주식투자를 할 때 유의할 점  #종가매매 #시간외 #차트분석,주식용사부,UC-jgYMsPz6NuDT9j9dmNODg,2024-07-13 12:00:20,shorts,47.0,150035,1363.0,,41500,1만~10만,818.3634138973957,183.33541975620503,3.615301204819277,12.428346587143803,12072.0,all_formats,False,False,True,False,0.009084546939047556,,토,12,39,8.31939889041668,"주식단테, 개천에서용재난다, 만쥬, 주식에미친사람들, 돈깡, 홍인기, 주식트레이더, 하승훈, 창원개미tv, 시윤주식, 1분주식, ap투자연구소, 주식단타, 스윙투자, 스캘핑, 기술적분석, 차트분석, 단타매매, 지지와저항, 시간외, 종가매매, 주식초보",https://www.youtube.com/watch?v=WMG66_Cu1SQ
lUsqWQwHeAY,주식 리딩방 사기의 실체,잼파민,UCVKvpNOvegnS7fYUQ4OZ49w,2024-09-21 21:21:53,shorts,58.0,85217,385.0,27.0,193,1천 미만,747.973448619618,113.9305147225047,441.5388601036269,12.334201765812708,6909.0,same_format,False,True,True,False,0.0045178778882147925,0.0003168381895631153,토,21,13,1.0338649578173524,"유머, 썰, 잼파민, 도파민, 짤감자, 디시, 펨코, 웃김, 주식, 주식리딩방, 사기, 보이스피싱",https://www.youtube.com/watch?v=lUsqWQwHeAY
jRxhY7MF26Q,"장기투자가 답인걸 알면서도 실패하는 이유 | 10년 후 부자로 만들어줄 장기투자, 이렇게 해보세요",똑똑하게 돈 벌기,UCEDbet_4cQqo5_8Yw2ermKg,2026-04-25 13:45:24,long,1362.0,40887,1214.0,99.0,77900,1만~10만,167.29045093443287,244.40725559419457,0.5248652118100129,12.31721644826028,3319.5,same_format,True,False,True,True,0.029691589013622913,0.002421307506053269,토,13,54,7.1806703193736094,,https://www.youtube.com/watch?v=jRxhY7MF26Q
N_u_-lqEzlY,"[#주식 실패 사연 모음#2] 4억을 날리고, 이제 주식에 귀막고 살겠습니다. | 상폐주식의 작전에 10억을 잃었습니다.",코인챗,UCm8VqlpN2vff3ijhWOyrtdw,2025-06-11 18:02:37,long,4116.0,32290,385.0,26.0,21400,1만~10만,485.1118282492477,66.5619721467801,1.5088785046728972,12.315026697177727,2622.0,same_format,False,False,True,False,0.011923196035924434,0.0008052028491793125,수,18,67,1.0835910982991275,,https://www.youtube.com/watch?v=N_u_-lqEzlY
MWwbiUrha5s,[1분주식]'작전세력'이 사채발행을 통해 주가작전 하는 방법 2탄 (에디슨EV),급등타임,UC8WHQZl4kdk18hmV-G1BhNA,2021-12-03 18:59:46,shorts,52.0,21770,116.0,5.0,658,1천 미만,1771.0721407492476,12.291989410883204,33.08510638297872,12.244094488188976,1778.0,same_format,False,True,True,False,0.00532843362425356,0.00022967386311437759,금,18,44,1.6073815483179057,"급등타임, 급등타임쇼츠, 세력, 주식, 주식쇼츠, 쇼츠, Shorts, 주식급등, 주가세력, 세력분석, 주식세력분석, 주가조작, 주식조작, 세력물량, 주가상승, 세력주매매, 세력매매, 마르스, 김동석, 김동석전문가, 급등, 1분주식, 주식1분, 주식shorts, 주식단테, 1분단테, 설거지패턴, 주식설거지, 주식작전매매, 작전매매, 워렌버핏, 월가투자, 워렌버핏매매, 폭락장, 증시하락, 하락장, 사채발행",https://www.youtube.com/watch?v=MWwbiUrha5s
JfzRMIQGci0,최근 레전드 '갱신'한 한국 투자자 근황.. ㅠㅠ,강석주,UC3-9Ul8LOKJzQMdo1nFb_sQ,2025-04-10 17:10:00,shorts,23.0,3027420,22092.0,1137.0,95300,1만~10만,547.1483676010995,5533.087877559294,31.76726128016789,12.19642094576629,248222.0,same_format,False,False,True,False,0.007297302653744773,0.0003755673147432467,목,17,27,15.046595185388083,,https://www.youtube.com/watch?v=JfzRMIQGci0
KYr_qLRx9s0,챗GPT로 주식 자동매매 시스템 만들기,쩐의 흐름,UCH37RCxPxdwRxoaMcADKkOA,2025-05-26 12:00:32,shorts,17.0,272583,1304.0,46.0,14000,1만~10만,501.36327500850695,543.683619418225,19.470214285714285,12.120456212899352,22489.5,same_format,False,False,True,False,0.004783863997387952,0.00016875593855816395,월,12,21,7.142820025028215,,https://www.youtube.com/watch?v=KYr_qLRx9s0
WI13naqAtPc,"자동매매, 혼자 만들다 대부분 여기서 멈춘다",주식 코딩,UCFG2UwBABneCO-5IqVE9lhg,2025-12-29 07:45:02,long,338.0,23239,265.0,47.0,10200,1만~10만,284.54070556406253,81.67197011032886,2.2783333333333333,11.972694487377641,1941.0,same_format,True,False,True,True,0.011403244545806619,0.0020224622401996645,월,7,24,1.2078498256027017,,https://www.youtube.com/watch?v=WI13naqAtPc
Y3bMkweEJf8,"5억으로 QLD 은퇴! 월 400만 원 생활비 인출, 5년뒤 충격 결과는?",슬기로운 파이어족,UCA57zlqR9wYq7RZP1y3w4AQ,2025-10-26 09:04:27,shorts,41.0,95079,333.0,23.0,33700,1만~10만,348.4855551010995,272.834838082217,2.8213353115727005,11.736699172941613,8101.0,same_format,False,False,True,True,0.0035023506768056037,0.00024190410080038706,일,9,41,4.266124936515998,"QLD, 파이어족, 슬기로운파이어족",https://www.youtube.com/watch?v=Y3bMkweEJf8
y4zmeHt8-zw,주식투자 실패로 폭망한 연예인들,궁스토리,UCXDL_GkBO9A_I2PkddOLJTg,2023-09-26 17:42:47,shorts,34.0,6854,22.0,0.0,4120,1천~1만,1109.125601397396,6.179642766666455,1.6635922330097088,11.676320272572402,587.0,same_format,False,True,True,False,0.0032098044937262913,0.0,화,17,17,2.5187400003148426,"주식 망한 연예인, 주식 실패 연예인, 노홍철 주식 손해, 노홍철 주식 정준하, 조영구 김구라, 조영구 주식, 장우혁 주식, 연예인 주식, 김용만 주식",https://www.youtube.com/watch?v=y4zmeHt8-zw
x6oGcyrp-TU,"주식투자해야 부자되는데, 안하는 이유  #노후준비 #은퇴준비 #재테크 #인생조언 #은퇴설계",100세연구소,UCNZihXDG1m0hnlMDlVL02kg,2026-05-27 18:15:14,shorts,6.0,855728,702.0,3.0,58400,1만~10만,135.1030666751736,6333.8902739892255,14.652876712328768,11.584399409765936,73869.0,same_format,True,False,True,True,0.000820354131219266,3.5057868855524185e-06,수,18,50,3.0032150489676,"시니어라이프, 중장년, 노후준비, 은퇴생활, 삶의지혜, 인생조언, 인생철학, 마음관리, 감정회복, 행복습관, 관계조언, 말습관, 부모역할, 부모조언, 자녀교육, 가정교육, 중년부모, 재테크, 투자, ETF투자, 연금저축, 국민연금, 퇴직연금, 부동산투자, 경제적자유, 50대, 60대, 중년, 노년",https://www.youtube.com/watch?v=x6oGcyrp-TU
BDTfGFGcKpU,“엄청나게 위험한 투자를 하고 있다” 미국에서 한국 개인투자자들을 분석한 충격적인 보고서가 발표되는데…  #경제 #EBS지식,EBS 지식,UCuuA38hvvuipqXFIP3BfLEA,2026-05-29 18:00:33,long,788.0,531141,4171.0,1573.0,315000,10만~100만,133.11326343443287,3990.143328291416,1.6861619047619048,11.504277762134766,46169.0,same_format,True,False,True,True,0.00785290534905044,0.002961548816604254,금,18,69,5.271493232389352,"EBS, EBS 지식, 강의, 강연, 지식",https://www.youtube.com/watch?v=BDTfGFGcKpU
-DjeTSaMD6M,이차 전지 투자 실패로 대리운전을 시작했다... 급등주라더니 직원들 월급도 못 주고 있다는 K사에 찾아가봤다 | 추적60분 1416회 KBS 250627 방송,KBS 추적60분,UCy-6oZwPwrR_W-zYnqLD8dg,2025-07-06 23:59:27,long,572.0,1253939,7518.0,4044.0,803000,10만~100만,459.86402732332175,2726.760358488269,1.5615678704856788,11.464270694289528,109378.0,same_format,False,False,True,False,0.005995506958472461,0.0032250372625781637,일,23,88,3.9886097756024497,"KBS, 다큐, 다큐멘터리, 인터뷰, 레전드, 그것이 알고싶다",https://www.youtube.com/watch?v=-DjeTSaMD6M
VpcF7xfK2hs,주식에서 욕심 부리다 7일 만에 1억이 증발했습니다,무한배터리,UCgFB5NI2tKLgmNgYuL_DAkQ,2026-01-04 15:14:52,long,641.0,67098,885.0,291.0,56800,1만~10만,278.2283213048033,241.16164625273046,1.1813028169014084,11.391850594227504,5890.0,same_format,True,False,True,True,0.013189662881158902,0.004336939998211571,일,15,28,2.140233870092758,"무한배터리, 무한배터리 주식, 무한배터리 재테크, 무한배터리 코인, 주식 망한 썰, 주식 망함, 주식 망한사람, 주식초보, 주식추천, 주식투자, 주식투자하는 법, 주식하는 법, 코인으로 수익내는법, 코인으로 돈버는 방법, 스테이블코인으로돈버는방법, 스테이블코인, 빗썸다이, 빗썸 다이, 다이코인, 다이, 코인, 코인으로 망한썰, 코인폭락, 코인으로망한사람, 코인으로전재산날린썰, 코인손실, 루나코인, 루나, 테라, 테라코인, 루나폭락, 루나코인 폭락, 루나 코인 대응, 달리기, 운동, 오락오케이캐쉬백, 미생, 금시세, 금값, 경제, 부, 부자, 경제학, 대출상환, 빚투, 유벤투스, 유벤투스코인, 코인떡상, 코인투자, 스윙투자, 스윙, 배당주단타, 단타매매, 자녀양육, 자녀교육, 애키우기, 자녀키우기, 쿠팡, 쿠팡파트너스, 제휴마케팅, 코오롱티슈진, 티슈진, 신라젠, 휴맥스, 백광산업",https://www.youtube.com/watch?v=VpcF7xfK2hs
HRXxuXxzGfs,"""지금 주가 폭락에 속지 마세요"" 진짜 하락장은 이렇게 안 빠집니다!",ETF 아는 형,UCIt_hQy30blHrVAS7QLTyTg,2026-07-29 07:22:35,shorts,53.0,150281,1147.0,280.0,157000,10만~100만,72.55629584184028,2071.2330784855067,0.957203821656051,11.131101399896304,13501.0,all_formats,True,False,True,True,0.007632368695976204,0.0018631763163673386,수,7,38,14.659657437158353,"허재환, 하락장, 대세 하락장, 주식 폭락, 단기 급락, 증시 전망, 주식 시장 분석, 코스피, 코스닥, 미국 증시, 주식 투자, 재테크, 자산관리, 금융 상식, 주식 초보, 개미투자자, 주식 공부, 저점 매수, 반등 기회, 주식 매수 타이밍, 주가 전망, 주식 시황, 투자 심리, 공포 지수, 포트폴리오 전략, ETF, 국내 주식, 미국 주식, 서학개미, 경제 전망, 거시 경제, 경제 쇼츠, 주식 쇼츠, 재테크 팁, 투자 가이드, 금융 정보, 증시 하락, 리스크 관리",https://www.youtube.com/watch?v=HRXxuXxzGfs
aecEWtF1wHI,아내몰래 받은 대출4억 코인선물로 다 날린 남편,피플빌리지,UC5O90RZzHh-bbo6S7_mKjUA,2025-10-28 20:37:21,shorts,34.0,22379,102.0,30.0,1610,1천~1만,346.004374545544,64.678373010149,13.9,11.114477278370996,2013.5,same_format,False,True,True,True,0.0045578444077036505,0.001340542472854015,화,20,26,2.17130541121558,"휴먼스토리, eo, 이오, 장사의신, 백종원, 당신의이야기, ebs휴먼다큐, 극한직업, 골라듄다큐, 장동선의궁금한뇌, 자영업자스토리, 인간극장, 비트코인, 코인선물, 청산, 비트코인선물",https://www.youtube.com/watch?v=aecEWtF1wHI
bGciG-Yz4Dg,주식세력이 작전치는 원리 궁금하셨죠? 세력사무실에서 직접 배워 온 썰 풉니다 개신기함 ㅋㅋㅋㅋ 3부 [1분주식],1분주식,UCI9oLnJOXVgcvtvsmzl04gQ,2021-03-23 18:44:32,shorts,47.0,1597250,11713.0,176.0,291000,10만~100만,2026.0827194529513,788.3439233079598,5.488831615120275,10.96319633198803,145692.0,same_format,False,False,True,False,0.007333228987321959,0.0001101893880106433,화,18,62,0.4617499700870307,,https://www.youtube.com/watch?v=bGciG-Yz4Dg
74koqD12jG0,[full] 인생을 베팅하다 - 2030 투자중독 실태 보고 | #시사직격 132회 KBS 220902 방송,KBS 추적60분,UCy-6oZwPwrR_W-zYnqLD8dg,2022-09-02 23:07:04,live,2868.0,3855410,24898.0,9848.0,803000,10만~100만,1497.9004046381367,2573.8760654994226,4.801257783312578,10.926886919455725,352837.0,same_format,False,False,True,False,0.00645793832562555,0.0025543327428211265,금,23,60,3.9886097756024497,"KBS, 임재성, 다큐, 다큐멘터리, 인터뷰, 레전드, 김어준, 뉴스공장, 베팅, 도박, 투자, 코인, 주식, 관련주, 아파트, 중독, 영끌, 도박중독자의 가족, 옵션, 금융위원회, 빚 탕감, 실제, 정책, 효과, 빚, 보험금, 주택담보대출, 도지코인, 루나, 가상자산, 이더리움, 비트코인, 스테이블코인, 테라, 존리, 김도형, 암호화폐, 거래소, 시가총액, 레버리지, 도파민 중독, 도박 중독, 금단, 내성, 추격 매매, 금리, 경제 위기, 선물 거래, 현물 거래, 중소형주, 알트코인, 국민연금, 대형주",https://www.youtube.com/watch?v=74koqD12jG0
tNJxw9hoVT0,"[PD수첩]  ""위험을 삽니다: 레버리지와 청년들"" - 2026년 8월 4일 밤 10시 20분 방송",MBC PD수첩,UCawCv9kO2UXbTtsK4EammRQ,2026-08-04 23:28:29,live,2771.0,971547,9396.0,5281.0,1200000,100만+,65.88553195295138,14745.983999852626,0.8096225,10.777423416327867,90146.5,all_formats,True,False,True,True,0.009671173911298167,0.005435660858404174,화,23,55,9.422227983020049,"PD수첩, 시사교양, 시교, 시사, 고발, MBC, 뉴스, 이슈, 사회문제",https://www.youtube.com/watch?v=tNJxw9hoVT0
m-um2QfeD98,20대 청년이 코인으로 시작해서 50배 레버리지로 청산 당하기까지의 과정  | 시사직격 KBS 220902 방송,KBS 추적60분,UCy-6oZwPwrR_W-zYnqLD8dg,2022-09-07 15:33:19,long,634.0,1175340,4979.0,1840.0,803000,10만~100만,1493.2155088048032,787.1201397718963,1.4636861768368619,10.745670975881804,109378.0,same_format,False,False,True,False,0.004236221008389062,0.001565504449776235,수,15,62,3.9886097756024497,"KBS, 임재성, 다큐, 다큐멘터리, 인터뷰, 레전드, 김어준, 뉴스공장, 주식, 코인, 레버리지, 투자, 도박, 스포츠토토, 초심자의 행운, 도지코인, 알트코인, 비트코인, 이더리움, 빗썸, 단타, 수익률, 우량주, 코스닥, 박호두, 주식왕용느, 트레이더, 나락, 전망, 실화, 참교육, 선물거래",https://www.youtube.com/watch?v=m-um2QfeD98
OKHm1gUNyPA,"물린 주식 10년, 결국 전부 팔았습니다 (feat. 복구 심리의 함정)",어쩌다마흔,UCaEBilUUgW9sjZXRSD7i5jg,2026-08-02 13:00:04,long,595.0,81565,1803.0,955.0,1780,1천~1만,68.32193241591435,1193.8333287101364,45.82303370786517,10.712503283425269,7614.0,same_format,True,True,True,True,0.02210506957641145,0.011708453380739288,일,13,40,2.4285714285714284,"직장인, 미국주식, 미국ETF, 장기투자, 노후준비, 코스피, 40대, 개별주매도, 주식손절, 40대재테크, 은퇴준비, ETF투자, 직장인투자, 투자심리, 손실복구, 수급쏠림, 지수투자, 나스닥100, 재테크유튜브, 어쩌다마흔, 주식투자후기, 손절타이밍",https://www.youtube.com/watch?v=OKHm1gUNyPA
9TTgn41v558,[실제사연] 주식으로 전재산 11억 잃고 빚 7억 진 63세 남자의 고백,건강을 묻다,UC5_OWZvQFBzWvfI7NwpvuYw,2025-10-12 19:00:22,long,1482.0,32518,374.0,15.0,1090,1천~1만,362.071724082581,89.81093478755973,29.83302752293578,10.61985630306989,3062.0,same_format,True,True,True,True,0.011501322344547635,0.0004612829817331939,일,19,40,1.6559545312023884,"노후사연, 은퇴사연, 오디오북, 노후자산관리, 인생교훈, 인생조언, 은퇴자금",https://www.youtube.com/watch?v=9TTgn41v558
5h6YRRdgZnc,"은퇴 후 주식 투자, 정말 괜찮을까요? 고민하는 분들께",슬기로운_은퇴생활,UC_Rtv4nBLm17-1oXM4Lr6LQ,2025-10-22 23:00:20,long,629.0,454,12.0,0.0,3910,1천~1만,351.90508056406253,1.2901206179583748,0.11611253196930946,10.202247191011235,44.5,same_format,False,True,True,True,0.02643171806167401,0.0,수,23,30,1.7259099723352156,,https://www.youtube.com/watch?v=5h6YRRdgZnc
hc8irclX6to,[Full] 작전 : 라덕연의 주가조작_MBC 2023년 6월 6일 방송,MBC PD수첩,UCawCv9kO2UXbTtsK4EammRQ,2023-06-19 18:00:21,long,2785.0,1195079,5241.0,831.0,1200000,100만+,1208.113402323322,989.2109446859414,0.9958991666666667,10.042638476308923,119000.5,same_format,False,False,True,False,0.004385484139542239,0.0006953515206944478,월,18,40,9.422227983020049,"PD수첩, 시사교양, 시교, 시사, 고발, MBC, 뉴스, 이슈, 사회문제, 피디수첩",https://www.youtube.com/watch?v=hc8irclX6to
Z8caq-6Eb7I,-3억 빚투 폭망 | 구독자 사연… 주식으로 1억 잃었습니다,이코노스탁 | 40대 빚투 3억 빚갚기,UCszmjuh8cT54ubrxcDzqWcw,2026-03-13 07:00:39,long,925.0,2298,23.0,13.0,1050,1천~1만,210.57152732332176,10.913156347446439,2.1885714285714286,9.991304347826087,230.0,same_format,False,True,True,True,0.010008703220191472,0.005657093124456049,금,7,33,3.2257132010286016,"-3억 빚투, 빚투 폭망, 주식으로 1억 손실, 주식 실패 이야기, 미국주식 실패, 주식투자 실패, 주식 중독, 주식 손실 경험, 주식 사연, 구독자 사연, 주식으로 돈 잃은 이야기, 주식 실패 극복, 주식 현실 이야기, 주식시장 이야기, 주식투자 경험담, 주린이 투자 실패, 빚투 현실, 미국주식 투자 실패, 이코노스탁, econostock, 최PD, 최피디",https://www.youtube.com/watch?v=Z8caq-6Eb7I
zRV7K_Fgo-Q,속이 메스꺼워지는 실제 도박중독후기들 part3,속풀이짬뽕알뜰세트,UCkYhGLb4ki3Mk_Efv_DXMzg,2025-07-11 16:15:10,long,788.0,483706,2861.0,729.0,519000,10만~100만,455.18644630480327,1062.654663658635,0.9319961464354528,9.951876883827628,48604.5,same_format,False,False,True,False,0.00591474986872191,0.001507113825340186,금,16,26,3.465337401132171,,https://www.youtube.com/watch?v=zRV7K_Fgo-Q
AsETMGD6BQc,초보자의 이런 매매는 손실 볼 가능성이 높습니다 #단타 #거래량,주식용사부,UC-jgYMsPz6NuDT9j9dmNODg,2025-06-16 19:01:47,shorts,41.0,119963,532.0,25.0,41500,1만~10만,480.0707402862847,249.88608955517978,2.8906746987951806,9.937292909211399,12072.0,all_formats,False,False,True,False,0.00443470069938231,0.00020839758925668747,월,19,35,8.31939889041668,"주식단테, 개천에서용재난다, 만쥬, 주식에미친사람들, 돈깡, 홍인기, 주식트레이더, 하승훈, 창원개미tv, 시윤주식, 1분주식, ap투자연구소, 주식단타, 스윙투자, 스캘핑, 기술적분석, 차트분석, 단타매매, 지지와저항, 거래량",https://www.youtube.com/watch?v=AsETMGD6BQc
lx7M53p6KKs,대출받아 주식 손실 복구하려다 4억 4천 날렸습니다.. ,권감각의 유기주식테라피 ,UCTTHg3FlkC1x4qCg83i0dWQ,2026-07-01 21:00:06,live,792.0,61439,968.0,137.0,20300,1만~10만,99.98857593443287,614.4601963357132,3.026551724137931,9.857841957480947,6232.5,all_formats,True,False,True,True,0.015755464769934408,0.0022298540015299726,수,21,31,7.027872346507573,,https://www.youtube.com/watch?v=lx7M53p6KKs
XeedGEtzVMI,몰래 대출받아서 주식투자하면 이혼 사유인가요?,나무늘변 김연수,UCq04NBIwq4oavZdbttidnpg,2022-07-02 00:08:12,shorts,47.0,17865,,4.0,40400,1만~10만,1560.857950934433,11.44562834132653,0.4422029702970297,9.84297520661157,1815.0,same_format,False,False,True,False,,0.00022390148334732718,토,0,25,12.521443593256805,,https://www.youtube.com/watch?v=XeedGEtzVMI
f0ERJY6aFoA,"주식투자가 이혼사유? 경제적인 문제가 이혼사유? 주식, 회사 재산도 재산분할대상? 이혼전문변호사의 주식과 이혼문제 설명!",이인철TV 이인철변호사,UCHCWkSOHAF8W99VnGdh2xBw,2021-01-11 11:45:59,long,820.0,1775,52.0,10.0,23700,1만~10만,2097.3733791751733,0.8462966192018934,0.07489451476793249,9.806629834254144,181.0,same_format,False,False,True,False,0.029295774647887324,0.005633802816901409,월,11,67,1.5630726161979602,"이혼전문변호사, 이혼, 이혼재판, 이혼소송, 이혼변호사, 이혼전문변호사추천, 이혼사건, 가사사건, 가사전문변호사, 이인철, 이인철변호사, 이혼변호사추천, 주식이혼, 무리한주식투자이혼, 주식이 이혼사유, 주식이혼사유, 경제문제이혼, 주식투자이혼, 주식투자와 이혼, 회사재산재산분할, 주식, 주식재산분할, 증권변호사, 증권이혼, 이혼주식재산분할",https://www.youtube.com/watch?v=f0ERJY6aFoA
MeTWhFRbd04,13억 대출받아 상가 투자한 50대 남성의 처참한 현실,이코노노트,UCjVfe0iq7wnjo3FnVMjHxEw,2026-05-31 19:08:22,long,1058.0,30271,614.0,50.0,8520,1천~1만,131.06616852702547,230.95967739194427,3.5529342723004693,9.758542875564153,3102.0,same_format,False,True,True,True,0.020283439595652604,0.0016517458954114499,일,19,30,1.8499813197157415,,https://www.youtube.com/watch?v=MeTWhFRbd04
plBDPQXbi1U,📈 노후 준비! 60대가 가장 많이 가입하는 ETF TOP3,어르신 경제학교,UCbSWnH-DZhBYwaK-o24gKeQ,2025-02-28 23:55:28,shorts,35.0,22495,145.0,3.0,816,1천 미만,587.8667935270255,38.26547144300617,27.567401960784313,9.568268821777966,2351.0,same_format,False,True,True,False,0.0064458768615247835,0.00013336296954878863,금,23,33,1.999056133483007,"ETF투자, 60대재테크, 퇴직금굴리기, 배당투자, 나스닥100, KODEX200, TIGERETF, 삼성전자, 테슬라, 주식투자, 경제공부, 투자전략, 주식초보, 부자되는법, 재테크, 한국경제, 배당성장주, 투자마인드, 미국주식, 나스닥, 코스피, 안정적인투자, 노후대비, 자산관리, ETF추천, 월배당ETF, 주식트렌드, 연금투자, 안정적수익, 경제자유, 자산불리기, 노후준비, 경제뉴스, 투자정보, 주식정보, 부자습관, 돈버는법, 주식공부, 은퇴자금, 배당성장",https://www.youtube.com/watch?v=plBDPQXbi1U
lH_ugHpI_p0,주식으로 2억날린 후 와이프 반응,자영업자스토리,UCyUJvPTlR-pklwT0APpFIhA,2023-02-15 17:58:20,shorts,37.0,47021,251.0,22.0,157000,10만~100만,1332.1148027862848,35.298008776458076,0.2994968152866242,9.562944885092536,4917.0,same_format,False,False,True,False,0.005338040450011697,0.0004678760553795113,수,17,18,5.289564287884537,"장사의신, 장사의여신, 자영업자스토리, 신제주해장국, 30대자영업자이야기, 휴먼스토리",https://www.youtube.com/watch?v=lH_ugHpI_p0
63ArnpQ04ws,투자에서 레버리지란?,반투TV - 반드시 이기는 투자,UCBVhPEv4H6NwNnIyYvq2WnA,2023-05-06 12:15:00,shorts,49.0,33366,261.0,6.0,52600,1만~10만,1252.3532287122107,26.642643013992235,0.6343346007604562,9.559088955737,3490.5,same_format,False,False,True,False,0.007822334112569681,0.0001798237727027513,토,12,11,4.0697641555522,"전세, 전세사기, 투자, 재테크, 부동산, 부동산투자, 재테크공부, 부동산공부, 부린이, 갭투자, 역전세, 전세사기특별법, 아파트, 빌라, 아파트전세, 빌라전세, 인천전세, 인천빌라, 미추홀구, 인천, 동탄, 무피투자, 플피투자, 무피, 플피, 깡통전세, 레버리지",https://www.youtube.com/watch?v=63ArnpQ04ws
qO0r6gi5WyY,"주식실패사연ㅣ원금500만원 -200만원 손실보고 본전생각에 -8,000만원 손실ㅣ실화사연 주식실패담(with CLOVA Dubbing)",미라클miracle,UCskhvdwQ9V0VQbUy60QWVBA,2022-02-16 16:45:01,long,482.0,12248,297.0,58.0,22700,1만~10만,1696.1657171381364,7.220992545861318,0.5395594713656388,9.494573643410853,1290.0,same_format,False,False,True,False,0.024248856956237755,0.004735467015022861,수,16,75,7.000011342610971,"주식, 주식투자, 주식실패, 주식실패담, 미라클, 미라클miracle, 재테크",https://www.youtube.com/watch?v=qO0r6gi5WyY
meX3wrn0x0A,더 고도화된 작전주 수법,스튜디오 상상인,UCEqaIYcv-1ES142qB8-xAjw,2023-02-22 18:00:34,shorts,54.0,20879,173.0,12.0,213000,10만~100만,1325.1132518603588,15.756389101601288,0.09802347417840375,9.371184919210053,2228.0,same_format,False,False,True,False,0.008285837444322047,0.00057474016954835,수,18,13,1.2640716802212997,"피식대학, 이용주, 김민수, 정재형, 주식, 찌라시, 작전주, 작전, 스푸핑, 펌프앤덤프, 매입, 시세조작",https://www.youtube.com/watch?v=meX3wrn0x0A
IVs5oVZgo2E,은퇴자라면 관심 가져야 할 ETF는? #은퇴자금 #고배당주 #ETF,ETF 아는 형,UCIt_hQy30blHrVAS7QLTyTg,2025-07-25 21:28:38,shorts,41.0,125741,659.0,10.0,157000,10만~100만,440.9687611196181,285.147182944987,0.8008980891719745,9.313458262350936,13501.0,all_formats,False,False,True,False,0.0052409317565471885,7.952855472757494e-05,금,21,37,14.659657437158353,"은퇴자금, 은퇴 ETF, 고배당주, 배당주, 고배당, etf, etf 투자",https://www.youtube.com/watch?v=IVs5oVZgo2E
Oejqu2EkQO4,40대에 무주택자면 정말 큰일 난 겁니다,부투스쿨 TV,UCCTOzFObhmZoMkJVQKgAQJQ,2025-09-02 18:00:37,shorts,30.0,187261,1367.0,304.0,306000,10만~100만,402.1132171381366,465.6922280066981,0.6119640522875817,9.24334863517449,20259.0,same_format,False,False,True,False,0.00729997169725677,0.0016234026305530784,화,18,22,7.14283014803421,,https://www.youtube.com/watch?v=Oejqu2EkQO4
dbI8ojwXBMY,장기투자 하다가 결국 실패하는이유,차윤호 스플릿,UCnE_A6f34Dx2hemI4QeBkOg,2026-05-02 15:59:00,long,950.0,28953,1070.0,128.0,13900,1만~10만,160.1976731566551,180.7329621553695,2.0829496402877696,9.119055118110236,3175.0,same_format,False,False,True,True,0.036956446654923494,0.004420958104514212,토,15,18,1.4413574842058392,,https://www.youtube.com/watch?v=dbI8ojwXBMY
RyavONEfQSM,국장으로 돌이킬 수 없는 강을 건너 버린 30대 직장인,싱글파이어,UC5CyCSvCdoEP-VgQmFq3iww,2025-05-09 18:00:50,shorts,30.0,1037102,4350.0,617.0,513000,10만~100만,518.1130666751736,2001.6904932648647,2.0216413255360624,9.106572419546033,113885.0,same_format,False,False,True,False,0.004194380109188874,0.0005949270177861002,금,18,30,3.301896526817591,,https://www.youtube.com/watch?v=RyavONEfQSM
ufbl2YHgd6c,S&P500 ETF 좋다고 투자했는데 망하는 사람 특징 (신성호 연구위원 1부),머니인사이드,UCxfko2YOD6DODYRGzeOPhIQ,2025-01-05 17:00:49,long,900.0,1135571,12463.0,342.0,2160000,100만+,642.1547449159143,1768.3759389626484,0.5257273148148148,9.086603399161412,124972.0,same_format,False,False,True,False,0.010975095348507491,0.00030117007214872516,일,17,44,12.82454169439168,"머니인사이드, 뉴스, 경제, 시사, 부동산, 주식, 주가, 노후, 투자, 재테크, 물가, 집값, 미국주식, 미장, etf, etf 추천, etf 장기투자, spy, voo, s&p 500, s&p 500 etf, 나스닥",https://www.youtube.com/watch?v=ufbl2YHgd6c
mlvud03kqlg,주식은 원래 쉽다니까?,위대한투자자,UCUpVImsjp8wn54B4ih9xuyw,2025-07-24 12:15:26,shorts,51.0,1526242,15025.0,529.0,13900,1만~10만,442.35292778628474,3450.281221462555,109.80158273381295,8.991116347569957,169750.0,same_format,False,False,True,False,0.009844441445065723,0.0003466029633570561,목,12,12,0.5891955896895318,,https://www.youtube.com/watch?v=mlvud03kqlg
sMgROMB739Q,주식으로 인생 망하는 과정,아따 재미난거,UCUI_wX3M1FF7g9upG7XegHw,2024-10-23 18:00:57,shorts,61.0,187192,1334.0,203.0,7320,1천~1만,716.1129856566552,261.40009153492764,25.572677595628416,8.98385045473088,20836.5,same_format,False,True,True,False,0.00712637292191974,0.0010844480533356126,수,18,14,5.145862396508438,"shorts, 쇼츠, 주식, 투자, 개미, 주린이",https://www.youtube.com/watch?v=sMgROMB739Q
6CA1Jvb-3BE,주식성공사연모음｜100번 들어도 아깝지 않을 주식고수 최고의 전략｜주식투자 성공을 위한 가장 중요한 요소 이 '투자법'만 기억하라,용의꼬리올라타다 Message,UCvS5hW5HVgvQD5sMKLaBJbA,2024-03-10 18:07:23,long,1932.0,16409,484.0,9.0,68800,1만~10만,943.1085180640627,17.398846140933045,0.23850290697674417,8.922784121805329,1839.0,same_format,False,False,True,False,0.029496008288134562,0.0005484794929611798,일,18,72,1.2082882339616818,"주식, 투자실패사연, 주식고수, 매매기법, 기술적분석, 주식 성공, 주식사는법, 단타매매, 스윙투자",https://www.youtube.com/watch?v=6CA1Jvb-3BE
E8UH8cPFgnY,40살까지 힘들게 모은 7억 주식 투자로 날리고 깨달은 것들,총총TV Silver Gun,UClLvzm-pJlhBh2wj8bmTcQw,2026-06-14 15:07:27,long,933.0,661251,9160.0,4119.0,207000,10만~100만,117.23347176776622,5640.46248932989,3.194449275362319,8.914501799749248,74177.0,same_format,True,False,True,True,0.013852531035869888,0.006229102110998698,일,15,33,9.739127298187666,"총총, 보디빌딩, 웨이트, 다이어트, natty, 내추럴보디빌더, ifbbrpro, 헬창, 운동하는남자, 보디빌더, 투자이야기, 주식",https://www.youtube.com/watch?v=E8UH8cPFgnY
y6Eng4FKyU0,트레이딩으로 100만원 계좌를 폭발적으로 성장시키는 방법 [2026년],김직선 - 나스닥 트레이더,UCfu0gSdwD_VUO9Wwyg1eRxw,2024-12-31 18:30:31,long,985.0,1224927,29793.0,929.0,204000,10만~100만,647.0924532492477,1892.9706162531638,6.004544117647058,8.809762517800376,139042.0,same_format,False,False,True,False,0.024322265735019312,0.000758412542135164,화,18,39,0.42836924630088496,"만쥬, 차트프로, 하승훈, 홍인기, 대왕개미, 창원개미, 백타트레이딩, 돈깡, 박호두, 단타, 단타고수, 나스닥선물, 해외선물, 트레이딩하는법, 단타하는법, 소액계좌, 재테크, 부업, 매매기법, 차트교육, 트레이딩뷰, 비트코인",https://www.youtube.com/watch?v=y6Eng4FKyU0
KZX75Pq7jKY,속이 메스꺼워지는 실제 도박 중독 후기들,속풀이짬뽕알뜰세트,UCkYhGLb4ki3Mk_Efv_DXMzg,2025-06-09 16:15:03,long,652.0,423132,3406.0,1005.0,519000,10만~100만,487.18652732332174,868.5215544131582,0.8152832369942197,8.705613677745887,48604.5,same_format,False,False,True,False,0.008049497556318123,0.0023751453447151244,월,16,22,3.465337401132171,,https://www.youtube.com/watch?v=KZX75Pq7jKY
1ET2AtpZbfA,주식 자동 매매 프로그램 조심해야 하는 이유,에셋업│자산을 UP 시켜주는 ASSETUP,UCeUFIeZyJYgsA0igczeCwUg,2026-07-02 20:27:16,shorts,73.0,13098,30.0,11.0,7390,1천~1만,99.01137686035881,132.28782807932092,1.7723951285520974,8.697211155378486,1506.0,same_format,True,True,True,True,0.0022904260192395786,0.0008398228737211788,목,20,24,3.3762261428425013,,https://www.youtube.com/watch?v=1ET2AtpZbfA
I5hu8sTZmwg,"2030 주식 중독 223% 폭증, 당신의 뇌가 실시간으로 망가지는 증거",민수의 경제 일기,UCNmzraGDhCGOhfhcTXdP-mw,2026-03-31 17:00:17,long,932.0,370,7.0,1.0,141,1천 미만,192.15511528628474,1.9255277146733814,2.624113475177305,8.604651162790697,43.0,same_format,False,True,True,True,0.01891891891891892,0.002702702702702703,화,17,40,7.486619895098195,,https://www.youtube.com/watch?v=I5hu8sTZmwg
C-hOpbxgXLc,"미국 대공황 클라쓰..ㄷㄷㄷ (주식, 경제, 재테크, 투자지식) #shorts",경제왕 김피비,UCCyFPCoWXldUl4c-6EIqvxg,2024-06-24 21:30:08,shorts,30.0,263052,2073.0,125.0,265000,10만~100만,836.9677194529514,314.2916911681287,0.9926490566037736,8.471338400103052,31052.0,same_format,False,False,True,False,0.007880571141827471,0.00047519121694569895,월,21,43,21.53852290177465,"경제, 시사, 이슈, 뉴스, 상식, 주식, 증시, 주가, 시장, 자산, 투자, 금리, 재테크, 요즘상식, 경재, rudwp, xnwk, 미국증시, 한국증시, 나스닥, 공부, 경제왕, 경제왕김피비, 경제왕 김피비, 기사, 김피디, 피비, 미국, 한국, 경제시장",https://www.youtube.com/watch?v=C-hOpbxgXLc
9Cuwjx-uGrY,SCHD로 파이어 가능할까?,싱글파이어,UC5CyCSvCdoEP-VgQmFq3iww,2025-10-17 18:00:11,shorts,49.0,952700,7491.0,322.0,513000,10만~100만,357.11351806406253,2667.779156512063,1.8571150097465887,8.365456381437415,113885.0,same_format,True,False,True,True,0.00786291592316574,0.00033798677443056576,금,18,15,3.301896526817591,,https://www.youtube.com/watch?v=9Cuwjx-uGrY
xgq4fCqP1kI,주식 중독,머니코믹스 Money Comics,UCJo6G1u0e_-wS-JQn3T-zEw,2021-12-20 15:59:17,shorts,60.0,1204913,14316.0,631.0,1440000,100만+,1754.1974763973958,686.8742067025064,0.8367451388888889,8.34265516381865,144428.0,same_format,False,False,True,False,0.01188135574933626,0.0005236892622122925,월,15,5,16.469475917748476,"#Shorts, #슈카월드",https://www.youtube.com/watch?v=xgq4fCqP1kI
gFpxuNyxrug,"[ AI 주식 자동 매매 프로그램 2일차 ] 수익실현? 하루일당 100만원 벌자! AI주식자동매매프로그램, 국내주식, 실시간리딩, 차트, 국내선물, 대선테마주, 코스닥, 코스피",재테크TV,UCIIXYxDSG9jzscJhpE1U9qQ,2021-08-05 08:52:28,shorts,54.0,4503,12.0,0.0,29000,1만~10만,1891.4938768603588,2.380657984193114,0.15527586206896551,8.277573529411764,544.0,same_format,False,False,True,False,0.002664890073284477,0.0,목,8,98,5.48894442371166,"PRTV, 해외주식선물, 선물주식, 자동매매프로그램, 인공지능해외선물, AI해외선물, AI자동매매프로그램​, 해외선물휴장, 돈많이버는방법, 돈버는방법, 해외선물뜻, 해외선물불법, 해외선물용어, 선물투자, 파생아티스트, 해외선물계약, 해외선물이벤트, 청담동주식부자이희진, 임지원, 국내주식형펀드, 코스피야간선물, 미국주식투자, 2019주식, 자산관리, 주식정보, 달러전망, 이동평균선, 국제증시, 이희진동생, 주식의기본, 환율정보, 실시간미증시, 주식hts, 주식하는방법, 비상장주식, 금융뉴스, 환율계산, 주식보는법, 주식챠트보는법 차트보는법, 주식차트사이트, 주식차트보는법, 주식매수, 차트분석, 주식초고수, 다우, 나스닥선물, 반도체지수, 코스피, 다우존스, 코스닥 s&p500, 나스닥지수, 테슬라, 나스닥개장시간, 고수TV, 실시간리딩, 주식고수, 선물고수, 해외선물고수, 항셍, 오일, 골드, 나스닥, 비트코인, 이더리움, 마이크로미니나스닥, 마이크로, 미니나스닥, bitcoin, 인범티비, 주식부자, 주식영웅, 왕초보, 대선테마, 상한가종목, 하한가종목",https://www.youtube.com/watch?v=gFpxuNyxrug
ybNnSk3fNzQ,📈주식 -50% 손실 복구하는 전문가 전략 (개미 필독) Recover Stock Losses Like a Pro! 📊,루틴하우 (RoutineHow),UCdBuInpAa-mpKQt_FFsuytQ,2025-10-13 07:30:12,shorts,17.0,2456,6.0,0.0,50,1천 미만,361.5510064899884,6.79295578193338,49.12,8.173044925124792,300.5,same_format,False,True,True,True,0.0024429967426710096,0.0,월,7,66,1.4863320853190005,"#정보, #꿀팁, #주식, #주식투자, #손실복구, #주식전략, #개미투자자, #재테크 #투자팁, #주식시장, #배당주, #투자복구, #증권, #한국주식, #stocks, #stockmarket, #investment, #lossrecovery, #trading, #koreanstocks, #investmentstrategy, #dividends, #stocktips, #financialrecovery, #retailinvestor, #wealthbuilding",https://www.youtube.com/watch?v=ybNnSk3fNzQ
FhE2wL_RRP0,"[주식성공담] 60대 후반 1985년 주식시작 1994년 이후 잃은 적이 없던 성공투자자의 매매원칙, 데일리 시나리오",용의꼬리올라타다 Message,UCvS5hW5HVgvQD5sMKLaBJbA,2022-08-15 14:56:07,long,728.0,14940,318.0,10.0,68800,1만~10만,1516.2413421381366,9.853312652016381,0.21715116279069768,8.123980424143557,1839.0,same_format,False,False,True,False,0.021285140562248995,0.0006693440428380187,월,14,65,1.2082882339616818,"전업투자자, 실화사연, 삼프로, 슈카, 개미가타고있어요, 썰툰, 주식실패사연, 주식성공사연",https://www.youtube.com/watch?v=FhE2wL_RRP0
YUvH8M6kZTU,워렌 버핏이 주식에 물린다면?,위대한투자자,UCUpVImsjp8wn54B4ih9xuyw,2025-08-01 12:19:39,shorts,36.0,1372296,9734.0,541.0,13900,1만~10만,434.349999545544,3159.4244306108426,98.7263309352518,8.084217967599411,169750.0,same_format,False,False,True,False,0.007093221870500242,0.00039422981630785194,금,12,16,0.5891955896895318,,https://www.youtube.com/watch?v=YUvH8M6kZTU
-txUoJKyx-k,주식 망하는 이유,이슈KO,UCbuCSaiASpyoMh3moBZmVOg,2022-11-01 13:30:00,shorts,59.0,18520,61.0,2.0,26200,1만~10만,1438.3011453788774,12.876302059205731,0.7068702290076336,7.963878735755752,2325.5,same_format,False,False,True,False,0.0032937365010799135,0.00010799136069114471,화,13,9,19.48958428665157,,https://www.youtube.com/watch?v=-txUoJKyx-k
mpd7P-HgOu8,“30년 공무원 생활 끝에… 결국 제 손엔 카드빚만 남았습니다”｜은퇴 후 몰락 실화｜전직 공무원의 고백ㅣ노후사연ㅣ오디오북,백세인생극장,UCJAoG4YAgeSdEfJ3L9ek_Mg,2025-07-15 20:01:30,long,1382.0,317,15.0,6.0,3990,1천~1만,451.0292703788773,0.7028368685112412,0.07944862155388471,7.925,40.0,same_format,False,True,True,False,0.0473186119873817,0.01892744479495268,화,20,67,3.5714222445042436,"퇴직금투자실패, 은퇴후삶, 주식투자실화, 경비원인생, 퇴직후고민, 가족갈등, 주식실패담, 60대유튜브, 노후현실, 재무실패이야기",https://www.youtube.com/watch?v=mpd7P-HgOu8
Kasga1-eSkU,"60대, 은퇴 후 투자는 배당금보다 '이걸' 꼭 아셔야 해요!",부유한책방 ,UCntrdZrZwXiPxdObi5MHqBw,2022-11-23 17:15:38,long,424.0,99191,1655.0,96.0,124000,10만~100만,1416.1444555640626,70.0429956917717,0.7999274193548387,7.9055551127759625,12547.0,same_format,False,False,True,False,0.01668498150033773,0.0009678297426177778,수,17,34,1.1004690785838636,"60대투자, 은퇴후투자, 노후준비, 은퇴, 퇴직, 파이어족, 경제적자유, 힐링여행자",https://www.youtube.com/watch?v=Kasga1-eSkU
-q04MobzPsc,여직원이 주식실패로 세상을 떠났습니다.,코인챗,UCm8VqlpN2vff3ijhWOyrtdw,2023-02-21 11:50:46,shorts,50.0,20657,58.0,12.0,21400,1만~10만,1326.3700574159145,15.574084988200628,0.9652803738317757,7.878337147215865,2622.0,all_formats,False,False,True,False,0.002807764922302367,0.0005809168804763519,화,11,21,1.0835910982991275,,https://www.youtube.com/watch?v=-q04MobzPsc
GTjoMg0dNsA,주식투자로 패가망신하는 사람의 특징,브라더스 마인드,UCfR4SBjxOAKozC8llJYqmAg,2023-04-10 19:00:10,shorts,52.0,11707,50.0,0.0,3400,1천~1만,1278.07186297147,9.159891817649171,3.443235294117647,7.846514745308311,1492.0,same_format,False,True,True,False,0.004270949004868882,0.0,월,19,19,0.37528486094169444,"주식, 주식투자, 재테크, 투자 마인드, 경제적자유, 재테크 공부, 패가망신, 주식투자 폭망, 주가 폭락, 주식시장, 경제공부, 투자공부, 주식공부, 주식초보, 주린이, 재벌집 막내아들, 벤처투자, 벤처 열풍, 닷컴버블, 새롬기술, 뉴데이터 테크놀로지, 순양그룹, 순양백화점, 진화영",https://www.youtube.com/watch?v=GTjoMg0dNsA
k4IbtLJvpLQ,50대 주식투자를 실패했다면 99는 3가지 이유 때문입니다 개미투자자가 상승장에도 돈을 잃는 소름 돋는 이유 주식으로 전재산 날리는 사람들이 공통적으로 하는 착각 4가지,만화 경제학,UCOrRuK7IJq1a7scuEPYIm3w,2026-08-11 19:00:09,long,1689.0,20786,518.0,17.0,92800,1만~10만,59.07187454554398,351.8764244390814,0.22398706896551723,7.840814786872878,2651.0,same_format,True,False,True,True,0.02492061964783989,0.0008178581737708073,화,19,94,6.3588311105812085,,https://www.youtube.com/watch?v=k4IbtLJvpLQ
sB-xpolPdmc,주식에 미친 남편과 이혼합니다#shorts #이혼사연 #주식중독 #가족갈등 #복수 #결혼생활 #결혼갈등 #부부이야기 #공감사연,득템한수,UClji1kFS73XWtFBtFZCSeUw,2024-09-03 17:51:30,shorts,60.0,17340,1047.0,11.0,26200,1만~10만,766.1195481566551,22.63354334414443,0.6618320610687023,7.798515853384304,2223.5,same_format,False,False,True,False,0.060380622837370244,0.0006343713956170704,화,17,70,1.8617017838168988,"이혼, 주식 갈등, 축의금, 가족 문제, 복수, 부부 갈등, 결혼 생활, 공감 이야기",https://www.youtube.com/watch?v=sB-xpolPdmc
-euUV-PEh0Q,"피해자만 수백명, 심각한 AI 자동매매 투자사기 / #하이퍼자동매매 #외환거래 #ai자동매매프로그램",트레이더 킴월백,UCxKDc0ygAklLZrUjitl23Gw,2023-10-17 15:11:17,long,251.0,24401,270.0,127.0,2510,1천~1만,1088.2308097307293,22.422632939456804,9.721513944223108,7.771019108280255,3140.0,all_formats,False,True,True,False,0.011065120281955658,0.00520470472521618,화,15,55,0.4906891039379802,,https://www.youtube.com/watch?v=-euUV-PEh0Q
V9_ZswRbubY,주식 투자 리딩방사기 피해액 환급길 열려! #투자사기#주식사기#리딩방#피해구제,변호사JYP,UCot3IlVrwKto4F3ie-uG9Ng,2025-06-19 19:16:24,shorts,139.0,9311,78.0,6.0,3720,1천~1만,477.0605898233218,19.51743698520204,2.502956989247312,7.733388704318937,1204.0,same_format,False,True,True,False,0.008377188271936419,0.000644399097841263,목,19,43,2.365195953825493,"주식, 주식투자, 투자사기, 주식사기, 리딩방, 리딩방사기",https://www.youtube.com/watch?v=V9_ZswRbubY
L7xM8HhW3sk,주식으로 600억 벌고 은퇴한 침착해님의 주식 조언,만쥬,UCWiMB4iRTqDGu5BmtT3Ytcg,2026-05-03 12:34:53,shorts,168.0,717399,9075.0,318.0,216000,10만~100만,159.33942084184028,4502.332167455834,3.3212916666666668,7.654542156590768,93722.0,same_format,True,False,True,True,0.012649864301455675,0.00044326797221629804,일,12,28,7.014002026267252,"수급단타왕, 만쥬, 주식, 주식수익, 월천, 억대연봉, 투자, 부동산, 단타, 부자, 부자되는법, 만쥬 트레이더, 수급, 고명환",https://www.youtube.com/watch?v=L7xM8HhW3sk
eaBcTJNH-ps,레버리지 ETF 제발 먼저 들어가지 마 #레버리지etf #주식투자 #윤지호,삼쩜삼캠퍼스,UCamX91KxAzdicrLY6JPXjrw,2026-05-30 12:00:28,shorts,32.0,44217,407.0,27.0,58400,1만~10만,132.36332130480324,334.05780063631147,0.7571404109589042,7.642067058416869,5786.0,same_format,True,False,True,True,0.00920460456385553,0.0006106248727864848,토,12,41,4.355436453188348,"한국증시, 주식, 종목, 코스피",https://www.youtube.com/watch?v=eaBcTJNH-ps
FYnoNSQEllM,"주식 리딩방 투자 사기 3편, ""난 속지 않을까?"" 일단 들어보세요.",법무법인(유한) 효성,UCMD74jSzceTRlxMvygxvwXQ,2025-08-10 16:07:26,shorts,89.0,10659,63.0,5.0,2040,1천~1만,425.19181667517364,25.068685666034277,5.225,7.6299212598425195,1397.0,same_format,False,True,True,False,0.0059104981705600905,0.00046908715639365793,일,16,38,2.4647929512790148,"#보이스피싱, #리딩방, #보이스피싱변호사, #주식리딩방, #투자사기변호사, #주식투자사기, #주식리딩방사기, #투자리딩방, #주식사이트, #투자사기, #리딩사기, #주식리딩사기, #주식리딩, #보이스피싱사기, #보이스피싱사례, #보이스피싱당했을때, #리딩투자사기, #코인리딩, #주식사기, #주식거래소, #주식사기신고, #투자사기전문변호사, #코인사기변호사, #주식사기변호사, #투자금반환소송, #주식거래소사기, #금융거래사기, #재테크사기, #가상계좌사기, #리딩방사기변호사, #금융사기전문변호사",https://www.youtube.com/watch?v=FYnoNSQEllM
kVec57YvaH0,토스증권에서 유명한 30억 슈퍼개미 결말,이것만,UC-46dUgzd4N1Ec_r8tissig,2025-06-29 18:01:05,shorts,38.0,2808414,12249.0,974.0,8600,1천~1만,467.1128930640625,6012.281060319262,326.55976744186046,7.533319563625439,372799.0,same_format,False,True,True,False,0.004361536440140236,0.00034681496389065146,일,18,22,1.206377524356938,,https://www.youtube.com/watch?v=kVec57YvaH0
-0MSaJ8G_Tc,집 팔고 주식에 3억 올인한 30대 신혼부부 저희는 잠시 쉬어가려고 합니다,투린부부 성장기,UC-INk2XcsNIBaE2Cj9NBcBg,2026-02-08 17:00:00,long,366.0,147286,2693.0,886.0,9980,1천~1만,243.15531204554398,605.7280787368229,14.75811623246493,7.424812219589656,19837.0,same_format,True,True,True,True,0.01828415463791535,0.006015507244408838,일,17,41,0.6935599745437802,"투린부부, 계좌공개, 마이너스, 마이너스 복구, 투자실패, 투자, 국내주식, 국장, 미장, 비트코인, 코인, 파이어, 파이어족, 주식올인, 주식몰빵, 주식투자, naver, 네이버, 스테이블코인, 두나무, LG전자, 진흥기업, 현대차, 코스닥 150, 코스닥 etf, 절약하는 부부, 절약투자, 건설주, 조기은퇴, 신혼부부, 신혼부부 투자, 30대 맞벌이, 투린부부 성장기, 투린부부성장기, 경제적 자유, 3억투자, 10억목표, 10억달성, 10억만들기, 투자에 올인, 신혼부부 재테크, S&P500, 적립식투자, 적립투자, 연금저축편드, IRP, 마이너스복구, ai",https://www.youtube.com/watch?v=-0MSaJ8G_Tc
khsCIvJiMb4,2129. 코인 투자로 큰돈을 잃었습니다,법륜스님의 즉문즉설,UCSsWdUwr4UonSCAVH-k0_Lg,2025-05-15 05:00:37,long,700.0,379712,5724.0,898.0,1640000,100만+,512.6548838048033,740.6776215255521,0.23153170731707318,7.4224837265672345,51157.0,same_format,False,False,True,False,0.015074582841732681,0.0023649502781055115,목,5,22,5.831320942676225,"불교, 즉문즉설, 법륜스님, 정토회, buddha, buddhism, pomnyun, 스님의주례사, 엄마수업, 깨달음, 기도, 수행, 답답하면물어라, 법륜, 스님, 새로운100년, Buddhahood, Gautama, Buddha, 코인, 남편, 전재산, 코인투자, 불신, 믿음",https://www.youtube.com/watch?v=khsCIvJiMb4
6E_PZFqIBJM,주식으로 돈 벌어도 결국 다시 잃는 이유 (주식투자 실패 이유),마르지 않는 투자,UCR4R3u3RFdjLlCWlOeg8I8A,2025-11-21 15:00:06,long,577.0,102793,2183.0,135.0,19600,1만~10만,322.2385759344329,318.9965686197536,5.244540816326531,7.336069083642592,14012.0,same_format,True,False,True,True,0.021236854649635675,0.0013133190003210336,금,15,35,2.6295162855230347,"#주식투자, #주식공부, #주식기초, #주식초보, #경제적자유",https://www.youtube.com/watch?v=6E_PZFqIBJM
CEwKWiP6LtI,최신 투자 사기 수법 7단계(주식 리딩방),유창한 언변(박수연 변호사) ,UCHpSmnG7cudqkweCcEZmNCQ,2026-02-02 23:25:45,long,754.0,7994,151.0,21.0,6990,1천~1만,248.88743010109954,32.11893825555107,1.1436337625178827,7.143878462913316,1119.0,same_format,False,True,True,True,0.018889166875156366,0.002626970227670753,월,23,23,1.2347379811691026,,https://www.youtube.com/watch?v=CEwKWiP6LtI
sg6dxY53ipI,주식 망한 사람 특징 #shorts #주식 #종목추천 #투자설명회,아시아경제 소종섭의 시사쇼,UCswHl6Hq9rNApoM4W7sDHpg,2023-05-26 06:30:08,shorts,40.0,15873,127.0,7.0,75000,1만~10만,1232.5927194529515,12.877733049603558,0.21164,7.13232981352505,2225.5,same_format,False,False,True,False,0.008001008001008001,0.000441000441000441,금,6,36,20.80933447289213,,https://www.youtube.com/watch?v=sg6dxY53ipI
LsPdURJDW4Y,어떻게 7억을 말아먹었냐면.. 2편 손실인증 /영끌/ 빚상환/ 빚투/ 주식파산,AppleTreeTV(애플트리),UCrwdlu_uFLTMQPF_POVAnmA,2022-02-26 11:00:03,long,468.0,6809,67.0,23.0,1130,1천~1만,1686.4052773233216,4.037582241682325,6.025663716814159,7.114942528735632,957.0,same_format,False,True,True,False,0.009839917755911294,0.003377882214715817,토,11,43,0.3273943805049811,,https://www.youtube.com/watch?v=LsPdURJDW4Y
X_pFC26chKg,주식리딩방 사기꾼한테 직접 사기 당해봤습니다,변호사 강민성,UCxP5RWC4we6l6BC1pud4mjg,2026-09-19 19:00:00,long,357.0,8711,22.0,8.0,375,1천 미만,20.071978712210647,433.98810475524886,23.229333333333333,7.113924050632911,1224.5,same_format,False,True,True,True,0.002525542417632878,0.0009183790609574102,토,19,24,1.5326695043015353,"#성범죄전문변호사, #형사전문변호사, #성범죄무고, #성범죄혐의, #강간혐의, #준강간혐의, #강제추행혐의, #불송치결정, #무혐의판결, #영장기각, #피의자대응, #피의자조사, #피고인방어, #경찰조사대응, #검찰조사대응, #성범죄고소, #무고죄, #데이트폭력혐의, #스토킹처벌법, #카톡증거, #증거수집, #형사재판, #남성전문변호사, #억울한피의자, #피의자권리, #형사사건상담, #형사전문로펌, #형사전문법률상담, #법률상담, 무고죄, 스토킹고소, 성범죄무고죄, 위자료소송, 양육권소송, 유책배우자, 재산피해사기전문, 재산피해전문, 합의금, 강민성변호사, 주식리딩방, 리딩방, 모집책고소, 주식사기, 재산피해, 보이스피싱, 팀미션사기, 부업사기",https://www.youtube.com/watch?v=X_pFC26chKg
zmpsL7dhQ_M,신혼부부가 전세살면 낭패보는 이유,시골쥐의 도시생활,UCimq5GQ-7Cg9VmV0q0KOY3A,2025-06-16 20:14:25,shorts,39.0,856818,3474.0,115.0,501000,10만~100만,480.0203004714699,1784.9620092284517,1.7102155688622755,7.1030955183791225,120626.0,same_format,False,False,True,False,0.004054536669397701,0.0001342175351124743,월,20,18,1.3461244835738537,,https://www.youtube.com/watch?v=zmpsL7dhQ_M
EKqZ2YyMEpo,S&P500 샀다가 후회합니다. 은퇴대비 무조건 '이 ETF'사세요,여운봉 부자사관학교,UCH9dsV-DAyvtVG4fF7ScgbQ,2026-03-15 22:44:15,long,777.0,294696,8209.0,724.0,171000,10만~100만,207.916249545544,1417.3783946379185,1.7233684210526317,7.042730140521939,41844.0,same_format,True,False,True,True,0.02785582430708255,0.002456769009419877,일,22,37,5.84424168258501,"미국ETF, S&P500, 나스닥ETF",https://www.youtube.com/watch?v=EKqZ2YyMEpo
kYoTeBWbIg4,"40대 직장인 주식 투자 실패 및 개인회생 후기 | ""32살에 취업 후 돈 모을려고 하다 보니 주식을 하게 됐는데..""",회생의 지름길,UC7jFDEmtDIfTN2vn5nBF36g,2025-10-21 18:47:23,long,359.0,40254,298.0,80.0,44300,1만~10만,353.0807402862847,114.00791775660512,0.9086681715575621,7.031266375545852,5725.0,same_format,True,False,True,True,0.007402991007104884,0.0019873801361355394,화,18,66,4.8616120584698885,"개인회생, 개인회생후기, 40대개인회생, 회사원개인회생, 직장인개인회생, 늦은취업, 취업, 돈모으기, 경제적압박, 주식, 주식투자, 투자, 해외주식, 투자실패, 주식투자실패, 영끌족, 영끌, 부모님빚, 가족빚, 가계부채, 빚갚기, 빚갚는방법, 대출빚, 채권추심, 돌려막기, 채무탕감, 채무조정제도, 정부정책, 신용회복위원회, 워크아웃, 법률상담, 무료상담, 회생상담, 변호사상담, 유튜브후기, 탕감사례, 개시결정, 지름길법무법인, 법무법인지름길",https://www.youtube.com/watch?v=kYoTeBWbIg4
s7zNPOLUOng,법정에서 드러난 투자 전문가의 실체,기자왕 김기자,UC1MR72cKxPxL150RHT80Psw,2021-07-23 17:30:06,long,481.0,47869,797.0,100.0,171000,10만~100만,1904.1344092677662,25.139506836814107,0.27993567251461987,6.9861354349095155,6852.0,same_format,False,False,True,False,0.01664960621696714,0.002089034657084961,금,17,19,0.6032315256455385,"마진거래, 선물, 바이비트, 이더리움, 비트코인, 암호화폐, 주식, 코스닥",https://www.youtube.com/watch?v=s7zNPOLUOng
FecsHTuIaO0,"퇴직금 2억, 이렇게 안하면 곧 사라집니다 l 평생 연 2천만 원 받는 진짜 방법 (리치노마드 3부)",현명한 은퇴자들,UC6CNXBevdTEucEoVXu15WYQ,2025-04-13 09:00:14,long,869.0,183367,1973.0,97.0,83000,1만~10만,544.4884833418403,336.7692900951198,2.2092409638554216,6.892330244883384,26604.5,same_format,False,False,True,False,0.010759842283507938,0.0005289937665992245,일,9,56,1.3236150922059426,#노후준비 #평생현역 #돈버는방법 #4050 #잘먹고잘사는법 #현금흐름 #은퇴준비 #경제적자유,https://www.youtube.com/watch?v=FecsHTuIaO0
vkC2505xc60,무시하다 한방 먹은 세력 #작전,명짤튜브,UCZAmMsaT1wk-r0fwc_Espbw,2025-08-20 11:45:03,shorts,53.0,250699,1302.0,80.0,1520,1천~1만,415.37402732332174,603.5500139850081,164.93355263157895,6.86639642847361,36511.0,same_format,False,True,True,False,0.005193479032624781,0.0003191077746620449,수,11,17,0.21294086174504986,"#shorts, #쇼츠, #명장면, #명대사, #영화, #영화명장면, #영화명대사, #드립, #짤, #짤방, #작전, #박용하, #김민정, #박희순, #김무열, #주식, #세력, #작전주",https://www.youtube.com/watch?v=vkC2505xc60
XevlHDzQBa8,2121. 주식 투자를 해도 될까요?,법륜스님의 즉문즉설,UCSsWdUwr4UonSCAVH-k0_Lg,2025-05-01 05:00:32,long,1012.0,349275,5544.0,980.0,1640000,100만+,526.6549416751736,663.1951442229574,0.21297256097560976,6.8275113865160195,51157.0,same_format,False,False,True,False,0.01587287953618209,0.002805812039224107,목,5,20,5.831320942676225,"불교, 즉문즉설, 법륜스님, 정토회, buddha, buddhism, pomnyun, 스님의주례사, 엄마수업, 깨달음, 기도, 수행, 답답하면물어라, 법륜, 스님, 새로운100년, Buddhahood, Gautama, Buddha, 주식, 죽음, 무상, 삶, 인생, 병, 암, 투기, 주식공부",https://www.youtube.com/watch?v=XevlHDzQBa8
_aQCszVAKDM,"가난해서 대학도 포기했던, 삼성 퇴사 후 현재는 IT기업 CEO겸 자동매매로 전업투자하는 40대 가장",[주식] 더트레이딩tv,UCpqBzzbWNN7ImX40JUrXEfw,2024-05-27 17:30:07,live,1528.0,159507,2023.0,205.0,149000,10만~100만,865.1343976936922,184.37250954905937,1.07051677852349,6.822515451570821,23379.5,same_format,False,False,True,False,0.01268282896675381,0.0012852100534772768,월,17,56,2.9888144804108117,"wntlr, 주식, WNTLR, 테마",https://www.youtube.com/watch?v=_aQCszVAKDM
Vadt13pc2b0,수익률만 쫓아가다 은퇴자금 반토막 납니다,어른의금융수업,UClU6tzeYdQ902LLZta0Ymbg,2026-04-14 15:00:25,shorts,6.0,67966,73.0,0.0,12500,1만~10만,178.23835602702547,381.3208420172739,5.43728,6.783710949196527,10019.0,same_format,True,False,True,True,0.0010740664449871995,0.0,화,15,22,22.047340539547417,,https://www.youtube.com/watch?v=Vadt13pc2b0
fSYsLZU6kHQ,이렇게 연금수령하면 세금 폭탄 맞습니다,연금박사 이영주,UCD9mxN8o9qLei1MbzroeP_A,2025-05-13 19:01:08,shorts,46.0,246013,1112.0,24.0,444000,10만~100만,514.0711916751736,478.55823081299667,0.5540833333333334,6.688043714658547,36784.0,same_format,False,False,True,False,0.004520086336900896,9.755582022088264e-05,화,19,21,4.917274659059201,"연금박사, 이영주, 연금박사상담센터, 연금상담, 종합재무, 연금, 연금보험, 연금저축, 연금계좌, irp, 연금추천, 개인연금, 퇴직연금, 사적연금, 사학연금, 공무원연금, 국민연금, 기초연금, 추납, 추후납부, 변액연금, 최저보증, 최저보증연금, 노후, 노후대비, 노후대책, 노후준비, 연금설계",https://www.youtube.com/watch?v=fSYsLZU6kHQ
3D8PupPXS_g,"주식으로 28억원을 벌었다가 주식 중독으로 다 잃고 노숙자가됬었어요.. l 자살 시도만 7번! 주식 중독에서 벗어나다,  김덕희 대표 간증",내가 매일 기쁘게,UCJc0AUs6kbwzy23DGyERahg,2022-07-13 21:00:04,long,2526.0,246775,4594.0,283.0,289000,10만~100만,1548.988599082581,159.31363222825357,0.8538927335640139,6.588045277377329,37458.0,same_format,False,False,True,False,0.018616148313240807,0.0011467936379292879,수,21,77,1.5844578102216706,"CTS, CTS기독교TV, ctstv, 내가매일기쁘게, 내가 매일 기쁘게, 기독교TV, 기독교, 기독교방송, 크리스천, 교회, 토크쇼, TV, 간증, 방송, 간증토크쇼, 최선규, 김지선, 개그우먼, 주식, 주식중독, 1억, 100억, 돈, 비트코인",https://www.youtube.com/watch?v=3D8PupPXS_g
2PlT7tMrxyE,퇴직하고 주식하다 손실만 -3억... 20년 가까이 주식했지만 아직도 미련이 남은 신청자.,[주식] 더트레이딩tv,UCpqBzzbWNN7ImX40JUrXEfw,2025-12-19 18:15:01,long,1981.0,513628,6751.0,1370.0,149000,10만~100만,294.1032171381366,1746.4208824303862,3.447167785234899,6.568468975395161,78196.0,same_format,True,False,True,True,0.013143753845195356,0.002667300069310863,금,18,50,2.9888144804108117,"wntlr, 주식, WNTLR, 테마",https://www.youtube.com/watch?v=2PlT7tMrxyE
b_Ipm5Z_ri8,사기 전문 변호사가 주식 리딩방 직접 당해보기,변호사 강민성,UCxP5RWC4we6l6BC1pud4mjg,2026-08-05 17:15:17,long,503.0,7993,72.0,6.0,375,1천 미만,65.14469861961805,122.69609299555407,21.314666666666668,6.527562270314414,1224.5,same_format,False,True,True,True,0.009007881896659577,0.0007506568247216314,수,17,25,1.5326695043015353,"#사기피해, #사기변호사, #재산범죄, #사기죄, #형사변호사, #법률상담, #피해금회수, #주식리딩방사기, #리딩방사기, #투자사기, #주식사기, #코인사기, #가상자산사기, #비상장주식사기, #부업사기, #재택부업사기, #SNS부업, #고수익알바사기, #구인사기, #온라인부업, #로맨스스캠, #연애사기, #국제연애사기, #SNS사기, #소개팅사기, #결혼사기, #메신저사기, #보이스피싱, #기관사칭, #검찰사칭, #경찰사칭, #대출사기, #명의도용, #금융사기, #전세사기, #부동산사기, #중고거래사기, #당근사기, #쇼핑몰사기, #사기예방",https://www.youtube.com/watch?v=b_Ipm5Z_ri8
La_-6RFGK_4,파이어족하고 싶다면 금융자산은 5억이면 됩니다. [119일차]  #tqqq #주식 #파이어족,TQQQ미친놈,UCeUP5Kb-EDDplwAi0H02XlA,2025-09-13 14:04:14,shorts,58.0,254473,3014.0,441.0,85200,1만~10만,391.27737223072916,650.3647234932407,2.9867723004694837,6.4878515156923235,39223.0,same_format,False,False,True,False,0.011844085620085432,0.0017329932841598126,토,14,84,18.410600219660868,"QLD, QQQ, 나스닥, 주식투자, 미국주식, 레버리지, 잼투리, 라오어",https://www.youtube.com/watch?v=La_-6RFGK_4
n6NalEd6UZE,동전주 상장폐지 대란! 220개 좀비기업이 몰락하는 충격적인 이유,유쾌한 금융,UCpa7-preJYL8zwWmEaBvQeQ,2026-02-13 11:38:19,long,586.0,384,3.0,0.0,1170,1천~1만,238.3787032492477,1.6108821583717206,0.3282051282051282,6.4,60.0,same_format,False,True,True,True,0.0078125,0.0,금,11,36,8.443087891874868,"일본 뉴스, 일본 반응, 일본 긴급 뉴스, 일본 젊은이들, 일본 총리, 일본 경제, 해외 군사, 일본 및 동맹국, 미군, 일본 군사, 일본 및 미국, 최신 뉴스, 일본 경제 및 미국, 재테크, 주식투자, 경제공부, 돈공부, 부자마인드, 금융정보, 투자공부, 재정독립, 경제적자유, 월급관리, 자산관리, 재테크팁, 주린이, N잡러, 파이어족, 유쾌한 금융, 동전주 상장폐지 대란! 220개 좀비기업이 몰락하는 충격적인 이유, 동전주 상장폐지, 동전주, 코스닥 동전주, 상장폐지, 코스닥 상장폐지, 좀비기업, 동전주 위기, 코스닥 대청소, 주식 상장폐지, 동전주 몰락, 동전주 220개, 2026 동전주 규정, 주식 투자, 개미 투자자, 주식 초보, 코스닥 좀비기업, 주가 1000원 미만, 금융위원회 규정, 주식 대응 전략, 우량주 투자, 삼성전자 투자, SK하이닉스, 주식 시장, 한국 주식, 코스닥 시장, 부실기업 퇴출, 주가조작, 주식 손절",https://www.youtube.com/watch?v=n6NalEd6UZE
x2SU7SCAQjQ,나 빼고 다 가짜? 실제 주식 투자 리딩방 사기 사례 #범죄 #투자 #리딩 #사기,로프라블럼 l Lawproblem,UCrM0zcB6sJw7L3yAvFefYZQ,2024-07-24 18:01:55,shorts,49.0,24977,121.0,28.0,781,1천 미만,807.1123143603587,30.94612677269634,31.98079385403329,6.396158770806658,3905.0,same_format,False,True,True,False,0.004844456900348321,0.0011210313488409336,수,18,45,0.6538048118596388,"범죄, 변호사, 법률, 리딩, 사기, 투자, 리딩사기, 주식",https://www.youtube.com/watch?v=x2SU7SCAQjQ
uJnYK4i6m4g,첫 주식투자로 -70% 잃고 비로소 깨달은 것들 (ft 주식 망한썰),구채희,UCaGp0UNP_dK4YnTc2XFzW2A,2021-09-15 18:00:23,long,848.0,160182,2329.0,164.0,304000,10만~100만,1850.1133791751736,86.57955874650942,0.5269144736842105,6.361224732933561,25181.0,same_format,False,False,True,False,0.014539711078648038,0.0010238353872470064,수,18,38,0.6075991973502084,"재테크, 신혼부부재테크, 직장인재테크, 사회초년생재테크, 엄마재테크, 종잣돈만들기, 10억모으기, 절약저축, 가계부쓰기, 구채희, 구채희작가, 부자, 소액투자, 부수입, 갓결혼한여자의재테크, 주식망한썰, 주식투자, 주식손절, 주린이",https://www.youtube.com/watch?v=uJnYK4i6m4g
e2iGs0400ps,"미래에셋퀀트시스템 사기 피해 주의, 미래에셋증권 사칭 퀀트 자동매매 수익금 정말 출금될까",DAY 법률사무소,UC_87sfUiY-OHnqjZBGw4Ttg,2026-09-15 19:59:22,long,97.0,89,0.0,1.0,70,1천 미만,24.030751860358794,3.703587824349961,1.2714285714285714,6.357142857142857,14.0,same_format,False,True,True,True,0.0,0.011235955056179775,화,19,49,11.058884537419367,,https://www.youtube.com/watch?v=e2iGs0400ps
dtSX_nNDXp8,"아내 몰래 주식투자로 퇴직금 날린 남편, 은퇴 2년 만에 예상 못한 반전",무궁화 빛나는,UCXG5TJDFFkmUrAGCCTJb64w,2025-12-17 08:01:00,long,820.0,107,1.0,0.0,934,1천 미만,296.5296176010995,0.36084085247747355,0.1145610278372591,6.294117647058823,17.0,same_format,False,True,True,True,0.009345794392523364,0.0,수,8,40,6.187787059913085,"사이다, 사연, 사이다 사연, 사이다사연, 라디오, 라디오 드라마, 드라마, 라디오드라마, 네이트, 네이트판, 판썰, 네이트썰, 미즈넷, 실화, 실화사연, 실화 사연, 네이트 사연, 남편, 상간녀, 조강지처, 통쾌, 통쾌한, 사연 읽어주는, 사연읽어주는, 사연읽어주는여자, 사연읽어주는남자, 사연 읽는, 명품백, 선물, 사연라디오, 사연 라디오, 네이트판 사이다, 사이다썰, 고부, 고부갈등, 시어머니, 친정, 시누이, 시동생, 시아버지, 사돈, 동서, 썰맨, 세상만사, 김치, 부추김치, 열무김치, 김장, 운전, 드라이브, 사연드라마, 드라마라디오, 충격실화, 시댁, 웃긴사연, 드라마 사이다, 시댁 사이다, 시댁사이다, 드라마사이다, 식당, 톡썰라디오, 썰남, 칠썰사이다, 사연모아, 썰언니, 레전드, 레전드사연, 레전드사연읽어주는채널, 사연읽어주는부부, 읽어주는 사연, 읽어주는, 대박웃긴사연, 대박, 김치담구는법, 트로트, 임영웅, 아파트, 아파트시세, 제철과일, 제철음식, 여행, 등산, 냉면, 여름음식, 과일, 대리효도",https://www.youtube.com/watch?v=dtSX_nNDXp8
tQE5fcoSFmk,[주식] 손절매에 대한 잘못된 오해 | 신용으로 물타기 후 존버는 9승 1패로 한방에 망하는 지름길,수급무사,UCPT13F-7oykTq4BEF5qtBMg,2020-03-10 12:30:00,long,509.0,414,11.0,4.0,6840,1천~1만,2404.3428120455437,0.1721884241822326,0.060526315789473685,6.2727272727272725,66.0,same_format,False,True,True,False,0.026570048309178744,0.00966183574879227,화,12,55,0.7246382020921053,"주식, 손절매, 주식실패담, 손절매 방법, 손절매 원칙, 주식실패이유, 주식실패 이야기, 손절하는법, 주식초보, 주식투자, 전업투자자, 주식잘하는법, 세력주, 주식차트",https://www.youtube.com/watch?v=tQE5fcoSFmk
aWZi3WlEU-0,주식 리딩방 사기의 모든 수법 폭로 | 똑똑한 사람도 속는 이유,머니필터,UCd4DNuVJBgwZ_lWMJEGpgBg,2026-03-17 07:00:02,long,1198.0,3427,79.0,18.0,3680,1천~1만,206.5719555640625,16.589860858131885,0.93125,6.174774774774775,555.0,same_format,False,True,True,True,0.02305223227312518,0.005252407353370295,화,7,35,2.062453183028875,"주식 리딩방 사기, 투자 사기, 가짜 증권 사이트, 리딩방 수법, 유명인 사칭 광고, 매몰비용 오류, 보이스피싱, 주식 투자 주의사항, 금융감독원 신고, 리딩방 환불",https://www.youtube.com/watch?v=aWZi3WlEU-0
ySNGCU81iqA,아내 몰래 투자해 1억 수익…고백 두고 부부 신뢰 논란,Today's News Shorts,UCgL_h-qN8BchJWJ71P8chWg,2026-06-01 23:00:53,shorts,42.0,179,0.0,0.0,460,1천 미만,129.90469861961807,1.3779332226014465,0.38913043478260867,6.172413793103448,29.0,same_format,False,True,True,True,0.0,0.0,월,23,30,24.954736531126578,"Shorts, 갈등, 경제, 뉴스, 돈, 부부, 생활경제, 수익, 신뢰, 주식, 투자",https://www.youtube.com/watch?v=ySNGCU81iqA
xjzJqMOHdPg,주식에 투자했다 망한 유명 연예인들,star토크,UCd4wlgbmaXkzwA5qE2_fP-g,2024-02-21 10:16:00,shorts,22.0,39119,117.0,17.0,44100,1만~10만,961.4358676010996,40.68810132661963,0.8870521541950114,6.161442746889274,6349.0,same_format,False,False,True,False,0.002990873999846622,0.0004345714358751502,수,10,19,2.3204314836205087,"#김보성, #김용만, #황마담, #김지훈, #조영구, #표영호, #노홍철, #주식, #투자, #연예인들",https://www.youtube.com/watch?v=xjzJqMOHdPg
ietOEcoyl90,"코스피 6,000시대 💹 우리는 왜 투자에 실패할까? 오를 때 팔고 내리면 보유하는 심리 | 주식의 시대 | 다큐프라임",EBS 컬렉션 - 사이언스,UCiFYUP4_TI70yCkkVJAlxoA,2026-03-25 20:01:13,long,1104.0,200442,1397.0,384.0,1350000,100만+,198.0294671381366,1012.1826963266054,0.14847555555555556,6.1323502416936915,32686.0,same_format,True,False,True,True,0.006969597190209636,0.0019157661567934864,수,20,66,12.923021696488478,"EBS, ebs, EBS컬렉션, collection, 자연, nature, 자연다큐, 다큐, 생태계, 생태도감, 메이킹, BBC, 내셔널지오그래픽, 디스커버리, 과학, 과학채널, science, 과학정보, 미래과학, 생명과학, 유전자, 우주",https://www.youtube.com/watch?v=ietOEcoyl90
tHp4cetopTE,"주식실패사연｜6억 잃은 주식중독자 과정, 결국 5억을 빚지고 주식시장을 떠납니다｜주식이 어려운 이유 주식 망한 사람",용의꼬리올라타다 Message,UCvS5hW5HVgvQD5sMKLaBJbA,2025-02-18 18:45:43,long,1151.0,11258,215.0,25.0,68800,1만~10만,598.0818976936921,18.823509026795172,0.16363372093023257,6.121805328983143,1839.0,same_format,False,False,True,False,0.019097530644874756,0.0022206430982412506,화,18,64,1.2082882339616818,"주식, 투자실패사연, 주식고수, 매매기법, 기술적분석, 주식 성공, 주식사는법, 단타매매, 스윙투자",https://www.youtube.com/watch?v=tHp4cetopTE
j1DSPfxcV6U,로또 1010회 일요일구매 20게임 자동 수동 1등 최고명당 최대명당,제이원jone nature,UCS6-wAkc030MHtc8Hk3nG9g,2022-04-03 14:59:32,long,242.0,2829,77.0,1.0,573,1천 미만,1650.2389694529513,1.7142971729347805,4.93717277486911,6.1035598705501615,463.5,all_formats,False,True,True,False,0.0272180982679392,0.0003534817956875221,일,14,38,0.46237808848953327,"로또일요일구매, 로또일요일자동, 로또구매, 최강명당, 최고명당, 명당, 로또판매점, 로또당첨",https://www.youtube.com/watch?v=j1DSPfxcV6U
5_AdtXEWgyU,단기투자 vs 장기투자,개천에서 용재난다,UCWr6NbUWuxiVqQCvCoTFJlg,2022-06-28 18:04:08,shorts,50.0,108072,838.0,31.0,273000,10만~100만,1564.1107750085068,69.0948503947313,0.39586813186813186,5.990687361419068,18040.0,same_format,False,False,True,False,0.007754089866015249,0.0002868458064993708,화,18,12,0.934229039842397,"주식, 단타, 주식단타, 주식매매, 주식기초, 주식강의, 주식초보, 주식강좌, 주식매매하는법, 주식하는법, 주식멘탈, 주식마인드, 주식차트, 주식차트보는법, 투자, 매매기법, 주식고수, 주린이, 매매영상, 매매법, 스윙, 스켈핑, 호가창매매, 차트분석, 차트, 지지선, 슈퍼개미, 김정환, 매도시점, 매수시점, 매매전략, 종목, 주식시장, 전업투자자, 전업 투자자, 주식경력, 전업투자, 호가창, 호가창 분석, 단타매매, 돈이깡패당, 슈퍼개미김정환, 저항선, 박호두, 박호두 해외선물, 창원개미, 창원개미TV, 일조TV, 돈깡, 시황분석, 주식시황, 미국시황, 미증시, 해외증시, 주식종목, 종목분석, 코로나, 이평선, 이동평균선, 거래량, 주식거래량, 주식기보, 증자, 감자, 코스피, 코스닥, kospi, kosdaq, 다우지수, 미국다우지수, 다우나스닥, 나스닥, nasdaq, 주식단테, 주식공부, 주식전망, 주식실시간, 주식거래방법, 주식거래량분석, 주식이평선, 주식이동평균선, 개천에서용재난다, 개천에서 용재난다, 개천용재, 개용, ap투자연구소, 김용재, 김용재소장, 분할매수, 분할매도, 분산투자, 집중투자",https://www.youtube.com/watch?v=5_AdtXEWgyU
CgniMVyJtmg,[OpenClaw 활용 가이드] AI 알고리즘 기반 주식 자동매매 봇 구축하기,단테랩스,UCXKXULkq--aSgzScYeLYJog,2026-02-16 03:32:19,long,2795.0,100641,2588.0,182.0,28000,1만~10만,235.71620324924768,426.9583448770453,3.5943214285714284,5.9557935850396495,16898.0,same_format,True,False,True,True,0.025715165787303384,0.0018084081040530202,월,3,43,0.6371821042854711,"오픈클로, openclaw, 자동매매, ai알고리즘, Liner, 라이너, 라이너ai, 논문작성ai",https://www.youtube.com/watch?v=CgniMVyJtmg
yxRnORcI_MM,존리 대표│노후엔 주식보다 이게 먼저입니다 (풀영상),새멋TV,UCXIIyfdS3hA3OHrhuMY1urQ,2026-06-29 06:00:09,long,911.0,148245,3858.0,141.0,56700,1만~10만,102.61354121221066,1444.6923695326027,2.6145502645502647,5.950268925102352,24914.0,same_format,True,False,True,True,0.026024486491955885,0.0009511281999392897,월,6,29,15.134968483830509,"새멋TV, 시니어, MTN, 머니투데이방송, 고령화, 존리대표, 존리, 노후준비, 노후대비, 노후금융, 노후투자, 시니어투자, 시니어파트너스, 은퇴자협회, 은퇴자, 금융교육, 경제적자립, 경제적독립, 노후경제, 노후소득, 노후수익, 노후생활비, 노후파산, 노후가난, 노후걱정, 노후빈곤, 노후현실, 한국노후, 한국현실, 한국빈곤율, 노후주식, 주식투자, 60대 투자, 70대 주식, 고령층 투자, 존리의 부자학교, SP, 노후 금융교육, 노후 돈, 노후자금, 노후자산, 자산관리, 노후관리, 존리 노후, 존리 주식, 존리 투자, 지수투자, ETF투자, ETF란, 노후준비 나이, 은퇴나이, 평생현역, 적립식투자, 월급 투자, 연금저축펀드, 연금운용, 연금계좌, 자산운용, 은퇴자금, 은퇴준비, 시니어파워, 존리 은퇴자협회, 지금존리, 복리효과, 투자복리",https://www.youtube.com/watch?v=yxRnORcI_MM
A6J7ta_DU6k,진짜일까?사기일까? 주식리딩방 사기에 당했어도 피해회복은 가능합니다.,법무법인 단,UCPkOSI26ju-0faZIgr1xM1Q,2025-01-16 10:42:55,long,318.0,214,0.0,0.0,5,1천 미만,631.4171754714699,0.33892014394478476,42.8,5.944444444444445,36.0,same_format,False,True,True,False,0.0,0.0,목,10,38,1.1210566997410523,,https://www.youtube.com/watch?v=A6J7ta_DU6k
wftkM2_RSsk,"[힐링자] 50대, 60대, 70대는 주식 투자가 늦었다구요?",힐링자 - 경제적 자유를 위한 투자전문 채널,UCf_p0mYNGdnPDUqNg0fRrEA,2023-05-30 10:30:17,long,286.0,320,9.0,0.0,519,1천 미만,1228.425948619618,0.26049596262565433,0.6165703275529865,5.925925925925926,54.0,same_format,False,True,True,False,0.028125,0.0,화,10,34,0.6053457434015063,"힐링자, 주식, 투자, 경제, 지식, 부자, 자유, 미래, 재테크, 50대, 60대, 70대는 주식투자가 늦었다구요, 70, 50, 60, 70대, 늦다, 늦었다구요, 늦지 않다, 늦지 않았다",https://www.youtube.com/watch?v=wftkM2_RSsk
_8z2XgRx4LY,주식으로 인생 망하는 사람들의 소름돋는 공통점,데일리대일 ,UCQeCqmZZcSa0oEd6IeQ7dyg,2025-10-14 18:01:04,long,902.0,85802,2366.0,233.0,97200,1만~10만,360.11290463813657,238.26416353009924,0.8827366255144032,5.924529604695322,14482.5,same_format,True,False,True,True,0.02757511479918883,0.0027155544159809795,화,18,25,6.946424096189597,"데일리대일, 동기부여, 자기계발, 마인드, 성공, 투자, 주식으로인생망하는",https://www.youtube.com/watch?v=_8z2XgRx4LY
hfQoXS25zyw,주식실패사연ㅣ주식 초보때 깡통 찬 경험담 단타매매로 70%손실ㅣ주식실패담 몰아보기,미라클miracle,UCskhvdwQ9V0VQbUy60QWVBA,2023-10-03 10:15:01,long,1691.0,7622,136.0,3.0,22700,1만~10만,1102.43655047147,6.9137765767475345,0.3357709251101322,5.908527131782946,1290.0,same_format,False,False,True,False,0.01784308580425085,0.00039359748097612176,화,10,45,7.000011342610971,"주식실패, 주식전업, 전업투자, 주식투자, 주식, 주식실패사연, 실화사연, 주식에 미치는 사람들, 주식단타, 주식공부, 주식초보, 주식강의, 기초강의",https://www.youtube.com/watch?v=hfQoXS25zyw
1P_rk9ZGb8A,주식투자 실패 하던 내가 성공으로 되돌리며 깨달은 사실들,머니바게트 | Money Baguette,UCRnvH2abXsACsC5VurNbaJg,2023-11-11 09:15:00,long,682.0,45921,1825.0,128.0,86900,1만~10만,1063.4782287122107,43.1800094822879,0.5284349827387802,5.834572136458929,7870.5,same_format,False,False,True,False,0.03974216589359988,0.0027873957448661833,토,9,31,3.577669803555877,"SCHD, 나스닥100, 나스닥, 미국주식, 배당주",https://www.youtube.com/watch?v=1P_rk9ZGb8A
3fmFpSlxHIc,주식으로 전재산 날리는 사람들이 공통적으로 하는 착각 4가지,마르지 않는 투자,UCR4R3u3RFdjLlCWlOeg8I8A,2026-06-05 14:00:01,long,720.0,76110,1358.0,122.0,19600,1만~10만,126.28030047146991,602.7068332577754,3.8831632653061225,5.779482117093173,13169.0,same_format,True,False,True,True,0.01784259624228091,0.0016029431086585207,금,14,33,2.6295162855230347,"#주식투자, #주식공부, #주식기초, #주식초보, #경제적자유",https://www.youtube.com/watch?v=3fmFpSlxHIc
kbnOEB_Y9Is,주식으로 10억 모으면서 가장 후회한 일,디히치,UCnoMvisA2ot4V0oIvLOJrbw,2025-03-16 02:44:20,shorts,36.0,43401,224.0,12.0,25100,1만~10만,572.7495250085069,75.77657964771839,1.7291235059760957,5.721951219512195,7585.0,same_format,False,False,True,False,0.005161171401580609,0.00027649132508467545,일,2,22,1.8155617416472452,"주식, 투자, 주식 투자, 재테크",https://www.youtube.com/watch?v=kbnOEB_Y9Is
kGUHZaWDT6Y,주식 불장에도 개미 절반은 손실   내 친구도 6천 잃었다고 한다,송차장기록,UCYHmqqSy8EhVoxGICwh4NaQ,2026-04-10 17:48:42,long,1385.0,89094,1989.0,953.0,8370,1천~1만,182.12149260109953,489.20091048859604,10.644444444444444,5.707678016592459,15609.5,same_format,True,True,True,True,0.022324735672435855,0.01069656767010124,금,17,36,3.006980191418552,#실패는이야기다 #실패 #성장 #실화,https://www.youtube.com/watch?v=kGUHZaWDT6Y
JduGJ8GYzG8,주식실패사연ㅣ주식투자 2년동안 집 팔아먹고 또다시 전세금 빼서 말아먹고 그리고 빚..ㅣ무엇이 나를 이렇게 까지 만들었나요ㅣ우리가 주식판에 들어오는 이유ㅣ주식투자 실화사연 주식실패,미라클miracle,UCskhvdwQ9V0VQbUy60QWVBA,2024-04-28 18:45:00,long,1861.0,7346,130.0,10.0,22700,1만~10만,894.0823953788774,8.216244988122208,0.3236123348017621,5.694573643410853,1290.0,same_format,False,False,True,False,0.01769670569017152,0.001361285053090117,일,18,99,7.000011342610971,"주식, 주식실패사연, 주식실패담, 주식투자, 실화사연, 주식전업투자, 전업투자",https://www.youtube.com/watch?v=JduGJ8GYzG8
fnF9tb3ovsM,개미가 주식하면 망할 수 밖에 없는 이유 #쇼츠 #shorts #썰 #주식 #개미 #돈 #기관,갓가지썰,UC_225HsTHYkZelXIktaJUDw,2024-10-09 12:51:25,shorts,37.0,32083,436.0,30.0,419,1천 미만,730.3279393603588,43.929580495166554,76.57040572792363,5.654388438491364,5674.0,same_format,False,True,True,False,0.013589751581834616,0.0009350746501262351,수,12,52,2.292647160616385,,https://www.youtube.com/watch?v=fnF9tb3ovsM
r3r29IB2YYE,오늘 코스피 5.81% 폭락 근데 무너진 게 아니라고?,경제명탐정,UC1eyYJRpM_g5WBp60mmRwCQ,2026-06-26 19:06:17,shorts,158.0,154279,2550.0,72.0,200000,10만~100만,105.06761528628473,1468.3782398565506,0.771395,5.6272317764849635,27416.5,same_format,True,False,True,True,0.016528497073483753,0.00046668697619248244,금,19,30,9.608669154837475,,https://www.youtube.com/watch?v=r3r29IB2YYE
9E9OrcoMCjk,AI로 주식 자동 매매하면 어떻게 될까?,이영배,UCNoDulso251ty4e1b9V_9Cg,2026-06-20 20:04:08,long,680.0,910213,5083.0,571.0,17800,1만~10만,111.02744167517362,8198.090366370468,51.13556179775281,5.611739972132825,162198.0,same_format,True,False,True,True,0.0055844071662347165,0.0006273256918984896,토,20,22,0.5576153339299588,,https://www.youtube.com/watch?v=9E9OrcoMCjk
zK9uUpA4FXw,안 하기로 각서까지 써놓고 또 주식투자한 배우자🤦이혼사유 될까? | 박주현 변호사,내변호사 박변호사,UCwkRm-t2mdP9rNek1cV5azQ,2023-01-28 19:00:38,long,233.0,2581,30.0,9.0,3510,1천~1만,1350.0715388973958,1.9117505447955032,0.7353276353276353,5.610869565217391,460.0,same_format,False,True,True,False,0.01162340178225494,0.003487020534676482,토,19,45,0.5682869710890769,"이혼, 이혼전문 변호사, 이혼소송, 주식 이혼, 주식 이혼사유, 주식투자, 주식투자실패, 투자실패 이혼, 박주현, 박주현변호사, 박주현 변호사, 형사전문변호사, 이혼전문변호사, 강남변호사, 법률사무소, 교대변호사, 법무법인중용",https://www.youtube.com/watch?v=zK9uUpA4FXw
S_0bQ0_wG8Q,ㅇㅇ거래 세력이 작전치는 방법,개천에서 용재난다,UCWr6NbUWuxiVqQCvCoTFJlg,2023-01-13 16:46:59,shorts,54.0,99448,890.0,11.0,273000,10만~100만,1365.1643513973959,72.84690660007642,0.36427838827838827,5.512638580931264,18040.0,same_format,False,False,True,False,0.00894940069181884,0.00011061057034832274,금,16,16,0.934229039842397,"주식, 단타, 주식단타, 주식매매, 주식기초, 주식강의, 주식초보, 주식강좌, 주식매매하는법, 주식하는법, 주식멘탈, 주식마인드, 주식차트, 주식차트보는법, 투자, 매매기법, 주식고수, 주린이, 매매영상, 매매법, 스윙, 스켈핑, 호가창매매, 차트분석, 차트, 지지선, 슈퍼개미, 김정환, 매도시점, 매수시점, 매매전략, 종목, 주식시장, 전업투자자, 전업 투자자, 주식경력, 전업투자, 호가창, 호가창 분석, 단타매매, 돈이깡패당, 슈퍼개미김정환, 저항선, 박호두, 박호두 해외선물, 창원개미, 창원개미TV, 일조TV, 돈깡, 시황분석, 주식시황, 미국시황, 미증시, 해외증시, 주식종목, 종목분석, 코로나, 이평선, 이동평균선, 거래량, 주식거래량, 주식기보, 증자, 감자, 코스피, 코스닥, kospi, kosdaq, 다우지수, 미국다우지수, 다우나스닥, 나스닥, nasdaq, 주식단테, 주식공부, 주식전망, 주식실시간, 주식거래방법, 주식거래량분석, 주식이평선, 주식이동평균선, 개천에서용재난다, 개천에서 용재난다, 개천용재, 개용, ap투자연구소, 김용재, 김용재소장, 분할매수, 분할매도, 분산투자, 집중투자",https://www.youtube.com/watch?v=S_0bQ0_wG8Q
DsN8nSCRRY4,주식실패사연｜어느 철없는 전업투자자 현실후기,용의꼬리올라타다 Message,UCvS5hW5HVgvQD5sMKLaBJbA,2023-02-05 20:30:03,long,359.0,10101,191.0,18.0,68800,1만~10만,1342.0094439899885,7.52677266559933,0.14681686046511627,5.492659053833605,1839.0,same_format,False,False,True,False,0.01890901890901891,0.001782001782001782,일,20,24,1.2082882339616818,"퇴근길 라디오, 사연읽어주는, 실제제보, 전업투자자, 신청사연, 주식 망하는 이유, 주식 빚투, 투자실패사연, 전업투자자하루, 차트영웅",https://www.youtube.com/watch?v=DsN8nSCRRY4
1A28aRcW9zM,"🪙비트코인, 주식으로 망한 사람 인터뷰",성대리 라이프,UCrwNJeDnl6bBQ96CJrdw3Aw,2023-12-05 20:15:00,long,271.0,2543,25.0,27.0,1610,1천~1만,1039.0198953788774,2.447498850898036,1.5795031055900621,5.480603448275862,464.0,same_format,False,True,True,False,0.009830908375933936,0.01061738104600865,화,20,21,0.7042298293171856,"비트코인, 주식실패, 비트코인실패, 비트코인으로망함, 주식으로망함, 비트코인투자, 도지코인, 비트코인투자해서, 10만전자, 도박중독, 도박, 암호화폐, 가상화폐, 비트코인망함, 비트코인손실, 비트코인트레이딩, 비트코인하락, 비트코인가격, 비트코인종말, 비트코인버블, 비트코인위기, 비트코인패닉, 비트코인불확실성, 비트코인폭락, 비트코인가격하락, 비트코인거품, 비트코인블랙스완, 비트코인폭등, 비트코인거래소망함, 비트코인파산, 비트코인하락세, 비트코인뉴스, 비트코인충격, 비트코인경고, 비트코인손실배상, 비트코인잃어버림, 비트코인투자실패, 비트코인위험, 비트코인무너짐, 비트코인빚투, 비트코인실패경험, 비트코인투자금손실, 비트코인폭락뉴스, 비트코인무역실패, 비트코인손실경험",https://www.youtube.com/watch?v=1A28aRcW9zM
4B1OebB3aKo,TVIX 상장폐지 예정 7월 2일,백두산,UC6vXGkrr5yKcZ5qoG7b9WLQ,2020-06-22 23:25:50,long,124.0,1961,45.0,32.0,8040,1천~1만,2299.887372230729,0.852650448746961,0.24390547263681592,5.477653631284916,358.0,all_formats,False,True,True,False,0.022947475777664456,0.01631820499745028,월,23,18,4.309061754526261,,https://www.youtube.com/watch?v=4B1OebB3aKo
VlStT53KICI,코인 대폭락 #bitcoin,자두두 Jadoodoo,UCIOHzEDwgUuLBZwPKEUt1AQ,2025-02-27 18:00:39,shorts,21.0,1907734,5947.0,339.0,234000,10만~100만,589.1131939899884,3238.314842482412,8.152709401709402,5.426057524798237,351587.5,same_format,False,False,True,False,0.003117310903931051,0.00017769772934801183,목,18,15,2.612750689929479,"비트코인, 코인, 자두두, 박호두, 짭구, 오케이엑스, 빙엑스, 비트겟, 거래소증정금, 증정금100불, Okx증정금, 비트겟증정금, 빙엑스증정금, 바이비트, 바이비트증정금, 증정금이벤트, 현금이벤트, 거래소신규가입, 거래소가입, Okx가입, Okx사용법, Okx, bitget, bybit, mexc, bingx, bitget증정금, Bybit증정금, Bingx증정금, 코인거래소, Bitcoin, 코인라이브, 비트코인방향, 비트코인증정금, 신규가입이벤트, 오케이엑스증정금, 오케이엑스가입방법, 오케이엑스사용방법, Okx가입방법, 브이로그, 일상, vlog, ootd, 여행",https://www.youtube.com/watch?v=VlStT53KICI
4UjBn5dhxv8,주식세력이 작전치는 원리 궁금하셨죠? 세력사무실에서 직접 배워 온 썰 풉니다 개신기함 ㅋㅋㅋㅋ 2부 [1분주식],1분주식,UCI9oLnJOXVgcvtvsmzl04gQ,2021-03-23 18:43:55,shorts,56.0,790396,4307.0,63.0,291000,10만~100만,2026.0831476936921,390.1103470998782,2.7161374570446735,5.425115998133048,145692.0,same_format,False,False,True,False,0.005449167252870713,7.970688110769791e-05,화,18,62,0.4617499700870307,,https://www.youtube.com/watch?v=4UjBn5dhxv8
WNdc85IlMA4,주식 큰 손실 봤던 경우 2가지 #단타 #주식 #shorts,대왕개미 홍인기,UCHKRLOqgrKhIgoCKJ3UkNhg,2024-05-08 18:51:18,shorts,34.0,267246,3035.0,82.0,331000,10만~100만,884.0780203788775,302.28780021639943,0.8073897280966768,5.387046705234937,49609.0,same_format,False,False,True,False,0.011356577834654213,0.00030683340442887825,수,18,33,2.2637411106614573,"주식, 단타, 주린이, 단기투자, 단기매매, 주식투자, 단기투자자, 스윙, 데이트레이더, 전업투자자, 손실, 손절, 주식 손실, 익절, 상한가, 홍인기, 홍인기 주식, 홍인기 주식투자, 대왕개미 홍인기, 주식잘하는법, 단기 투자, 주식하는법, 손실계좌, 주식 마이너스, 단타하다물림, 단타잘하는법, 처음부터 시작하는, 주식투자 단타전략",https://www.youtube.com/watch?v=WNdc85IlMA4
CEwFM7eGRxE,SK하이닉스에 '미수금' 몰빵한 사람 근황..ㄷㄷㄷ,잡동샤니,UCmNJloArG7sgybt9NHl3vww,2026-07-23 00:30:42,shorts,30.0,469612,785.0,113.0,8000,1천~1만,78.84232593443286,5956.3438094221165,58.7015,5.31247313287631,88398.0,same_format,True,True,True,True,0.0016715927190957642,0.00024062417485072783,목,0,28,3.998556605690882,,https://www.youtube.com/watch?v=CEwFM7eGRxE
wZosp2n1onA,주식실패사연｜20억 만들고 3억 빚을 만든 남자… 그는 지금 무엇을 하고 있을까? '주식으로 벌긴 벌었는데',용의꼬리올라타다 Message,UCvS5hW5HVgvQD5sMKLaBJbA,2026-08-27 18:00:25,long,3257.0,9608,47.0,2.0,68800,1만~10만,43.11335602702547,222.85437473197996,0.13965116279069767,5.283475391806434,1818.5,same_format,False,False,True,True,0.0048917568692756035,0.00020815986677768527,목,18,60,1.2082882339616818,"주식공부, 초보투자자, 재테크서적, 주식실패사연, 투자망한사람, 작전주, 금융위기",https://www.youtube.com/watch?v=wZosp2n1onA
1v6NEWhVuXk,횡령한 회삿돈으로 주식 투자를 한 남자 | 오스템 임플란트 횡령 사건,주도주 연구소,UCGsMvcdJ5riECrEP7WudtLA,2024-10-24 11:00:02,long,217.0,1414,25.0,4.0,1860,1천~1만,715.4052888973958,1.976502021922845,0.7602150537634409,5.266294227188082,268.5,same_format,False,True,True,False,0.01768033946251768,0.002828854314002829,목,11,38,0.48546710078197325,"가상화폐, 상승, 후원금, 여론조사, 미국 정치, 정치 이슈, 정치 뉴스, 커밍아웃, 밈, 미국 이슈, 테크, 선거, BBC, 뉴스, 정치, 경제, 이참시, 이참에 시작해, 주식, 주식하는법, 코인, 비트코인, 민주당, 유럽, 사회정책, 한국, 윤석열, 주식하는 법, 이슈, 테마주, 투자자, 경제 이슈, 금융, 주식 공부, 꿀팁, 개미투자자, 주식꿀팁, 주식 썰, 주식 꿀팁, 주식백서, 주가, 유머, 주식유머, 웃긴, 웃긴주식, 웃긴영상, 밈영상, 아이템의인벤토리, 김준표, 히유, 디씨, 주갤, 주식갤러리, 이재명, 코브, 1찍, 2찍, 세력, 사회이슈, 주가조작, 주식시장, 경제뉴스, 투자전략, 상장폐지, 상폐, 오스템임플란트, 횡령사건, 주식투자, 자본시장, 기업몰락, 범죄사건, 사건, 사고, 사건사고, 돈세탁, 경제사건, 경제사고, 2021년사건, 투자실패, 오스템임플란트횡령, 오스템임플란트횡령사건, 동진쎄미켐, 엔씨소프트, 회계, 분식회계, 삼성전자, 주식투자실패, 금융범죄, 슈퍼개미, 경제스캔들, 오스템횡령, 오스템형량, 오스템범인, 경제사범, 경제범죄, 경제시사, 경제이슈, 금융사기, 자살, 전자공시, DART",https://www.youtube.com/watch?v=1v6NEWhVuXk
Qanr7lyGORA,"""주가 폭락할까 무서워요"" 개미들에게 이광수가 날린 팩폭 (충격주의)",숏툭툭,UC-f35xl4apbaQdhbTPcxGQA,2026-05-12 07:59:32,shorts,27.0,56617,628.0,22.0,2700,1천~1만,150.53063611961807,376.1161279821452,20.96925925925926,5.2157531091662825,10855.0,same_format,True,True,True,True,0.011092074818517407,0.0003885758694385079,화,7,38,4.489944395364549,"이광수, 코스피전망, 주식투자비법, 개미필독, 핵심정보",https://www.youtube.com/watch?v=Qanr7lyGORA
74t-1actW28,주식만 14억 보유한 자산가가 개별주 아닌 지수 투자하는 이유,싱글파이어,UC5CyCSvCdoEP-VgQmFq3iww,2024-08-23 18:00:07,shorts,51.0,585463,5381.0,157.0,513000,10만~100만,777.1135643603587,753.3815221484313,1.1412534113060429,5.140826272116609,113885.0,same_format,False,False,True,False,0.00919101634091309,0.00026816382931116057,금,18,34,3.301896526817591,,https://www.youtube.com/watch?v=74t-1actW28
aRKBwQ3eK28,영화처럼 실제로 주식 작전 세력이 있을까? #shorts,일반사람들 [Il Van In],UCm0kXrdAWl2LjMMfrwxx8Tw,2023-08-22 17:45:00,shorts,58.0,37996,196.0,20.0,1330,1천~1만,1144.1240620455442,33.20968526093938,28.568421052631578,5.097397370539308,7454.0,same_format,False,True,True,False,0.005158437730287398,0.0005263711969681019,화,17,31,4.36476881014728,"영화리뷰, 주식, 작전, 영화작전, 애널리스트, KB증권",https://www.youtube.com/watch?v=aRKBwQ3eK28
bd6kIe8HyjY,살아남은 20년차 전업투자자가 알려주는｜주식 투자 실패하는 3가지 이유,회생오뚝이,UCEJn9QJP2k_0XN5HleqozkA,2023-05-28 20:15:04,long,589.0,7026,182.0,24.0,1880,1천~1만,1230.019849082581,5.712102943086968,3.7372340425531916,5.080260303687636,1383.0,same_format,False,True,True,False,0.025903785937944776,0.0034158838599487617,일,20,39,0.8950709592453079,"실화사연, 주식성공담, 주식실패담, 주식실패담 모음, 투자실패사연, 주식공부, 주식기초강의, 주식시장하는법, 주식썰 용의꼬리올라타다, 주식 손실 인증, 주식에 미치는 사람들",https://www.youtube.com/watch?v=bd6kIe8HyjY
PtfpU_NPz5Y,몰래 주식하다 빚더미 앉은 남편의 최후｜이혼 전문 변호사,법무법인(유한) 대륜 SJKP Korea,UC3uX0o1sFLj5eHdvZp2T64g,2026-06-16 17:00:29,shorts,50.0,5966,38.0,3.0,6250,1천~1만,115.15497639739584,51.80844273209297,0.95456,4.894175553732568,1219.0,same_format,False,True,True,True,0.006369426751592357,0.0005028494803888703,화,17,31,13.35446612827795,"법무법인, 변호사, 법률상담, 법률자문, 법률소송, 법률서비스, 법무법인대륜, 변호사상담, 변호사선임, 대형로펌, 주식으로 번 돈, 코인, 코인사기, 스캠, 증여 재산, 주식투자, 주식 이혼, 레버리지, 영끌, 마통, 도박, 개미, 국민 연금, 코스피, 재산 분할, 이혼숙려캠프, 오은영리포트, 투자 실패, 대출금, 썰, 로펌, 국장, 투자, 빚투, 신용미수, 미수, 미수거래",https://www.youtube.com/watch?v=PtfpU_NPz5Y
CDumVE3MkzI,[주식 실패 사연] 주식으로 9천 날린 30대 남자 이야기,코인챗,UCm8VqlpN2vff3ijhWOyrtdw,2021-02-11 09:36:27,long,241.0,12694,147.0,45.0,21400,1만~10만,2066.4633328788773,6.142862444268707,0.593177570093458,4.841342486651411,2622.0,same_format,False,False,True,False,0.01158027414526548,0.0035449818812037185,목,9,32,1.0835910982991275,주식 실패 썰,https://www.youtube.com/watch?v=CDumVE3MkzI
J2TF2HxODAQ,"개인 레버리지 손실 56조 ""이걸 레버리지로 다시 회복한다?""",News Issue - 뉴스이슈,UC5djM-JKQQLvVi-oiBRzUlA,2026-08-16 12:16:28,shorts,38.0,94187,874.0,27.0,37900,1만~10만,54.35221019369212,1732.9010110968943,2.4851451187335094,4.745773814022623,19846.5,same_format,True,False,True,True,0.009279412233110726,0.00028666376463843204,일,12,34,7.954534992457133,,https://www.youtube.com/watch?v=J2TF2HxODAQ
jWfYjo4pIAI,[기자들이 떴다]코스닥 상장폐지 속출.. 해결책은 없나,utubemtn,UCjAnJ_gAT4d7ab4hj08fQWQ,2011-03-28 17:06:31,long,699.0,389,1.0,0.0,2530,1천~1만,5674.150786582581,0.06855651438094516,0.15375494071146245,4.7439024390243905,82.0,same_format,False,True,True,False,0.002570694087403599,0.0,월,17,30,50.0,"MTN, 머니투데이방송, 경제방송, 증권, 주식, 투자전략, 종목상담, 코스닥",https://www.youtube.com/watch?v=jWfYjo4pIAI
TcAcGxWv6lM,개인회생 성공사례(주식상장폐지),김민수법무사-법무사호인사무소,UCFzzQFz14CKDvVCiU6JyoeA,2020-04-28 08:29:06,long,258.0,104,4.0,0.0,2370,1천~1만,2355.5101037122104,0.04415179533133789,0.04388185654008439,4.7272727272727275,22.0,same_format,False,True,True,False,0.038461538461538464,0.0,화,8,17,2.2281377248473904,"개인회생, 김민수법무사, 법무사호인사무소, 주식투자실패, 정리매매",https://www.youtube.com/watch?v=TcAcGxWv6lM
vRnk8TItKBw,평생 월급보다 4개월 주식이 낫다? 천당에서 지옥으로! 60대 은퇴자가 주식으로 4억 빚더미에 앉은 이유  | 노후자금사연 | 오디오북 |,은빛시나리오,UCowMNQXcxSJJ7Kyc41Q4Pzw,2026-04-03 07:01:08,long,2917.0,151482,3317.0,440.0,28800,1만~10만,189.57119167517362,799.0771100893922,5.259791666666667,4.695369164961875,32262.0,same_format,True,False,True,True,0.021896991061644288,0.002904635534254895,금,7,77,1.5086203133430331,"주식, 국내주식, 해외주식, 은퇴후삶, 노후사연, 노후자금사연, 오디오북, 퇴직금, 은퇴자금, 주식실패, 투자실패, 은빛시나리오, 주식투자, 노후투자",https://www.youtube.com/watch?v=vRnk8TItKBw
PeFHzKmVuTc,주식하면 다 부자인가요!? / 드라마라디오 / 사연읽어주는여자,싸!부! 사연 읽어주는 부부,UCgN0SxH0Lz1oi-dlQ1ON2aQ,2020-09-28 08:36:26,long,467.0,805,8.0,2.0,16000,1만~10만,2202.505011119618,0.36549292552609797,0.0503125,4.6938775510204085,171.5,same_format,False,False,True,False,0.009937888198757764,0.002484472049689441,월,8,34,2.0000007936511084,"네이트판, 미즈넷, 사연, 레전드, 레전드사연, 주식, 전업투자, 부동산, 경매, 처제, 장모님, 처남",https://www.youtube.com/watch?v=PeFHzKmVuTc
L6rm_4GWF1Y,[Full] 주식영끌 빚투청춘보고서_MBC 2021년 2월 2일 방송,MBC PD수첩,UCawCv9kO2UXbTtsK4EammRQ,2021-12-29 13:05:55,long,2571.0,557821,4213.0,1012.0,1200000,100만+,1745.3178699159143,319.6099745583162,0.4648508333333333,4.687551732975912,119000.5,same_format,False,False,True,False,0.007552601999566169,0.001814202046893179,수,13,38,9.422227983020049,"PD수첩, 시사교양, 시교, 시사, 고발, MBC, 뉴스, 이슈, 사회문제, 미수, 신용, 영끌, 주식, 존버, 삼프로TV, 전인구, 주식영끌, 레버리지, 주식매매방, 리딩방",https://www.youtube.com/watch?v=L6rm_4GWF1Y
jHPW7OLZkA4,주식투자 실패로 인한 채무도 이혼시 재산분할 대상이 될까????,솔로몬 이혼tv,UChl-q7uJX1ru-bhT4QXR4aA,2023-07-24 13:35:58,long,279.0,331,6.0,2.0,10400,1만~10만,1173.297001860359,0.28211100810380685,0.03182692307692308,4.597222222222222,72.0,same_format,False,False,True,False,0.01812688821752266,0.006042296072507553,월,13,35,1.0459570853215971,"이혼전문변호사, 이혼전문로펌, 이혼전문, 재산분할, 이혼사유, 양육권, 양육비, 친권, 상간자소송, 상간녀, 상간남",https://www.youtube.com/watch?v=jHPW7OLZkA4
71QSyo_i4js,실적 대박인데 주가 폭락? 마이크론 셀온 현상의 진실 | 염승환 LS증권 이사 1부 [이기자의 취재수첩],조선일보 머니,UCZyakhJDdZixare_pBPpWjg,2026-07-01 17:00:18,shorts,57.0,13685,152.0,0.0,231000,10만~100만,100.15510371221066,136.63806928225026,0.05924242424242424,4.4883568383076415,3049.0,same_format,True,False,True,True,0.011107051516258678,0.0,수,17,58,18.929494518646866,"SK하이닉스 ADR, 유상증자, 나스닥 상장, 마이크론 실적, 반도체 주가, 삼성전자, 레버리지 ETF, 금투세, 원달러 환율, 외국인 매도, 리밸런싱, 염승환, 조선일보머니",https://www.youtube.com/watch?v=71QSyo_i4js
EaqCMlfvWoE,매달 50만원씩 노후를 위해 이걸 꼭 사세요. #shorts #spy #etf #노후준비,재테크읽어주는 파일럿,UCaWi2foADm_lKAKnmeQwLSA,2024-11-19 20:26:27,shorts,45.0,961634,14296.0,431.0,1280000,100만+,689.0119439899885,1395.6710161383978,0.7512765625,4.432412251388537,216955.0,all_formats,False,False,True,False,0.014866362878184424,0.00044819546729836924,화,20,49,2.7780038682601482,,https://www.youtube.com/watch?v=EaqCMlfvWoE
A6afQhNaHKw,주식실패사연｜주식으로 망한 집안 이제는 그만 힘들고 싶어요/신청실화사연/사연낭독/주식영끌/빚투실패,용의꼬리올라타다 Message,UCvS5hW5HVgvQD5sMKLaBJbA,2023-04-05 20:00:06,long,537.0,7931,128.0,12.0,68800,1만~10만,1283.0302426010996,6.181459903798843,0.11527616279069768,4.312669929309407,1839.0,same_format,False,False,True,False,0.016139200605220023,0.001513050056739377,수,20,54,1.2082882339616818,"투자실패사연, 주식, 주식중독, 도박중독자, 사연낭독, 주식트레이더, 주식성공TV, 퇴근길라디오",https://www.youtube.com/watch?v=A6afQhNaHKw
dIDo9FUVODs,"AI끼리 투자 시합 시켜봤더니, 이 녀석이 압승 (실시간임)",모델Q,UCWjGqiBxNtUyE5FtaD4CR9A,2025-10-25 08:32:35,shorts,22.0,195220,1894.0,17.0,27300,1만~10만,349.5076847307292,558.5571034021845,7.150915750915751,4.263562505459946,45788.0,same_format,True,False,True,True,0.009701874807909025,8.708124167605778e-05,토,8,33,1.2018598303946852,"미국주식, 주식, 나스닥",https://www.youtube.com/watch?v=dIDo9FUVODs
JPMoJYG8f7E,이것만 알면 투자사기 범인 잡을 수 있습니다! #유명인사칭 #온라인피싱 #주식리딩방,형사변호사,UC2YEsh-osrh7icC51v70YAA,2024-04-25 18:30:04,shorts,27.0,5359,29.0,6.0,1170,1천~1만,897.0927657492477,5.973741183303589,4.58034188034188,4.198198198198198,1276.5,same_format,False,True,True,False,0.005411457361448031,0.0011196118678857996,목,18,46,2.5036548890567927,,https://www.youtube.com/watch?v=JPMoJYG8f7E
0TSDJPZ6C6k,연예계주식썰｜배우 안재모 주식실패 #shorts,용의꼬리올라타다 Message,UCvS5hW5HVgvQD5sMKLaBJbA,2022-11-10 20:00:01,shorts,60.0,7868,76.0,5.0,68800,1만~10만,1429.03030047147,5.505831470056419,0.11436046511627906,4.174005305039787,1885.0,all_formats,False,False,True,False,0.009659379766141332,0.0006354855109303507,목,20,26,1.2082882339616818,"영상툰, 연예인주식썰, 안재모주식, 주식실패사연, 투자실패사례, 경제, 주식",https://www.youtube.com/watch?v=0TSDJPZ6C6k
Ea_7h_ddvMA,존리 대표│노후자금으로 주식한다면 꼭 알아야 할 것 “제발 이것부터 바꾸세요”,새멋TV,UCXIIyfdS3hA3OHrhuMY1urQ,2026-09-02 07:00:12,long,908.0,103404,897.0,43.0,56700,1만~10만,37.57183982332176,2752.167593768315,1.8237037037037036,4.150437505017259,24914.0,same_format,True,False,True,True,0.008674712777068586,0.00041584464817608606,수,7,43,15.134968483830509,"새멋TV, 시니어, MTN, 머니투데이방송, 고령화, 노후준비, 노후대비, 노후자산, 노후자금, 노후경제, 노후현실, 한국노후, 노후걱정, 노후고민, 노후관리, 노후생활, 은퇴준비, 존리, 존리대표, 시니어파트너스, 노후투자, 시니어투자, 투자공부, 주식투자, ETF투자, 노후주식, 시니어 주식, 60대 투자, 60대 주식, 투자조언, 투자습관, 금융교육, 지금존리, 투자수익률, 투자기초, 노후생활비, 노후파산, 노후빈곤, 노후가난, 투자현실, 한국주식, 국내주식, 코스피200, S&P 500, 미국 주식, 커버드콜, 지수투자, 펀드투자, 안전자산, 주식공부, 70대투자, 70대주식, 노후공부, 금융공부, 경제독립, 주식조언, 존리대표 강의, 존리 강의, 존리 영상, 노후투자공부, 투자상담, 자산운용, 자산관리, 주식기초, 투자방법, 존리 상담, 노후자산투자, 존리의부자학교, 투자지식, 노후대책, 투자상식, 노후자산관리, 자금운용, 금융소득, 금융자산",https://www.youtube.com/watch?v=Ea_7h_ddvMA
uZ7KjLauXu0,존리 대표│60세부터 준비하면 이미 늦습니다… 존리가 경고한 노후의 진실,새멋TV,UCXIIyfdS3hA3OHrhuMY1urQ,2026-06-25 17:00:35,long,482.0,103052,2070.0,158.0,56700,1만~10만,106.1549069529514,970.7700092062007,1.817495590828924,4.13630890262503,24914.0,same_format,True,False,True,True,0.020086946395994256,0.0015332065365058418,목,17,40,15.134968483830509,"새멋TV, 시니어, MTN, 머니투데이방송, 고령화, 존리대표, 존리, 노후준비, 노후대비, 노후금융, 노후투자, 시니어투자, 시니어파트너스, 은퇴자협회, 은퇴자, 금융교육, 경제적자립, 경제적독립, 노후경제, 노후소득, 노후수익, 노후생활비, 노후파산, 노후가난, 노후걱정, 노후빈곤, 노후현실, 한국노후, 한국현실, 한국빈곤율, 노후주식, 주식투자, 60대 투자, 70대 주식, 고령층 투자, 존리의 부자학교, SP, 노후 금융교육, 노후 돈, 노후자금, 노후자산, 자산관리, 노후관리, 존리 노후, 존리 주식, 존리 투자, 지수투자, ETF투자, ETF란, 노후준비 나이, 은퇴나이, 평생현역, 적립식투자, 월급 투자, 연금저축펀드, 연금운용, 연금계좌, 자산운용, 은퇴자금, 은퇴준비, 시니어파워, 존리 은퇴자협회, 지금존리, 복리효과, 투자복리",https://www.youtube.com/watch?v=uZ7KjLauXu0
nZI0AhmqqrQ,"""유명인이라 믿고…"" 주식리딩방 사기 조심!",KBS시사,UCEb31RoX5RnfYENmnyokN8A,2023-10-17 19:25:21,shorts,60.0,21305,190.0,11.0,647000,10만~100만,1088.054374545544,19.580822887549733,0.032928902627511594,4.125278342530739,5164.5,same_format,False,False,True,False,0.008918094344050692,0.0005163107251818822,화,19,24,16.600836080467943,"KBS, KBS시사, KBS뉴스, 시사기획창, 시사멘터리추적, 사사건건, 일요진단, 일요진단라이브, 시사다큐, 다큐멘터리, 언론, 탐사보도, 기자, 심층취재, 시사토크, 시사직격, 추적60분, 뉴스공장, 그것이알고싶다, pd수첩, 스트레이트, 국제이슈, 국제경제, 시사다큐 창, 시사다큐 추적, 시사다큐멘터리, 시사멘터리, 추적, 시사이슈, 제보, 머니올라, 삼프로, 슈카월드, 케시, 시사다큐 다시보기, 특파원보고 세계는지금, 사기추적, 금융사기, 신종사기, 더라이브, kbs 시사멘터리, kbs 시사기획, kbs 시사프로, 고발, 시사, 정치, 외교, 국제시사",https://www.youtube.com/watch?v=nZI0AhmqqrQ
ky4jSuTzANU,제발 하지 마세요...,라보링,UCMjxseTuquZAUuNGoS9nGvQ,2025-09-24 17:00:53,shorts,49.0,89805,526.0,82.0,16900,1만~10만,380.15469861961805,236.23277661986413,5.313905325443787,4.01587479038569,22362.5,same_format,False,False,True,False,0.005857134903401815,0.0009130894716329826,수,17,12,1.2681183882450122,"돈, 부자, 주식, 주식투자, 레버리지, 단타, 선물매매, 빚투",https://www.youtube.com/watch?v=ky4jSuTzANU
9ZcvnYwihRI,"[ 주식 리딩방 사기 ] 전문가 행세 30억원 가로채, 가짜 주식 리딩방 운영 #뉴스 #주식 #피싱",누리랩(Nurilab),UCpdaiyzwMyE58_S6IEra95Q,2024-09-24 18:00:08,shorts,60.0,1000,15.0,1.0,65,1천 미만,745.1135527862847,1.3420773199743723,15.384615384615385,3.937007874015748,254.0,same_format,False,True,True,False,0.015,0.001,화,18,55,0.10412236883065436,,https://www.youtube.com/watch?v=9ZcvnYwihRI
sw-IcMOqXXg,최신 주식리딩방 사기 수법과 실체... 당한 사람이 고소를 포기하는 무서운 이유,변호사 박기태의 모험,UCCOWR7nqq-iu4wJ-YjCvqDg,2026-04-11 14:02:00,long,441.0,5323,93.0,11.0,1070,1천~1만,181.2789231566551,29.363590136731137,4.974766355140187,3.9211786372007364,1357.5,all_formats,False,True,True,True,0.017471350742062748,0.0020665038512117226,토,14,44,4.9295983583654985,"박기태, 박기태변호사, 보이스피싱, 주식리딩방, 로맨스스캠, 사기, 리딩방, 범죄, 김어준, 뉴스공장, 파산, 탕감, 연체, 회생, 보험금, 벼락거지, 도박, 사기꾼, 고소, 소송, 변호사선임, 합의금, 변호사상담, 텔레그램사기",https://www.youtube.com/watch?v=sw-IcMOqXXg
Atq6gY5-NMg,주식으로 망한썰,하태!!!!,UCPlg5nrLRZBcToLIo9fx9Gg,2024-09-25 16:17:13,long,688.0,3144,80.0,44.0,5520,1천~1만,744.1850226936922,4.224755812230415,0.5695652173913044,3.91044776119403,804.0,all_formats,False,True,True,False,0.02544529262086514,0.013994910941475827,수,16,8,16.965317594784736,,https://www.youtube.com/watch?v=Atq6gY5-NMg
pzHZPEOz6y4,[Tập 1] Xuyên Về Năm 1960 Cảnh Sát Nhỏ Trong Tứ Hợp Viện | Xuyên Không Sở Hữu Tùy Thân Không Gian,Tài Dino Studio,UCFa51NxL2bNPGpzmMrqPuFw,2026-10-06 21:24:49,long,43108.0,7323,51.0,22.0,364,1천 미만,2.9714115825810183,2464.485244295615,20.11813186813187,3.8807631160572336,1887.0,same_format,False,True,False,True,0.006964358869315854,0.0030042332377440938,화,21,97,3.9787022689391742,"Tứ Hợp Viện, truyện Tứ Hợp Viện, truyện audio Tứ Hợp Viện, Tứ Hợp Viện audio, truyện audio, truyện audio hay, truyện Tứ Hợp Viện hay, truyện Tứ Hợp Viện mới, nghe truyện Tứ Hợp Viện, truyện xuyên không Tứ Hợp Viện, truyện trọng sinh Tứ Hợp Viện, truyện hệ thống Tứ Hợp Viện, tiểu thuyết Tứ Hợp Viện, truyện dịch Tứ Hợp Viện, truyện Trung Quốc, truyện audio Trung Quốc, truyện dài Tứ Hợp Viện, Tài Dino Studio, Tai Dino Studio",https://www.youtube.com/watch?v=pzHZPEOz6y4
kac_78_i28g,[※악용금지] 불법 주식 리딩방 사기 수법  알면 생기는일,경제적 자립단,UC29gjHw8gzjS7QkPqRWbFnQ,2023-07-11 14:16:46,long,680.0,54522,967.0,79.0,5740,1천~1만,1186.2686685270255,45.960920528820225,9.498606271777003,3.8356607689331317,14214.5,same_format,False,True,True,False,0.01773595979604563,0.0014489563845787022,화,14,32,0.19144344222327261,"ytcc=on, 주식단타, 주식리딩방, 주식리딩사기, 경자단, 경자적자립단, 경제적자립",https://www.youtube.com/watch?v=kac_78_i28g
W1SAqGIdmQk,8년 주식투자한 아내가 9억 벌어 퇴사 한대요,킹쥐,UCJBhr6IKEWzz3GS0rYxJ-MQ,2025-09-17 21:19:21,shorts,51.0,294615,873.0,234.0,33700,1만~10만,386.9752078788773,761.3278422017518,8.742284866468843,3.818432785525429,77156.0,same_format,False,False,True,False,0.002963189246983351,0.0007942569115625477,수,21,25,21.19894622169443,"결혼, 연애, 커플, 부부, 유머, 유머영상, 유머동영상, 웃긴, 웃긴영상, 웃긴동영상, 웃긴썰, 웃긴짤, 썰, 짤",https://www.youtube.com/watch?v=W1SAqGIdmQk
e6X2ZlQuMYo,[노후자금사연] 주식 투자로 전재산 날려버린 남자의 눈물 고백  | 사연라디오 | 오디오북 |,전지적감동시점,UCh-5PV93nI5iAEnaluUZdYQ,2025-10-22 10:23:00,long,3061.0,18466,405.0,55.0,8020,1천~1만,352.4310064899884,52.396070890330606,2.3024937655860347,3.804677037189657,4853.5,same_format,True,True,True,True,0.021932199718401386,0.0029784468753384597,수,10,52,7.000001620370745,"#노후자금사연, #사연임당, #지혜로운 노후 생활, #노후금융사연, #가족사연, #강호의발바닥tv, #표영호tv, #여우대장, ＃사연라디오, ＃인생사연, ＃노후사연, ＃노후의지혜, ＃노후자금, ＃퇴직금, ＃은퇴준비, ＃인생이야기, ＃오디오북, ＃노년, ＃지혜, ＃후회, ＃투자사기, ＃투자교훈, ＃인생교훈, ＃금융사기, ＃실화사연, ＃노후대비, ＃실패사연, ＃전재산, ＃노후준비, ＃노후파산, ＃재기스토리, ＃인생조언, ＃경각심, ＃계좌사기, 보이스피싱, ＃문자사기, ＃금융피해, ＃사기예방, ＃노인피해사례, ＃사기사례, ＃실패사례, ＃부부사연, ＃가족이야기, ＃라디오사연, ＃리얼사연, ＃노부부이야기, ＃배신, ＃눈물사연, ＃충격실화, ＃반전, ＃소름돋는이야기, ＃가족갈등, ＃사연임당, ＃인생의에필로그, ₩우리네 인생사연, ＃깨달음의노후, ＃잠금해제",https://www.youtube.com/watch?v=e6X2ZlQuMYo
yERWAxUcgCY,7만 원대에 산 주식이 2배가 되더니 어느 순간 거래정지가 됐다... 소액주주 25만 명 울린 K사 주식 사태 | KBS 250627 방송,KBS 추적60분,UCy-6oZwPwrR_W-zYnqLD8dg,2026-06-16 23:59:14,long,571.0,413565,3133.0,1169.0,803000,10만~100만,114.86417778628473,3600.469771955147,0.515024906600249,3.78106200515643,109378.0,same_format,True,False,True,True,0.007575592712149239,0.0028266415194709415,화,23,77,3.9886097756024497,"KBS, 다큐, 다큐멘터리, 인터뷰, 레전드, 그것이 알고싶다",https://www.youtube.com/watch?v=yERWAxUcgCY
T0Wwz3J01hw,"위니아 상장폐지+정리매매 공시...7,000만 원 몰빵 상따한 주식이 휴지조각 된 소감",무한배터리,UCgFB5NI2tKLgmNgYuL_DAkQ,2025-06-06 11:16:06,long,745.0,22185,272.0,249.0,56800,1만~10만,490.3941314899884,45.23912211713104,0.39058098591549295,3.766553480475382,5890.0,same_format,False,False,True,False,0.012260536398467433,0.011223799864773495,금,11,48,2.140233870092758,"무한배터리, 무배, 무한베터리, 무한빠떼리, 무한바떼리, 무한, 신라젠, 신라젠 주가전망, 루나, 권도형, 분할매수, 주식투자방법, 주식매매하는법, 주식투자하는법, 단타치는법, 농사매매, 위니아",https://www.youtube.com/watch?v=T0Wwz3J01hw
rKL7XCVG7A8,"[주식 실패 썰]49세 아버지,  주식으로 전재산과 가족을 잃었습니다",주식꿀꿀이,UCUUCXJ1XriaaUfkVSxnFWcQ,2025-07-15 22:49:49,shorts,58.0,5652,14.0,0.0,15,1천 미만,450.91238380480326,12.534585881869925,376.8,3.7455268389662026,1509.0,same_format,False,True,True,False,0.0024769992922859165,0.0,화,22,38,9.34603900653908,"주식, 썰, 경험담, 주식썰, 실패, 손실, 경제, 코스피, 국장, 주식이야기, 30대, 직장인, 복구, 손실복구, 손절, 회복, 물린주식",https://www.youtube.com/watch?v=rKL7XCVG7A8
VIzEAO_NdJk,솔루션 중단 위기. 스캘핑으로 -5억 손실 본 40대 직장인,[주식] 더트레이딩tv,UCpqBzzbWNN7ImX40JUrXEfw,2026-02-27 18:15:05,long,1552.0,292185,3770.0,1183.0,149000,10만~100만,224.1031708418403,1303.7968133266982,1.960973154362416,3.7365722031817485,78196.0,same_format,True,False,True,True,0.012902784194944984,0.00404880469565515,금,18,33,2.9888144804108117,"wntlr, 주식, WNTLR, 테마",https://www.youtube.com/watch?v=VIzEAO_NdJk
OXw8UGhvZ2U,"3억이 1억 됐습니다..🤯 | 주식 5년차, 다시 돌아간다면 이 5가지는 절대 안 합니다",부자습관은 래빗해빛,UCd7lUUDMIGDybpy9xY9CpfA,2026-08-11 18:00:30,long,851.0,152008,2554.0,250.0,107000,10만~100만,59.11329815665509,2571.46876828233,1.4206355140186915,3.7100458849946305,40972.0,same_format,True,False,True,True,0.016801747276459132,0.0016446502815641282,화,18,49,3.1249241115692974,"래빗해빛, 래빗해빗, 부자습관은 래빗해빛, 부자습관은 래빗해빗, 부자습관은 래빗, 부자습관, 래빗해빛 주식, 래빗해빛 재테크, 래빗해빗 주식, 래빗해빗 재테크, 래빗해빛 유튜브, 잘잘잘돈, 주식투자 실패하는 이유, 주식투자 실패, 주식 실패하는 이유, 주식 실수, 주식 초보 실수, 주식 손실, 주식 손실 대처, 주식 초보, 주식 초보 공부, 주식 공부, 주식투자 기초, 주식 하는 법, 주식투자 방법, 하락장 대응, 하락장 매도, 주식 팔아야 하나, 주식 지금 팔까, 주식 물렸을때, 장기투자, 장기투자 방법, 적립식 투자, ETF 투자, ETF 장기투자, 워런버핏, 워런버핏 명언, 피터린치, 마젤란펀드, 뉴턴 주식, LTCM, 피델리티, 직장인 재테크, 직장인 주식, 사회초년생 주식, 20대 주식, 30대 재테크, 돈공부, 재테크 유튜버, 경제 유튜버",https://www.youtube.com/watch?v=OXw8UGhvZ2U
t03YNLj2do8,백수 남편 주식 계좌에 무려 5억?!💸 아내 몰래 돈 펑펑 쓰고 다닌 남편의 진짜 비밀 | #탐정들의영업비밀 21회,후루룩,UC-qAanNrl15qHXox2iLUq1A,2026-09-27 12:00:14,long,2967.0,326926,619.0,62.0,100000,10만~100만,12.363483341840277,26442.871394797203,3.26926,3.7086623105544967,88152.0,same_format,False,False,False,True,0.0018933948355285295,0.00018964536317087047,일,12,64,17.391094310455188,"채널A, 후루룩, 탐정들의 영업비밀, 충격실화, 탐정사건, 탐정드라마, 채널A탐정들의영업비밀, 불륜, 상간소송, 임신, 장모님, 주식, 로또 1등, 복권, 졸부",https://www.youtube.com/watch?v=t03YNLj2do8
63jVC6iP7Zw,'황당한 상장폐지?' 또 나올 수 있다,utubemtn,UCjAnJ_gAT4d7ab4hj08fQWQ,2011-03-22 14:44:41,long,126.0,634,0.0,0.0,2530,1천~1만,5680.249281952951,0.11161481979572942,0.25059288537549407,3.7076023391812867,171.0,same_format,False,True,True,False,0.0,0.0,화,14,21,50.0,"머니투데이방송, MTN, 증권방송, 재테크, 뉴스",https://www.youtube.com/watch?v=63jVC6iP7Zw
r_cHnadSbbY,[2022년 7월 15일 판례공보] 형사 2022. 5. 26. 선고 2018도13864 판결 〔자본시장과금융투자업에관한법률위반〕,법원도서관,UCcNmSA80QajqkQ58c4OFSkA,2022-08-04 12:00:30,long,302.0,366,6.0,0.0,5730,1천~1만,1527.3632981566552,0.23962864659751756,0.06387434554973823,3.66,100.0,same_format,False,True,True,False,0.01639344262295082,0.0,목,12,72,2.272734446762774,,https://www.youtube.com/watch?v=r_cHnadSbbY
dRJNi2zPD4U,"주식 수익률 꼴찌, 하지만 고위험 투자에 몰두하는 2030 청년들... 그들이 인생을 '베팅'하게 된 이유 | 추적60분 KBS 220902 방송",KBS 추적60분,UCy-6oZwPwrR_W-zYnqLD8dg,2025-05-04 15:28:53,long,1013.0,395307,2757.0,1143.0,803000,10만~100만,523.218587508507,755.5293512839368,0.4922876712328767,3.614136297975827,109378.0,same_format,False,False,True,False,0.006974326283116667,0.0028914236277121324,일,15,81,3.9886097756024497,"KBS, 다큐, 다큐멘터리, 인터뷰, 레전드, 청년, 도박, 코인, 주식, 전망, 트럼프, 관세, 투자 중독, 레버리지, 청산, 브이로그, 30대, 연봉, 월급",https://www.youtube.com/watch?v=dRJNi2zPD4U
T63wFhVnEN4,마통으로 코스피 인버스2배짜리 매수한 주식경력 30년차 투자자의 사연,마르지 않는 투자,UCR4R3u3RFdjLlCWlOeg8I8A,2026-05-06 13:00:25,long,579.0,50429,857.0,355.0,19600,1만~10만,156.32168936035882,322.59758838550624,2.572908163265306,3.598986582928918,14012.0,same_format,True,False,True,True,0.016994189851077753,0.007039600230026374,수,13,38,2.6295162855230347,"#주식투자, #주식공부, #주식기초, #주식초보, #경제적자유",https://www.youtube.com/watch?v=T63wFhVnEN4
KzM2oCgIwWA,[#실화멘터리] 돈과 함께 사라진 사기꾼들 #미용실원장 #1천억 #실화탐사대 #실화On MBC240229방송,실화 On,UC0imORt231LWWyyotvE3lUw,2025-04-08 12:00:30,long,2304.0,387533,2284.0,319.0,922000,10만~100만,549.3632981566551,705.4220791602501,0.4203177874186551,3.588002740537738,108008.0,same_format,False,False,True,False,0.005893691634002782,0.0008231557054496004,화,12,60,12.069013685399447,"사기, 사기꾼, 미용실원장, 폰지사기, 투자사기, 선물옵션, 실화, 실화탐사대, 지진희, 신동엽, 강다솜, 박지훈, 서인, 실화On, 실탐, 주간사건실화, 사건실화, 제보, Truestory, 실화탐사, T40798G",https://www.youtube.com/watch?v=KzM2oCgIwWA
tXNQytuBlMw,"[주식실패사례] 50대 남성, 열심히 하는 사람은 즐기는 사람을 절대로 이기지 못한다",용의꼬리올라타다 Message,UCvS5hW5HVgvQD5sMKLaBJbA,2023-01-16 18:00:32,long,553.0,6595,134.0,7.0,68800,1만~10만,1362.1132750085071,4.841741227401818,0.09585755813953488,3.586188145731376,1839.0,same_format,False,False,True,False,0.02031842304776346,0.0010614101592115238,월,18,47,1.2082882339616818,"퇴근길 라디오, 사연읽어주는, 실제제보, 전업투자자, 신청사연, 주식 망하는 이유, 주식 빚투, 경제 뉴스, 50대사연, 타산지석, 반면교사",https://www.youtube.com/watch?v=tXNQytuBlMw
EpyKZitm9dA,대표적으로 주식으로 인생이 망하는 경우,서른일기,UCYYPvecmdGQgzIfghtdWhGQ,2025-09-27 15:44:55,long,606.0,118956,2282.0,490.0,36100,1만~10만,377.2074532492477,315.35962233863216,3.295180055401662,3.531004185342397,33689.0,same_format,False,False,True,False,0.019183563670600895,0.00411917011331921,토,15,21,11.226994684998152,,https://www.youtube.com/watch?v=EpyKZitm9dA
wX6ukGgxwXY,"50대 은퇴 부부, 매월 생활비 600만 원 빼 써도 주식 잔고는 불어나는 투자법 (박경식 작가 3부)",현명한 은퇴자들,UC6CNXBevdTEucEoVXu15WYQ,2025-12-14 09:01:11,long,864.0,93857,1318.0,243.0,83000,1만~10만,299.48782361961804,313.3917060989049,1.1308072289156625,3.5278618278862597,26604.5,same_format,True,False,True,True,0.014042639334306444,0.002589045036598229,일,9,57,1.3236150922059426,#노후준비 #평생현역 #돈버는방법 #4050 #잘먹고잘사는법 #현금흐름 #은퇴준비 #경제적자유,https://www.youtube.com/watch?v=wX6ukGgxwXY
nVm_fQ3jv0Y,주식실패사연ㅣ주식에 입문하여 1년에 7천만원 손실 그 후 전업하면 2년동안 1억 3천만원 손실ㅣ주식실패담 몰아보기,미라클miracle,UCskhvdwQ9V0VQbUy60QWVBA,2023-09-30 08:30:06,long,999.0,4482,91.0,7.0,22700,1만~10만,1105.5094092677664,4.054239577181574,0.19744493392070483,3.474418604651163,1290.0,same_format,False,False,True,False,0.02030343596608657,0.0015618027666220438,토,8,63,7.000011342610971,"주식실패, 주식전업, 전업투자, 주식투자, 주식, 주식실패사연, 실화사연, 주식에 미치는 사람들, 주식단타, 주식공부, 주식초보, 주식강의, 기초강의",https://www.youtube.com/watch?v=nVm_fQ3jv0Y
ZJCnGMz-Jgg,"피터 린치 ""주식 사기 전에 이건 꼭..""  #shorts",타민더마켓,UCe1iO4VU_CjKbM3Tpx6WeLw,2022-11-28 12:51:07,shorts,48.0,21506,513.0,14.0,136000,10만~100만,1411.3281476936922,15.23812873366397,0.15813235294117647,3.4475793523565246,6238.0,same_format,False,False,True,False,0.023853808239561052,0.0006509811215474751,월,12,32,0.4473934140671319,"피터린치, 피터린치주식, 피터리니치, 월가의 영웅, 피터리닟, 주린이, 개미, 개미투자자, 주식비결, 주식잘하는법, 주식종목",https://www.youtube.com/watch?v=ZJCnGMz-Jgg
M6rt7GBiyig,국민에게 손가락욕 날리는 윤석열 #shorts,가족범죄단 윤석열 이제 나라를 통째로,UC-S7FZErCez_F54FHAfENNA,2021-12-01 18:23:52,shorts,59.0,6720,85.0,19.0,476,1천 미만,1773.0970713048032,3.7899786248334526,14.117647058823529,3.43382728666326,1957.0,same_format,False,True,True,False,0.012648809523809524,0.0028273809523809523,수,18,25,0.520219840477671,,https://www.youtube.com/watch?v=M6rt7GBiyig
NizKO2SmclM,"주식 매수 후 40분만에 상장폐지 당한 남자 이야기~,FOMO증후군, #shorts",육과장,UCmSAxPDLqdYytWfjUWjKIcg,2023-03-11 22:00:23,shorts,56.0,53079,242.0,25.0,51600,1만~10만,1307.946712508507,40.581928523831024,1.0286627906976744,3.4133307610687758,15550.5,same_format,False,False,True,False,0.004559241884737843,0.00047099606247291774,토,22,46,0.8984917639146335,"동기부여, 돈공부, 금융, 자본주의, 조기은퇴, 재태크, 주식, 투자, 비트코인, 퇴사, 희망퇴직, 대기업, 30대, 40대, 은퇴, 파이어, fire, 육과장, 도전, 유튜브, 공부, 미래, 노후, 직장인, 존엄성, 고민, 우울, 분노, 남탓, 자존감, 실행, 실패, 해외투자, 미국투자, n잡, 부업, 불노소득, 부자아빠, 목표, 성장, 불안, 월급, 부자, 연금저축, 연금보험, irp, 외로움, 히키코모리, 직업, 기술, 반지하, 투자실패, 주식모둠, 전문가, 예측, 상반기, 하반기, 상승, 폭락, 종잣돈, SHORTS, 주식투자",https://www.youtube.com/watch?v=NizKO2SmclM
LJ3bdaGjvRg,여자 아이돌의 주식 망한 썰 (ITZY 채령) | 네이버 38만원 ㅋㅋ,말아먹고 복구한 남자,UCqyxZqr9760RKF0s0FwVOWw,2023-08-06 08:40:39,shorts,34.0,4448,32.0,2.0,625,1천 미만,1160.5020828788774,3.8328237972359083,7.1168,3.3928299008390543,1311.0,same_format,False,True,True,False,0.007194244604316547,0.0004496402877697842,일,8,39,3.789187358398858,"투자실패 비트코인, 코인투자, 코인실패, 주식실패, 실패담, 삼성전자, 이더리움, 영끌투자, 영끌실패, 투자후기, 주식투자, 깡통, 투자조언, 삼프로",https://www.youtube.com/watch?v=LJ3bdaGjvRg
ps-p7yEsODY,은퇴후 투자 3원칙 - K 노후헌터스 2025#3-2,NH투자증권,UCZw35cgWpGfOQASqY_RiAbw,2025-12-27 07:01:00,long,317.0,10382,176.0,0.0,97700,1만~10만,286.5712842677662,36.228333297691044,0.10626407369498465,3.380657766199935,3071.0,same_format,True,False,True,True,0.01695241764592564,0.0,토,7,29,2.9653530270429607,,https://www.youtube.com/watch?v=ps-p7yEsODY
MufGbBxqsFg,[주식실패사연] 60대남성은 투자실패로 노숙생활을 선택하고..그 이후,용의꼬리올라타다 Message,UCvS5hW5HVgvQD5sMKLaBJbA,2022-12-22 17:28:08,long,329.0,6208,121.0,1.0,68800,1만~10만,1387.135775008507,4.475409049241721,0.09023255813953489,3.375747688961392,1839.0,same_format,False,False,True,False,0.0194909793814433,0.00016108247422680412,목,17,38,1.2082882339616818,"전업투자자, 실화사연, 주식실패사연, 실패한 경험, 감동스토리, 인생이 힘들때, 영상툰, 개천에서용재난다, 차트영웅골목주식",https://www.youtube.com/watch?v=MufGbBxqsFg
ydV-bz-rCos,AI 자동매매 아직도 믿는 사람 없죠?,불개미군단,UCTAkfnDBbQZbqshMdNnv-Kg,2023-07-03 14:27:09,long,70.0,6963,24.0,1.0,8380,1천~1만,1194.2614578788773,5.830381575209632,0.8309069212410501,3.3212497018840925,2096.5,same_format,False,True,True,False,0.0034467901766479965,0.0001436162573603332,월,14,21,1.9328490898671282,"AI자동매매, 자동매매, 자동매매프로그램, AI자동매매프로그램, AI매매프로그램, AI매매, 매매프로그램, 신종사기, 사기, 투자사기, FC5",https://www.youtube.com/watch?v=ydV-bz-rCos
B0ITxIRQv5E,주식성공사연모음｜30년 단타쟁이는 이렇게 단기투자를 합니다：이 영상 하나로 돈 버는 매매 전략 끝!  다시 정리한 최고의 전략,용의꼬리올라타다 Message,UCvS5hW5HVgvQD5sMKLaBJbA,2025-02-04 18:00:21,long,2261.0,6099,148.0,6.0,68800,1만~10만,612.1134023233218,9.963839995743916,0.08864825581395348,3.3164763458401305,1839.0,same_format,False,False,True,False,0.02426627315953435,0.000983767830791933,화,18,70,1.2082882339616818,"주식, 투자실패사연, 주식고수, 매매기법, 기술적분석, 주식 성공, 주식사는법, 단타매매, 스윙투자",https://www.youtube.com/watch?v=B0ITxIRQv5E
BC57lw_k6a4,장투하면 무조건 성공한다며…? S&P500 ETF 10년 투자해도 망할 수 있습니다,서대리TV,UCtQkxwZkrruYdy2bVNNW-Rw,2024-11-09 16:17:01,long,1009.0,276331,4283.0,326.0,243000,10만~100만,699.185161582581,395.218627601499,1.137164609053498,3.297820794347909,83792.0,same_format,False,False,True,False,0.015499527740282487,0.001179744581679218,토,16,46,7.824904310528636,"연금저축펀드, 개인형irp, 서대리, 포트폴리오, 미국주식, voo, qqq, schd, S&P500, 재테크, 조기은퇴, 경제적자유, 투자, 직장인, 30대, 노후준비, 배당금, 배당, 월배당",https://www.youtube.com/watch?v=BC57lw_k6a4
zt0m92kSdF4,레버리지 투자 위험으로 -100% 손실?! 실패 후 재기까지 얻은 4가지 교훈,김현준 주식 - 꿀직장TV,UCWF7npJlzMvcMHocK7QwaUw,2025-03-01 18:45:04,long,841.0,19079,472.0,17.0,40900,1만~10만,587.082349082581,32.49799628589461,0.466479217603912,3.297442101624611,5786.0,same_format,False,False,True,False,0.024739242098642488,0.0008910320247392421,토,18,43,2.9957180252670588,"레버리지투자위험, 투자실패후재기, 레버리지와변동성, 주식투자, 파생상품투자, 레버리지투자, 투자실패사례, 투자교훈, 손실관리, 변동성투자, 경기순환주, 가치투자, 주식투자실패, 자산운용, 투자위험관리, 주가변동성, 리스크관리, 주식공부, 재테크전략, 개인투자자, 경제상식, 투자심리, 재무분석, 장기투자, 파생상품위험성, 포트폴리오관리, 배당투자, 경기순환주투자, 투자타이밍, 금융시장, 자산관리, 재테크, 손실복구전략, 재정관리, 투자성공법, 파생상품, 내재가치, 레버리지손실, 변동성관리, 금융지식, 투자전략",https://www.youtube.com/watch?v=zt0m92kSdF4
LxUtDR7sYTo,[#실화멘터리] 충격적인 투자 사기 사건들 #금수저사기꾼 #돌려막기사기 #실화탐사대 #실화On MBC220326방송,실화 On,UC0imORt231LWWyyotvE3lUw,2024-08-22 12:00:21,long,1966.0,348365,1832.0,304.0,922000,10만~100만,778.3634023233217,447.5608680472028,0.3778362255965293,3.225362936078809,108008.0,same_format,False,False,True,False,0.005258852066080117,0.000872647941096264,목,12,64,12.069013685399447,"T40798G, 220326, 투자 사기, 투자 사기꾼, 금수저 사기, 금수저, 실화탐사대 사기, 실화탐사대 사기꾼, 실화멘터리 사기, 실화멘터리 사기꾼, 201024, MBC, mbc, 사건, 실화, 실화탐사대, 신동엽, 강다솜, 박지훈, 서인, 실화On, 실탐, 주간사건실화, 사건실화, Truestory, 실화탐사, 실화멘터리, 다단계 사기",https://www.youtube.com/watch?v=LxUtDR7sYTo
phrDY2oR96I,전업으로 '단타'를 치겠다고요? #전업투자자 #단타 #증시각도기,증시각도기TV,UCdOjVxkj5JA0iDu3_xcsTyQ,2026-06-30 10:35:22,shorts,36.0,625039,5920.0,384.0,478000,10만~100만,101.42241852702547,6162.7301840909,1.3076129707112971,3.208396748685281,194813.5,all_formats,True,False,True,True,0.009471408984079393,0.0006143616638321768,화,10,35,18.438057516496087,"증시각도기, 곽도기, 곽상준, 각도기, 미국증시, 미국시황, 금융투자, 신한금융투자, 삼프로, 채권, 증권, 증권시장, 증권회사, 금리, 주식투자, 주식, 주주, 투자, 투자자, 중국, 중국마감, 중국시장, 중국주식, 개인투자자, 외국인투자자, 매수, 매도, 안지원, 꽌시유, 증시나침반, 중국 주식, 중국시황, 중국 전문가, 중국 경제, 경제, 경제 책 추천, 개미투자자, 연준, 미국 연준, 테이퍼링, 한국투자, 미국시장, 월가, 월스트리트, 각도기tv, 증시각도기tv",https://www.youtube.com/watch?v=phrDY2oR96I
du4xNs49ZGs,단타매매의 위험성과 허무!,UPM,UCvykRCzBt7Un9VykyNK13Sg,2025-09-15 19:01:06,shorts,60.0,392090,1394.0,,74200,1만~10만,389.0712148233218,1007.758952761512,5.284231805929919,3.199611564920069,122543.0,same_format,False,False,True,False,0.0035553061797036394,,월,19,14,11.748114823836552,"주식, 주식투자, 주식시황, 주식기초, 주식공부, 주식심리, 투자, 투자심리, 멘탈관리, 경제, 경제전망, 증시, 증시전망, 종목, 종목분석, 종목추천, 종목이슈, 매매, 매매기법, 추세, 추세추종, 장투, 장기투자, 가치투자, 재무제표, 매매일지, upm, 주식은upm, 홍성학, 물가, 유가, 환율, 금리, 급등, 급등주, 재테크, 차트, 차트분석, 상승, 상승장, 하락, 하락장, 주린이",https://www.youtube.com/watch?v=du4xNs49ZGs
09R51bZ_29Q,주식 손실 때문에 힘든 사람들에게...7억을 잃고도 살아남은 사람이 전하는 작은 위로,무한배터리,UCgFB5NI2tKLgmNgYuL_DAkQ,2026-07-31 03:10:56,long,661.0,18642,333.0,147.0,56800,1만~10만,70.73105278628472,263.56174926912473,0.3282042253521127,3.1855775803144226,5852.0,same_format,True,False,True,True,0.017862890247827487,0.007885420019311232,금,3,47,2.140233870092758,"무한배터리, 무배, 무한베터리, 무한빠떼리, 무한바떼리, 무한",https://www.youtube.com/watch?v=09R51bZ_29Q
SfxCgc-5cm0,실제로 주가조작은 어떤식으로 이루어질까,은근한 잡다한 지식,UCifXwtIk4JtAzzAGNeeM91A,2026-02-26 15:38:47,long,263.0,204433,3028.0,394.0,576000,10만~100만,225.21171250850696,907.7369810074949,0.35491840277777775,3.121829426586241,65485.0,same_format,True,False,True,True,0.014811698698351049,0.0019272817989267877,목,15,21,2.5384247328526217,"주식, 주식 조작, 주가조작, 작전주, 작전세력, 개미핥기, 개미 투자자, 코스피, 은잡지",https://www.youtube.com/watch?v=SfxCgc-5cm0
HXKSIv2L0Ss,장모한테 15000원 쓰는거 아까워하는 남편,킹쥐,UCJBhr6IKEWzz3GS0rYxJ-MQ,2026-05-15 21:25:08,shorts,61.0,238648,1681.0,368.0,33700,1만~10만,146.97119167517363,1623.7740014209357,7.081543026706232,3.093058219710716,77156.0,same_format,False,False,True,True,0.007043847004793671,0.0015420200462606013,금,21,24,21.19894622169443,"결혼, 부부, 부부갈등, 연애, 커플",https://www.youtube.com/watch?v=HXKSIv2L0Ss
5Cmpqsy1Qig,"주식으로 망하기 전, 아무도 말해주지 않았던 이야기 [주식실패사연]",용의꼬리올라타다 Message,UCvS5hW5HVgvQD5sMKLaBJbA,2026-02-23 08:00:07,long,4209.0,5585,75.0,10.0,68800,1만~10만,228.53023102702548,24.438779827512317,0.08117732558139534,3.071212537805884,1818.5,same_format,False,False,True,True,0.01342882721575649,0.0017905102954341987,월,8,37,1.2082882339616818,"투자실패사연, 주식고수, 매매기법, 주식 성공, 스윙투자자, 주식잘하는법, 주식공부, 주식망한사람, 주식경험담",https://www.youtube.com/watch?v=5Cmpqsy1Qig
IeMlLUP68Zo,직장인 주식투자 실패 유형 - 종잣돈의 함정 | 주식투자 |,사람이해,UCbgdoXPwaCto6GOMWCX8BXg,2023-12-23 10:30:37,shorts,60.0,4188,23.0,0.0,430,1천 미만,1021.4257171381366,4.100151317644589,9.73953488372093,3.052478134110787,1372.0,same_format,False,True,True,False,0.0054918815663801334,0.0,토,10,33,0.5324898956344457,"투자, 부자, 직장인 주식투자",https://www.youtube.com/watch?v=IeMlLUP68Zo
BMaKk0ft0_c,주식 손실 -1억에... 카드빚 그리고 보험해지까지.. 일용직 전전하며 힘겹게 살고있는 40대 남성,[주식] 더트레이딩tv,UCpqBzzbWNN7ImX40JUrXEfw,2025-04-18 18:15:01,long,1826.0,237607,3408.0,689.0,149000,10만~100만,539.1032171381365,440.7449120065574,1.5946778523489933,3.038608112946954,78196.0,same_format,False,False,True,False,0.014343011779955978,0.0028997462195979075,금,18,55,2.9888144804108117,"wntlr, 주식, WNTLR, 테마",https://www.youtube.com/watch?v=BMaKk0ft0_c
5qdPnLOaSl0,돈과 함께 사라진 주식천재 복덩이? :: 주식사기 EP.01 | Y드라이브,궁금한 Y,UCkdZR7sBajCG_-oiZt6kj6A,2025-03-17 18:00:07,long,836.0,404671,2682.0,429.0,504000,10만~100만,571.1135643603589,708.5648551408987,0.8029186507936508,3.001309041284863,134831.5,same_format,False,False,True,False,0.006627606129423655,0.001060120443520786,월,18,41,10.606001088658314,"SBS, sbs, 교양, 시사, 다큐, 궁금한이야기Y, 궁금한Y, 궁금한y, 궁금한, 이야기, why, 와이, 휴먼, 사건사고, 이슈, 사건, 사고, 뉴스, 큐브, 스토리, story, 충격실화, 실화, 그알, 그것이알고싶다, YStory, 김석훈, 궁금하뇨, 쓰저씨, 주식사기, 주식, 비트코인, 주식투자, 투자사기, 사기, 매도, 매각, 주식매각, 주식매도, 가스라이팅, 주식시장, 경제, 증권, 복덩이, 신림복덩이",https://www.youtube.com/watch?v=5qdPnLOaSl0
XIjpLadS674,주식의 시대 💹 개인투자자가 주식에 실패하는 이유 | 주식 투자에 성공하려면 어떻게 해야 할까? | 다큐프라임,EBS 컬렉션 - 사이언스,UCiFYUP4_TI70yCkkVJAlxoA,2026-04-17 19:40:47,long,626.0,97974,925.0,492.0,1350000,100만+,175.0436569529514,559.7117982191932,0.07257333333333334,2.997430092394297,32686.0,same_format,False,False,True,True,0.009441280339681956,0.0050217404617551595,금,19,61,12.923021696488478,"EBS, ebs, EBS컬렉션, collection, 자연, nature, 자연다큐, 다큐, 생태계, 생태도감, 메이킹, BBC, 내셔널지오그래픽, 디스커버리, 과학, 과학채널, science, 과학정보, 미래과학, 생명과학, 유전자, 우주",https://www.youtube.com/watch?v=XIjpLadS674
F4Ep22S7W5U,개인들이 주식에 실패 하는 이유,머니버디,UCAi37F2UKYDcB40Hq13NJ3w,2020-03-17 20:30:06,long,930.0,39070,1451.0,67.0,148000,10만~100만,2397.009409267766,16.299477110494543,0.2639864864864865,2.9966252492713608,13038.0,same_format,False,False,True,False,0.037138469413872534,0.001714870744816995,화,20,17,0.5950466615757118,"주식, 주식실패이유, 주식잃는이유",https://www.youtube.com/watch?v=F4Ep22S7W5U
V4ddXl1nk7w,“이 실수 한 번이면 퇴직금 날아갑니다｜시니어 투자자들의 절대 금지 11가지”,어른스쿨,UCnkCwdwaIAw5FmLwSPiPK3Q,2025-07-25 10:10:30,shorts,4.0,13497,4.0,0.0,950,1천 미만,441.43968704554396,30.57495824703114,14.207368421052632,2.9893687707641194,4515.0,same_format,False,True,True,False,0.0002963621545528636,0.0,금,10,43,10.729328214194858,"시니어 투자 실수, 고령자 투자 주의, 퇴직금 투자, 투자 실패 사례, 분산 투자 중요성, 고수익 사기 유형, 투자 리스크 관리, 노후 자산 전략, 재무설계 실수, 투자설명회 주의",https://www.youtube.com/watch?v=V4ddXl1nk7w
1uQlTumXP3g,50%벌고 자신감 붙어서 미수 1억 쓴 식당 사장님의 사연 [주식사연],마르지 않는 투자,UCR4R3u3RFdjLlCWlOeg8I8A,2026-07-28 14:00:35,long,413.0,39058,670.0,110.0,19600,1만~10만,73.2799069529514,532.9974016625974,1.9927551020408163,2.965904776368745,13169.0,same_format,False,False,True,True,0.017153976138051103,0.002816324440575554,화,14,39,2.6295162855230347,"#주식투자, #주식공부, #주식기초, #주식초보, #경제적자유",https://www.youtube.com/watch?v=1uQlTumXP3g
ma52AZfXCIQ,중국기업 에스앤씨엔진그룹의 고의적인 상장폐지를 막아주십시오.  (에스앤씨엔진그룹 고의 상장폐지 1편),주유 주식유튜버,UCOFAEsoEjW4G_IxuKkXneUQ,2021-05-17 11:00:02,long,1105.0,1783,64.0,39.0,32,1천 미만,1971.4052888973958,0.904430971166375,55.71875,2.942244224422442,606.0,all_formats,False,True,True,False,0.0358945597307908,0.021873247335950644,월,11,56,1.2234968854573194,,https://www.youtube.com/watch?v=ma52AZfXCIQ
pO4UcN055Fs,"주식실패사연｜주식으로 망한 사람：'주도주', '정보주' 쫓아 다니다 깡통 찼습니다｜25년 경력에 깨달은 투자법",용의꼬리올라타다 Message,UCvS5hW5HVgvQD5sMKLaBJbA,2025-09-05 17:00:57,long,1419.0,5403,145.0,14.0,68800,1만~10만,399.1546523233218,13.536106791067743,0.07853197674418605,2.938009787928222,1839.0,same_format,False,False,True,False,0.026836942439385527,0.002591153063113085,금,17,61,1.2082882339616818,"투자실패사연, 주식고수, 매매기법, 주식 성공, 스윙투자자, 주식잘하는법, 주식공부, 주식망한사람, 주식경험담",https://www.youtube.com/watch?v=pO4UcN055Fs
z2V3982j7Cc,주식실패사연｜주가조작 모르고 빚투영끌｜나는 망했는데 주식전문가는 버젓이 활동하고 있네요,용의꼬리올라타다 Message,UCvS5hW5HVgvQD5sMKLaBJbA,2023-02-23 20:30:21,long,534.0,5343,121.0,4.0,68800,1만~10만,1324.0092356566552,4.0354703397141245,0.07765988372093023,2.905383360522023,1839.0,same_format,False,False,True,False,0.02264645330338761,0.0007486430844095078,목,20,48,1.2082882339616818,"주식투자, 투자실패사연, 주식방송, 주가조작, 김여사, 도이치모터스, 작전세력, 주식왕용느, 김도훈",https://www.youtube.com/watch?v=z2V3982j7Cc
E4JBzWFdt44,쩐주와 작전세력의 대화내용이 유출되자 난리난 주식장 근황,1분주식,UCI9oLnJOXVgcvtvsmzl04gQ,2024-04-02 16:21:40,shorts,58.0,422994,4158.0,107.0,291000,10만~100만,920.1819324159145,459.6851830044521,1.4535876288659795,2.903344040853307,145692.0,same_format,False,False,True,False,0.009829926665626463,0.0002529586708085694,화,16,31,0.4617499700870307,,https://www.youtube.com/watch?v=E4JBzWFdt44
6vgK2zNnJl0,매번 1% 수익내던 1억 투자자 결말,이것만,UC-46dUgzd4N1Ec_r8tissig,2025-10-07 18:00:13,shorts,36.0,1078960,6371.0,335.0,8600,1천~1만,367.1134949159144,2939.0366056881967,125.46046511627907,2.8942137720326504,372799.0,same_format,False,True,True,False,0.00590476013939349,0.00031048416994142506,화,18,20,1.206377524356938,,https://www.youtube.com/watch?v=6vgK2zNnJl0
GMEDFGHAFF0,주식 코인 리딩방 사기 당하는 이유│사기 피해 성공사례,똑똑 변호사 이변,UCzdXqHpV02Q4oPJBVGvni-Q,2025-09-18 21:44:56,shorts,61.0,3799,17.0,2.0,6210,1천~1만,385.95744167517364,9.843054155171034,0.6117552334943639,2.880212282031842,1319.0,same_format,False,True,True,False,0.004474861805738352,0.0005264543300868649,목,21,30,1.8317508939931715,#변호사,https://www.youtube.com/watch?v=GMEDFGHAFF0
RZ6lKACddVI,⚠️당신의 장기투자가 실패하는 이유? 구조대도 존버도 답이 아닙니다!,미키피디아,UCt9m3iBPn0e0z0B_t-Va7sw,2026-04-19 12:00:35,long,1186.0,549317,6673.0,527.0,377000,10만~100만,173.36324028628474,3168.589829613712,1.4570742705570292,2.8524241999387265,192579.0,same_format,False,False,True,True,0.012147812647342063,0.000959373185246406,일,12,38,1.195560059991496,"주식, 투자, 주식투자, 주식기초, 주식강의, 주식전망, 주식 투자, 주식단타, 주식추천, ETF, 주식 포트폴리오, 투자 포트폴리오, 퇴직연금 ETF, 퇴직연금 ETF 추천, 장기 투자, 장기 투자 ETF, 장기 투자 종목, 장기 투자 주식, 코스피, 포트폴리오, 국장, 한국 주식, 한국 주식 전망, 국장 전망, 국장 ETF, 투자전략, 한국주식, 코스닥, 반도체 주식, 반도체 ETF, 반도체 주식 전망, 반도체 ETF 비교, 반도체 소부장, 삼성전자, 삼성전자 반도체, 삼성전자 주식, 삼성전자 주가, sk하이닉스, 하이닉스, 하이닉스 주가, 하이닉스 주식, 반도체 투자, 한국 주식 투자",https://www.youtube.com/watch?v=RZ6lKACddVI
nIBClC3mRWE,주식실패사연ㅣ3천만원 손실보고 안했으나 또다시 주식으로 빚 1억 ㅣ기도 아버지에게 어머니에게ㅣ실화사연 주식실패담(with CLOVA Dubbing),미라클miracle,UCskhvdwQ9V0VQbUy60QWVBA,2022-04-03 18:30:14,long,366.0,3674,78.0,4.0,22700,1만~10만,1650.0926500085068,2.2265416429683866,0.16185022026431717,2.848062015503876,1290.0,same_format,False,False,True,False,0.021230266739248774,0.0010887316276537834,일,18,82,7.000011342610971,"사연, 실화, 실화사연, 주식실패, 주식실패사연, 주식실패담",https://www.youtube.com/watch?v=nIBClC3mRWE
prFsz5VsjbY,결혼 전 매수한 주식도 이혼할 때 분할해 줘야 하나요?,나무늘변 김연수,UCq04NBIwq4oavZdbttidnpg,2023-03-28 22:00:47,shorts,38.0,5132,,17.0,40400,1만~10만,1290.9464347307292,3.975377956770494,0.12702970297029703,2.827548209366391,1815.0,same_format,False,False,True,False,,0.003312548713951676,화,22,30,12.521443593256805,,https://www.youtube.com/watch?v=prFsz5VsjbY
9bdIbKz2OqA,"[실화Pick] 500% 목표 수익? 전 국민 주식 열풍, 유명 주식 전문가를 사칭한 투자 사기 #실화탐사대 #실화On MBC260625방송",실화 On,UC0imORt231LWWyyotvE3lUw,2026-06-29 12:00:34,long,1483.0,304190,2078.0,578.0,922000,10만~100만,102.3632518603588,2971.67190834234,0.3299240780911063,2.8163654544107843,108008.0,same_format,False,False,True,True,0.006831256780301785,0.001900128209342845,월,12,78,12.069013685399447,"주식, 투자, 리딩방, 노후자금, 염승환, 오건영, 사칭사기, AI, 리딩방사기, 피싱사기, 빛투, 실화, 실화탐사대, 지진희, 신동엽, 강다솜, 박지훈, 서인, 이호, 실화On, 실탐, 주간사건실화, 사건실화, 제보, Truestory, 실화탐사, CCTV, T40798G, 프로파일러, 범행, 사건",https://www.youtube.com/watch?v=9bdIbKz2OqA
FKh409uYyc0,#투자사기고소 #투자사기변호사 #주식투자사기 #코인투자사기 #사기죄고소 #사기민사소송 #코인전문변호사 #사기전문변호사 #법무법인에이엘 #사기고소절차 #금융사기변호사 #사기형사고소,알법한 변호사 AL LAWYER,UCL8ACCJ895Lghs6Hk6olymQ,2026-08-04 22:00:12,shorts,41.0,1548,3.0,1.0,8450,1천~1만,65.94683982332175,23.473452316248185,0.18319526627218935,2.811989100817439,550.5,same_format,False,True,True,True,0.001937984496124031,0.0006459948320413437,화,22,99,7.142855455674732,,https://www.youtube.com/watch?v=FKh409uYyc0
DM-WtV8MnaU,50대 투자 실패 막는 3가지 방법.주식사기전 3가지 숫자만 확인하세요,만약에 머니,UCSqFJxc0zYKLTr2IwFth2pA,2026-03-26 19:00:21,long,1352.0,17256,534.0,8.0,33800,1만~10만,197.0717356566551,87.56202376003819,0.5105325443786982,2.7969851689764162,6169.5,same_format,False,False,True,True,0.030945757997218357,0.0004636068613815484,목,19,39,3.3333348030576735,"만약에머니, 경제학, 환율, 경제공부, 재테크, 주식, 투자, 금융, 부자되는법, 세계경제, 부의법칙, 돈버는법, 재테크기초, 거시경제, 미시경제, S&P500, ETF, 국민연금, kospi, kodex200, 50대재테크, 노후준비, 주식초보, ISA, 조기수령, 연기연금, 퇴직연금, IRP",https://www.youtube.com/watch?v=DM-WtV8MnaU
6b-AIRJygcY,주식실패사연ㅣ죽음의 문턱에서 그날의 짠한 추억ㅣ실화사연 주식실패담(with CLOVA Dubbing),미라클miracle,UCskhvdwQ9V0VQbUy60QWVBA,2022-02-03 11:00:01,long,325.0,3579,103.0,4.0,22700,1만~10만,1709.40530047147,2.0937106015834153,0.15766519823788547,2.7744186046511627,1290.0,same_format,False,False,True,False,0.028778988544286115,0.0011176306230790724,목,11,56,7.000011342610971,"미라클, 주식, 투자, 선물, 해외, 스캘, 스캘핑, 단타, 단기, 중기, 장기, 실패, 실패담, 성공, 성공담, 홀딩, 보유, 종목, 데이트레이딩, 매매, 일지, 원칙, 창원개미, 불개미, 용느, 소액의꿈, 츄린이, mit, 육봉스님, 김바이러스, 예스tv, 불독사, 주식하는민우, 주식왕용느, 와조스키, 나는바닥에서잡아, 시윤주식, 수다쟁이, 키움증권, 채전주식, 주식엠비션, 엠비션, 돈향기, 버니, 스캘킹버니, 화백, 주식화백, 전업투자자, 세력사냥꾼, 주식프로게이머, 백야, 주식백야, 매매의신, 윤지훈, 히키주식, 일개미, 해운대일개미, T98, 반업투자자, 절대패턴, 실전주식, 돈만버는얄삽한주식, 스캘핑장환, 꼬마개미, 금나무주식",https://www.youtube.com/watch?v=6b-AIRJygcY
zlk8BbNbLOg,주식 대박 난.. 남편 ;;,83부부,UCcxK1UWTHBVYMce8XekwPgw,2026-05-08 18:15:06,shorts,158.0,6234167,49431.0,973.0,1150000,100만+,154.10315926776622,40454.50482405523,5.421014782608696,2.7600447952922,2258719.5,same_format,False,False,True,True,0.007929046494904612,0.00015607538264534782,금,18,15,2.0958088189888597,"주식, 딸반응, 아내반응, 주식대박, 웃긴남편, 아빠와딸, 웃긴가족, 웃긴영상, 중년부부, 부부의일상, 83부부, 재밌는가족, 근육몬, 은채, 은우",https://www.youtube.com/watch?v=zlk8BbNbLOg
9CQT1UCuYLI,💢《주식》주식투자 실패로 빚 12억 8천만원ㅣ개미들이 착각하는 3가지,미라클miracle,UCskhvdwQ9V0VQbUy60QWVBA,2026-03-05 18:45:00,long,1741.0,3448,49.0,3.0,22700,1만~10만,218.08239537887732,15.810538003353026,0.1518942731277533,2.6728682170542637,1290.0,same_format,False,False,True,True,0.014211136890951276,0.0008700696055684454,목,18,38,7.000011342610971,"주식, 주식실패사연, 주식실패담, 주식투자, 실화사연, 주식전업투자, 전업투자",https://www.youtube.com/watch?v=9CQT1UCuYLI
X5wc7G7tT6s,부부 #주식 #주식투자 #추천 #이슈 #직장인 #돈 #이슈 #부동산 #아파트 #소통 #명언 #좋은글 #자기계발 #지혜 #동기부여 #인생 #연애 #성공 #공부 #경제 #부자 #정치,온돌방,UCr-hiDLvkZvNEVG-DKqKtLA,2025-07-07 00:00:53,shorts,6.0,40794,84.0,0.0,5530,1천~1만,459.8630319529514,88.7090223946804,7.376853526220615,2.6697643979057593,15280.0,same_format,False,True,True,False,0.0020591263421091337,0.0,월,0,99,43.75132925045466,,https://www.youtube.com/watch?v=X5wc7G7tT6s
3Sl5wK2BV-Q,주식을 권하지 않는 이유 #쇼츠 #shorts #작전 #주식,원탑 무료 주식 정보,UCtqGfAaf1VlW4-v1-VKo8uw,2023-11-29 12:00:03,shorts,18.0,15541,66.0,0.0,723,1천 미만,1045.3636106566553,14.86659746099041,21.49515905947441,2.645726932243786,5874.0,same_format,False,True,True,False,0.004246830963258477,0.0,수,12,33,0.16785453516732846,,https://www.youtube.com/watch?v=3Sl5wK2BV-Q
AyJLX9BaXTM,주식 곱버스 ETF 단타 하다가 깡통 차게 된 사연,로테이션근무,UC4qqqtCjtJwywOFnNOHByRQ,2026-01-29 23:24:05,long,235.0,14891,214.0,419.0,2080,1천~1만,252.88858750850696,58.88363783715261,7.159134615384615,2.6341765434282682,5653.0,same_format,False,True,True,True,0.014371096635551675,0.028137801356524075,목,23,28,1.3075508858462674,,https://www.youtube.com/watch?v=AyJLX9BaXTM
rJ4m7m4nddY,배당만 믿었는데...55세 주식 초보가 깨달은 사실 (실제 계좌 인증),현명한 은퇴자들,UC6CNXBevdTEucEoVXu15WYQ,2026-04-05 15:00:42,long,1207.0,69001,1170.0,115.0,83000,1만~10만,187.2381592677662,368.51996553396367,0.8313373493975904,2.619031352007895,26346.0,same_format,False,False,True,True,0.016956275996000057,0.001666642512427356,일,15,39,1.3236150922059426,#노후준비 #평생현역 #돈버는방법 #4050 #잘먹고잘사는법 #현금흐름 #은퇴준비 #경제적자유,https://www.youtube.com/watch?v=rJ4m7m4nddY
DAwRyelr-6s,小伙当众揭穿妻子出轨，在酒店和别的男人拍摄的私密照被他抛向空中！小伙不装了—他是首富之子，不顾三年的感情直接离婚，前妻悔的肠子都青了，跪求小伙原谅她！,好戏短剧社dramaclub,UCEWZw-we6e8ais3Sy_e5BXg,2026-10-08 18:01:05,long,5761.0,42676,398.0,4.0,9270,1천~1만,1.1128930640625,38346.90086414566,4.6036677454153185,2.604656840306387,16384.5,same_format,False,True,False,True,0.009326084918923986,9.372949667260286e-05,목,18,75,12.499901827821292,"k-drama, chinese new drama 2025, chinese love movie, romance, korean drama, c-drama, 甜宠, asian drama, top chinese drama, chinese tv dramas, Thai Drama2025, Thai Drama, chinese new movie 2025, korean movie, hot short movie, 短剧, 爽剧, 甜剧, 一口气, 全集, 好看, 狗血, 虐恋, 霸总, ceo, cinderella, 总裁, 灰姑娘, 都市, 爱情, 爽文, 追妻火葬场, 穿越, 霸道总裁, 公主, 女频, 短剧天花板, 妻子, wife, husband, lover, mistress, 豪门, short drama, male frequency, 千金, #couples, 愛情, 蘿莉, chinese drama, president, 先婚後愛, 甜宠剧, 霸總, 男神, 甜寵, 女神, small video, 禁慾, 窮小子, 陸劇, 少爺, 短劇天花板, 短劇全集, 短劇推薦, 重生, 言情",https://www.youtube.com/watch?v=DAwRyelr-6s
NEfllf8k5Uk,"31살에 2억 2천만원을 모으고, 주식투자로 1억을 잃게 된 사연",구사일생94,UCZ6IkAFQDuHohcSr5EMtFeQ,2024-12-31 12:35:09,long,829.0,63612,1027.0,420.0,15000,1만~10만,647.3392356566551,98.26686920262536,4.2408,2.5349485932892324,25094.0,same_format,False,False,True,False,0.016144752562409607,0.006602527824938691,화,12,36,0.9763460475177677,"경제적자유, 주식실패, 투자손실, 20대투자, 30대투자, 월급쟁이투자법, 주식공부, 손실복구, StockInvesting, FinancialFreedom",https://www.youtube.com/watch?v=NEfllf8k5Uk
C0g0PO_DOwk,"자동매매, 이제 개발자 아니어도 됩니다",주식 코딩,UCFG2UwBABneCO-5IqVE9lhg,2026-04-10 15:14:02,long,513.0,4897,77.0,10.0,10200,1만~10만,182.22890000850694,26.87279569690315,0.4800980392156863,2.522926326635755,1941.0,same_format,False,False,True,True,0.015723912599550745,0.0020420665713702267,금,15,21,1.2078498256027017,,https://www.youtube.com/watch?v=C0g0PO_DOwk
L8Rzuutx8ag,4~50대가 흔히 당하는 무료주식리딩방 실체,인싸TV,UCoTyq5MFHrB4z6bnsYlYAvw,2023-04-04 22:00:10,shorts,59.0,14988,85.0,6.0,915,1천 미만,1283.94686297147,11.673380287181747,16.380327868852458,2.45102207686018,6115.0,same_format,False,True,True,False,0.005671203629570323,0.00040032025620496394,화,22,24,11.290402672360655,,https://www.youtube.com/watch?v=L8Rzuutx8ag
L9-4rcS7fr4,주식실패사연ㅣ10년감 직장에서 받은 월급 주식으로 깡통차고ㅣ주식실패담 몰아보기,미라클miracle,UCskhvdwQ9V0VQbUy60QWVBA,2023-10-02 10:15:01,long,1982.0,3154,64.0,2.0,22700,1만~10만,1103.43655047147,2.858342873137905,0.13894273127753304,2.4449612403100773,1290.0,same_format,False,False,True,False,0.020291693088142042,0.0006341154090044388,월,10,43,7.000011342610971,"주식실패, 주식전업, 전업투자, 주식투자, 주식, 주식실패사연, 실화사연, 주식에 미치는 사람들, 주식단타, 주식공부, 주식초보, 주식강의, 기초강의",https://www.youtube.com/watch?v=L9-4rcS7fr4
35wTLgQSjrQ,주식 자동매매 REST API 제공 증권사 모두 공개,퀀트는 게만아 | 파이썬 자동매매,UCisI76sCtqpz_S6pKfvAXPQ,2026-06-17 08:18:26,shorts,23.0,2738,9.0,1.0,17500,1만~10만,114.51751111961806,23.909007218468545,0.15645714285714285,2.4359430604982206,1124.0,same_format,False,False,True,True,0.003287070854638422,0.0003652300949598247,수,8,29,10.413276928083306,,https://www.youtube.com/watch?v=35wTLgQSjrQ
FICSfRKACuA,남편(아내)의 주식투자 코인투자 실패 재산탕진 이혼사유 해당되나요,우실장 법률상담 공작소,UCxyWLuoeLnmybI4F41i3RuQ,2026-03-30 08:19:34,long,306.0,102,2.0,1.0,462,1천 미만,193.51672408258102,0.5270862272165825,0.22077922077922077,2.4285714285714284,42.0,same_format,False,True,True,True,0.0196078431372549,0.00980392156862745,월,8,36,4.382906606260629,,https://www.youtube.com/watch?v=FICSfRKACuA
84mvBs7zTNc,급등주로 4억을 번 사람의 최후,개굴이슈,UCTgCHmNJB-3GCh7rHbp9E6w,2026-05-17 18:00:15,shorts,28.0,70804,301.0,34.0,122,1천 미만,145.1134717677662,487.9216184236284,580.360655737705,2.420690951982085,29249.5,same_format,False,True,True,True,0.004251172250155358,0.0004801988588215355,일,18,17,1.8743170426285232,,https://www.youtube.com/watch?v=84mvBs7zTNc
o84rxDNxo0g,해외선물 매매 실패사례를 보면 수익이 보인다!,해외선물 테오,UCtMlDbklSzAij2FugY55Dlg,2025-03-05 14:45:05,shorts,38.0,4269,39.0,13.0,3810,1천~1만,583.2490041751736,7.31934382989164,1.1204724409448819,2.4200680272108843,1764.0,same_format,False,True,True,False,0.009135628952916374,0.0030452096509721244,수,14,25,11.242688906172623,"해외선물, 해외선물 매매, 해외선물 실패, 해외선물 실패사례, 해외선물 수익",https://www.youtube.com/watch?v=o84rxDNxo0g
PoZ6KXgGk6k,"주식리딩사기 환불 받는 법! 수익률 1000% 환불사기 대처법, 현직변호사피셜 Korean lawyers, Seoul lawyers, Busan lawyers",중변TV 김민중변호사 [법무법인 로윈],UC5p-wwyGhjmqCAk31pCQmOg,2024-04-12 19:00:19,long,467.0,9797,196.0,36.0,68000,1만~10만,910.0717588048034,10.76508517621335,0.1440735294117647,2.4181167468838702,4051.5,same_format,False,False,True,False,0.020006124323772582,0.0036745942635500665,금,19,88,2.6515118966429436,"주식리딩방사기, 주식리딩, 코인리딩사기, 코인리딩, 주식리딩사기고소, 주식리딩변호사, 주식리딩사기, 주식리딩방실체, 주식리딩방환불",https://www.youtube.com/watch?v=PoZ6KXgGk6k
rhr9NGd7w6Y,주식으로 돈을 잃는 사람이 더 많은 이유,서른일기,UCYYPvecmdGQgzIfghtdWhGQ,2025-09-09 12:54:53,long,426.0,81169,1585.0,416.0,36100,1만~10만,395.3255319529514,205.32192696741913,2.248448753462604,2.409362106325507,33689.0,same_format,False,False,True,False,0.01952715938350848,0.005125109339772573,화,12,22,11.226994684998152,,https://www.youtube.com/watch?v=rhr9NGd7w6Y
54WxXQRib4M,48만 경제유튜버가 충격받은 신혼부부 돈관리법,시골쥐의 도시생활,UCimq5GQ-7Cg9VmV0q0KOY3A,2026-01-25 19:43:58,long,564.0,285101,5467.0,325.0,501000,10만~100만,257.04144630480323,1109.1635380152793,0.569063872255489,2.392850848111996,119147.0,same_format,False,False,True,True,0.019175660555382126,0.0011399468960122904,일,19,25,1.3461244835738537,"재테크, 사회초년생, 월급관리, 시골쥐, 자기개발, 자기계발, 직장인, 신혼부부, 신혼재테크",https://www.youtube.com/watch?v=54WxXQRib4M
oHNPbCzZ0iI,"상의없는 주식투자, 코인투자 이혼하게 될 수 있어요 #이혼전문변호사",이새롬변호사,UCJmxNlp6hSktUcuodV81_vg,2025-02-04 15:01:29,shorts,56.0,1688,37.0,1.0,516,1천 미만,612.2376152862847,2.757099462454107,3.2713178294573644,2.3926293408929835,705.5,same_format,False,True,True,False,0.021919431279620854,0.0005924170616113745,화,15,37,0.6889710408885175,"이혼전문변호사, 이혼변호사, 이새롬변호사, 이새롬 변호사, 재테크실패, 주식투자, 코인투자, 주식투자실패, 코인투자실패, 주식투자 실패, 전업투자자 실패, 대출 이혼, 이혼 재산분할 대출, 일산변호사, 파주변호사, 투자실패 극복, 투자실패 빚, 고양시이혼전문변호사, 사기 당해서 이혼",https://www.youtube.com/watch?v=oHNPbCzZ0iI
0F5E8MwKc7Y,주식투자로 엄청난 손실을 본 연예인 TOP5,놀자GO,UCO09F1QDh0WdXkh8lowJLbg,2025-02-10 21:17:33,shorts,60.0,32357,170.0,8.0,8720,1천~1만,605.9764578788773,53.39646380531094,3.710665137614679,2.391588750508149,13529.5,same_format,False,True,True,False,0.005253886330623976,0.00024724170967642243,월,21,24,21.930778803728234,"주식실패 연예인, 주식투자 손실, 황승환, 김보성, 김지훈, 김용만, 노홍철, 노홍철 주식, 김용만 주식, 김지훈 주식, 김보성 주식, 황승환 주식",https://www.youtube.com/watch?v=0F5E8MwKc7Y
Gy_2vA9H9Zo,"주식실패사연｜7억까지 날리고 시장을 떠났습니다, 주식과 파생 선물옵션에 바친 망한 인생｜개미가 투자에 실패하는 공통점",용의꼬리올라타다 Message,UCvS5hW5HVgvQD5sMKLaBJbA,2025-11-28 17:00:18,long,1768.0,4301,54.0,7.0,68800,1만~10만,315.15510371221063,13.647248447950039,0.06251453488372093,2.3387710712343663,1839.0,same_format,False,False,True,True,0.012555219716345037,0.0016275284817484307,금,17,65,1.2082882339616818,"투자실패사연, 주식고수, 매매기법, 주식 성공, 스윙투자자, 주식잘하는법, 주식공부, 주식망한사람, 주식경험담",https://www.youtube.com/watch?v=Gy_2vA9H9Zo
AT-IuZOwYAM,[주식실패사연] 두바이에서 돈 벌고 전업투자자로 망해서 원양어선 면접보러 갑니다,용의꼬리올라타다 Message,UCvS5hW5HVgvQD5sMKLaBJbA,2022-12-15 20:56:32,long,413.0,4297,80.0,9.0,68800,1만~10만,1393.9910527862849,3.0825161979420397,0.06245639534883721,2.336595976073953,1839.0,same_format,False,False,True,False,0.01861764021410286,0.002094484524086572,목,20,44,1.2082882339616818,"퇴근길라디오, 주식손실, 주식썰, 주식실패사례, 주가조작, 원양어선썰, 초보투자자",https://www.youtube.com/watch?v=AT-IuZOwYAM
XE9w9K2TjPo,"60대, 주식 투자 전 이 함정 조심! ⚠️",물음표 경제학,UCKsbXgybCMIl1xBDdMf9SJw,2026-04-03 20:00:48,shorts,52.0,939,4.0,0.0,272,1천 미만,189.02975648998844,4.967471880807994,3.452205882352941,2.290243902439024,410.0,same_format,False,True,True,True,0.004259850905218318,0.0,금,20,24,6.600892037215584,60대 시니어의 주식 투자 주의사항! 주식 시장에는 많은 속설과 함정이 존재합니다. 투자 결정을 내리기 전에 어떤 점을 꼭 알아야 할까요? ⚠️,https://www.youtube.com/watch?v=XE9w9K2TjPo
47P-C325w44,열심히 투자했는데 왜 망할까? 50대 주식 실패의 숨은 원인과 노후자금 지키는 법 #투자 #중년 #주식 #재테크 #퇴직 #은퇴,실버 모먼트,UCYqbNAZbVoYLi_jLGbbHzNA,2026-05-16 20:00:00,long,330.0,25,2.0,1.0,663,1천 미만,146.03031204554398,0.17119733327833328,0.03770739064856712,2.272727272727273,11.0,same_format,False,True,True,True,0.08,0.04,토,20,70,11.256373586532256,,https://www.youtube.com/watch?v=47P-C325w44
K2nfxM3Q2TY,장후30초! #이민 #shorts #260730 #장중주식소식 #미리보기,이민 주챔TV,UC7vq18tJ0ePP4DWSSiS8yRg,2026-07-30 14:44:38,shorts,30.0,3173,57.0,,49800,1만~10만,71.2493166751736,44.533760435426224,0.063714859437751,2.2664285714285715,1400.0,same_format,False,False,True,True,0.017964071856287425,,목,14,40,15.686543031393317,"머니투데이, MTN, 주챔콜, 주식챔피언콜, 이데일리, 주챔쇼, 김현구멘토, 황소개구리김현구멘토, 멘토링, 강의, 동영상, 주식, stock, 증권, 황소개구리, 주식초보, 주식하는법, 주식차트, 주식챔피언, 한국경제tv, 서울경제tv, 경제, 경제방송, sbscnbc, 김현구, sctv, 챔피언, 강연회, 증권강연회, 주식공부, SC주식아카데미, 주식강의, 주챔종목, 주챔, 문현진, 문현진 멘토, 메뚜기전문가, 이데일리tv, 캔들, 거래량, 이평선, 수급, 시황, 외국인, 기관, 금리인상, 금리, 주식기초, 주식입문, 주식강좌, 주식부자, 주식방송, 주식고수, 주식실패, 주식단타, 주식용어, 주식전문가, 주식이란, 황민혁, 경제지, 김선규, 원달러, 환율, 외환, 김두호, 역발상투자, 주식스쿨, 주식챔피언주식스쿨",https://www.youtube.com/watch?v=K2nfxM3Q2TY
2kDIbVwxQYI,[짧은 리포트 비방부부] 20년 이상 지속된 선물 투자 투자로 잃은 금액은 5억?ㅣ오은영리포트  결혼지옥,오은영리포트 결혼지옥,UCXIgINn0-8z51wfIOQPnbtA,2025-11-25 13:22:40,long,1014.0,369415,1254.0,,269000,10만~100만,318.3062379714699,1160.5647515871524,1.3732899628252788,2.254516937179405,163855.5,same_format,False,False,True,True,0.0033945562578671686,,화,13,58,14.684223637229753,"오은영리포트, 오은영, MBC, 상담, 부부, 고민, 시사, 교양, 예능, 방송, 육아, 결혼, 이혼, 부부싸움, 부부갈등, 가족갈등, 가족, 웨딩",https://www.youtube.com/watch?v=2kDIbVwxQYI
IbKt7z14sk4,하이닉스에 평생모은 전재산 물린 투자자의 사연 [주식사연],마르지 않는 투자,UCR4R3u3RFdjLlCWlOeg8I8A,2026-08-18 14:00:20,long,446.0,29678,571.0,226.0,19600,1만~10만,52.280080564062494,567.6731879483897,1.5141836734693876,2.2536259397068874,13169.0,same_format,False,False,True,True,0.019239840959633398,0.0076150684008356355,화,14,32,2.6295162855230347,"#주식투자, #주식공부, #주식기초, #주식초보, #경제적자유",https://www.youtube.com/watch?v=IbKt7z14sk4
w3XnDONWFms,삼성전자 지금 팔아야 할까? 50대라면 이것부터 보세요 #노후준비 #재테크문,자산지킴이 재테크문,UC0t119arYLC0bxyzti57HxA,2026-07-20 22:00:33,shorts,23.0,2271,18.0,0.0,179,1천 미만,80.9465967677662,28.055534027149324,12.687150837988828,2.228655544651619,1019.0,same_format,False,True,True,True,0.007926023778071334,0.0,월,22,42,8.139517356767104,"삼성전자, 삼성전자주가, 삼성전자매도, 삼성전자지금팔아야할까, 삼성전자전망, 삼성전자투자, 50대재테크, 50대주식투자, 노후재테크, 노후준비, 은퇴준비, 주식투자, 분할매도, 자산배분, 현금비중, ETF투자, 노후자산, 재테크문",https://www.youtube.com/watch?v=w3XnDONWFms
hFAw-h5DsVA,사기 피해자 민사소송 주의사항 #변호사 #배상명령신청,변호사 김주형TV,UCnfjDYNUQA3Q0LiIGMZEjRg,2024-11-08 07:30:08,shorts,49.0,5660,70.0,6.0,21100,1만~10만,700.5510527862847,8.07935407061144,0.2682464454976303,2.218737749901999,2551.0,same_format,False,False,True,False,0.012367491166077738,0.0010600706713780918,금,7,29,0.9687080705010613,"민사소송, 변호사, 사기, 사기 피해, 배상명령신청, 배상명령신청 각하, 사기 피해 손해배상, 손해배상청구소송, 손해배상 전문 변호사, 사기 손해배상 소송, 화해권고결정, 사기 피해자 민사소송 주의 사항, 조정, 민사 조정, 처벌불원서, 사기 피해 전문 변호사, 사기 피해 소송 전문, 사기 피해자 소송 전문, 사기 피해 합의, 사기 피해 합의 전문, 사기 고소 전문, 보이스피싱 합의, 보이스피싱 피해자, 보이스피싱 피해자 민사소송, 사기 피해 민사 소송 전문, 사기 피해 민사소송 전문 변호사, 민사소송 전문 변호사, 민사전문 변호사, 손해배상(기), 손해배상 소송, 소송 상담, 민사소송 상담, 민사 전문, 민사 변호사, 변호사 소송, 변호사 비용, 변호사 수임료, 변호사 선임료, 민사소송 주의 사항, 피해자 민사소송, 피해 소송, 위자료, 사기 피해 소송, 사기 피해 소송 변호사, 서초 변호사, 강남 변호사, 송파 변호사, 잠실, 구의",https://www.youtube.com/watch?v=hFAw-h5DsVA
CldBVerJw_s,조기은퇴 만들어 준 배당주 투자 전략 대공개!,싱글파이어,UC5CyCSvCdoEP-VgQmFq3iww,2023-08-21 18:01:06,shorts,54.0,250995,2086.0,56.0,513000,10만~100만,1145.1128814899885,219.18799801938513,0.48926900584795324,2.2039337928612195,113885.0,same_format,False,False,True,False,0.008310922528337218,0.00022311201418354946,월,18,25,3.301896526817591,"배당주, 황금별, 코카콜라 배당, 알트리아 배당, 월배당ETF, 월배당률, 투자, 주식",https://www.youtube.com/watch?v=CldBVerJw_s
TSbbB8CnC68,주식투자 실패하는 결정적인 이유,차트영웅,UChoDn1sBZIDdgUsqtFfCyuw,2024-02-19 16:00:15,shorts,40.0,102982,769.0,23.0,186000,10만~100만,963.1968051010996,106.91688287856265,0.5536666666666666,2.195825070897034,46899.0,same_format,False,False,True,False,0.007467324386786041,0.00022334000116525218,월,16,17,2.047405424798372,"주식 차트영웅, 차트영웅 주식투자, 차트영웅 김동환, 차트영웅 주식, 주식투자 실패, 주식투자 실패하는 이유, 주식 실패, 주식 실패하는 이유, 주식투자 실패하는이유, 주식에서 실패하는 이유, 주식투자 실패하는 결정적인 이유, 주식으로 성공하는 방법, 주식으로 성공하는 습관, 주식투자로 성공하는 습관, 주식으로 실패하지 않는방법, 주식으로 실패하는 이유",https://www.youtube.com/watch?v=TSbbB8CnC68
Bwt7eME-8TM,"고수익 보장?"" 주식 리딩방의 실체! 투자 사기 피하는 법 공개!",법무법인 KB,UCXtIrFDiYtGxMq1S1h73Msg,2025-02-12 13:00:12,shorts,75.0,337,2.0,0.0,126,1천 미만,604.3218398233217,0.5576498775859642,2.6746031746031744,2.188311688311688,154.0,same_format,False,True,True,False,0.005934718100890208,0.0,수,13,36,0.42781526452376956,,https://www.youtube.com/watch?v=Bwt7eME-8TM
t0MYGkH3ElQ,테마주 투자 함부로했다가 패가망신합니다.,HAYE TV,UCKhJcRMVvU4M7uIAPEkW7mQ,2020-09-29 18:15:01,long,637.0,775,40.0,9.0,15700,1만~10만,2201.1032171381366,0.352096164307847,0.04936305732484077,2.1527777777777777,360.0,same_format,False,False,True,False,0.05161290322580645,0.011612903225806452,화,18,22,0.5969138959403401,"테마주, 경협주, 이낙연 테마주, 문재인 테마주, 이재명 테마주, 대북테마주, 남북경협주, 주린이, 주식투자",https://www.youtube.com/watch?v=t0MYGkH3ElQ
O4Ouq-5hI6M,레버리지 투자 이 좋은 걸 왜 안하시나요?,최장투,UCdbFLudm5qEpQHpBeNiTd7g,2026-04-27 16:14:26,long,475.0,11887,301.0,62.0,17300,1만~10만,165.18695556406252,71.9608879491093,0.6871098265895954,2.148770788141721,5532.0,same_format,False,False,True,True,0.025321780095903086,0.005215781946664423,월,16,23,1.2960974480124126,"최장투, 미국주식, 장투, 장기투자, 레버리지, ETF, QQQ, QLD, TQQQ, SOXL, SSO, USD, SCHD, VOO, SPY, SPYM, IVV, JEPQ, JEPI, TLT, BND, 배당, 배당금, 배당주, 성장주, 레버리지투자",https://www.youtube.com/watch?v=O4Ouq-5hI6M
9wxJbTh-Ogo,"[주식실패담] 어떤 사람의 주식실패사연을 통해 배워보는 투자방법 교훈, 하락장에서의 물타기는 금지입니다.",용의꼬리올라타다 Message,UCvS5hW5HVgvQD5sMKLaBJbA,2022-07-14 20:53:57,long,332.0,3943,119.0,2.0,68800,1만~10만,1547.9928467677662,2.5471693930841135,0.057311046511627904,2.144100054377379,1839.0,same_format,False,False,True,False,0.03018006593963987,0.000507227998985544,목,20,58,1.2082882339616818,"개천에서 용재난다, 차트영웅, 주식상담소, 전업투자자, 20대빚투, 30대주식우울증, 40대주식이혼, 50대 주식, 주식 성공 사례",https://www.youtube.com/watch?v=9wxJbTh-Ogo
xJDJwkzInnM,남편의 주식 코인 탕진 이혼시 위자료 얼마?#법무법인승원,이상한 변호사 한승미 (법무법인 승원),UCjFHAJjlhSpAWNmI75RXAVw,2025-08-29 17:30:39,shorts,46.0,4690,23.0,5.0,17500,1만~10만,406.1340273233218,11.547911980953787,0.268,2.1347291761492944,2197.0,same_format,False,False,True,False,0.004904051172707889,0.0010660980810234541,금,17,31,3.123613276843862,"주식중독이혼, 이혼위자료, 이혼재산분할",https://www.youtube.com/watch?v=xJDJwkzInnM
Gnla3EIW1JY,투자사기 대신증권 (사칭) / 네이버밴드 주식 리딩방 사기,법률 119,UCVB2aja0Wrgz0ykvBfVifcQ,2025-10-16 13:15:00,shorts,36.0,705,3.0,1.0,2220,1천~1만,358.311562045544,1.9675614037550633,0.31756756756756754,2.1107784431137726,334.0,same_format,False,True,True,True,0.00425531914893617,0.0014184397163120568,목,13,32,1.786643035397806,,https://www.youtube.com/watch?v=Gnla3EIW1JY
SeTsbXiofWc,기사화가 절실한 법원의 극단적 봐주기 판결,김경남 변호사 (법무법인 대서양),UCQTtaf_xMvDMHeeDx_zaesg,2026-01-02 16:52:37,shorts,176.0,2439,23.0,9.0,13000,1만~10만,280.1604393603588,8.70572592464711,0.18761538461538463,2.086398631308811,1169.0,same_format,False,False,True,True,0.00943009430094301,0.0036900369003690036,금,16,23,2.0113730374646166,"변호사, 형사변호사, 형사고소 변호사, 사기사건 변호사, 사기죄 변호사, 리딩방사기, 보이스피싱 변호사, 보이스피싱 사기, 리딩방 변호사, 리딩방 고소, 리딩방 돈 찾기, 스캠코인, 스캔코인 고소, 코인사기, 기사",https://www.youtube.com/watch?v=SeTsbXiofWc
Y-2zRnXQaZU,"주식 리딩방 사기, 피해자가 끝까지 포기하지 않아 가능했던 피해금 회수 사례",쉴드119,UCnqbfWD6MuL0mVbWx2-v9jA,2024-12-04 18:32:36,long,137.0,212,0.0,4.0,245,1천 미만,674.0910064899884,0.314497594477473,0.8653061224489796,2.0682926829268293,102.5,same_format,False,True,True,False,0.0,0.018867924528301886,수,18,42,4.781164488659676,,https://www.youtube.com/watch?v=Y-2zRnXQaZU
aJ2QbBY7t8w,주식 천재 복덩이의 8개월 동안의 행방! :: 주식 사기 EP.02 | Y드라이브,궁금한 Y,UCkdZR7sBajCG_-oiZt6kj6A,2025-03-18 18:00:01,long,865.0,278105,2399.0,435.0,504000,10만~100만,570.1136338048033,487.80626090976483,0.5517956349206349,2.0626114817383177,134831.5,same_format,False,False,True,False,0.008626238291292858,0.0015641574225562288,화,18,45,10.606001088658314,"SBS, sbs, 교양, 시사, 다큐, 궁금한이야기Y, 궁금한Y, 궁금한y, 궁금한, 이야기, why, 와이, 휴먼, 사건사고, 이슈, 사건, 사고, 뉴스, 큐브, 스토리, story, 충격실화, 실화, 그알, 그것이알고싶다, YStory, 김석훈, 궁금하뇨, 쓰저씨, 주식사기, 주식, 비트코인, 주식투자, 투자사기, 사기, 매도, 매각, 주식매각, 주식매도, 가스라이팅, 주식시장, 경제, 증권, 복덩이, 신림복덩이",https://www.youtube.com/watch?v=aJ2QbBY7t8w
mw_gbosQv94,"[#주식실패사연 #3] 4억을 날리고, 이제 주식에 귀막고 살겠습니다. | 위믹스에 상장폐지 -3억, 제 인생이 끝났습니다 | 상폐주식의 작전에 10억을 잃었습니다.",코인챗,UCm8VqlpN2vff3ijhWOyrtdw,2025-08-30 12:01:04,long,5919.0,5408,80.0,3.0,21400,1만~10만,405.36290463813657,13.341131953915882,0.25271028037383175,2.0625476735316552,2622.0,same_format,False,False,True,False,0.014792899408284023,0.0005547337278106509,토,12,92,1.0835910982991275,,https://www.youtube.com/watch?v=mw_gbosQv94
RIY1sImlca4,주식실패사연ㅣ주식 그 뼈저린 후회ㅣ주식투자도 하나의 사업ㅣ실화사연 주식실패담,미라클miracle,UCskhvdwQ9V0VQbUy60QWVBA,2022-08-11 11:15:00,long,649.0,2658,78.0,0.0,22700,1만~10만,1520.3948953788774,1.7482300210812238,0.11709251101321586,2.0604651162790697,1290.0,same_format,False,False,True,False,0.029345372460496615,0.0,목,11,42,7.000011342610971,"사연, 실화, 실화사연, 주식실패, 주식실패사연, 주식실패담",https://www.youtube.com/watch?v=RIY1sImlca4
HeDHefQgfcQ,하이닉스 300에도 안팔았는데 170에 전액 손절한 투자자의 사연. [주식사연],마르지 않는 투자,UCR4R3u3RFdjLlCWlOeg8I8A,2026-08-21 14:00:22,long,561.0,26952,428.0,88.0,19600,1만~10만,49.28005741591435,546.9149472073506,1.3751020408163266,2.0466246487964157,13169.0,same_format,False,False,True,True,0.015880083110715346,0.003265063817156426,금,14,44,2.6295162855230347,"#주식투자, #주식공부, #주식기초, #주식초보, #경제적자유",https://www.youtube.com/watch?v=HeDHefQgfcQ
s9xzey_UKMA,"주식투자 2억 잃고, 투신한 40대 아빠 뉴스 보고, 다들 제발 정신 차려라.",유튜브가 낳은 의대교수였던 - 유나으리,UCWstEH0k34aMAMPb5cJ9okw,2025-12-13 10:10:28,long,1094.0,327551,7696.0,1717.0,199000,10만~100만,300.4397101936921,1090.2387030956372,1.6459849246231155,2.044535853390592,160208.0,same_format,False,False,True,True,0.023495577787886468,0.0052419317907745665,토,10,43,17.600295200718445,,https://www.youtube.com/watch?v=s9xzey_UKMA
fwnvHWMjOZs,퇴직하고 주식하다 손실만 -4억. 제발 말 좀 들으세요,[주식] 더트레이딩tv,UCpqBzzbWNN7ImX40JUrXEfw,2026-03-27 18:15:00,long,1611.0,159474,2501.0,321.0,149000,10만~100만,196.10322871221067,813.2145556564725,1.0702953020134227,2.039413780756049,78196.0,same_format,False,False,True,True,0.015682807228764563,0.002012867301252869,금,18,30,2.9888144804108117,"wntlr, 주식, WNTLR, 테마",https://www.youtube.com/watch?v=fwnvHWMjOZs
D9fwG6i8rb4,주식 손실 후 이혼 가는 사람의 공통점 💸,경제알라미,UCFOudJtaX4zfChEb27I-19g,2026-05-09 18:42:51,shorts,57.0,1293,2.0,0.0,71,1천 미만,153.08388843443288,8.446349339720378,18.211267605633804,2.0124513618677042,642.5,same_format,False,True,True,True,0.0015467904098994587,0.0,토,18,23,3.0923944889112502,"Shorts, 경제심리, 부부갈등, 소통, 숏츠, 심리학, 알고리즘, 유튜브쇼츠, 이혼원인, 주식심리, 추천, 투자실패",https://www.youtube.com/watch?v=D9fwG6i8rb4
4ztxyaOSFJA,"노후사연 남편 몰래 대출받아 주식 투자한 아내 , 60대 아버지가 노후자금까지 털어 준 사연ㅣ인생반전ㅣ부모자식ㅣ실화감동ㅣ노년ㅣ가족이야기ㅣ오디오북ㅣ",노년의 한마디,UC6PipVCHqg07p_0W-AgQD1g,2026-08-22 16:15:04,long,4682.0,139,2.0,0.0,18,1천 미만,48.18651574924769,2.884624419066243,7.722222222222222,2.0,69.5,same_format,False,True,True,True,0.014388489208633094,0.0,토,16,81,11.610495519362344,"드라마, 반전드라마, 가족드라마, 한국드라마, 아침드라마, 막장드라마, 60대주인공, 감성드라마, 가족갈등, 감동이야기, 사이다복수",https://www.youtube.com/watch?v=4ztxyaOSFJA
69lNxy-DV5w,상한가 17방 역대급 작전주 4가지 (1편),1분주식,UCI9oLnJOXVgcvtvsmzl04gQ,2024-07-22 16:27:42,shorts,8.0,286056,1235.0,91.0,291000,10만~100만,809.1777426010995,353.5144195643269,0.9830103092783505,1.963429701013096,145692.0,same_format,False,False,True,False,0.004317336465587158,0.00031811952904326423,월,16,24,0.4617499700870307,,https://www.youtube.com/watch?v=69lNxy-DV5w
MyOS-SEnKV8,주식실패사연｜남편의 몰래한 주식투자가 두번째 이혼 사유로 될까요｜오늘도 영끌 합니다,용의꼬리올라타다 Message,UCvS5hW5HVgvQD5sMKLaBJbA,2023-02-28 20:30:06,long,368.0,3557,80.0,9.0,68800,1만~10만,1319.0094092677664,2.696720717083155,0.05170058139534884,1.9342033713974986,1839.0,same_format,False,False,True,False,0.022490863086870958,0.002530222097272983,화,20,46,1.2082882339616818,"주식투자, 사연읽어주는, 신청사연, 투자실패사연, 퇴근길라디오, 주식방송, 주식왕용느",https://www.youtube.com/watch?v=MyOS-SEnKV8
j0KaK6FIVO0,주식도 이혼할 때 재산분할을 할 수 있는가요?,윤변 TV,UCiPbinLOsz4UR2RfNYMHdgA,2021-05-05 07:51:03,long,113.0,81,0.0,0.0,46,1천 미만,1983.5365273233217,0.04083615243995796,1.7608695652173914,1.9285714285714286,42.0,all_formats,False,True,True,False,0.0,0.0,수,7,25,0.1450301108936006,"이혼전문변호사, 성남이혼전문변호사",https://www.youtube.com/watch?v=j0KaK6FIVO0
H09pTO3ntaw,"""퇴직금을 모두 투자했다가 빚까지 진 70대 남성"" 잃은 돈을 되찾으려던 집착이 만든 돌이킬 수 없는 추락",보이소,UC1VUj4hBkJ9rNlJGGV4RoRg,2026-08-30 11:45:31,long,7384.0,3872,54.0,0.0,5070,1천~1만,40.37370324924769,95.9040090054694,0.7637080867850099,1.9041062208015735,2033.5,same_format,False,True,True,True,0.013946280991735538,0.0,일,11,59,19.44416938546394,,https://www.youtube.com/watch?v=H09pTO3ntaw
4O3mlv16Rpo,"[주식실패사연] 50세, 건축가의 길을 걷던 제게 임금체불 문제가 생겼습니다",용의꼬리올라타다 Message,UCvS5hW5HVgvQD5sMKLaBJbA,2023-01-17 18:00:03,long,592.0,3498,75.0,3.0,68800,1만~10만,1361.1136106566553,2.5699544642070147,0.050843023255813954,1.902120717781403,1839.0,same_format,False,False,True,False,0.02144082332761578,0.0008576329331046312,화,18,42,1.2082882339616818,"퇴근길 라디오, 사연읽어주는, 실제제보, 신청사연, 주식 빚투, 투자실패사연, 경제 뉴스, 삼프로, 사업실패, 고용노동부, 일용직",https://www.youtube.com/watch?v=4O3mlv16Rpo
nkLBGy9UQDo,"아내 몰래 주식투자로 퇴직금 날린 남편, 은퇴 2년 만에 예상 못한 반전",무궁화 빛나는,UCXG5TJDFFkmUrAGCCTJb64w,2026-01-08 14:00:57,long,811.0,32,0.0,0.0,934,1천 미만,274.2796523233218,0.11666924516251863,0.034261241970021415,1.8823529411764706,17.0,same_format,False,True,True,True,0.0,0.0,목,14,40,6.187787059913085,"사이다, 사연, 사이다 사연, 사이다사연, 라디오, 라디오 드라마, 드라마, 라디오드라마, 네이트, 네이트판, 판썰, 네이트썰, 미즈넷, 실화, 실화사연, 실화 사연, 네이트 사연, 남편, 상간녀, 조강지처, 통쾌, 통쾌한, 사연 읽어주는, 사연읽어주는, 사연읽어주는여자, 사연읽어주는남자, 사연 읽는, 명품백, 선물, 사연라디오, 사연 라디오, 네이트판 사이다, 사이다썰, 고부, 고부갈등, 시어머니, 친정, 시누이, 시동생, 시아버지, 사돈, 동서, 썰맨, 세상만사, 김치, 부추김치, 열무김치, 김장, 운전, 드라이브, 사연드라마, 드라마라디오, 충격실화, 시댁, 웃긴사연, 드라마 사이다, 시댁 사이다, 시댁사이다, 드라마사이다, 식당, 톡썰라디오, 썰남, 칠썰사이다, 사연모아, 썰언니, 레전드, 레전드사연, 레전드사연읽어주는채널, 사연읽어주는부부, 읽어주는 사연, 읽어주는, 대박웃긴사연, 대박, 김치담구는법, 트로트, 임영웅, 아파트, 아파트시세, 제철과일, 제철음식, 여행, 등산, 냉면, 여름음식, 과일, 대리효도",https://www.youtube.com/watch?v=nkLBGy9UQDo
DSDUvGS-8Yg,전 재산 주식 몰빵했다가 -25% 폭락 맞은 40대 여성의 눈물 (feat. 전업투자자 20년 노하우),달그닥TV,UCuAEegkcpCTs64hd0VwwVOA,2026-07-29 16:27:36,long,806.0,14421,353.0,53.0,257000,10만~100만,72.17781204554397,199.79824258042615,0.05611284046692607,1.863298662704309,7739.5,same_format,False,False,True,True,0.024478191526246446,0.0036751958948755287,수,16,57,3.632556353874415,"전원생활, 전원주택, 귀농귀촌, 귀농사례, 귀촌, 귀농, 시골 주택, 시골집 구하기, 시골 빈집, 시골빈집, 촌집, 달그닥, 달그닥tv, 달그락, 달그락tv, 주택, 귀농현실, 인터뷰, 귀농귀촌 인터뷰, 농사, 귀농의현실, 청년농부, 귀촌부부, 원주민, 텃세, 시골, 시골 텃세, 농촌 텃세, 농촌, 시골살이, 시골라이프, 농촌라이프, 귀촌 지역, 시골 생활, 귀농귀촌토지, 시골텃새, 귀농귀촌지, 귀촌준비, 귀촌현실, 시골생활, 노후준비, 달그닥TV, 귀촌정보, 시골이사, 농막, 시골정착, 귀농 부부, 시골 부부 브이로그, 주식 투자, 노후 준비, 귀농 현실, 시골 생활비, 자산 관리, 재테크 노하우, 미국 주식, 은퇴 준비, 귀촌 재테크, 부부 토크, 현실 조언, 주식투자를 잘한다는 것, 육과장, 주식 폭락, 계좌 마이너스 25%, 주식 몰빵, 40대 주식, 주식 초보 탈출, 네이버 주가, 전업투자자 노하우, 주식 계좌 복구, 폭락장 대응, 주식 상식, 주식 공부, 주식 위기",https://www.youtube.com/watch?v=DSDUvGS-8Yg
kFZTtmqVirc,코인투자로 10억이 80만 원 되는 데 딱 3일 걸렸습니다! 전재산 날린 60대 가장의 피눈물,은빛시나리오,UCowMNQXcxSJJ7Kyc41Q4Pzw,2026-02-24 07:00:44,long,3309.0,59736,1225.0,282.0,28800,1만~10만,227.5714694529514,262.4933615079106,2.0741666666666667,1.8515901060070672,32262.0,same_format,False,False,True,True,0.020506897013526183,0.00472077139413419,화,7,52,1.5086203133430331,"코인투자, 루나코인, 비트코인, 코인, 코인전망, 비트코인가격, 알트코인, 은퇴후투자, 노후자금사연, 노후자금, 은빛시나리오, 퇴직금투자, 루나피해자, 오디오북, 권도형, 도권, 암호화폐, 가상화폐",https://www.youtube.com/watch?v=kFZTtmqVirc
xcbgPUIkz6c,주식성공사연｜개인 트레이더가 전하는 개미가 90% 실패하는 현실｜이 실수만 피하면 돈 벌 수 있습니다,용의꼬리올라타다 Message,UCvS5hW5HVgvQD5sMKLaBJbA,2025-10-30 17:01:10,long,1173.0,3390,115.0,0.0,68800,1만~10만,344.1545018603588,9.850227097640866,0.04927325581395349,1.8433931484502446,1839.0,same_format,False,False,True,True,0.03392330383480826,0.0,목,17,56,1.2082882339616818,"투자실패사연, 주식고수, 매매기법, 주식 성공, 스윙투자자, 주식잘하는법, 주식공부, 주식망한사람, 주식경험담",https://www.youtube.com/watch?v=xcbgPUIkz6c
dlLI94w0_dk,"주식으로 전재산 날린 30살, 멘탈복구 방법",인생투자썰,UC8SGqzmP5XlDrPJujLwPzhQ,2026-03-19 00:09:04,long,451.0,536,13.0,17.0,762,1천 미만,204.85734908258104,2.616454827714921,0.7034120734908137,1.8419243986254294,291.0,same_format,False,True,True,True,0.024253731343283583,0.03171641791044776,목,0,24,4.654244574088139,,https://www.youtube.com/watch?v=dlLI94w0_dk
qZkWdi3ruXQ,"주식 200만원으로 7억 찍고, 17억 날리고..| 개미들이 주식 시장에서 실패하는 이유 |주식 투자 실패 인생 복구 할 수 있을까?",코인챗,UCm8VqlpN2vff3ijhWOyrtdw,2025-06-17 20:01:23,long,790.0,4820,35.0,4.0,21400,1만~10만,479.0293513973958,10.06201391613976,0.2252336448598131,1.8382913806254768,2622.0,same_format,False,False,True,False,0.007261410788381743,0.0008298755186721991,화,20,74,1.0835910982991275,,https://www.youtube.com/watch?v=qZkWdi3ruXQ
J4VJd9Y4ito,퇴직하고 돈 걱정 끝. 적금 말고 든든한 배당 ETF 모으는 이유 (신성호 연구위원 2부),머니인사이드,UCxfko2YOD6DODYRGzeOPhIQ,2025-01-12 17:00:19,long,830.0,228650,2874.0,77.0,2160000,100만+,635.1550921381366,359.99081614899825,0.10585648148148148,1.829609832602503,124972.0,same_format,False,False,True,False,0.012569429258692325,0.00033675923901158977,일,17,50,12.82454169439168,"머니인사이드, 뉴스, 경제, 시사, 부동산, 주식, 주가, 노후, 투자, 재테크, 물가, 집값, 집값이알고싶다",https://www.youtube.com/watch?v=J4VJd9Y4ito
uqwmtFkX8Zk,주식실패사연ㅣ원칙없는 매매로 7600만원 손실ㅣ성공적인 주식투자를 위한 방법ㅣ실화사연 주식실패담,미라클miracle,UCskhvdwQ9V0VQbUy60QWVBA,2022-08-08 15:00:15,long,574.0,2359,57.0,0.0,22700,1만~10만,1523.2384717677662,1.5486741201213925,0.10392070484581498,1.8286821705426357,1290.0,same_format,False,False,True,False,0.024162780839338704,0.0,월,15,53,7.000011342610971,"사연, 실화, 실화사연, 주식실패, 주식실패사연, 주식실패담",https://www.youtube.com/watch?v=uqwmtFkX8Zk
W55Ph81aRAI,"[#주식실패사연 #4] SOXL 주식 실패로  -2억 고시원에 삽니다 | 10억도 벌고, 결국 남은건 -10억 빚, 파생 인생 | 33살, 주식 실패로 빚만 -7천 인생 리셋",코인챗,UCm8VqlpN2vff3ijhWOyrtdw,2025-11-10 12:00:38,long,5824.0,4790,52.0,3.0,21400,1만~10만,333.3632055640625,14.36871232353057,0.22383177570093457,1.8268497330282227,2622.0,same_format,False,False,True,True,0.010855949895615866,0.0006263048016701461,월,12,97,1.0835910982991275,,https://www.youtube.com/watch?v=W55Ph81aRAI
mA2m_Tm-_nY,#FX마진거래사기 #자동매매프로그램 사기 피해자 고소대리 성공사례 공유드립니다. #투자사기 #투자사기형사고소 #투자사기피해 #주식사기 #코인사기 #피해자고소대리 #투자사기변호사,알법한 변호사 AL LAWYER,UCL8ACCJ895Lghs6Hk6olymQ,2025-12-04 18:13:48,shorts,65.0,1001,2.0,1.0,8450,1천~1만,309.10406204554397,3.2383916062950697,0.11846153846153847,1.818346957311535,550.5,same_format,False,True,True,True,0.001998001998001998,0.000999000999000999,목,18,98,7.142855455674732,,https://www.youtube.com/watch?v=mA2m_Tm-_nY
miic8yqQQ4c,90%가 모른다! 하락장 생존법 #투자전략 #주식폭락 #하락장 #손실관리 #제시리버모어#주식투자 #주식공부 #투자마인드 #경제위기 #주식기초 #금융위기 #투자심리 #etf #재테크,거장의 기록,UCK_3K2-ypzTDY9tB84RLvtw,2025-03-12 11:40:03,shorts,38.0,76714,937.0,19.0,26800,1만~10만,576.377499545544,133.0967986440946,2.8624626865671643,1.8110436979154372,42359.0,same_format,False,False,True,False,0.012214198190682275,0.0002476731756915296,수,11,100,12.552004273658598,,https://www.youtube.com/watch?v=miic8yqQQ4c
UzVtLYMI85w,2~3월 상장폐지 시즌 ...상폐 조건 및 관련 주의해야할 종목들 감사보고서 팁등,심플 관심종목 TV,UChQIBrXk5QMyJjF3Hl_5-kQ,2021-02-03 19:42:52,long,1333.0,23686,831.0,70.0,206000,10만~100만,2074.042210193692,11.420211162331164,0.11498058252427185,1.796503469983693,13184.5,same_format,False,False,True,False,0.03508401587435616,0.002955332263784514,수,19,45,15.296908749690166,"주식, 대북, 진단킷트, 씨젠, 진단, 삼성전자, EDGC, 진단키트, 코로나, 치료제, 반도체, 삼성, 셀트리온, 창원개미, 주식단테, 박호두, 5g, 신풍제약, 카카오, 2차전지, 유니온, 빅히트, 빅텍, 현대차, 테슬라, 모더나, 이재명, 신일제약, 신풍제약우, 제넥신, LG화학, 바이넥스, 넷마블, 그린뉴딜, 시윤주식, 휴머니젠, 크래프톤, 오성첨단소재, KEC, 수소, KMH, 남성, 삼성전자우, 화이자, 엔투텍, 태경케미컬, 박셀바이오, 앤투텍, 위지트, FDA, 비덴트, kec, 아주ib투자, 대웅, 현대바이오, 화신정공, 네패스, lg전자, 삼성제약, lg화학, 동방, 키움증권, 필룩스, 한국파마, 씨아이에스, 엘앤에프, 라닉스, LG전자, 한농화성, 기아차, 디피씨, 셀트리온헬스케어, lg전자우, 셀리버리, sk, 로보스타, sfa반도체, 텔레칩스, 인터파크, 아이에이, 시그네틱스, 러셀, 세운메디칼, 대성엘텍, SFA반도체, 신라섬유, 시스웍, NAVER, 녹십자랩셀, 프로텍, SK이노베이션, 카카오게임즈, 한국비엔씨, 삼화네트웍스, 포인트모바일, 솔루엠, 아남전자, 알로이스, 구영테크, 아진산업, 만도, 와이제이엠게임즈, 엠씨넥스, 송원산업",https://www.youtube.com/watch?v=UzVtLYMI85w
zCNDJNLFW8s,"주식, 코인으로 돈 날린 배우자, 이혼 청구 가능할까",법선생TV,UCdznM-KGtEWTcw9-NspDGPA,2023-04-04 17:15:04,long,455.0,416,11.0,0.0,58100,1만~10만,1284.144849082581,0.3239509937661618,0.007160068846815835,1.793103448275862,232.0,same_format,False,False,True,False,0.026442307692307692,0.0,화,17,29,2.616330452918467,"상속전문, 상속전문변호사, 허윤규, 김도윤, 상속재산, 상속분쟁, 상속소송, 유언대용신탁, 유류분, 상속재산분할, 상속재산협의, 서울상속, 상속변호사, 유언, 상속, 증여, 유산상속, 유산, 재산협의, 재산분할, 부동산증여, 부동산, 부모님재산, 부동산상속, 주식, 코인, 돈잃다, 배우자, 배우자이혼, 가사전문, 가사사건, 가사상속, 이혼전문, 이혼사건, 이혼소송, 이혼",https://www.youtube.com/watch?v=zCNDJNLFW8s
f41uldrZdUI,지금 수익 중이신가요? 주식을 잘 사도 망할 수 있습니다...10억을 보고도 팔지 못한 퇴직자의 눈물!,은빛시나리오,UCowMNQXcxSJJ7Kyc41Q4Pzw,2026-06-19 07:00:08,long,2959.0,57826,2246.0,220.0,28800,1만~10만,112.57188611961806,513.6806532543527,2.0078472222222223,1.792387328745893,32262.0,same_format,False,False,True,True,0.03884065991076678,0.0038045169992736833,금,7,57,1.5086203133430331,"주식투자, 은퇴후삶, 오디오북, 퇴직금, 노후자금, 노후사연, 60대투자, 투자실패, 2차전지, 주식매도, 은빛시나리오",https://www.youtube.com/watch?v=f41uldrZdUI
7f5dN9ShaEs,장후30초! #문현진 #shorts #260812 #장중주식소식 #미리보기,문현진 주챔TV,UCeOowfLeJY_6-YbRGxFtXNA,2026-08-12 15:04:21,shorts,38.0,4971,116.0,,33300,1만~10만,58.23562454554398,85.36012172604693,0.14927927927927928,1.7836383207750268,2787.0,same_format,False,False,True,True,0.023335345001005835,,수,15,41,12.106697477891464,"문현진, 주챔tv, 문현진주챔tv, 주식챔피언, 주챔, 주식, 경제, 이데일리tv, 종목상담, 주챔쇼, 주식챔피언쇼, 증권, 종목, 종목추천, 한국경제TV, 주린이, 주식초보, 주식공부, 시황, 주식기초",https://www.youtube.com/watch?v=7f5dN9ShaEs
1W-I-wmDHlU,"월 30만원씩 25년 모으라는데, 왜 다 망할까",어른의금융수업,UClU6tzeYdQ902LLZta0Ymbg,2026-09-09 21:34:39,shorts,5.0,17793,32.0,0.0,12500,1만~10만,29.964582878877316,593.8010240931027,1.42344,1.7759257410919254,10019.0,same_format,False,False,True,True,0.0017984600685662902,0.0,수,21,26,22.047340539547417,"ETF투자, shorts, 금융공부, 나스닥, 노후준비, 복리효과, 은퇴준비, 자산관리, 장기투자, 재테크, 적립식투자, 주식초보, 주식투자, 투자마인드, 투자원칙",https://www.youtube.com/watch?v=1W-I-wmDHlU
FoeAZm3z_RU,젠슨황 믿고 LG전자에 신용 풀로 들어간 사연 [주식사연],마르지 않는 투자,UCR4R3u3RFdjLlCWlOeg8I8A,2026-07-21 14:00:04,long,361.0,23249,459.0,146.0,19600,1만~10만,80.28026574924768,289.5979451863968,1.186173469387755,1.765433973726175,13169.0,same_format,False,False,True,True,0.01974278463589832,0.006279839993117983,화,14,32,2.6295162855230347,"#주식투자, #주식공부, #주식기초, #주식초보, #경제적자유",https://www.youtube.com/watch?v=FoeAZm3z_RU
Z1ST9eDP2iU,주식 리딩방 실제 사기 수법 공개 한번 클릭으로 2억 증발,정용국,UCwwcYxDTCBw1e5zehstNtUQ,2024-06-12 18:45:02,long,1525.0,357126,4795.0,306.0,186000,10만~100만,849.0823722307292,420.6023015903041,1.9200322580645162,1.7592110480853778,203003.5,same_format,False,False,True,False,0.013426633737112392,0.0008568404428689034,수,18,32,0.7868111714072821,"삐딱한수다, B딱한수다, 레이싱모델윤지, 개그맨정용국, 용곱창, 개그맨정용국의용곱창, 헬로우필리핀, 비트코인, 해외선물, 주식정보, 나스닥, 코스닥, 코스피, 주가",https://www.youtube.com/watch?v=Z1ST9eDP2iU
g7NoVPLi35c,주식 손실을 복구하고 싶다면 멘탈 관리부터ㅣ주식 슬럼프 극복하기,회생오뚝이,UCEJn9QJP2k_0XN5HleqozkA,2023-11-19 21:30:19,long,599.0,2431,85.0,15.0,1880,1천~1만,1054.9675921381368,2.304336188254858,1.2930851063829787,1.7577729573391179,1383.0,same_format,False,True,True,False,0.03496503496503497,0.006170300287947347,일,21,35,0.8950709592453079,"주식공부, 주식기초, 주식강의, 주식 초보, 주식시작, 주식 추천, 주식 용어, 주식 공부, 주식 기초, 주식 강의, 주식 종목 발굴, 주식 종목 분석, 주식 종목 선정, 주식 종목 찾기, 주식 종목 고르는 법, 주식 종목 정리, 주식투자, 주식성공법, 주식노하우, 주식성공하는방법, 주식하는방법, 주식초보, 주식초보강의, 주식마인드, 투자마인드, 주식성공마인드, 주식마인드관리, 주식성공사례, 회생오뚝이, 주식 손실, 주식 멘탈",https://www.youtube.com/watch?v=g7NoVPLi35c
775_I8KwAuY,"[PD수첩.Zip] 청춘들이 주식에 영끌하는 이유, 당신의 주식은 안전합니까?",MBC PD수첩,UCawCv9kO2UXbTtsK4EammRQ,2026-01-16 17:30:09,long,3017.0,208504,2899.0,376.0,1200000,100만+,266.134374545544,783.4538486659053,0.17375333333333334,1.7521270919029752,119000.5,same_format,False,False,True,True,0.013903809998848942,0.0018033227180293903,금,17,43,9.422227983020049,"PD수첩, 시사교양, 시사, 고발, MBC, 뉴스, 이슈, 사회문제, 피디수첩, 경제, 정치",https://www.youtube.com/watch?v=775_I8KwAuY
-IxdVmY8TwA,자동매매로 10억 벌기 32일차,자동매매 십억원,UC7nFgjBLjC1tAWAROIJGaHA,2026-09-22 18:18:12,shorts,43.0,2211,10.0,0.0,229,1천 미만,17.101006489988425,129.29063568827968,9.655021834061136,1.7519809825673534,1262.0,same_format,False,True,True,True,0.004522840343735866,0.0,화,18,17,10.254702530544535,"프리컨트, 프리퀸트",https://www.youtube.com/watch?v=-IxdVmY8TwA
4COmUidzKEQ,'투자 실패자'들이 공통적으로 저지르는 치명적 실수 2가지,널러지,UCEivkDW2vwOF0-ijgnJUH1w,2026-01-01 00:00:09,shorts,72.0,2294,5.0,0.0,184,1천 미만,281.86354121221063,8.138690055954713,12.467391304347826,1.751145038167939,1310.0,same_format,False,True,True,True,0.002179598953792502,0.0,목,0,32,3.471085934514704,"투자손실원인, 개인투자자수익률, 주식손절타이밍, 평단가낮추기, 투자실수사례, 증권사리포트, 금융감독원통계",https://www.youtube.com/watch?v=4COmUidzKEQ
OSFDI0e6cGk,지금 내 주식만 망한 거 아니지…?,우정잉,UCW945UjEs6Jm3rVNvPEALdg,2025-04-23 18:00:36,long,825.0,1044114,8435.0,1161.0,918000,10만~100만,534.1132287122107,1954.8551578051,1.1373790849673202,1.7427736619538465,599110.5,same_format,False,False,True,False,0.008078619767573273,0.0011119475459576253,수,18,19,7.821259393464438,"우정잉, 트위치, 예능, 스트리머, 잉혐, 예민하네, 화났네, 잉토바이, 야랄, 무7련, 아프리카, 비제이, BJ, 인터넷방송, SOOP, 토크, 경제, 주식, 주식포트폴리오, 미국주식, 한국주식, 국장, 미장, 손절, 익절, 미국, 관세, 관세전쟁",https://www.youtube.com/watch?v=OSFDI0e6cGk
duISSW0WyCs,이번 작전 성공으로 무려 120억을 번 세력의 실체 ㄷㄷ,1분주식,UCI9oLnJOXVgcvtvsmzl04gQ,2023-06-13 13:31:29,shorts,60.0,253580,1886.0,65.0,291000,10만~100만,1214.3001152862848,208.82811160749637,0.8714089347079038,1.740521099305384,145692.0,same_format,False,False,True,False,0.0074374950705891636,0.0002563293635144728,화,13,31,0.4617499700870307,,https://www.youtube.com/watch?v=duISSW0WyCs
KIt8qKDyyzg,"[주식실패담] 60살에 주식투자 실패하면, 그래도 망해서 다행입니다｜새 생명을 얻고 해방된 기쁨",용의꼬리올라타다 Message,UCvS5hW5HVgvQD5sMKLaBJbA,2022-03-13 15:18:44,long,233.0,3184,78.0,12.0,68800,1만~10만,1671.225636119618,1.905188582071335,0.04627906976744186,1.7313757476889613,1839.0,same_format,False,False,True,False,0.024497487437185928,0.0037688442211055275,일,15,53,1.2082882339616818,"실화사연, 주식으로망한인생, 개천에서 용재난다, 차트영웅, 주식상담소, 전업투자자, 20대빚투, 30대주식우울증, 40대주식이혼, 50대 주식, 주식 성공 사례",https://www.youtube.com/watch?v=KIt8qKDyyzg
2qDbK4tOZFk,장기투자 해도 결국 실패하는 진짜 이유 3가지,마르지 않는 투자,UCR4R3u3RFdjLlCWlOeg8I8A,2026-05-29 13:30:11,long,591.0,22743,592.0,99.0,19600,1만~10만,133.3010180640625,170.61385074396094,1.1603571428571429,1.7270104032196827,13169.0,same_format,False,False,True,True,0.026029987248823813,0.004352987732489117,금,13,25,2.6295162855230347,"#주식투자, #주식공부, #주식기초, #주식초보, #경제적자유",https://www.youtube.com/watch?v=2qDbK4tOZFk
KkPX2Abrp0g,💢《주식》주식으로 망하는 이유ㅣ중독 같은 매매를 끊었더니 수익이 나기 시작했습니다ㅣ주식 투자가 가족과 인간 관계를 무너뜨리는 이유,미라클miracle,UCskhvdwQ9V0VQbUy60QWVBA,2026-01-30 18:45:03,long,1827.0,2214,53.0,2.0,22700,1만~10만,252.0823606566551,8.78284380641589,0.09753303964757709,1.716279069767442,1290.0,same_format,False,False,True,True,0.023938572719060525,0.0009033423667570009,금,18,72,7.000011342610971,"주식, 주식실패사연, 주식실패담, 주식투자, 실화사연, 주식전업투자, 전업투자",https://www.youtube.com/watch?v=KkPX2Abrp0g
669rHMRwD08,"""배당주와 주식에 전재산 투자했어요"" 40세에 조기은퇴한 파이어족의 종목 선정 비법? [싱글파이어]",싱글파이어,UC5CyCSvCdoEP-VgQmFq3iww,2024-03-27 18:00:07,long,668.0,221188,2216.0,178.0,513000,10만~100만,926.1135643603589,238.8346402773708,0.43116569200779725,1.7090712409210322,129420.0,same_format,False,False,True,False,0.010018626688608786,0.0008047452845543158,수,18,55,3.301896526817591,,https://www.youtube.com/watch?v=669rHMRwD08
dEE8sm6A5Dc,[노후자금사연] 주식투자로 70억 만든 전직 IT회사 부장이 15년간 지켜온 투자원칙 | 노후의지혜 | 노후자금 | 시니어사연 |,우리네 인생사연,UCC0umo0saQb7nKXGtuxr_mQ,2025-11-02 11:00:48,long,3421.0,22337,928.0,18.0,14300,1만~10만,341.4047564899884,65.42673930395291,1.562027972027972,1.7077217125382262,13080.0,same_format,False,False,True,True,0.04154541791646148,0.0008058378475175718,일,11,72,3.79833790059182,"사연라디오, 인생사연, 노후의지혜, 노후사연, 주식투자, 투자사연, 은퇴후투자, 노후준비, 노후자금, 투자원칙, 은퇴준비, 인생이야기, 오디오북, 라디오, 노년, 지혜, 투자경험, 투자교훈, 투자철학, 노후인생, 주식성공, 투자성공, 노후재테크",https://www.youtube.com/watch?v=dEE8sm6A5Dc
Zn0tZBnYlWY,[주식실패사연] 신랑에게 이혼당할까봐 무섭습니다. 좋은 방법이 있을까요?,용의꼬리올라타다 Message,UCvS5hW5HVgvQD5sMKLaBJbA,2022-02-21 14:55:49,long,288.0,3139,76.0,30.0,68800,1만~10만,1691.2415504714697,1.8560329239338618,0.045625,1.706905927134312,1839.0,same_format,False,False,True,False,0.024211532335138577,0.009557183816502071,월,14,40,1.2082882339616818,"주식공부, 실화사연",https://www.youtube.com/watch?v=Zn0tZBnYlWY
PL5rupEGw6I,[판결문 읽어주는 변호사] 코인 사기 - 개발 능력 속여 잡코인 팔아 먹어버린 사기꾼,빡친변호사 ANGRYLAWYER,UCv3K9-g6ZXMbZ36hjUsBXkA,2023-07-04 19:12:29,long,667.0,2547,198.0,,101000,10만~100만,1193.0633097307293,2.134840606719228,0.02521782178217822,1.7002670226969292,1498.0,same_format,False,False,True,False,0.07773851590106007,,화,19,47,2.0591541043966615,"변호사, lawyer, 빡친변호사, angrylawyer, 사기, 법률사무소, 형사재판, 코인, 법원, 사기꾼, 개발, 코딩, 판결문, 읽어주는, 남자, ASMR, 오디오북, 코인사기, 개발자",https://www.youtube.com/watch?v=PL5rupEGw6I
nel7I_oENUQ,주식실패사연ㅣ우량주 장기투자로 쫄딱 망했습니다ㅣ실화사연 주식실패담,미라클miracle,UCskhvdwQ9V0VQbUy60QWVBA,2022-09-03 11:00:20,long,214.0,2148,43.0,3.0,22700,1만~10만,1497.4050805640627,1.434481576081512,0.09462555066079295,1.6651162790697673,1290.0,same_format,False,False,True,False,0.020018621973929236,0.0013966480446927375,토,11,36,7.000011342610971,"사연, 실화, 실화사연, 주식실패, 주식실패사연, 주식실패담",https://www.youtube.com/watch?v=nel7I_oENUQ
DilSTlYODes,주식으로 4억 넘게 벌었던 50대 가장이 결국 원금까지 반토막 나는 진짜 이유!,은빛시나리오,UCowMNQXcxSJJ7Kyc41Q4Pzw,2026-08-26 07:00:23,long,2208.0,53718,1024.0,182.0,28800,1만~10만,44.57171250850695,1205.2038608511484,1.8652083333333334,1.6650548633066766,32262.0,same_format,False,False,True,True,0.019062511634833763,0.003388063591347407,수,7,44,1.5086203133430331,"투자사연, 투자실패, 주식사연, 레버리지, 시니어재테크, 시니어드라마, 은퇴사연, 노후사연, 노후자금, 은퇴자금, 오디오북, 은빛시나리오",https://www.youtube.com/watch?v=DilSTlYODes
Gk0yCsf9rbc,"""주식리딩방 사기당했어요"" 누구부터 고소해야 할까요?",법대로 하시죠 | 형사 조수진,UCVvJ4-fDV3O0Uqz7T3-LJOw,2026-06-25 19:30:00,shorts,29.0,3824,56.0,1.0,33300,1만~10만,106.05114537887732,36.058073548743046,0.11483483483483484,1.6554112554112554,2310.0,same_format,False,False,True,True,0.014644351464435146,0.0002615062761506276,목,19,29,4.069786064374218,"조수진변호사, 변호사, 법률, 사회, 정치, 이슈, 조수진, 시사, 알릴레오, 형사, 민사, 소송, 법률사무소, 재판, 형사조수진, 주식리딩방, 리딩방사기, 형사고소, 계좌제공책, 경찰, 고소",https://www.youtube.com/watch?v=Gk0yCsf9rbc
SN0sGAdpM_k,장기투자에서 실패하는 사람들의 공통점 | 단타보다 더 위험한 유형의 장기투자자들이 항상 실패하는 이유 (실제 사례 3개로 살펴보기),이교수 - 이 세대의 교양수업,UCq8rXcF5JI_s7256fRBlQhA,2026-05-02 21:45:07,long,903.0,5786,282.0,13.0,45700,1만~10만,159.9573143603588,36.17215019605197,0.12660831509846826,1.6446844798180784,3518.0,same_format,False,False,True,True,0.04873833390943657,0.002246802627030764,토,21,73,4.922741126816096,,https://www.youtube.com/watch?v=SN0sGAdpM_k
X0u49tTjjxs,벼락부자 꿈꿨는데 망한 주식 투자 썰 #shorts  #썰쇼츠 #유머 #각종유머 #썰,Lange,UCDgP8Z2JleUNR_OxZZhtjKw,2026-03-22 00:17:47,shorts,41.0,655,2.0,0.0,1050,1천~1만,201.85129584184028,3.244963066837195,0.6238095238095238,1.6253101736972704,403.0,same_format,False,True,True,True,0.0030534351145038168,0.0,일,0,47,7.2247343942511755,,https://www.youtube.com/watch?v=X0u49tTjjxs
O-5rXZCNzRc,"""생활비도 각자"" 선언한 남편.. 56세 아내가 꺼낸 20년 전 자격증, 2년 후 그녀의 선택은?",여든까지 인생극장,UCAuQHXrTZBSIkfOiJ-Jln-A,2025-12-23 11:00:34,long,2056.0,60,0.0,0.0,573,1천 미만,290.4049185270255,0.20660807091122432,0.10471204188481675,1.6216216216216217,37.0,same_format,False,True,True,True,0.0,0.0,화,11,54,5.650866167158004,"시니어오디오북, 실화사연, 50대여성추천, 중년여성추천, 전업주부창업, 각자도생, 복수성공담, 통쾌한반전, 감동실화, 인생역전, 56세여성, 제과기능사, 케이터링사업, 도장위조, 배신극복, 남편배신, 연매출10억, 런칭쇼, 자립성공, 주식손실, 법정승리, 재산분할, 정의구현, 통쾌한역전, 여성창업, 56세각자도생계약, 밥값15000원청구, 20년숨긴자격증, 전업주부도시락창업, 서문시장10평가게, 3개월600만원, 투자5천만원유치, 미경케이터링설립, 통장4800만원발각, 친정명의증여, 런칭쇼남편난입, CCTV주식손실폭로, 퇴직금1억5천손실, 대출5천만원추가, 빚3억연대책임회피, 2년연매출10억, 직원50명케이터링, 싱가포르지사, 말레이시아진출, 세탁비미지급, 장조림20만원, 시어머니반대극복, 대성식자재투자, 30년전업주부, 각자도생역이용",https://www.youtube.com/watch?v=O-5rXZCNzRc
znn6PuXg9gw,비상장주식 제이스페이스홀딩스 구매하시고 피해보셨다면? [피해회복 성공사례를 확인하세요!],법대로해tv,UCA2WKN4pW3-bBQKIqYgTbhw,2023-06-22 15:33:32,long,113.0,474,5.0,1.0,414,1천 미만,1205.2153583418403,0.3932907066933986,1.144927536231884,1.614991482112436,293.5,same_format,False,True,True,False,0.010548523206751054,0.002109704641350211,목,15,49,5.000933540669216,,https://www.youtube.com/watch?v=znn6PuXg9gw
S4gFOyDnTPY,절친이 주식 사라고 하면? 산다 VS 친구 손절...당신의 선택은 #주식 #shorts #주식투자,아시아경제 소종섭의 시사쇼,UCswHl6Hq9rNApoM4W7sDHpg,2023-07-28 15:00:10,shorts,41.0,3570,43.0,1.0,75000,1만~10만,1169.2385296381367,3.05326920855479,0.0476,1.6041339024938217,2225.5,same_format,False,False,True,False,0.012044817927170869,0.00028011204481792715,금,15,54,20.80933447289213,"주식, 주식전문방송, 아팟트, 주식정보, 코스피, 박승대, 개그맨박승대, 김용만, 지석진, 주린이, 주식투자, 주가, 주식강의, 차트공부, 상한가, 단타, 부동산, 주식초보, 코스닥, 매매, 매수, 매도, 주식공부, 월적립매수, 가치투자, 2023주식, 투자, 나스닥, 해외주식, 자사주매입, 세계1위주식, 세계1위시총, 길건우, 김호수, 재테크정보, 경제, 아시아경제팟캐스트, 웃찾사, 이경규",https://www.youtube.com/watch?v=S4gFOyDnTPY
cKkgNCmFxBs,주린이들이 주식 사기 전에 안보면 후회하는 것 (feat. 피터 린치) #shorts,타민더마켓,UCe1iO4VU_CjKbM3Tpx6WeLw,2022-12-01 13:27:52,shorts,43.0,9958,192.0,4.0,136000,10만~100만,1408.302626860359,7.0709234010307584,0.07322058823529412,1.596344982366143,6238.0,same_format,False,False,True,False,0.019280980116489255,0.0004016870857601928,목,13,47,0.4473934140671319,"피터린치, 피터린치주식, 피터리니치, 월가의 영웅, 피터리닟, 주린이, 종목추천, 주식추천, 주식초보",https://www.youtube.com/watch?v=cKkgNCmFxBs
oEpT25kVgkg,"재산 분할 시 주식, 코인 계산법! #변호사 #상간 #이혼",장호선 변호사,UCdxPihnDNSpvisAqsS7TnOA,2025-07-02 17:00:59,shorts,70.0,2182,22.0,3.0,1440,1천~1만,464.1546291751736,4.701019580215164,1.5152777777777777,1.5817325117796304,1379.5,same_format,False,True,True,False,0.01008249312557287,0.001374885426214482,수,17,32,2.466959346157878,,https://www.youtube.com/watch?v=oEpT25kVgkg
7qi9hIhNAUI,"Q&A | 주식 포트폴리오, 투자 실패 사례, 경제적 자유, 돈의 흐름 공부법 등 다 풀어봅니다",미키피디아,UCt9m3iBPn0e0z0B_t-Va7sw,2026-01-05 18:00:11,long,2171.0,303802,7311.0,575.0,377000,10만~100만,277.11351806406253,1096.308841670321,0.8058408488063661,1.5775447997964471,192579.0,same_format,False,False,True,True,0.02406501603017755,0.0018926801008551622,월,18,53,1.195560059991496,"투자, 주식 투자, 주식 투자 기초, 미국 주식, 주식전망, 주식 공부, 주식 기초, 미국 주식 추천, 미국 주식 전망, 미국 주식 공부, 미국 주식 세금, 미국 주식 사는법, 주식 초보, 주식 공부 방법, 주식 정보, 주식 정리, 주식 정보 얻는법, 주식 정보 사이트, 포트폴리오 투자, 포트폴리오 전략, 미국 주식 투자, 미국 주식 투자 기초, 미국 주식 투자 공부, 주식 왕초보, 투자 실패 극복, 투자 실패, 장기투자, 주식투자하는 법, 주식투자 종목 추천, 미국주식, 주식 투자 마인드, 해외 주식 투자, 투자심리, 코스피, S&P 500, etf, etf 추천, 주가, 미국주식주린이, 투자초보, 미국증시, tsla, sk하이닉스, 삼성전자",https://www.youtube.com/watch?v=7qi9hIhNAUI
XVwTGxVrcoA,집 팔고 주식에 3억 올인한 30대 신혼부부 근황,투린부부 성장기,UC-INk2XcsNIBaE2Cj9NBcBg,2026-07-26 11:45:28,long,371.0,31259,938.0,276.0,9980,1천~1만,75.37373797146991,414.7200449556051,3.1321643286573146,1.5757927105913192,19837.0,same_format,False,True,True,True,0.030007357880930292,0.00882945711635049,일,11,27,0.6935599745437802,"투린부부, 계좌공개, 마이너스, 마이너스 복구, 투자실패, 투자, 국내주식, 국장, 미장, 비트코인, 코인, 파이어, 파이어족, 주식올인, 주식몰빵, 주식투자, naver, 네이버, LG전자, 진흥기업, 현대차, 코스닥 150, 코스닥 etf, 절약하는 부부, 절약투자, 건설주, 조기은퇴, 신혼부부, 신혼부부 투자, 30대 맞벌이, 투린부부 성장기, 투린부부성장기, 경제적 자유, 3억투자, 10억목표, 10억달성, 10억만들기, 투자에 올인, 신혼부부 재테크, S&P500, 적립식투자, 적립투자, 연금저축편드, IRP, 마이너스복구, ai, SK하이닉스, 반도체, LG씨엔에스, HD현대중공업, 조선, 조선주, 결산, 연금저축계좌, 퇴직연금, 미국계좌, VOO",https://www.youtube.com/watch?v=XVwTGxVrcoA
kt2EL6--TsE,[#실화멘터리] 삶을 뒤흔드는 투자 사기 #150억원스캔들 #신이라불리는남자 #실화탐사대 #실화On MBC231109방송,실화 On,UC0imORt231LWWyyotvE3lUw,2025-05-27 12:00:50,long,2496.0,165803,881.0,221.0,922000,10만~100만,500.3630666751736,331.36538454313256,0.1798297180043384,1.5350992519072661,108008.0,same_format,False,False,True,False,0.005313534737007171,0.0013329071247203006,화,12,67,12.069013685399447,"실화, 실화탐사대, 지진희, 신동엽, 강다솜, 박지훈, 서인, 실화On, 실탐, 주간사건실화, 경찰, 추적, 사건실화, 범죄, 제보, Truestory, 실화탐사, T40798G, 공병스캔들, 투자사기",https://www.youtube.com/watch?v=kt2EL6--TsE
l-RJhCpTU3s,"대출상환과 투자, 무엇이 먼저일까? | 파이어족 꿈꾸는 신혼부부 투자마인드",눈덩이부부 snowballcouple,UCoBqmjgMwN4svbuy76KNA1A,2025-10-20 00:01:36,shorts,59.0,2669,9.0,3.0,9640,1천~1만,354.8625342677662,7.521222282615135,0.27686721991701246,1.5121813031161473,1765.0,same_format,False,True,True,True,0.0033720494567253652,0.0011240164855751218,월,0,41,3.468760280675931,"절약, 절약소비, 30대, 신혼부부, 신혼부부재테크, 재테크, 저축, 투자, 가계부, 연금저축, 주식, 부동산, 배당주, 배당, etf, 연금저축펀드, 퇴직연금",https://www.youtube.com/watch?v=l-RJhCpTU3s
mtmeYRjFqdw,"4억 주식, 이혼할 때 분할 대상에 포함될까?",이돈호 변호사,UC7ilNDoKW1sxHqqIJj-DgKQ,2026-05-31 13:00:13,shorts,28.0,45128,206.0,38.0,200000,10만~100만,131.3218282492477,343.64431718348794,0.22564,1.5113194909578032,29860.0,same_format,False,False,True,True,0.004564793476333984,0.0008420492820421911,일,13,25,8.100376088889842,,https://www.youtube.com/watch?v=mtmeYRjFqdw
HIYR58mvsU0,[#주식 실패 사연 모음#1] 주식 실패로 자살한 친구를 묻고 왔습니다 | 주식 정말 열심히 했지만 결국 7억을 날렸습니다 | 비극으로 얽힌 삶 주식으로 아버지와 동생을 떠나 보내,코인챗,UCm8VqlpN2vff3ijhWOyrtdw,2025-04-16 12:00:30,long,5104.0,3961,49.0,4.0,21400,1만~10만,541.3632981566551,7.316713219176893,0.18509345794392523,1.5106788710907704,2622.0,same_format,False,False,True,False,0.01237061348144408,0.001009845998485231,수,12,100,1.0835910982991275,,https://www.youtube.com/watch?v=HIYR58mvsU0
EP7olWJpbtk,코스피 6% 폭락·사이드카…반도체 뒤에 숨은 진짜 이유 #경제뉴스 #경기전망,모닝 애널리틱스,UC9iBpg-ObvIW-_fQSGnck2A,2026-06-05 13:25:38,shorts,78.0,2287,18.0,2.0,65,1천 미만,126.30417778628473,18.1070811756501,35.184615384615384,1.5065876152832676,1518.0,same_format,False,True,True,True,0.007870572802798426,0.0008745080891998251,금,13,42,7.126480176295545,"코스피폭락, 사이드카, 환율, 원달러환율, 반도체주, 삼성전자, SK하이닉스, 브로드컴, 외국인순매도, 신용융자, 젠슨황, 재테크, 모닝애널리틱스",https://www.youtube.com/watch?v=EP7olWJpbtk
bRt3eEfBCHY,60대 자산가의 주식실패 이야기,황혼길동무,UCYJMUYK-bEuSezJimo7k5yg,2025-10-13 09:30:26,shorts,33.0,2053,7.0,0.0,3200,1천~1만,361.46751111961805,5.679625241120534,0.6415625,1.4823104693140794,1385.0,all_formats,False,True,True,True,0.0034096444227959084,0.0,월,9,17,3.8461386815350114,"#노후자금, #노후사연, #노후자금사연, #퇴직금, #은퇴자금, #오디오북, #노후투자",https://www.youtube.com/watch?v=bRt3eEfBCHY
I3px81kDEO8,우리의 주식 이대로 괜찮은가,우정잉,UCW945UjEs6Jm3rVNvPEALdg,2026-04-04 12:00:16,long,2051.0,883746,6864.0,1458.0,918000,10만~100만,188.36346019369213,4691.706125440961,0.9626862745098039,1.4750968310520347,599110.5,same_format,False,False,True,True,0.00776693755898188,0.0016497953031753467,토,12,15,7.821259393464438,"우정잉, 트위치, 예능, 스트리머, 잉혐, 예민하네, 화났네, 잉토바이, 야랄, 무7련, 아프리카, 비제이, BJ, 인터넷방송, SOOP, 토크, 주식, 투자, 재테크, 망한주식, 국장, 국내주식, 현대차, 개미",https://www.youtube.com/watch?v=I3px81kDEO8
40zYsAhdEm8,주식 폭락와도 이것만 알면 돈 지킵니다,마르지 않는 투자,UCR4R3u3RFdjLlCWlOeg8I8A,2026-07-24 14:00:13,long,402.0,19365,862.0,64.0,19600,1만~10만,77.28016158258102,250.58177420225374,0.9880102040816326,1.4704988989293037,13169.0,same_format,False,False,True,True,0.0445132971856442,0.003304931577588433,금,14,21,2.6295162855230347,"#주식투자, #주식공부, #주식기초, #주식초보, #경제적자유",https://www.youtube.com/watch?v=40zYsAhdEm8
Su94e2m9KwA,강남 건물 투자 실패 사례... 후덜덜하네,고기덕,UCemHk5BC7kw4n1vxZZpbdOg,2025-08-17 09:00:26,shorts,18.0,2906,4.0,1.0,367,1천 미만,418.4883444529514,6.944040469750066,7.918256130790191,1.4625062908907902,1987.0,same_format,False,True,True,False,0.0013764624913971094,0.00034411562284927734,일,9,23,3.5714370073625457,,https://www.youtube.com/watch?v=Su94e2m9KwA
gBpwTKMsgBo,"[노후자금사연] 코스피 4,800 돌파가 재앙이 된 이유... 인버스에 노후자금 2억 5천 태운 60대 남성의 비극!",은빛시나리오,UCowMNQXcxSJJ7Kyc41Q4Pzw,2026-01-20 07:00:50,long,2750.0,47686,1708.0,240.0,28800,1만~10만,262.57140000850694,181.61155403237,1.6557638888888888,1.4613263054670262,32632.0,same_format,False,False,True,True,0.03581764039760097,0.0050329237092647736,화,7,65,1.5086203133430331,"인버스etf, etf, 재테크, 노후자금사연, 코스피, 코스닥, 나스닥, 은퇴자금, 국내주식, 해외주식, 투자실패, 노후투자, 오디오북, 주식투자, 투자, 레버리지etf, 주식, 퇴직금, 개인투자자, 주식공부",https://www.youtube.com/watch?v=gBpwTKMsgBo
zD52sKWoTn8,[주식실패담] 주식으로 인생 망한 30살에게 진심 어린 조언과 고견을 부탁📢,용의꼬리올라타다 Message,UCvS5hW5HVgvQD5sMKLaBJbA,2022-02-03 11:13:50,long,200.0,2682,46.0,8.0,68800,1만~10만,1709.3957055640624,1.5689755106264291,0.038982558139534884,1.4584013050570963,1839.0,same_format,False,False,True,False,0.01715137956748695,0.002982848620432513,목,11,42,1.2082882339616818,"주식투자실패담, 주식실패과정, 주식망하는과정, 30대주식, 삼프로, 슈카, 김작가, 실화사연",https://www.youtube.com/watch?v=zD52sKWoTn8
tiVf_nA12Cs,"뻔뻔한 주식 중독 배우자, 이 증거 3개면 무조건 이혼됩니다 [이혼전문 변호사의 이혼소송 : 이김의 변호]",이김의 변호 Victory Lawyers,UC3qSATbUCkJCgWuZihQIwmA,2026-07-27 11:53:14,shorts,99.0,2084,15.0,1.0,548,1천 미만,74.36834445295139,28.022675714106125,3.802919708029197,1.4553072625698324,1432.0,same_format,False,True,True,True,0.007197696737044146,0.0004798464491362764,월,11,59,2.8519724445138572,"이혼소송, 이혼, 이김의변호, 재산분할, 전업주부재산분할, 신혼특공재산분할, 은닉재산추적, 이혼항소심, 부채재산분할, 남편빚",https://www.youtube.com/watch?v=tiVf_nA12Cs
8-oo-M3SWOk,"10배 오른 해외주식, 아내한테 증여하면 세금 0원?",상속 증여 마스터 김민식세무사,UCxlBX86fkh8Fg33bAwqN0TQ,2026-02-12 17:04:35,shorts,41.0,8084,67.0,5.0,10400,1만~10만,239.15212917517363,33.802751528415826,0.7773076923076923,1.4527810225536886,5564.5,same_format,False,False,True,True,0.008287976249381494,0.0006185056902523503,목,17,29,4.484374756707099,"세무사, 세금폭탄, 절세전략, 양도소득세, 해외주식양도세, 서학개미, 엔비디아, 테슬라, 나스닥",https://www.youtube.com/watch?v=8-oo-M3SWOk
SYW42eh0wJQ,17억 상가 투자자의 비극! 결국 빚더미에 앉은 이유 (단희쌤),단희TV,UCOMG2V-vUgYX0aHiBDbBTyg,2025-03-12 17:16:00,long,1104.0,277966,5782.0,343.0,959000,10만~100만,576.1442009344329,482.4590780384049,0.2898498435870699,1.4496044390439784,191753.0,same_format,False,False,True,False,0.02080110517113604,0.0012339638660843412,수,17,35,5.46873714308759,"단희쌤, 상가투자실패, 공실리스크, 과도한레버리지, 금리상승위험, 대출부담, 상권분석부족, 임대수익악화, 상가공실, 부동산투자주의, 신도시상가, 분양상가위험, 투자위험관리, 시장변동성, 부동산분석, 임대수익률저하, 부동산공급과잉, 대출이자부담, 투자손실, 상가분양주의, 부동산리스크관리, 상권가치하락, 리스크분석, 부동산시장위기, 신중한투자, 투자전략실패",https://www.youtube.com/watch?v=SYW42eh0wJQ
FNrA2igcsoM,장후30초! #이민 #shorts #260429 #장중주식소식 #미리보기,이민 주챔TV,UC7vq18tJ0ePP4DWSSiS8yRg,2026-04-29 14:28:43,shorts,35.0,2019,40.0,1.0,49800,1만~10만,163.26036991591437,12.36674889956372,0.04054216867469879,1.4421428571428572,1400.0,same_format,False,False,True,True,0.01981178801386825,0.0004952947003467063,수,14,40,15.686543031393317,"머니투데이, MTN, 주챔콜, 주식챔피언콜, 이데일리, 주챔쇼, 김현구멘토, 황소개구리김현구멘토, 멘토링, 강의, 동영상, 주식, stock, 증권, 황소개구리, 주식초보, 주식하는법, 주식차트, 주식챔피언, 한국경제tv, 서울경제tv, 경제, 경제방송, sbscnbc, 김현구, sctv, 챔피언, 강연회, 증권강연회, 주식공부, SC주식아카데미, 주식강의, 주챔종목, 주챔, 문현진, 문현진 멘토, 메뚜기전문가, 이데일리tv, 캔들, 거래량, 이평선, 수급, 시황, 외국인, 기관, 금리인상, 금리, 주식기초, 주식입문, 주식강좌, 주식부자, 주식방송, 주식고수, 주식실패, 주식단타, 주식용어, 주식전문가, 주식이란, 황민혁, 경제지, 김선규, 원달러, 환율, 외환, 김두호, 역발상투자, 주식스쿨, 주식챔피언주식스쿨",https://www.youtube.com/watch?v=FNrA2igcsoM
S-bfnd9eFZY,주식실패사연ㅣ이렇게 간단한 원리를 깨우치는데 7년이란 세월이  전업투자 7년 깡통차고ㅣ전업투자 주식실패담 실화사연,미라클miracle,UCskhvdwQ9V0VQbUy60QWVBA,2023-10-29 10:15:01,long,1157.0,1859,61.0,1.0,22700,1만~10만,1076.43655047147,1.7269944978975065,0.0818942731277533,1.4410852713178295,1290.0,same_format,False,False,True,False,0.0328133405056482,0.0005379236148466917,일,10,63,7.000011342610971,"주식실패, 주식전업, 전업투자, 주식투자, 주식, 주식실패사연, 실화사연, 주식에 미치는 사람들, 주식단타, 주식공부, 주식초보, 주식강의, 기초강의",https://www.youtube.com/watch?v=S-bfnd9eFZY
Q4vubUTZv_k,우리가 주식으로 돈을 못버는 이유...,재테크읽어주는 파일럿,UCaWi2foADm_lKAKnmeQwLSA,2025-07-03 16:30:55,shorts,30.0,311206,3211.0,130.0,1280000,100만+,463.17550880480326,671.8964929796234,0.2431296875,1.4344264939734046,216955.0,all_formats,False,False,True,False,0.010317924461610638,0.00041772973528788005,목,16,21,2.7780038682601482,,https://www.youtube.com/watch?v=Q4vubUTZv_k
Ek3sCxvUK-Y,김종민 주식 망한 썰ㅋㅋㅋ #김종민 #김프로 #주식 #주식투자 #경제 #경제적자유 #투자 #주식공부 #주식초보,촌동네필름,UC1bqm2ZKIce35oWgYWqpczw,2024-03-17 17:22:15,shorts,60.0,1923,10.0,0.0,512,1천 미만,936.1398606566552,2.054180236114625,3.755859375,1.4340044742729305,1341.0,same_format,False,True,True,False,0.005200208008320333,0.0,일,17,61,10.216778829374727,,https://www.youtube.com/watch?v=Ek3sCxvUK-Y
ezJ7m9YfpJ8,40년 공든 탑이 무너졌습니다? 전 재산 4억 날리고 빚만 2억... 깡통 계좌 손에 쥐고서야 깨달은 무서운 진실! | 노후자금사연 | 오디오북,은빛시나리오,UCowMNQXcxSJJ7Kyc41Q4Pzw,2026-05-01 07:00:49,long,2525.0,46207,782.0,176.0,28800,1만~10만,161.57141158258102,285.98499912457015,1.6044097222222222,1.432242266443494,32262.0,same_format,False,False,True,True,0.016923842707814832,0.003808946696387993,금,7,80,1.5086203133430331,"주식투자, 은퇴후삶, 퇴직금, 노후자금, 노후자금사연, 개미투자, 오디오북, 노후사연, 주식투자실패, 은빛시나리오, 투자사연",https://www.youtube.com/watch?v=ezJ7m9YfpJ8
U0oscFOBIUI,"코인중독 남편, 모든 게 무너졌다 #탐정",피에이컴퍼니 탐정사무소,UC0mV8ItNiz0IDkXMvo5VZgQ,2025-10-17 13:10:07,shorts,31.0,1624,4.0,0.0,248,1천 미만,357.3149532492477,4.545009900179483,6.548387096774194,1.4258121158911325,1139.0,same_format,False,True,True,True,0.0024630541871921183,0.0,금,13,22,43.56576572163723,,https://www.youtube.com/watch?v=U0oscFOBIUI
-P0ZUAdnSrk,주식 리딩방 사기 당해보기,변호사 강민성,UCxP5RWC4we6l6BC1pud4mjg,2026-08-08 18:32:07,shorts,74.0,2308,8.0,1.0,375,1천 미만,62.09134213813657,37.17104382870835,6.1546666666666665,1.4129170492806857,1633.5,same_format,False,True,True,True,0.0034662045060658577,0.0004332755632582322,토,18,14,1.5326695043015353,,https://www.youtube.com/watch?v=-P0ZUAdnSrk
NK4HRmKTcj4,"""은행 예금은 손해? 은퇴자라면 반드시 알아야 할 '월급 100만 원' 전략""",경제필살기,UCavAGHokBtS4pgzD4v6BXwA,2026-03-21 21:33:42,shorts,52.0,1199,5.0,0.0,352,1천 미만,201.96524260109953,5.936665064533597,3.40625,1.4122497055359247,849.0,same_format,False,True,True,True,0.004170141784820684,0.0,토,21,43,5.532712988867061,,https://www.youtube.com/watch?v=NK4HRmKTcj4
z-gQdwN56Rw,"🇨🇦 RRSP 투자, 주의사항은 꼭 아셔야 합니다!",브랜든 캐나다 투자전략,UC7OG1O_ZxnCwM04sMSVsK0g,2026-07-01 22:00:15,shorts,18.0,2324,6.0,0.0,3240,1천~1만,99.94680510109954,23.252369074220994,0.717283950617284,1.4114788946249621,1646.5,same_format,False,True,True,True,0.0025817555938037868,0.0,수,22,28,3.3918365314254104,"브랜든유, 자산관리, 금융투자, 투자자문, 주식, 채권, 펀드, 재무상담, 재정, 재정관리, 파이낸스, 이자, 밴쿠버, 캐나다, 저축, 은행, 보험, 투자, 부동산, 부동산투자, 대체투자, 사모펀드, 세금, 절세, 법률, 배당, ETF, 자산운용, 투자관리, 토론토, 캘거리, 알버타, 온타리오, 세법, 회계, 회계사, 변호사, 회계자문, 법률자문, 머니, 부자, 고액자산, 비트코인, 가상화폐, 모기지, 사업, 비지니스, 상장회사, 비상장회사, branden, brandenyu, wealthmanagement, financialinvestment, investmentadvisory, stocks, funds, financialcounseling, finace, financialstrategy, interestrates, saving, banking, insurance, investments, strategicinvestmentplan, PrivateWealthManagement, Alternative Investment, Private Equity Fund, 헤지펀드",https://www.youtube.com/watch?v=z-gQdwN56Rw
wS2q5B6BcwY,"14개 질문 중 4개만 해당해도 주식 중독 위험군 (주식중독)ㅣ박종석 원장, 한정수 대표, 이연주 PD [재테크의참견]",조선일보 머니,UCZyakhJDdZixare_pBPpWjg,2024-07-16 05:45:02,long,579.0,9944,102.0,3.0,231000,10만~100만,815.6240388973957,12.191891761114388,0.04304761904761905,1.3985935302391,7110.0,all_formats,False,False,True,False,0.010257441673370877,0.00030168946098149636,화,5,66,18.929494518646866,"조선일보머니, 조선일보경제부, 재테크, 투자전망, 초보재테크, 주식, 투자기초, 성인 adhd, adhd 증상, 주식중독, 도박중독, 주식중독 치료, 주식중독 증상, 도박중독치료, 도박중독자, 주식중독자, 투자 실패, 주식 투자 실패, 투자 실패 빚, 투자 실패 극복, 투자 실패 사례, 주식 투자, 도박, 투자중독, 박종석, 박종석 정신과, 박종석 주식, 연세봄, 주식투자, 주식 망한사람, 빚투, 투자, 경제뉴스, 조선일보, 주식중독 의사, 박종석 원장, 주식 올인, 주식 중독, 주식실패사례, 성인adhd, adhd 테스트, 주식 중독 테스트",https://www.youtube.com/watch?v=wS2q5B6BcwY
HuUeYU370aU,"손실복구 무조건 ""이렇게""만 하세요",김직선 - 나스닥 트레이더,UCfu0gSdwD_VUO9Wwyg1eRxw,2024-11-14 18:00:13,long,481.0,192528,4962.0,170.0,204000,10만~100만,694.1134949159143,277.37250667244706,0.943764705882353,1.3846751341321328,139042.0,same_format,False,False,True,False,0.025772874594864124,0.0008829884484334746,목,18,19,0.42836924630088496,"손실복구, 손실복구방법, 손실없는, 손실없는 전략, 손실없는 방법, 손절방법, 만쥬, 주식단테, 책전주식, 주덕, 창원개미, 하승훈, 와조스키, 부자회사원, 홍인기, 대왕개미, 개미투자, 투자방법, 차트강의, 차트교육, 나스닥, 나스닥전망, 나스닥선물",https://www.youtube.com/watch?v=HuUeYU370aU
Li_WB0F_yzo,주식투자 9년 하면서 가장 큰 후회,서대리TV,UCtQkxwZkrruYdy2bVNNW-Rw,2026-09-03 22:24:33,long,747.0,111853,1176.0,102.0,243000,10만~100만,35.929930101099536,3113.0870470738,0.46030041152263373,1.3817541692402717,80950.0,same_format,False,False,True,True,0.010513799361662182,0.0009119111691237606,목,22,24,7.824904310528636,"연금저축펀드, 월적립매수, 미국주식, 한국주식, ETF, VOO, QQQ, 개인연금, IRP, isa, S&P500, 나스닥, 미국배당다우존스, SCHD, 조기은퇴, 파이어족, 경제적자유",https://www.youtube.com/watch?v=Li_WB0F_yzo
6gjzPFqjs7E,🚫 고수익 보장하는 곳은 99% 사기!,금융사기예방연구소,UCHSAUD9ReFZxO6bdZXRFeTA,2025-09-15 11:00:53,shorts,21.0,1512,6.0,0.0,201,1천 미만,389.40469861961805,3.8828499125968845,7.522388059701493,1.3640054127198917,1108.5,same_format,False,True,True,False,0.003968253968253968,0.0,월,11,21,4.486981077819149,,https://www.youtube.com/watch?v=6gjzPFqjs7E
osL1Ph1hiqI,-1억 날씨는 폭염 주식은 폭락 계좌는 폭삭🔥,권감각의 유기주식테라피 ,UCTTHg3FlkC1x4qCg83i0dWQ,2026-08-06 19:47:31,long,565.0,50024,636.0,85.0,20300,1만~10만,64.03898102702546,781.1492187686291,2.4642364532019703,1.3505946515112652,37038.5,same_format,False,False,True,True,0.012713897329281946,0.0016991843914920838,목,19,25,7.027872346507573,,https://www.youtube.com/watch?v=osL1Ph1hiqI
r5lP7IF_mGw,이런 빚이 있다면 당장 파혼하세요,한방언니,UCnPG3kj0a_yls_LWRrTSewA,2023-05-10 20:00:39,shorts,42.0,70444,474.0,32.0,435000,10만~100만,1248.0298606566553,56.444162291866675,0.16194022988505746,1.349114239203294,52215.0,same_format,False,False,True,False,0.006728749077281245,0.0004542615410822781,수,20,18,14.334430220619394,,https://www.youtube.com/watch?v=r5lP7IF_mGw
navHus2RRw4,주식 중독 자가 테스트,마인드셋,UCThSt2ODg6wGjK1b7H2y-6Q,2026-04-26 07:08:56,shorts,19.0,1856,2.0,1.0,876,1천 미만,166.56577500850696,11.142745260274562,2.1187214611872145,1.340072202166065,1385.0,same_format,False,True,True,True,0.0010775862068965517,0.0005387931034482759,일,7,12,1.4347871450093912,"주식초보, 주식공부, 투자공부, 투자초보, 주식중독, 주식중독테스트, 유퀴즈주식, 단타, 뇌동매매",https://www.youtube.com/watch?v=navHus2RRw4
x2hw5P9X7d4,노후 자금 5000만 원이 한 달 만에 사라졌습니다 | 투자리딩방 사기 실제 판결 사례 | 더로드 법률사무소 #투자리딩방사기 #투자사기실제사례 #투자리딩방사기판결 #투자사기실제사례,더 로드 법률TV,UCnKVp6H0k7fPVRkSPBX9V_A,2026-05-29 08:00:20,shorts,76.0,1529,20.0,1.0,167,1천 미만,133.5300805640625,11.450603441120862,9.155688622754491,1.3330427201394943,1147.0,same_format,False,True,True,True,0.013080444735120994,0.0006540222367560497,금,8,100,2.8928063158073973,,https://www.youtube.com/watch?v=x2hw5P9X7d4
sOddeejj1ms,40~50대 주식투자 실패하는 3가지 이유,마인드TV,UCUHQR-uMGONcx5w1Vikkbxw,2022-11-14 10:40:45,long,294.0,6127,214.0,17.0,23200,1만~10만,1425.4186801010997,4.298386211386983,0.2640948275862069,1.3176344086021505,4650.0,same_format,False,False,True,False,0.03492737065448017,0.00277460421086992,월,10,23,4.374513310078783,"에니어그램, 나다움, 성격유형, 자기이해, 소통, 공감, 관계, 진로, 자존감, 성찰, 자기탐색, 명상, 애니어그램, 주식투자, 재테크, 노후준비, 삼성전자, 미국ETF, 나스닥ETF, 미국테크top10, 필라델피아반도체나스닥, 나스닥100, S&P500",https://www.youtube.com/watch?v=sOddeejj1ms
0tS3gRQerWs,남편은 그녀가 뚱뚱하다고 바람피우고 이혼을 강요했다! 100kg 감량하고 상속녀가 되자 그가 빌었다.#이혼 #단편드라마 #웹드라마 #불륜 #사기결혼 #가족갈등 #후회남자,林熙劇場LuckyDrama,UCFTyXMwb1ioIM_kQzZ5itig,2026-10-06 11:00:04,long,7401.0,22197,29.0,0.0,66900,1만~10만,3.4052657492476848,6518.433988567241,0.33179372197309415,1.315066058415783,16879.0,same_format,False,False,False,True,0.0013064828580438797,0.0,화,11,94,13.903985257361665,"계약결혼, 이혼후복수, 환생복수, 잃고후회하는남자, 악한시어머니, 가짜공주, 운명의재회, 임신도망, 차가운재벌남, 집착남, 통쾌한복수, 재벌CEO, 숨겨진상속녀, 한번에몰아보기, 반전많은드라마",https://www.youtube.com/watch?v=0tS3gRQerWs
EUGWIvW6aiw,"주식실패사연｜IMF 생존자의 주식 복기: ""모든 사람의 오늘은, 어제 생각한 결과이다""｜무너진 어느 가장의 피눈물",용의꼬리올라타다 Message,UCvS5hW5HVgvQD5sMKLaBJbA,2026-05-19 14:06:53,long,938.0,2383,30.0,1.0,68800,1만~10만,143.27553195295138,16.632288622613707,0.03463662790697675,1.3104206763816333,1818.5,same_format,False,False,True,True,0.01258917331095258,0.000419639110365086,화,14,63,1.2082882339616818,"주식공부, 초보투자자, 재테크서적, 주식성공사연, 주식실패사연, 투자실패극복, 전업투자자, 빚투, 영끌",https://www.youtube.com/watch?v=EUGWIvW6aiw
8yWcpirU7d8,주식실패사연ㅣ직장생활하며 10년동안 모은 돈 주식투자로 잃었습니다ㅣ실화사연 주식실패담,미라클miracle,UCskhvdwQ9V0VQbUy60QWVBA,2022-07-04 11:04:20,long,504.0,1689,58.0,2.0,22700,1만~10만,1558.4023027862847,1.0838022999454109,0.07440528634361233,1.3093023255813954,1290.0,same_format,False,False,True,False,0.03433984606275903,0.0011841326228537595,월,11,47,7.000011342610971,"사연, 실화, 실화사연, 주식실패, 주식실패사연, 주식실패담",https://www.youtube.com/watch?v=8yWcpirU7d8
rsYPQXFig_s,"아내는 남편과 그의 정부가 침대에서 불륜을 저지르고 있는 것을 발견했다, 아내 산 채로 불타! 1년 후 200kg 감량 복수, 그들에게 대가 치르게! #잿더미에서 다시 태어나다",星棠短劇社ShortTV,UCzPRXOs_fA3AMOV2lcPuqTw,2026-09-11 19:00:25,long,7214.0,6509,14.0,0.0,39800,1만~10만,28.0716893603588,231.8706194145775,0.1635427135678392,1.2990719489072946,5010.5,same_format,False,False,True,True,0.002150868028883085,0.0,금,19,98,11.57763678380601,"단편드라마, 신데렐라CEO, 아내가지옥으로추격, 여성재밌는드라마, 고품질소설원작, 여성리더반격, 중국드라마, 단편영화, 훌륭한단편드라마, 최신단편드라마전편, 추천단편드라마, 2026선정단편드라마, 인기단편드라마, 단편드라마추천, 중국본토단편드라마, 로맨스 #도시, CEO, 환생, 시간여행, 왕 #영주, 웹드라마, 단편드라마전편, 로맨스, 도시, 로맨틱단편중국드라마, 결혼후사랑중국드라마, 중국드라마오해장면, CEO와신데렐라중국드라마, 재밌는드라마, 귀여운애완동물, 원비트 #풀에피소드, 잘생긴배우, 폭력적인사랑, 신데렐라, 사장, 백월광, 달콤함, 아이돌, 청춘, 메리스위트, 지배적인사장, 여성의신선함, 소설, 로맨틱드라마, 드라마, 콩트, 결혼후사랑, 달콤달콤한단편드라마, 최신중국단편드라마, 탕단편드라마, 중국드라마영어자막, 신작로맨틱중국드라마, 달콤한드라마, 멜로드라마, 만족스러운읽기, 부부코미디",https://www.youtube.com/watch?v=rsYPQXFig_s
DCjGhBxorgw,보석 풀리자마자 또 주식 사기? 150억 챙기고 다시 범행한 60대 여성의 정체?,사건사고 실화 [썰TV],UCJsW_F8EubVmERGVmGvks7A,2026-02-09 19:49:15,shorts,47.0,1671,8.0,1.0,35,1천 미만,242.03777732332176,6.903880949823073,47.74285714285714,1.2973602484472049,1288.0,same_format,False,True,True,True,0.0047875523638539795,0.0005984440454817474,월,19,45,5.759675264023209,"비상장주식, 비상장주식 사기, 주식 사기, 투자 사기, 주식 투자 주의, 주식 사기 사건, 사기 사건 해설, 뉴스 사건 요약, 금융 범죄, 투자 사기 유형, 위조 서류, 보석 이후 재범, 반복 사기범, 주식시장 사기, 상장 미끼 사기, 사기 수법, 경찰 수사, 투자자 경고, 금융 사기 경고, 피해 사례, 뉴스 요약, 범죄 사건 요약, 사기 조심, 실화 사건, 시사 이슈, 투자 실패 사례, 실제 사건 해설, 유사 사례 경고, 사기범 인터뷰, 피해자 증언",https://www.youtube.com/watch?v=DCjGhBxorgw
8yTzMiuWY6U,미국주식 7년 투자하고 후회하는 3가지,청년개미,UCn4m5ec1YQH5H1GHwB2likQ,2026-08-12 19:00:02,long,346.0,5361,84.0,17.0,15800,1만~10만,58.0719555640625,92.31650541001626,0.33930379746835443,1.2848412222887957,4172.5,same_format,False,False,True,True,0.01566871852266368,0.003171050177205745,수,19,21,2.349609272565165,"미국주식, 해외주식, 해외주식투자, 미국주식투자",https://www.youtube.com/watch?v=8yTzMiuWY6U
WSDYkrT7mSI,장후30초! #이민 #shorts #260804 #장중주식소식 #미리보기,이민 주챔TV,UC7vq18tJ0ePP4DWSSiS8yRg,2026-08-04 14:38:57,shorts,30.0,1789,53.0,,49800,1만~10만,66.25326343443287,27.002443461075284,0.035923694779116465,1.2778571428571428,1400.0,same_format,False,False,True,True,0.029625489100055896,,화,14,40,15.686543031393317,"머니투데이, MTN, 주챔콜, 주식챔피언콜, 이데일리, 주챔쇼, 김현구멘토, 황소개구리김현구멘토, 멘토링, 강의, 동영상, 주식, stock, 증권, 황소개구리, 주식초보, 주식하는법, 주식차트, 주식챔피언, 한국경제tv, 서울경제tv, 경제, 경제방송, sbscnbc, 김현구, sctv, 챔피언, 강연회, 증권강연회, 주식공부, SC주식아카데미, 주식강의, 주챔종목, 주챔, 문현진, 문현진 멘토, 메뚜기전문가, 이데일리tv, 캔들, 거래량, 이평선, 수급, 시황, 외국인, 기관, 금리인상, 금리, 주식기초, 주식입문, 주식강좌, 주식부자, 주식방송, 주식고수, 주식실패, 주식단타, 주식용어, 주식전문가, 주식이란, 황민혁, 경제지, 김선규, 원달러, 환율, 외환, 김두호, 역발상투자, 주식스쿨, 주식챔피언주식스쿨",https://www.youtube.com/watch?v=WSDYkrT7mSI
YDxkvproFxQ,[작전] '통정거래' - 작전 세력의 주가 조작 수법😎💰 #shorts,쇼박스 SHOWBOX,UCvvsOdnAQH4fl50DY17eV1A,2023-05-16 18:00:30,shorts,45.0,183629,1213.0,74.0,164000,10만~100만,1242.1132981566552,147.8359504503435,1.119689024390244,1.2740246855335002,144133.0,same_format,False,False,True,False,0.006605710427002271,0.00040298645638760764,화,18,39,2.3492540613389923,"작전, 영화 작전, 박용하, 김민정, 박희순, 김무열, 조덕현, 김준성, 개인투자자, 개미, 주식, 자산관리사, 증권, 증권사, 증권 브로커, 브로커, 대주주, 주주, 상한가, 하안가, 대박, 비트코인, 코인, 가즈아, 쇼박스, 영화, 영화리뷰, 한국영화, 영화소개, 영화추천, 영화명작, 영화명장면, 영화명대사, 리뷰쇼, 리뷰, 증권가영화, 주식영화, 주신전쟁",https://www.youtube.com/watch?v=YDxkvproFxQ
bNg9LFf9Wck,"삼성,하이닉스 놓쳤다면?지금 안 하면 후회하는 노후 주식!",골드맘싹수,UCc3tArY80hm3TiCyZ61WhAQ,2026-01-23 19:07:24,shorts,25.0,2087,9.0,0.0,146,1천 미만,259.06683982332174,8.055836097832092,14.294520547945206,1.2729490698383654,1639.5,same_format,False,True,True,True,0.004312410158121706,0.0,금,19,32,1.6744802618701076,,https://www.youtube.com/watch?v=bNg9LFf9Wck
4ZBafKRNLnI,"[주식실패담] 40대 극복 새로운 인생의 시작, 망하고 그 후 에피소드｜잃어버려야 비로소 선명하게 보이는 것들",용의꼬리올라타다 Message,UCvS5hW5HVgvQD5sMKLaBJbA,2022-03-02 14:03:17,long,242.0,2339,60.0,3.0,68800,1만~10만,1682.2780319529513,1.3903765938646075,0.03399709302325581,1.2718868950516584,1839.0,same_format,False,False,True,False,0.025651988029072252,0.0012825994014536127,수,14,61,1.2082882339616818,"실화사연, 주식경험담, 주식초보, 주식, 주린이, 손실인증, 손실후기",https://www.youtube.com/watch?v=4ZBafKRNLnI
9dcUGC6zMXQ,주식리딩방 사기 피해금액 회수하는 방법,법대로 하시죠 | 형사 조수진,UCVvJ4-fDV3O0Uqz7T3-LJOw,2026-05-12 19:30:04,shorts,30.0,2935,20.0,3.0,33300,1만~10만,150.05109908258103,19.56000334515854,0.08813813813813814,1.2705627705627707,2310.0,same_format,False,False,True,True,0.0068143100511073255,0.0010221465076660989,화,19,21,4.069786064374218,"조수진변호사, 변호사, 법률, 사회, 정치, 이슈, 조수진, 시사, 알릴레오, 형사, 민사, 소송, 법률사무소, 재판, 형사조수진, 주식리딩방, 보이스피싱, 주식사기, 투자사기, 형사고소, 민사고소, 형사재판, 피싱사기",https://www.youtube.com/watch?v=9dcUGC6zMXQ
4x-ovi9juXs,"이혼 재산분할 아는 만큼 받는다!!이혼 재산 분할시 주식,부동산은?? 16년차 변호사 내편지수!!",내편지수 최지수변호사,UC2Rqw-rrUD2Enm5Kbf5QEPQ,2023-03-28 08:00:02,long,751.0,565,10.0,3.0,9220,1천~1만,1291.5302888973958,0.43746554367095125,0.061279826464208244,1.25,452.0,same_format,False,True,True,False,0.017699115044247787,0.005309734513274336,화,8,54,0.3546173726628704,"이혼, 이혼재산, 이혼 재산분할, 특유재산, 부동산, 주식, 재산분할여부, 상속재산, 선산, 보험금, 이혼, 이혼재산, 이혼 재산분할, 특유재산, 부동산, 주식, 재산분할여부, 상속재산, 선산, 보험금, 이혼, 이혼재산, 이혼 재산분할, 특유재산, 부동산, 주식, 재산분할여부, 상속재산, 선산, 보험금, 이혼, 이혼재산, 이혼 재산분할, 특유재산, 부동산, 주식, 재산분할여부, 상속재산, 선산, 보험금",https://www.youtube.com/watch?v=4x-ovi9juXs
BtD-CczR4JQ,"주식으로 떡상하려다, 폭망한 썰😵‍💫 #직장인#모태솔#일상#주식#shorts",담유,UCWFiJ6-5aSMhr7VV8hNi3-A,2026-02-12 22:06:24,shorts,41.0,925,1.0,0.0,49,1천 미만,238.9425342677662,3.8712236933229187,18.877551020408163,1.243279569892473,744.0,same_format,False,True,True,True,0.001081081081081081,0.0,목,22,42,1.9406475942889048,,https://www.youtube.com/watch?v=BtD-CczR4JQ
QkzQMPcPxsE,천재물리 학자 뉴턴 주식으로 폭망한 썰  #투자심리  #경제이야기  #돈공부 #경제쇼츠 #투자실패 #투자교훈 #주식역사,돈이야기저장소,UCYdQu_0T1fFFcIxaL-gxYiQ,2025-09-03 18:00:48,shorts,50.0,1825,9.0,0.0,14,1천 미만,401.1130898233218,4.549839051136071,130.35714285714286,1.2339418526031103,1479.0,same_format,False,True,True,False,0.004931506849315068,0.0,수,18,66,6.0,,https://www.youtube.com/watch?v=QkzQMPcPxsE
KDtQLyQr-h0,60대 이후 절대 하면 안 되는 투자 10가지 (노후 자금 지키는 법),슬기로운시니어,UCY3ts6OSRnLQVK9xSLmVbcQ,2026-02-14 10:00:32,shorts,5.0,6088,12.0,0.0,2720,1천~1만,237.4466083418403,25.6394481374752,2.238235294117647,1.227914481645825,4958.0,same_format,False,True,True,True,0.0019710906701708277,0.0,토,10,39,2.4822631870437024,#마음돌봄#인생명언#힐링#감동명언#시니어#시니어건강정보#건강정보,https://www.youtube.com/watch?v=KDtQLyQr-h0
OsOK2HdXe1A,"60대 이후, '이곳'에 투자하면 노후가 통째로 흔들립니다 (절대 주의!),위험한 투자처 10가지",TOP 인사이트,UCY4bU2icAcpGdaJdGKove7w,2026-01-26 13:45:00,shorts,6.0,1525,2.0,0.0,435,1천 미만,256.29072871221064,5.950273767852233,3.5057471264367814,1.2170790103750997,1253.0,same_format,False,True,True,True,0.0013114754098360656,0.0,월,13,54,2.3496529056053364,"5060, 조언10가지, 노후자금, 퇴직금지키기, 인생조언, 재테크주의사항, 투자원칙, 지혜, 인생후반전, 자기계발, 쇼츠, shorts",https://www.youtube.com/watch?v=OsOK2HdXe1A
nc-1KSipcR0,60대가 주식으로 실패한 이유,100세시대 생존전략 스토리,UC66cXHC7vbY6jgS-b_CWvog,2026-08-21 11:12:06,shorts,140.0,1382,12.0,2.0,75,1천 미만,49.3969092677662,27.97745892376752,18.426666666666666,1.212280701754386,1140.0,same_format,False,True,True,True,0.008683068017366137,0.001447178002894356,금,11,16,2.6043255993559016,,https://www.youtube.com/watch?v=nc-1KSipcR0
mD57DoreRyo,"""친구들 주식 자랑 무시하세요"" 은퇴 후 주식 시작한 60대 90%가 결국 돈 다 잃는 잔인한 이유",누룽지 - 정보를 구수하고 빠삭하게 알려드림,UCAGsOPVivN4YgJRf6Y89eOA,2026-06-17 06:00:20,long,1235.0,158501,2419.0,251.0,67800,1만~10만,114.61341389739584,1382.918409025781,2.337772861356932,1.2107168773631747,130915.0,same_format,False,False,True,True,0.015261733364458269,0.001583586223430767,수,6,55,2.2293038003658445,"국민연금, 노령연금, 주식투자, 은퇴준비, 퇴직, 퇴직준비, 노후강의, 노후, 노후준비, 은퇴자, 노후주식, 코스피, 한국주식, 코스피지수, 삼성전자, 현대차, 은퇴자금, 퇴직자금",https://www.youtube.com/watch?v=mD57DoreRyo
j7NXfNU4x_0,“이제 좀 벌었는데…” 전업 투자자가 떠난 진짜 이유 [주식실패사연],용의꼬리올라타다 Message,UCvS5hW5HVgvQD5sMKLaBJbA,2026-03-25 17:00:42,long,1048.0,2193,33.0,1.0,68800,1만~10만,198.15482593443286,11.067103663302342,0.031875,1.2059389606818807,1818.5,same_format,False,False,True,True,0.015047879616963064,0.00045599635202918376,수,17,38,1.2082882339616818,"주식 실패담, 전업 투자 현실, 주식 빚 이야기, 투자 심리, 손절 기준, 단타 매매 위험성, 주식 중독, 인생 교훈",https://www.youtube.com/watch?v=j7NXfNU4x_0
5h2qIktbbKg,"""이런 돈으로 주식하면 인생 무너집니다"" 절대 투자하면 안 되는 위험한 돈 5가지",슬기로운시니어,UCY3ts6OSRnLQVK9xSLmVbcQ,2026-05-30 10:00:01,shorts,5.0,5819,13.0,0.0,2720,1천~1만,132.44696713813659,43.9345658548076,2.1393382352941175,1.2035160289555327,4835.0,same_format,False,True,True,True,0.0022340608351950507,0.0,토,10,45,2.4822631870437024,#마음돌봄#인생명언#힐링#감동명언#시니어#시니어건강정보#건강정보,https://www.youtube.com/watch?v=5h2qIktbbKg
ycAS-wUBW-U,장외주식 비상장주식 사기 조심하세요,개천에서 용재난다,UCWr6NbUWuxiVqQCvCoTFJlg,2023-01-16 13:32:35,shorts,56.0,21665,205.0,4.0,273000,10만~100만,1362.2993513973959,15.903259425160007,0.07935897435897436,1.2009423503325942,18040.0,same_format,False,False,True,False,0.00946226632817909,0.00018462958689129932,월,13,19,0.934229039842397,"주식, 단타, 주식단타, 주식매매, 주식기초, 주식강의, 주식초보, 주식강좌, 주식매매하는법, 주식하는법, 주식멘탈, 주식마인드, 주식차트, 주식차트보는법, 투자, 매매기법, 주식고수, 주린이, 매매영상, 매매법, 스윙, 스켈핑, 호가창매매, 차트분석, 차트, 지지선, 슈퍼개미, 김정환, 매도시점, 매수시점, 매매전략, 종목, 주식시장, 전업투자자, 전업 투자자, 주식경력, 전업투자, 호가창, 호가창 분석, 단타매매, 돈이깡패당, 슈퍼개미김정환, 저항선, 박호두, 박호두 해외선물, 창원개미, 창원개미TV, 일조TV, 돈깡, 시황분석, 주식시황, 미국시황, 미증시, 해외증시, 주식종목, 종목분석, 코로나, 이평선, 이동평균선, 거래량, 주식거래량, 주식기보, 증자, 감자, 코스피, 코스닥, kospi, kosdaq, 다우지수, 미국다우지수, 다우나스닥, 나스닥, nasdaq, 주식단테, 주식공부, 주식전망, 주식실시간, 주식거래방법, 주식거래량분석, 주식이평선, 주식이동평균선, 개천에서용재난다, 개천에서 용재난다, 개천용재, 개용, ap투자연구소, 김용재, 김용재소장, 분할매수, 분할매도, 분산투자, 집중투자",https://www.youtube.com/watch?v=ycAS-wUBW-U
FEcE_2LWpXo,"60대 투자, 이런 주식은 조심하세요 #시니어투자 #60대투자 #주식기초 #주식초보 #노후준비 #은퇴준비 #투자습관 #분산투자 #주식주의사항 #투자공부 #노후자산 #오후3시투자다방",오후 3시 투자다방,UC0_x13sGLNFEbSy5g0bUflw,2026-05-15 11:33:08,shorts,10.0,1780,6.0,2.0,19,1천 미만,147.38230278628473,12.07743376476572,93.6842105263158,1.1986531986531987,1485.0,same_format,False,True,True,True,0.0033707865168539327,0.0011235955056179776,금,11,100,3.1123470843359606,,https://www.youtube.com/watch?v=FEcE_2LWpXo
KKNE7dJpIpk,"리딩방, 이렇게 위험합니다ㅣ리딩사기 피해자 인터뷰",경제백과,UCNcA-pudYLB2xcN_5pXF_sQ,2025-07-22 16:07:18,long,807.0,6213,160.0,31.0,11300,1만~10만,444.1919092677662,13.987197583679313,0.5498230088495575,1.1950375072129256,5199.0,same_format,False,False,True,False,0.02575245453082247,0.004989538065346854,화,16,27,1.100440285284777,"해외선물, 리딩사기, 리딩방, 경제백과, 나스닥, 홍콩항셍, 주식사기, 투자사칭, 인터뷰",https://www.youtube.com/watch?v=KKNE7dJpIpk
eLn1KuRgSkU,모르면 100% 당하는 주식리딩방이 전재산 털어먹는 과정,마르지 않는 투자,UCR4R3u3RFdjLlCWlOeg8I8A,2026-08-28 14:00:11,long,950.0,15667,245.0,25.0,19600,1만~10만,42.28018473072917,370.55183414591966,0.7993367346938776,1.1896879034095225,13169.0,same_format,False,False,True,True,0.015637965149677666,0.0015957107295589456,금,14,31,2.6295162855230347,"#주식투자, #주식공부, #주식기초, #주식초보, #경제적자유",https://www.youtube.com/watch?v=eLn1KuRgSkU
UmhP9BOdqGQ,"주식실패사연｜""계좌에 14억 찍혔을 때 이직했어야 했다…"" 7억 태우고 수면제 없이 못 자는 전업 투자자의 피눈물",용의꼬리올라타다 Message,UCvS5hW5HVgvQD5sMKLaBJbA,2026-07-09 17:26:21,long,481.0,2158,38.0,5.0,68800,1만~10만,92.13701343443287,23.421640441337832,0.03136627906976744,1.1866923288424527,1818.5,same_format,False,False,True,True,0.017608897126969416,0.0023169601482854493,목,17,63,1.2082882339616818,"주식공부, 초보투자자, 재테크서적, 주식성공사연, 주식실패사연, 주식썰, 투자실패극복담, 주린이공부하는법",https://www.youtube.com/watch?v=UmhP9BOdqGQ
4MsxjKPeqWY,친구가 주식 작전 세력일 때 생기는 일,러프 비즈니스TV,UCAI98TVtrL-li-uBBQ4Tyrw,2024-02-05 11:13:15,shorts,60.0,32770,269.0,11.0,26900,1만~10만,977.3961106566552,33.527860038223146,1.2182156133828996,1.18309655757532,27698.5,same_format,False,False,True,False,0.00820872749465975,0.00033567287152883735,월,11,21,0.3671649708882131,,https://www.youtube.com/watch?v=4MsxjKPeqWY
hCMQfo_a_Jc,주식으로 이혼 위기 정말 많아요,이혼전문변호사 조인섭변호사 TV,UCeV2DhqmpWnEXGMHhPJsoOw,2026-09-22 11:00:39,shorts,38.0,1430,3.0,1.0,34700,1만~10만,17.404860656655092,82.16095654021862,0.041210374639769454,1.1798679867986799,1212.0,same_format,False,False,True,True,0.002097902097902098,0.0006993006993006993,화,11,35,7.7922439343410685,"Rumble, Life, compilation, satisfying, korean, react, tiktok, 이혼변호사, 이혼전문변호사, 모텔, 드라마, 불륜",https://www.youtube.com/watch?v=hCMQfo_a_Jc
B6EWlswbjKs,코인 지하뚫고 가다가 남편한테 딱걸렸는데,썰펭구,UC3x42Q4PS-R0RdNPTdVPLDw,2024-02-04 14:00:05,shorts,54.0,10184,178.0,14.0,203,1천 미만,978.2802541751737,10.410104830937765,50.16748768472906,1.1655507868383406,8737.5,same_format,False,True,True,False,0.017478397486252947,0.0013747054202670856,일,14,22,5.932187097728466,,https://www.youtube.com/watch?v=B6EWlswbjKs
Dk88cE_BKqg,"[주식 망한 썰] 49세 엄마, 전재산을 잃었습니다....",주식꿀꿀이,UCUUCXJ1XriaaUfkVSxnFWcQ,2025-07-14 21:11:49,shorts,51.0,1743,16.0,8.0,15,1천 미만,451.9804393603588,3.8563615772104822,116.2,1.1550695825049702,1509.0,same_format,False,True,True,False,0.009179575444635685,0.004589787722317842,월,21,32,9.34603900653908,"주식, 썰, 경험담, 주식썰, 실패, 손실, 경제, 코스피, 국장, 주식이야기, 30대, 직장인, 복구, 손실복구, 손절, 회복, 물린주식",https://www.youtube.com/watch?v=Dk88cE_BKqg
sAkDYrGNySE,"[주식실패사연] 장인어른 노후자금에 주식빚투, 대부업체 하다 아내에게 걸리고 절망 속에서 발버둥 치고 있는 30대 남성",용의꼬리올라타다 Message,UCvS5hW5HVgvQD5sMKLaBJbA,2023-01-12 18:34:55,long,308.0,2123,30.0,2.0,68800,1만~10만,1366.0893976936923,1.554071061223494,0.030857558139534884,1.154431756389342,1839.0,same_format,False,False,True,False,0.01413094677343382,0.0009420631182289214,목,18,66,1.2082882339616818,"퇴근길 라디오, 사연읽어주는, 실제제보, 전업투자자, 신청사연, 주식 망하는 이유, 주식 빚투, 투자실패사연, 경제 뉴스",https://www.youtube.com/watch?v=sAkDYrGNySE
wY88tkcVMA4,"""25년 동안 속았습니다.."" 주식 -1억 손실 본 50대 자영업자",[주식] 더트레이딩tv,UCpqBzzbWNN7ImX40JUrXEfw,2026-05-22 18:15:31,long,1318.0,89568,1698.0,212.0,149000,10만~100만,140.10286991591437,639.301679214395,0.6011275167785235,1.1454294337306257,78196.0,same_format,False,False,True,True,0.018957663451232582,0.00236691675598428,금,18,37,2.9888144804108117,"wntlr, 주식, WNTLR, 테마",https://www.youtube.com/watch?v=wY88tkcVMA4
V_6y1rlj-2U,주식으로 날린 돈 복구하는 현실적인 방법 3가지,마르지 않는 투자,UCR4R3u3RFdjLlCWlOeg8I8A,2026-01-09 16:30:12,long,884.0,15908,667.0,42.0,19600,1만~10만,273.1760064899884,58.23351839863363,0.8116326530612245,1.1353125892092493,14012.0,same_format,False,False,True,True,0.04192858938898667,0.0026401810409856677,금,16,26,2.6295162855230347,"#주식투자, #주식공부, #주식기초, #주식초보, #경제적자유",https://www.youtube.com/watch?v=V_6y1rlj-2U
AHOyw0ZeCzc,실화사연-내 나이 마흔에 암걸렸다는 소식에 남편에게 신약 치료 받겠다 하자 모아둔 재산 주식으로 날렸다는 남편! /실화사연/신청사연/사이다썰/반전사연/사연라디오,사연읽어주는남녀,UCv9FeN8Yjqr3jGKzTNk9SLw,2026-04-03 15:47:42,long,3936.0,43010,1392.0,51.0,317000,10만~100만,189.2055203788773,227.31894880167349,0.1356782334384858,1.1345890049593754,37908.0,same_format,False,False,True,True,0.03236456637991165,0.0011857707509881424,금,15,89,4.92484321198144,"라디오드라마, 드라마, 사연읽어주는남녀, 사연남녀, 사연, 반전사연, 실화사연",https://www.youtube.com/watch?v=AHOyw0ZeCzc
LRhuJrWfnRw,직장인 망한 주식종목 탈출기원 day23,재테크근무,UCYqdLcXfcZI1sMBc8rJdV4g,2022-09-02 00:43:24,shorts,14.0,2617,3.0,0.0,707,1천 미만,1498.8335064899886,1.7460244841527235,3.7015558698727014,1.1329004329004329,2310.0,same_format,False,True,True,False,0.0011463507833397019,0.0,금,0,22,4.605774489766545,,https://www.youtube.com/watch?v=LRhuJrWfnRw
EPCbjBbVH8g,자본시장법 판례 분석. 고객의 손실에 대한 증권사 책임과 손해배상.,Jeons메모리,UCyPuWZD0Z2LLfxxKko8rqGA,2021-04-10 22:42:26,long,1058.0,370,9.0,0.0,130,1천 미만,2007.917511119618,0.18427051806211273,2.8461538461538463,1.1061285500747384,334.5,same_format,False,True,True,False,0.024324324324324326,0.0,토,22,37,1.1878554973787439,,https://www.youtube.com/watch?v=EPCbjBbVH8g
CHSd6PSdUuc,SK하이닉스 60조 역대급 실적에도 주가 폭락한 진짜 이유?! 💥#SK하이닉스 #주식투자 #주식전망 #HBM #반도체주식 #FOMC #금리인하 #SK하이닉스주가,경제매거진,UCu9kX98-cOONnIH7SirLFEg,2026-07-29 20:15:12,shorts,114.0,1343,17.0,8.0,264,1천 미만,72.01975648998842,18.647660939907407,5.087121212121212,1.1044407894736843,1216.0,same_format,False,True,True,True,0.012658227848101266,0.005956813104988831,수,20,89,6.061364095557886,"주식, 주식투자, 주식초보, 주식강의, 주식공부, 주식분석, 주식전망, 주식시장, 국내주식, 한국주식, 코스피, 코스닥, 상한가, 급등주, 주도주, 관심종목, 추천종목, 세력주, 테마주, 단타, 스윙, 데이트레이딩, 매매기법, 차트분석, 기술적분석, 캔들분석, 이동평균선, 거래량, 수급분석, 기관수급, 외국인수급, 프로그램매매, 실시간주식, 오늘의주식, 내일주식, 증시전망, 종목분석, 종목추천, 반도체, AI, 인공지능, 로봇, 방산, 조선, 원전, 2차전지, 바이오, ETF, 배당주, 가치투자, 삼성전자, SK하이닉스, 한화에어로스페이스, 현대로템, HD현대중공업, 한화오션, LG에너지솔루션, 두산에너빌리티, NAVER, 카카오, 미국증시, 나스닥, S&P500, FOMC, 금리인하, CPI, 엔비디아, 테슬라",https://www.youtube.com/watch?v=CHSd6PSdUuc
Q7SjKR9xwdg,"""코스피 4,904... 다들 환호할 때 저 혼자 한강 다리에 섰습니다"" 나라가 망하라고 제사 지내다 5억 날린 전직 증권사 부장의 최후 주식실패|노후파산|곱버스|인버스|오디오북",말년의고백,UCEytMXVXSNogCM41UV28i2Q,2026-01-20 13:30:18,long,3272.0,15770,488.0,57.0,7840,1천~1만,262.300937045544,60.12178293233399,2.0114795918367347,1.1024888143176734,14304.0,same_format,False,True,True,True,0.030944831959416615,0.0036144578313253013,화,13,99,1.3546150039917244,,https://www.youtube.com/watch?v=Q7SjKR9xwdg
CSMHAO7cvcg,"이혼 소송 중, 주식이 급등했어요! 재산분할 대상인가요?",이명숙 변호사의 이혼법정,UCDmflf8-AlTRJ0CMrjChYAA,2025-12-19 18:00:15,shorts,52.0,1513,10.0,3.0,14500,1만~10만,294.1134717677662,5.1442730280463795,0.10434482758620689,1.099563953488372,1376.0,same_format,False,False,True,True,0.006609385327164574,0.0019828155981493722,금,18,31,1.2065532118294882,"이혼, 이혼소송, 이혼전문변호사, 위자료, 양육권, 재산분할, 면접교섭권, 상간자소송, 이혼상담, 협의이혼, 이혼사유, 이혼준비, 이혼절차, 이혼소송비용, 이혼합의, 변호사상담, 이혼위자료증액, 이혼가정법원, 자녀양육, 위자료청구, 재산분할비율, 이혼조정, 이혼법률자문, 이혼변호사, 나우리변호사, 이명숙변호사, 변호사, 이혼전문 변호사",https://www.youtube.com/watch?v=CSMHAO7cvcg
tBt-Jvy_mlM,80% 손실 주식 8% 수익 내고 나오기 #shorts,구사일생94,UCZ6IkAFQDuHohcSr5EMtFeQ,2025-06-02 18:55:01,shorts,16.0,27213,91.0,14.0,15000,1만~10만,494.0754393603588,55.07863340713831,1.8142,1.0871284755512944,25032.0,all_formats,False,False,True,False,0.0033439900047771286,0.0005144600007349428,월,18,30,0.9763460475177677,"주식투자, 주식수익, 계좌공개, 주식손실, 주식단타, 대보마그네틱, 에스오에스랩",https://www.youtube.com/watch?v=tBt-Jvy_mlM
bdm8r6hYkwE,"투자리딩방 사기 피해금 회수, 형사고소로 전액 되찾은 방법｜형사전문변호사",로엘법무법인,UCHtZuwA-VYZJyDftQgtUjeA,2026-07-01 10:53:49,long,634.0,686,11.0,3.0,6780,1천~1만,100.40960602702548,6.832015652121586,0.10117994100294986,1.0828729281767955,633.5,same_format,False,True,True,True,0.016034985422740525,0.004373177842565598,수,10,40,8.771049503640972,"로엘법무법인, 로엘, 형사전문변호사, 형사변호사, 변호사, 사기전문변호사, 사기변호사, 사기, 사기죄, 사기죄전문변호사, 사기죄변호사, 투자, 투자 사기, 투자 사기 변호사, 투자사기변호사, 사기 고소, 사기 고소 변호사, 고소, 고소전문변호사, 고소변호사, 형사고소, 형사고소변호사, 형사고소전문변호사, 사기죄 고소, 사기죄 고소 변호사, 투자 사기 고소, 투자 사기 고소 변호사, 사기 징역형, 투자 사기 징역형, 징역, 처벌, 처벌수위, 사기죄 처벌, 사기 처벌, 사기 처벌 수위, 투자사기 처벌, 투자 사기 처벌, 투자리딩방, 리딩방, 리딩, 투자리딩방사기, 리딩방사기, 주식리딩방, 주식리딩, 고수익보장, 원금보장, 수익, 리딩방사기피해, 사기피해, 경제범죄, 사기범죄, 리딩방피해자, 사기피해자, 주식투자, 투자금, 원금, 가스라이팅, 가스라이팅사기, 고액유도, 거액, 수익보장, 기망, 기망행위, 허위, 과장광고, 수익보장발언, 확정수익, 금융감독원, 청약철회, 증거수집, 증거확보, 증거자료, 고소장접수, 고소장작성, 투자유도, 추가투자, 가담자, 수사선상, 고소장",https://www.youtube.com/watch?v=bdm8r6hYkwE
p2n54n2bNFw,매년 1억 모으는 신혼부부 ETF 포트폴리오는?#주식 #ETF #포트폴리오 #ETF추천,워르천,UC-o9WkDgRaej-KZn1veXeBw,2026-05-07 22:19:48,shorts,14.0,4941,15.0,57.0,1850,1천~1만,154.93322871221065,31.8911575074572,2.670810810810811,1.0814182534471437,4569.0,same_format,False,True,True,True,0.0030358227079538553,0.01153612629022465,목,22,48,1.403612678094382,,https://www.youtube.com/watch?v=p2n54n2bNFw
XaQvBiq_nm4,비상장 주식과 이혼 재산분할!,장샛별TV - 장샛별변호사,UCTXRq-TVNI4WqyaICZW2GQQ,2022-03-24 21:21:17,long,485.0,1542,26.0,2.0,4090,1천~1만,1659.9738652862845,0.9289302875464618,0.3770171149144254,1.0715774843641417,1439.0,all_formats,False,True,True,False,0.016861219195849545,0.0012970168612191958,목,21,16,1.4765668979775772,"이혼전문변호사, 장샛별변호사",https://www.youtube.com/watch?v=XaQvBiq_nm4
Ri7oDIrsmCc,주식 망한썰!,붉은햇살,UCsf7XtUL-81e8yBLxYszavQ,2026-08-28 10:25:27,shorts,41.0,1374,7.0,1.0,16,1천 미만,42.42930510109954,32.38327841396567,85.875,1.0647036032545525,1290.5,same_format,False,True,True,True,0.005094614264919942,0.000727802037845706,금,10,7,2.86931635106269,,https://www.youtube.com/watch?v=Ri7oDIrsmCc
T7VruXs7sEQ,은퇴 후 절대 해서는 안 되는 투자 10가지  #마음챙김,마음관리자,UCnNEAAlzr-0KfyKOXZH6oCA,2025-04-27 21:39:16,shorts,53.0,140,0.0,0.0,4,1천 미만,529.9613768603588,0.26417019449492646,35.0,1.0606060606060606,132.0,same_format,False,True,True,False,0.0,0.0,일,21,31,2.4259593291809303,"마음관리, 마음챙김, 은퇴, 은퇴준비, 노후대비, 투자실수, 은퇴재테크, 마음관리자, 투자주의사항, 안전한노후, 은퇴자금, 투자실패",https://www.youtube.com/watch?v=T7VruXs7sEQ
XUA-CMtCCpo,"우량주, 이때 아니면 절대 팔지 마세요  #자산관리 #노후준비 #경제적자유",어른의금융수업,UClU6tzeYdQ902LLZta0Ymbg,2026-06-01 17:15:10,shorts,5.0,10513,27.0,2.0,12500,1만~10만,130.14477963813658,80.7792677449765,0.84104,1.049306317995808,10019.0,same_format,False,False,True,True,0.002568248834775992,0.00019024065442785123,월,17,41,22.047340539547417,,https://www.youtube.com/watch?v=XUA-CMtCCpo
By1rdbKR6uw,쫄보가 욕심만 많다,창원개미TV,UCqsuesS39x5nUWcBH-1Q6YA,2022-03-28 15:30:02,long,825.0,34780,1608.0,124.0,404000,10만~100만,1656.2177888973958,20.99965368875449,0.08608910891089108,1.0483640035568416,33175.5,same_format,False,False,True,False,0.046233467510063256,0.003565267395054629,월,15,10,0.27987409552841436,,https://www.youtube.com/watch?v=By1rdbKR6uw
SKUDD_zZFM8,"“You Didn’t Hide Money, You Lied.”",Benzinga,UCqQs28K2zj2dOsc5NfXUKEg,2025-12-16 02:30:08,shorts,59.0,1991,19.0,2.0,302000,10만~100만,297.75938611961806,6.686607014967988,0.006592715231788079,1.0451443569553807,1905.0,all_formats,False,False,True,True,0.009542943244600702,0.0010045203415369162,화,2,34,21.707109078223116,"Benzinga, Benzinga Pro, Trading, Investing, Charts, Stocks, Options, Bonds, Education, News, NASDAQ, NYSE, day trading, day traders, options trading, stock market, stock trading, Dave Ramsey, The Ramsey Show, Dave Ramsey marriage advice, hiding money from spouse, secret millionaire marriage, financial deception in marriage, marriage and money trust, Dave Ramsey viral clip, wealth secrets marriage, couples and finances, money lies in marriage, Dave Ramsey relationship advice",https://www.youtube.com/watch?v=SKUDD_zZFM8
_-UmDvcvNsc,주식 중독으로 전 재산 잃고 모텔에서 일하는 40대,머니멘터리,UCDAmWzKQzoqmiSeFcAujgrg,2023-12-30 09:14:04,shorts,56.0,27270,132.0,11.0,301000,10만~100만,1014.4788768603589,26.880796261028177,0.09059800664451827,1.04282982791587,26150.0,all_formats,False,False,True,False,0.004840484048404841,0.00040337367070040337,토,9,28,3.8250838729328387,,https://www.youtube.com/watch?v=_-UmDvcvNsc
IFUXld2phrw,매매기법 알려드립니다,자두두 Jadoodoo,UCIOHzEDwgUuLBZwPKEUt1AQ,2024-09-16 18:00:15,shorts,26.0,364630,2500.0,100.0,234000,10만~100만,753.1134717677662,484.1634277821538,1.5582478632478634,1.037096028726846,351587.5,same_format,False,False,True,False,0.006856265255190193,0.0002742506102076077,월,18,11,2.612750689929479,,https://www.youtube.com/watch?v=IFUXld2phrw
KsqWuvR-sfo,60세 넘어서 '이곳' 투자했다가 전 재산 날렸습니다... 제발 조심하세요! 🛑,노후재테크연구소,UC_DYUIdXIdgVWG-_3A9PEpQ,2026-03-26 12:30:00,shorts,18.0,1361,3.0,1.0,67,1천 미만,197.34281204554398,6.896628186720579,20.313432835820894,1.0326251896813354,1318.0,same_format,False,True,True,True,0.002204261572373255,0.0007347538574577516,목,12,44,14.000617311168922,,https://www.youtube.com/watch?v=KsqWuvR-sfo
RHAkQT7FN3Q,주식투자ㅣ20년 전업투자자가 말하는 주식매매라는거,미라클miracle,UCskhvdwQ9V0VQbUy60QWVBA,2023-03-29 21:13:12,long,603.0,1332,47.0,0.0,22700,1만~10만,1289.9794787122107,1.032574565705292,0.0586784140969163,1.0325581395348837,1290.0,same_format,False,False,True,False,0.03528528528528529,0.0,수,21,27,7.000011342610971,"주식실패, 주식전업, 전업투자, 주식투자, 주식, 주식실패사연, 실화사연, 주식에 미치는 사람들, 주식단타, 주식공부, 주식초보, 주식강의, 기초강의",https://www.youtube.com/watch?v=RHAkQT7FN3Q
IQijdZE4QT0,"50대 60대 은퇴 후 주식 투자 원칙 | 노후 준비 자산 관리 총정리. 7억 노후 자금 지키는 법, 딱 '이 4가지' 원칙만 지키면 평생 돈 걱정 없습니다",만약에 머니,UCSqFJxc0zYKLTr2IwFth2pA,2026-02-22 19:00:22,long,1010.0,7702,244.0,5.0,33800,1만~10만,229.07172408258103,33.62265696844979,0.2278698224852071,1.0240659486770376,7521.0,same_format,False,False,True,True,0.031680083095299925,0.0006491820306413919,일,19,87,3.3333348030576735,"만약에머니, 만약, 경제심리, 행동경제학, 자본주의시뮬레이션, 지식, 상식, 인문학, 자본주의, 시장경제, 경제학, 경제, 경제뉴스, 시사경제, 생활경제, 환율, 외환, 한국경제, 경제공부, 재테크, 주식, 경제위기, 경기침체, 가계부채, 금리인상, 역사, 세계사, 한국사, 돈의역사, 역사속경제, 투자, 금융, 부자되는법, 세계경제, 경제용어, 기초경제, 부의법칙, 돈버는법, 비트코인, 재테크기초, 경제전망, 거시경제, 미시경제, 50대재테크",https://www.youtube.com/watch?v=IQijdZE4QT0
A7aXyCbNlRQ,코스피 7천의 거대한 배신! 삼전닉스 안 사면 바보인가요? 70대 주식 투자자가 증권앱을 삭제한 이유 | 노후자금사연 | 오디오북,은빛시나리오,UCowMNQXcxSJJ7Kyc41Q4Pzw,2026-05-20 07:00:16,long,2816.0,33002,1215.0,156.0,28800,1만~10만,142.57179352702548,231.47636137258974,1.1459027777777777,1.0229372016613973,32262.0,same_format,False,False,True,True,0.03681595054845161,0.004726986243257985,수,7,72,1.5086203133430331,"주식, 은퇴후삶, 코스피, 주식투자, 투자실패, 주식투자실패, 시니어재테크, 오디오북, 반도체, 삼전닉스, 삼성전자, 노후사연, 노후대비, 노후준비",https://www.youtube.com/watch?v=A7aXyCbNlRQ
m8UhE33u40c,"은퇴 후 나의 자산 포트폴리오, '이렇게' 가져가세요 (홍춘욱 박사)",홍춘욱의 경제강의노트,UCmNbuxmvRVv9OcdAO0cpLnw,2026-04-29 18:24:00,long,698.0,48982,862.0,33.0,384000,10만~100만,163.09697871221064,300.3243860600886,0.12755729166666666,1.0217035345160248,47941.5,same_format,False,False,True,True,0.017598301416847005,0.0006737168755869503,수,18,38,3.5617996982364146,"홍춘욱, 투자, 홍춘욱박사, 주식투자, 투자전략, 미국주식, 채권, 금, 금투자, 금값, 투자4분법, 투자5분법, 한국주식, 미국주식투자, ETF투자, 자산배분, 코스피, 국장, 주식, 부자",https://www.youtube.com/watch?v=m8UhE33u40c
-CCb_hLHK2E,[코인사기 판결 리뷰 / 230629] 코인사기 판결 리뷰 + 간단한 법률상담,빡친변호사 ANGRYLAWYER,UCv3K9-g6ZXMbZ36hjUsBXkA,2023-06-30 12:23:13,live,4085.0,2466,232.0,,101000,10만~100만,1197.3475226936923,2.0595524300682557,0.024415841584158417,1.018166804293972,2422.0,all_formats,False,False,True,False,0.09407948094079481,,금,12,43,2.0591541043966615,"사기, 변호사, 카라큘라, 코인사기, 법원, 판결, 사기판결",https://www.youtube.com/watch?v=-CCb_hLHK2E
qA0oI6rH6SQ,장전30초! #이민 #shorts #260513 #장전주식소식 #미리보기,이민 주챔TV,UC7vq18tJ0ePP4DWSSiS8yRg,2026-05-13 08:25:47,shorts,31.0,1423,34.0,,49800,1만~10만,149.5124069529514,9.517604786121796,0.02857429718875502,1.0164285714285715,1400.0,same_format,False,False,True,True,0.023893183415319746,,수,8,40,15.686543031393317,"머니투데이, MTN, 주챔콜, 주식챔피언콜, 이데일리, 주챔쇼, 김현구멘토, 황소개구리김현구멘토, 멘토링, 강의, 동영상, 주식, stock, 증권, 황소개구리, 주식초보, 주식하는법, 주식차트, 주식챔피언, 한국경제tv, 서울경제tv, 경제, 경제방송, sbscnbc, 김현구, sctv, 챔피언, 강연회, 증권강연회, 주식공부, SC주식아카데미, 주식강의, 주챔종목, 주챔, 문현진, 문현진 멘토, 메뚜기전문가, 이데일리tv, 캔들, 거래량, 이평선, 수급, 시황, 외국인, 기관, 금리인상, 금리, 주식기초, 주식입문, 주식강좌, 주식부자, 주식방송, 주식고수, 주식실패, 주식단타, 주식용어, 주식전문가, 주식이란, 황민혁, 경제지, 김선규, 원달러, 환율, 외환, 김두호, 역발상투자, 주식스쿨, 주식챔피언주식스쿨",https://www.youtube.com/watch?v=qA0oI6rH6SQ
hFpz4iWvI54,장후30초! #이민 #shorts #260917 #장중주식소식 #미리보기,이민 주챔TV,UC7vq18tJ0ePP4DWSSiS8yRg,2026-09-17 14:46:40,shorts,34.0,1419,46.0,,49800,1만~10만,22.247904638136575,63.78128741021301,0.02849397590361446,1.0135714285714286,1400.0,same_format,False,False,True,True,0.03241719520789288,,목,14,40,15.686543031393317,"머니투데이, MTN, 주챔콜, 주식챔피언콜, 이데일리, 주챔쇼, 김현구멘토, 황소개구리김현구멘토, 멘토링, 강의, 동영상, 주식, stock, 증권, 황소개구리, 주식초보, 주식하는법, 주식차트, 주식챔피언, 한국경제tv, 서울경제tv, 경제, 경제방송, sbscnbc, 김현구, sctv, 챔피언, 강연회, 증권강연회, 주식공부, SC주식아카데미, 주식강의, 주챔종목, 주챔, 문현진, 문현진 멘토, 메뚜기전문가, 이데일리tv, 캔들, 거래량, 이평선, 수급, 시황, 외국인, 기관, 금리인상, 금리, 주식기초, 주식입문, 주식강좌, 주식부자, 주식방송, 주식고수, 주식실패, 주식단타, 주식용어, 주식전문가, 주식이란, 황민혁, 경제지, 김선규, 원달러, 환율, 외환, 김두호, 역발상투자, 주식스쿨, 주식챔피언주식스쿨",https://www.youtube.com/watch?v=hFpz4iWvI54
hAUVpVzpBKU,주식 단타로 돈 벌어도 결국 깡통차는 이유,마르지 않는 투자,UCR4R3u3RFdjLlCWlOeg8I8A,2026-07-03 14:00:07,long,716.0,14012,579.0,53.0,19600,1만~10만,98.28023102702547,142.5719074281269,0.7148979591836735,1.005201047383335,13939.5,same_format,False,False,True,True,0.041321724236368824,0.003782472166714245,금,14,23,2.6295162855230347,"#주식투자, #주식공부, #주식기초, #주식초보, #경제적자유",https://www.youtube.com/watch?v=hAUVpVzpBKU
IE4WNsueaII,"""고수익 보장"" 외치던 주식 리딩방 팀장의 최후💸🤮",명랑저격수,UCUo0x5oLlyUaCSHhk09aNfA,2026-09-05 18:00:28,shorts,33.0,1585,15.0,0.0,74,1천 미만,34.11332130480324,46.46278753798235,21.41891891891892,0.9968553459119497,1590.0,same_format,False,True,True,True,0.00946372239747634,0.0,토,18,28,0.5435939773530203,"명랑저격수, 사회비판, 이슈분석, 교육사기, 온라인강의, 풍자, 탈곡기, 괴인기, 자백기",https://www.youtube.com/watch?v=IE4WNsueaII
-jqORI2_6-Q,#shorts 생활비 때문에 싸우는 부부의 진짜 문제 #돈은 갈등의 시작일 뿐,박상희변호사의 이혼특강,UCOSOnyaXAxFzdgktPhwGcYA,2026-07-31 00:00:39,shorts,29.0,1907,13.0,0.0,1150,1천~1만,70.86319398998842,26.911008277010797,1.6582608695652175,0.9950430472214975,1916.5,same_format,False,True,True,True,0.0068169900367068695,0.0,금,0,43,1.7027463259897706,,https://www.youtube.com/watch?v=-jqORI2_6-Q
V4RoMOh3R_o,주식투자로 폭언 남편.. 변호사들의 반응은???,이혼전 조변,UCPnvCaLI0n7HJLcoQAxfnDQ,2025-10-20 17:00:37,shorts,55.0,1885,13.0,2.0,2480,1천~1만,354.15488380480326,5.322530017795661,0.7600806451612904,0.9936742224565103,1897.0,same_format,False,True,True,True,0.006896551724137931,0.0010610079575596816,월,17,39,0.6622853600561333,,https://www.youtube.com/watch?v=V4RoMOh3R_o
LEh1uL2FjKo,장사 접고 주식전업 뛰어들어 미수몰빵한 50대 가장,[주식] 더트레이딩tv,UCpqBzzbWNN7ImX40JUrXEfw,2026-06-19 18:15:21,long,1558.0,78196,1484.0,240.0,149000,10만~100만,112.1029856566551,697.5371756778703,0.5248053691275167,0.9929083417455511,78754.5,same_format,False,False,True,True,0.01897795283646222,0.0030692107013146454,금,18,28,2.9888144804108117,"wntlr, 주식, WNTLR, 테마",https://www.youtube.com/watch?v=LEh1uL2FjKo
ysKDdNTSXZ0,슈퍼개미에게 월100만원 강의듣고 망한 썰 #주식 #증시 #코스피,시간의 경제연구소,UC0VtBhSB1QwW2_rmIBxRKbA,2026-04-17 09:51:17,shorts,39.0,1616,1.0,0.0,18,1천 미만,175.4530319529514,9.210442145185262,89.77777777777777,0.9920196439533456,1629.0,same_format,False,True,True,True,0.0006188118811881188,0.0,금,9,36,15.51831638583338,,https://www.youtube.com/watch?v=ysKDdNTSXZ0
lEAsOSjnDpk,전업투자자 단타로 계좌 손실나는 과정 #주식 #단타 #shorts,대왕개미 홍인기,UCHKRLOqgrKhIgoCKJ3UkNhg,2024-05-12 15:39:29,shorts,29.0,49108,573.0,19.0,331000,10만~100만,880.2112263973959,55.791153904038964,0.14836253776435046,0.9899010260235038,49609.0,same_format,False,False,True,False,0.011668159973935001,0.000386902337704651,일,15,36,2.2637411106614573,"단타, 주식, 주린이, 단타하다물림, 대왕개미홍인기, 대왕개미 홍인기, 홍인기, 홍인기 주식, 처음부터 시작하는, 주식투자 단타전략, 처음부터 시작하는 주식투자 단타전략, 홍인기매매법, 홍인기장대양봉, 단기투자, 단투, 장투, 단타매매, 데이트레이더, 전업투자자, 데이트레이딩, 손실, 손절, 익절, 마이너스, 물타기, 불타기, 불나방매매, 월별실현손익, 주식계좌",https://www.youtube.com/watch?v=lEAsOSjnDpk
DqIxu3GUZoI,슈퍼개미 믿고 망한 썰: 주식 다마고찌 0420,시간의 경제연구소,UC0VtBhSB1QwW2_rmIBxRKbA,2026-04-20 10:32:13,shorts,35.0,1603,2.0,0.0,18,1천 미만,172.42460602702548,9.296816950527056,89.05555555555556,0.9840392879066913,1629.0,same_format,False,True,True,True,0.0012476606363069245,0.0,월,10,26,15.51831638583338,,https://www.youtube.com/watch?v=DqIxu3GUZoI
HIgaIAGgfl0,5년 만에 손실 복구 했습니다. | 전재산 주식 투자 중인 30대 직장인 계좌 공개,구사일생94,UCZ6IkAFQDuHohcSr5EMtFeQ,2025-12-15 09:15:01,long,611.0,24663,890.0,369.0,15000,1만~10만,298.4782171381366,82.6291453911556,1.6442,0.9804022897121959,25156.0,same_format,False,False,True,True,0.03608644528240684,0.014961683493492276,월,9,46,0.9763460475177677,"주식, 주식투자, 국내주식, 미국주식, 재테크, 계좌공개, 손실복구, 마이너스계좌, 전업투자, 직장인투자, 30대직장인, 코스닥, 증시전망, 에코프로비엠, 두산퓨얼셀, 로킷헬스케어, 유한양행, 수소주, 바이오주, 단기매매, 중장기투자, 분할매수, 주식회복, 파이어족, 파이어, FIRE, 직장인재테크, 투자유튜브, 주식브이로그, 파인엠텍, 이차전지 관련주, 2차전지 관련주, 트라이폴드폰, 트라이폴드폰 관련주, 폴더블폰, 폴더블폰 관련주, 비트코인, 코인투자, 재테크브이로그, 주식계좌공개, 물타기, 전재산투자, 개인투자자, 코스피, 시장분석, 현대차, 로봇주, 자동차주, 실전매매, 분할매도, 주식실패, 재무자유, 월급투자, 월급쟁이탈출, 돈공부, 주식유튜버",https://www.youtube.com/watch?v=HIgaIAGgfl0
u60rpD4mwJw,남편몰래 주식 사버리기 #부부 #정반대부부 #부부시트콤#주식투자 #주식,탄수호부부,UCltEHqVGne0n836B3d72sqw,2026-08-17 20:35:10,shorts,58.0,3834,13.0,0.0,846,1천 미만,53.00589074924768,72.33158326000618,4.531914893617022,0.9780612244897959,3920.0,same_format,False,True,True,True,0.003390714658320292,0.0,월,20,39,0.9288292282654652,,https://www.youtube.com/watch?v=u60rpD4mwJw
Q-Iw8OOxIcw,레버리지 투자는 나쁜 거예요?,머니코믹스 Money Comics,UCJo6G1u0e_-wS-JQn3T-zEw,2026-06-02 18:00:02,long,580.0,407701,4744.0,580.0,1440000,100만+,129.11362223072916,3157.691597184288,0.28312569444444446,0.9667804889616087,421710.0,same_format,False,False,True,True,0.011635978327254532,0.0014226111782899723,화,18,16,16.469475917748476,"슈카, 슈가, 수카, 수가, 슈카월드, 수카월드, 니니, 닝닝, 알상무, 알렉스, 새우, 니황, 알플릭스, 알포인트, 알뉴스, 니포터, 국장, 국장은지금, 주식, 주식은지금, 시장, 시장은지금, 곱버스, 곱버스도국장, 조롱, 조롱도롱, 했제, 채권, 선물, 옵션, 만기, 연말정산, 엔비디아, 미장, 폭락, 딥시크, ai, 트럼프, 테슬라, 젠슨황, 머스크, 팔란티어, 니케이, 유아이패스, 유아이, 라피키, 박종훈, 관세, 티커, 티커좌, 바이킹, 원유, 환율, 구리, 커피, 원자재, 박팀장, 바이킹스, 미국시황, 미국시장, 국내주식, 한국주식",https://www.youtube.com/watch?v=Q-Iw8OOxIcw
Ii1zcUbERfw,장후30초! #문현진 #shorts #260722 #장중주식소식 #미리보기,문현진 주챔TV,UCeOowfLeJY_6-YbRGxFtXNA,2026-07-22 15:46:24,shorts,34.0,2686,58.0,,33300,1만~10만,79.20642315665509,33.91139118462158,0.08066066066066066,0.9637603157517043,2787.0,same_format,False,False,True,True,0.021593447505584513,,수,15,41,12.106697477891464,"문현진, 주챔tv, 문현진주챔tv, 주식챔피언, 주챔, 주식, 경제, 이데일리tv, 종목상담, 주챔쇼, 주식챔피언쇼, 증권, 종목, 종목추천, 한국경제TV, 주린이, 주식초보, 주식공부, 시황, 주식기초",https://www.youtube.com/watch?v=Ii1zcUbERfw
qT3mgd05s3s,"""4억 날리고 쪽방 신세"" 혹하는 수익인증 주식리딩방 사기수법｜코인 리딩방｜형사전문변호사",해결하는 변호사 송현영,UCthvY96ExzLeuyfSpG_yKcA,2025-07-21 08:30:17,long,854.0,115400,2159.0,188.0,98900,1만~10만,445.50928195295137,259.0293955136651,1.166835187057634,0.9634570910942836,119777.0,same_format,False,False,True,False,0.018708838821490468,0.0016291161178509533,월,8,49,2.4438332526669018,,https://www.youtube.com/watch?v=qT3mgd05s3s
Xe77BPxIG-c,문자 넣는 순간 사기 당합니다,코인덕 차트아지,UCydQdEuqyEl1zZb3bL-GI_w,2025-01-18 17:30:21,long,437.0,13979,194.0,31.0,57600,1만~10만,629.134235656655,22.2194234675681,0.24269097222222222,0.9617475060199518,14535.0,same_format,False,False,True,False,0.013877959796838115,0.002217612132484441,토,17,16,7.689491028927133,"비트코인, 이더리움, 코인, 코인정보, 코인투자, 코인전망, 비트코인실시간, 비트코인실시간분석",https://www.youtube.com/watch?v=Xe77BPxIG-c
GF2jswGAP8A,"“아이 대학 등록금인데…” 몰래 주식 투자해서 돈 날린 남편, 유책사유 될까요? | 이혼전문 양나래 변호사",양나래 변호사,UCR9YgzFmGQDgtqMJjnIo6Ew,2026-09-16 20:00:18,long,530.0,7920,38.0,8.0,54000,1만~10만,23.030103712210646,343.8977131397279,0.14666666666666667,0.9594185342216839,8255.0,same_format,False,False,True,True,0.004797979797979798,0.00101010101010101,수,20,59,3.6842230943282943,"이혼, 변호사, 이혼사유, 이혼브이로그, 이혼변호사, 이혼재산분활, 이혼전문변호사, 파혼, 파혼사유, 불륜, 치정, 바람난남편, 바람난아내, 변호사추천, 사랑과전쟁, 이혼절차, 이혼소송후기, 이혼후기, 사연, 사이다썰, 네이트판, 실화, 처제, 사연읽어주는, 시어머니, 고부갈등, 칠썰사이다, 아줌마, 외로운, 내연녀, 우리이혼했어요",https://www.youtube.com/watch?v=GF2jswGAP8A
6MQTEYdV6LM,[주식강의] 상장폐지 시즌 우리에게 주는 교훈,주식해서직장퇴직하기,UC2f10-Z_LcwAH9QiTzAeplA,2020-11-04 18:22:00,long,610.0,688,63.0,19.0,44400,1만~10만,2165.0983676010997,0.31776847199893965,0.015495495495495495,0.9568845618915159,719.0,same_format,False,False,True,False,0.09156976744186046,0.027616279069767442,수,18,25,2.195969031608157,"소수몽키, TV주식의강해, 강해, 창원개미, 기훈TV, 냉철, 슈카월드, 달팽이주식, 돌디, 신사임당, 주직퇴, 주식초보강의, 직장인주식, 기본적분석, 기술적분석, 차트보는법, 주식초보, 주식입문, 주식기초, 단타매매기법, 단타종목선정, 시윤주식, 단타장인, 단타주식, 급등주, 주식차트강의, 김단테, 삼프로",https://www.youtube.com/watch?v=6MQTEYdV6LM
mder-opXfws,도파민을 경험한 뇌의 폭주 🧠 고장난 전두엽 | 주식 중독 | 지식채널e,EBS 컬렉션 - 사이언스,UCiFYUP4_TI70yCkkVJAlxoA,2026-04-06 20:01:10,long,276.0,31218,515.0,129.0,1350000,100만+,186.0295018603588,167.81209264019574,0.023124444444444444,0.9550878051765281,32686.0,same_format,False,False,True,True,0.016496892818245883,0.004132231404958678,월,20,40,12.923021696488478,"EBS, ebs, EBS컬렉션, collection, 자연, nature, 자연다큐, 다큐, 생태계, 생태도감, 메이킹, BBC, 내셔널지오그래픽, 디스커버리, 과학, 과학채널, science, 과학정보, 미래과학, 생명과학, 유전자, 우주",https://www.youtube.com/watch?v=mder-opXfws
ywV7cyfNk8U,주가조작하던 회사에서 잘렸는데 대법원이 유죄라고 한 이유,판례인사이트 365,UCJKLBayhZ5BSI_U12aH_t6A,2026-05-06 19:17:16,long,324.0,19,3.0,0.0,214,1천 미만,156.05998797146992,0.12174805500736986,0.08878504672897196,0.95,20.0,same_format,False,True,True,True,0.15789473684210525,0.0,수,19,31,2.7158445279594576,,https://www.youtube.com/watch?v=ywV7cyfNk8U
Y1RNxQHbiEM,AI 자동 매매 사이트 다 믿지 마세요. 내 퇴직 연금 날아갑니다.,썬데이 로소코,UC1HFpvFDkRfVZa3FzL0R9CQ,2026-09-26 07:00:04,shorts,34.0,1339,2.0,0.0,182,1천 미만,13.571932415914352,98.65949512317775,7.357142857142857,0.9436222692036645,1419.0,same_format,False,True,False,True,0.0014936519790888724,0.0,토,7,37,2.0114990696816806,,https://www.youtube.com/watch?v=Y1RNxQHbiEM
D_4Whq-XBkw,코인 주식 망한 썰 푼다...,안과의사 고병우의 눈누난나,UCr9pIwcCd2SgxVgutzUnAzA,2026-01-24 17:30:18,shorts,41.0,1344,6.0,0.0,2380,1천~1만,258.1342703788773,5.206592669881997,0.5647058823529412,0.9424964936886395,1426.0,same_format,False,True,True,True,0.004464285714285714,0.0,토,17,16,3.929825582800671,"주식 망한 의사, 코인 망한 의사, 투자 실패 썰, 주식으로 돈 날림, 코인으로 돈 잃음, 의사 투자 실패, 현실 투자 후기, 주식 물림, 코인 물림, 비트코인 손실, 알트코인 폭락, 투자 망한 썰, 월급 삭제 투자, 영끌 투자 실패, 존버 실패, -80퍼 손실, 계좌 녹음, 주식 코인 공감, 투자 흑역사, 웃픈 투자 썰, 주식, 투자, 재테크",https://www.youtube.com/watch?v=D_4Whq-XBkw
xVn0Ylw86Uk,주식투자 실패하는 이유. 주식 망하는 이유,시윤주식,UCv-spDeZBGYVUI9eGXGaLSg,2026-08-20 06:30:26,long,490.0,20424,1030.0,48.0,367000,10만~100만,50.59251111961805,403.6961113021383,0.05565122615803815,0.9283214399345484,22001.0,same_format,False,False,True,True,0.05043086564825695,0.0023501762632197414,목,6,23,3.1914964350541557,"주식초보, 주식입문, 주식강의, 주식기초, 주식투자, 주식공부, 매매원칙, 투자원칙, 매매기준, 주식매매, 투자전략, 매수기준, 손절기준, 분할매수, 리스크관리, 단타매매, 스윙매매, 시윤주식",https://www.youtube.com/watch?v=xVn0Ylw86Uk
wf4CZd5FUhI,"""60·70대 평균 자산은 00억원?"" 은퇴 후 90%가 고민하는 현실적인 생활비 (이상건 센터장 통합본)",책과삶,UCgUaqrLRGLL-dHislR1e2TA,2026-02-23 18:01:19,long,2351.0,508800,3206.0,280.0,1250000,100만+,228.11273102702546,2230.4761234028642,0.40704,0.9256277731993647,549681.0,same_format,False,False,True,True,0.006301100628930818,0.000550314465408805,월,18,59,6.250024543333813,"한국, 대한민국, 책추천, 독서법, 자기계발, 교양, 지식",https://www.youtube.com/watch?v=wf4CZd5FUhI
HuB73XjeUXo,남편 몰래 주식했다가 #주식 #주식투자 #재테크 #SK하이닉스 #빚투,꾸미머니,UCwIrieudR3EGFhOVrAr8x3A,2026-09-05 18:59:02,shorts,32.0,1429,5.0,1.0,20,1천 미만,34.07265000850695,41.93979627775416,71.45,0.9195624195624196,1554.0,same_format,False,True,True,True,0.0034989503149055285,0.0006997900629811056,토,18,38,6.2308280727239005,,https://www.youtube.com/watch?v=HuB73XjeUXo
Z7mX0brmVqo,상장 1년도 안 돼 상폐된 제일엠앤에스… 전재산 날린 개미들,소주연대 - 소액 주주를 위한 연대,UC3wBHJbpd7fcUE6C7LZHHsQ,2025-04-09 20:56:38,long,635.0,1267,25.0,7.0,3940,1천~1만,547.9909833418403,2.312081838050312,0.32157360406091373,0.9174511223750905,1381.0,same_format,False,True,True,False,0.01973164956590371,0.0055248618784530384,수,20,33,6.057335565573662,"제일엠앤에스, 상장폐지, 거래정지, 회계감사거절, 주식, 투자, 소액주주",https://www.youtube.com/watch?v=Z7mX0brmVqo
gQPTUX4bdUY,😱그때 살걸? 팔걸? 이제 그만! 투자 후회를 줄이는 전략들 (feat. 급등락 증시 대처법),미키피디아,UCt9m3iBPn0e0z0B_t-Va7sw,2026-04-06 18:00:53,long,1146.0,179842,3486.0,619.0,377000,10만~100만,186.1130319529514,966.305250700893,0.4770344827586207,0.9091010190876739,197824.0,same_format,False,False,True,True,0.019383681231303032,0.0034419101211063045,월,18,52,1.195560059991496,"주식, 주식 기초, 주식 시작하는법, 주식 투자, 주식 투자 전략, 주식 투자 기초, 주식공부, 주식강의, 주식초보, 투자 공부, 투자 기초 공부, 미국주식, 주식입문, 주식용어, 주식기초, 주식하는법, 투자, 주식교육, 주식왕초보, 재테크, 투자 멘탈, 투자 마인드, 매도 타이밍, 매수 타이밍, 주식용어정리, 분산투자, 투자 공부 기초, 주식 공부 기초, 주식 공부법, 주식 강의, 주식 언제, 주식시작, 코스피, 주식차트, 개미투자자, 개미투자, 주식단타, 주식 잘하는법, 주식전망, 주식시황, 코스닥, 주식 초보",https://www.youtube.com/watch?v=gQPTUX4bdUY
RV91OD5WibY,640) 상가 기둥으로 인한 해제? 전직 부장판사의 법률상식 쇼츠,부장판사 출신 김익현 변호사,UCMVmOvg3eMUr8eD9zDOTUQw,2023-07-29 08:15:01,shorts,58.0,404,15.0,7.0,159000,10만~100만,1168.5198838048034,0.345736521559685,0.002540880503144654,0.9017857142857143,448.0,same_format,False,False,True,False,0.03712871287128713,0.017326732673267328,토,8,36,14.58345992586741,,https://www.youtube.com/watch?v=RV91OD5WibY
69-eycL-9ng,부부가 주식을 함께하면 안되는 이유,테미녀 : 테슬라에 미친 여자,UCmCzEQuec5F1de8kNY94bEA,2026-03-05 18:00:09,long,700.0,20384,536.0,194.0,267000,10만~100만,218.11354121221066,93.45591239641402,0.07634456928838951,0.8942704220408879,22794.0,same_format,False,False,True,True,0.02629513343799058,0.009517268445839874,목,18,19,11.666680169768714,"주식 브이로그, 주식하며 여행하기, 테슬라 주식, 테슬라 주가, 테슬라 올인, Tsla, Tsll, Tsly, Tsl3, 부부 브이로그, 미국주식, 비트코인, 엔비디아, 나스닥, 배당투자, 테슬라 배당, 도지코인, 테슬라 fsd, 테슬라 자율주행, 반도체etf, 테슬라 뉴모델y, 테슬라 주니퍼, tqqq, qqq, 미국주식etf, tslq, 일론머스크, 테슬라 로보택시, 구글, 팔란티어, 미국금리인하, soxx, avgo, meta, metu, 인베스팅닷컴, 미국주식정보, 테슬라 인도량, amzn, X.ai, 옵티머스, 테슬라 실적발표, msfl, msft, 마이크로소프트, 미국 이란 전쟁, sk 텔레콤, 광통신장비주",https://www.youtube.com/watch?v=69-eycL-9ng
gzf2_nbIkIc,😱 세력 작전치는데 동호회 물량이 들어오면 이런짓까지 합니다 ㄷㄷ 조심하세요!,1분주식,UCI9oLnJOXVgcvtvsmzl04gQ,2023-09-14 17:39:22,shorts,36.0,129435,1221.0,30.0,291000,10만~100만,1121.1279740825812,115.45069161789192,0.4447938144329897,0.8884152870439008,145692.0,same_format,False,False,True,False,0.009433306292733805,0.00023177656738903696,목,17,43,0.4617499700870307,,https://www.youtube.com/watch?v=gzf2_nbIkIc
Hqg14HYe7dg,퇴직자/은퇴자들이 주식으로 골로가는 과정,김빌리,UCU9eFsh4SXRi_I6Vz6N241Q,2026-08-12 16:45:28,long,604.0,5508,77.0,28.0,4470,1천~1만,58.16540463813657,94.69546432740948,1.2322147651006712,0.8844640706543557,6227.5,same_format,False,True,True,True,0.013979665940450255,0.005083514887436456,수,16,22,1.8896025929546691,#퇴사 #퇴사후 #주식투자 #주식실패 #퇴직금 #은퇴 #전업투자 #신용대출 #투자심리 #40대퇴사 #자영업 #홀로서기 #퇴사고민 #퇴사자주식 #삼성전자 #하이닉스 #명예퇴직 #은퇴,https://www.youtube.com/watch?v=Hqg14HYe7dg
MKADv9KghMU,"은퇴 후 주식투자, 이 3가지를 모르면 시작하지 마세요",경제키보드,UCehdMLyvZbfzDim2B5ebpWw,2026-09-12 19:21:08,shorts,45.0,1065,2.0,0.0,913,1천 미만,27.057302786284726,39.36090778936937,1.1664841182913472,0.8533653846153846,1248.0,same_format,False,True,True,True,0.0018779342723004694,0.0,토,19,30,14.693870411141685,"은퇴 후 주식투자, 은퇴 자금 관리, 퇴직금 투자, 노후 자금 지키는 법, 시니어 주식투자, 주식 초보 주의사항, 안전한 재테크, 주식투자 원칙, 노후 준비, 은퇴 후 재테크",https://www.youtube.com/watch?v=MKADv9KghMU
2jo73EzmbY8,아빠처럼 안 산다더니 왜 닮아갈까? #이혼 #부부갈등 #부부문제 #시댁 #가족환경 #결혼생활,빛변TV - 김한빛 변호사,UCiRgPyS47RaZK8fHbFO_RCw,2026-09-01 09:17:16,shorts,23.0,1578,7.0,0.0,2460,1천~1만,38.47665463813658,41.01188148607772,0.6414634146341464,0.8452062131762186,1867.0,same_format,False,True,True,True,0.004435994930291508,0.0,화,9,51,3.1773580456978476,"이혼, 이혼변호사, 부부갈등, 부부문제, 남편, 시아버지, 시댁, 가족환경, 결혼생활, 배우자선택",https://www.youtube.com/watch?v=2jo73EzmbY8
FA0mcdoMTtI,집을 담보로 대출받아 주식하는 남편 때문에 힘든 아내 #shorts #경제심리,정우식 박사와 아름다운 부자들,UCJogwlgKh_EUkSPVgRGRsIg,2025-06-18 10:00:13,shorts,60.0,1389,9.0,3.0,1070,1천~1만,478.4468282492477,2.903143919007021,1.2981308411214953,0.8407990314769975,1652.0,same_format,False,True,True,False,0.0064794816414686825,0.0021598272138228943,수,10,53,1.0458496473543013,"#NPTI검사, #MSIG검사, #정우식박사, #정박아부, #경제심리, #부부상담, #부부갈등, #돈문제, #재태크, #주식, #주택담보대출, #사업가, #투자문제",https://www.youtube.com/watch?v=FA0mcdoMTtI
ccHZFwfsXyI,"주식실패사연｜요즘 빚투, 영끌하는 분들… 제발 이 영상 끝까지 보세요｜마지막까지 본 사람만 알게 될 투자 비밀",용의꼬리올라타다 Message,UCvS5hW5HVgvQD5sMKLaBJbA,2026-05-18 17:28:35,long,1291.0,1635,34.0,2.0,68800,1만~10만,144.13546250850695,11.343495705669946,0.02376453488372093,0.8378170637970792,1951.5,same_format,False,False,True,True,0.020795107033639144,0.0012232415902140672,월,17,61,1.2082882339616818,"주식투자, 투자마인드, 데이트레이딩, 개인투자자, 마인드컨트롤, 투자원칙, 실전투자, 삼성전자",https://www.youtube.com/watch?v=ccHZFwfsXyI
Um2oFVhIQz4,디어패스 캐피탈 사기 Deerpath Capital IPO 공모주 주식 리딩방 투자 피해 대응 사칭,법무법인윤빛,UCsojohjr8O8RQb--made16A,2026-03-30 18:42:37,shorts,24.0,10,0.0,0.0,7,1천 미만,193.0840504714699,0.05179091683431201,1.4285714285714286,0.8333333333333334,12.0,same_format,False,True,True,True,0.0,0.0,월,18,55,2.1193400078059557,"피해상담, 피해대응, 금융피해예방, 금융상담, 피해예방, 분쟁해결, 피해회복, 금융사기, 리딩방사기, 금융범죄, 금융범죄대응, 피해무료상담, 무료상담, 피해구제, 주식사기, 리딩사기, 가상화폐사기, 로맨스스캠, 팀미션사기, 폰지사기, 코인사기, 팀미션, 리딩방투자사기, 투자사기, 리뷰부업알바, 부업알바사기, 부업팀미션사기, 해외선물, 해외선물사기, 1:1리딩, 1:1리딩방, 해외선물 사기, 옵션거래 사기, 채굴다단계사기, 코인에어드랍, 채굴다단계, 거래소사칭, AI 자동매매, AI자동매매사기, 거래소사기, 해외거래소사기, 텔레그램리딩방, 텔레그램사기, 코인투자사기, 거래소 사기, 영상시청부업, 테더 스테이킹, 이채원 대표, DC MIN, Deerpath Capital, 디어패스 캐피탈, 붉은질주 818, 퀸텀 로드 프로젝트, 학습나눔 리딩방, 데이트레이딩",https://www.youtube.com/watch?v=Um2oFVhIQz4
YBv7MYNebRc,생활비까지 주식한 남편… 아내에게 숨긴 진짜 이유 | 편드마,편드마(편지로 드리는 마음),UCc_bQSYL9hBtC-bELramuFA,2026-05-11 20:00:56,shorts,117.0,1019,19.0,4.0,234,1천 미만,151.02966389739584,6.747018921344301,4.354700854700854,0.8331970564186427,1223.0,same_format,False,True,True,True,0.018645731108930325,0.003925417075564278,월,20,33,4.552864721501385,"편드마, 사연드라마, 편지드라마, 공감드라마, 고민상담, 가족갈등, 부모자식갈등, 댓글토론, 인생조언, 실화사연",https://www.youtube.com/watch?v=YBv7MYNebRc
JspK8cP1u2g,투자에서 가장 큰 리스크  상장폐지,lovefund이성수,UCbIxO-kLOFEo_JI_QLDg39g,2018-10-01 14:44:16,long,933.0,543,31.0,0.0,29600,1만~10만,2930.2495713048033,0.18530844789381162,0.018344594594594595,0.8296409472880061,654.5,same_format,False,False,True,False,0.0570902394106814,0.0,월,14,19,3.5744148491405445,"상장폐지, 재무비율, 부채비율, 적자, 감사의견 거절, 감사의견, 유동비율, 자본잠식, 우회상장, lovefund이성수, 증시토크, 증시, 주식투자, 증권투자, 투자, 주식, 증권",https://www.youtube.com/watch?v=JspK8cP1u2g
vbDEHKhogXU,신종 투자리딩방 사기가 판을 치고 있습니다. 천하의 나쁜 놈들!,슈카월드,UCsJ6RuBiTVWRX156FVbeaGg,2026-10-01 18:44:51,long,1888.0,1015258,4995.0,537.0,3730000,100만+,8.082499545543982,125611.88457594518,0.2721871313672922,0.8291688734785249,1224428.5,same_format,False,False,False,True,0.004919931682390092,0.0005289295922809769,목,18,35,7.149279268012153,"슈카, 슈카월드, 경제, 시사, 이슈, 뉴스, 상식, 면접, 논술, 자소서, 취업, 주식, 증시, 주가, 시장, 자산, 투자, 금리",https://www.youtube.com/watch?v=vbDEHKhogXU
f5swOu1F1Pg,"주식실패사연｜익절을 못한 인생… 파생투자에 빠진 여자친구｜사랑도, 돈도 잃었습니다",용의꼬리올라타다 Message,UCvS5hW5HVgvQD5sMKLaBJbA,2026-04-14 17:25:03,long,1063.0,1604,24.0,2.0,68800,1만~10만,178.13791621221065,9.004259363229556,0.023313953488372095,0.821931847296951,1951.5,same_format,False,False,True,True,0.014962593516209476,0.0012468827930174563,화,17,45,1.2082882339616818,"주식공부, 초보투자자, 재테크서적, 주식성공사연, 주식실패사연, 투자실패극복, 빚투, 영끌",https://www.youtube.com/watch?v=f5swOu1F1Pg
I74yO0yjTm4,주식 '알고리즘 매매'의 문제점,설명왕_테이버,UCOio3vyYLWiKlHSYRKW-9UA,2023-08-12 16:00:07,shorts,53.0,31811,261.0,8.0,296000,10만~100만,1154.1968976936923,27.561155348419756,0.1074695945945946,0.8201247808600598,38788.0,all_formats,False,False,True,False,0.008204709062902769,0.0002514853352613876,토,16,17,6.051891366148434,"주식, 경제, 주식 알고리즘, 알고리즘 매매, 투자, 자동매매, 트레이딩, 주식투자",https://www.youtube.com/watch?v=I74yO0yjTm4
8PA0jZXEbBg,용재형이 알려주는 손실계좌 관리방법,개천에서 용재난다,UCWr6NbUWuxiVqQCvCoTFJlg,2023-04-21 17:43:07,shorts,59.0,14718,218.0,8.0,273000,10만~100만,1267.1253699159145,11.615267399291891,0.05391208791208791,0.8158536585365853,18040.0,same_format,False,False,True,False,0.014811795080853377,0.0005435521130588395,금,17,19,0.934229039842397,"주식, 단타, 주식단타, 주식매매, 주식기초, 주식강의, 주식초보, 주식강좌, 주식매매하는법, 주식하는법, 주식멘탈, 주식마인드, 주식차트, 주식차트보는법, 투자, 매매기법, 주식고수, 주린이, 매매영상, 매매법, 스윙, 스켈핑, 호가창매매, 차트분석, 차트, 지지선, 슈퍼개미, 김정환, 매도시점, 매수시점, 매매전략, 종목, 주식시장, 전업투자자, 전업 투자자, 주식경력, 전업투자, 호가창, 호가창 분석, 단타매매, 돈이깡패당, 슈퍼개미김정환, 저항선, 박호두, 박호두 해외선물, 창원개미, 창원개미TV, 일조TV, 돈깡, 시황분석, 주식시황, 미국시황, 미증시, 해외증시, 주식종목, 종목분석, 코로나, 이평선, 이동평균선, 거래량, 주식거래량, 주식기보, 증자, 감자, 코스피, 코스닥, kospi, kosdaq, 다우지수, 미국다우지수, 다우나스닥, 나스닥, nasdaq, 주식단테, 주식공부, 주식전망, 주식실시간, 주식거래방법, 주식거래량분석, 주식이평선, 주식이동평균선, 개천에서용재난다, 개천에서 용재난다, 개천용재, 개용, ap투자연구소, 김용재, 김용재소장, 분할매수, 분할매도, 분산투자, 집중투자",https://www.youtube.com/watch?v=8PA0jZXEbBg
NXIB7czIj6U,"[주식투자]20대~40대~60대,각 세대별 ETF 최적의 포트폴리오는?!",주식부동산_주식 부동산 투자이야기,UCDCdyt4h-uCwbt-JIQaXNVQ,2021-02-19 12:00:15,live,518.0,607,18.0,,1430,1천~1만,2058.363471767766,0.2948944675347817,0.4244755244755245,0.8147651006711409,745.0,same_format,False,True,True,False,0.029654036243822075,,금,12,40,0.727838486590942,"주식투자, 주린이, 미국주식, ETF, 주식초보, ETF투자, 투자이론, 미국ETF, ETF장점, ETF주의사항, ETF단점, ETF비교, SPY, QQQ, BLOK, SPLG, 부동산, 경매, 공매, 아파트투자, 분양, 세대별 ETF, 노년층 투자, 청년층투자, 중장년층투자",https://www.youtube.com/watch?v=NXIB7czIj6U
4AJorieeJuo,은퇴 후 배당투자는 이렇게 할 겁니다,서대리TV,UCtQkxwZkrruYdy2bVNNW-Rw,2026-04-29 23:02:17,long,696.0,68047,1435.0,120.0,243000,10만~100만,162.90372639739584,417.7129738211304,0.28002880658436213,0.8120942333396983,83792.0,same_format,False,False,True,True,0.021088365394506738,0.0017634870016312255,수,23,20,7.824904310528636,"배당금, 직장인, 투자, 재테크, S&P500, etf, voo, schd, qqq, 미국주식, 한국주식, 코스피, 노후, 은퇴, 노후준비, 배당, 월배당ETF, 월배당, 경제적자유, 커버드콜",https://www.youtube.com/watch?v=4AJorieeJuo
u0m2lIl_xTg,여의도 상위 0.1%의 주식 손실 복구 전략,웨이크업(Rethink Everything),UCDDK_fAXMb9ilLib_sx5pCQ,2026-09-29 08:15:59,shorts,26.0,1765,25.0,2.0,12300,1만~10만,10.519212508506945,167.78822545629103,0.1434959349593496,0.8118675252989881,2174.0,same_format,False,False,False,True,0.014164305949008499,0.0011331444759206798,화,8,24,21.675446034662077,"주식, 증시, 경제, 투자, 재테크, 한국주식, 미국주식, 나스닥, S&P500, 코스피, 코스닥, ETF, 반도체, 엔비디아, 테슬라, 삼성전자, SK하이닉스, 빅테크, AI투자, 금리, 환율, 인플레이션, 금리인하, 금리인상, 연준, FOMC, QE, QT, 양적완화, 양적긴축, 환율전망, 글로벌경제, 경기전망, 부자되는법, 자산배분, 가치투자, 성장주, 배당주, 단타, 스윙, 장기투자, 매매기법, 수급분석, 기술적분석, 재무제표, 기업분석, M&A, 한국경제, 미국경제, 중국경제, 경기침체, 금리정책, 달러, 비트코인, 암호화폐, 코인, 경제위기, 자산시장, 부동산, 원자재, 원유, 금시세, 투자전략, 시장전망, 실시간주식, 시황, 시황분석, 주가전망, 상승종목, 추천종목, 테마주, 대장주, 삼성전자전망, SK하이닉스전망, 엔비디아전망, 테슬라전망, 2차전지, 전기차, AI반도체, 로보틱스, 채권, 국채, 연금, 노후준비, 삼프로TV, 신사임당, 송승빈, 슈카월드, 김작가TV, 김단태, 경제읽어주는남자, 공매도TV, 재테크읽어주는남자, 사경인, 홍춘욱, 박곰희, 유목민, 김미경TV, 오건영, 최준영, 워런버핏, 존리, 박두환, 두산, 두산에너빌리티, 전인구",https://www.youtube.com/watch?v=u0m2lIl_xTg
7z0JwxbOXx4,"내 계좌만 마이너스  주식 손실 기록, 다시 도전합니다",송차장기록,UCYHmqqSy8EhVoxGICwh4NaQ,2026-03-15 15:38:49,long,910.0,12506,341.0,106.0,8370,1천~1만,208.2116893603588,60.063870757781785,1.4941457586618876,0.8011787693391844,15609.5,same_format,False,True,True,True,0.027266911882296498,0.00847593155285463,일,15,30,3.006980191418552,#실패는이야기다 #실패 #성장 #실화,https://www.youtube.com/watch?v=7z0JwxbOXx4
pbvZXoKYsfM,실제 세력이 알려준 큰손들이 작전 치는 방법! 작전 진행시켜,1분주식,UCI9oLnJOXVgcvtvsmzl04gQ,2023-05-02 15:36:56,long,110.0,116270,2013.0,90.0,291000,10만~100만,1256.2129972307293,92.555960061162,0.399553264604811,0.7980534277791506,145692.0,same_format,False,False,True,False,0.01731315042573321,0.0007740603767093833,화,15,33,0.4617499700870307,,https://www.youtube.com/watch?v=pbvZXoKYsfM
RIqwRamIHl4,주식으로 돈을 잃지 않는 방법 1가지 (주식 망한썰)ㅣ행토🍅,행복한 토마토 : 돈초보 탈출기,UCk9-Uf40PQe5MOtRmPEgX1g,2022-03-08 18:00:10,long,185.0,65,6.0,0.0,53,1천 미만,1676.1135296381365,0.03878018931929578,1.2264150943396226,0.7926829268292683,82.0,same_format,False,True,True,False,0.09230769230769231,0.0,화,18,33,1.0987291272998219,"주식 망한 썰, 주식실패이유, 주식실패 후기, 주식실패사연, 주식으로 돈 잃는 이유, 주식으로 돈을 못버는 이유, 주식으로 망하는 과정, 주식투자 실패하는 이유, 워렌버핏 명언, 워렌버핏 명언 10년, 행토, 행복한 토마토, 투자, 저축, 동기부여, 미국주식, 주식, 메타플랫폼스, 메타플랫폼스 페이스북, 메타플랫폼스 실적, 주식투자 성공하는법",https://www.youtube.com/watch?v=RIqwRamIHl4
izbreO1lkjU,투자실패,부자남매,UCaWt1JuACsSJvvbU_KSWkqw,2026-09-03 08:17:45,shorts,36.0,1377,4.0,0.0,3690,1천~1만,36.51798565665509,37.7074467618959,0.37317073170731707,0.7762119503945885,1774.0,same_format,False,True,True,True,0.002904865649963689,0.0,목,8,4,6.480366140686948,,https://www.youtube.com/watch?v=izbreO1lkjU
gjOJ9WU2pmY,"32살 직장인 시드 3,600만원, 레버리지 ETF 써도 될까요? [주식사연]",마르지 않는 투자,UCR4R3u3RFdjLlCWlOeg8I8A,2026-05-19 00:30:13,long,631.0,10836,216.0,80.0,19600,1만~10만,143.84266158258103,75.33231018378355,0.5528571428571428,0.7733371395946331,14012.0,same_format,False,False,True,True,0.019933554817275746,0.007382798080472499,화,0,43,2.6295162855230347,"#주식투자, #주식공부, #주식기초, #주식초보, #경제적자유",https://www.youtube.com/watch?v=gjOJ9WU2pmY
s9W6cYIjfD8,부부의 경제적 가치관이 중요한 이유,직장인으로 살아남기,UCGhiuFr4zx5xccuCukqO6_w,2025-09-10 21:54:53,shorts,43.0,2862,10.0,0.0,1660,1천~1만,393.9505319529514,7.264871520320226,1.7240963855421687,0.7670865719646207,3731.0,same_format,False,True,True,False,0.0034940600978336828,0.0,수,21,19,0.3500454532400451,,https://www.youtube.com/watch?v=s9W6cYIjfD8
EqWP_R3kWx0,장후30초! #문현진 #shorts #260423 #장중주식소식 #미리보기,문현진 주챔TV,UCeOowfLeJY_6-YbRGxFtXNA,2026-04-23 14:58:47,shorts,30.0,2135,58.0,,33300,1만~10만,169.23949028628473,12.615258982335883,0.06411411411411412,0.7660566917832795,2787.0,same_format,False,False,True,True,0.027166276346604217,,목,14,41,12.106697477891464,"문현진, 주챔tv, 문현진주챔tv, 주식챔피언, 주챔, 주식, 경제, 이데일리tv, 종목상담, 주챔쇼, 주식챔피언쇼, 증권, 종목, 종목추천, 한국경제TV, 주린이, 주식초보, 주식공부, 시황, 주식기초",https://www.youtube.com/watch?v=EqWP_R3kWx0
zI7Gag2s41c,은퇴 노후에 먼저 투자해야 할 곳,단희TV,UCOMG2V-vUgYX0aHiBDbBTyg,2024-07-17 15:15:01,shorts,26.0,12649,182.0,1.0,959000,10만~100만,814.2282171381365,15.534956580673322,0.013189781021897811,0.7521108336306338,16818.0,same_format,False,False,True,False,0.014388489208633094,7.905763301446754e-05,수,15,18,5.46873714308759,,https://www.youtube.com/watch?v=zI7Gag2s41c
fSi1Mj5xXZE,이혼에 9440억 SK 주식 3분의 1 노소영 몫으로#sk하이닉스 #이혼#최태원,비터 VITER,UCFl1G1bxOV_cTvhOJqwpSRA,2026-07-24 17:03:30,shorts,41.0,927,8.0,2.0,11500,1만~10만,77.15288148998842,12.015105360909821,0.0806086956521739,0.7493936944219887,1237.0,same_format,False,False,True,True,0.008629989212513484,0.002157497303128371,금,17,44,8.346938972669571,,https://www.youtube.com/watch?v=fSi1Mj5xXZE
eRMWhBh2uR0,남편이 주식 투자 손실을 숨겼습니다 #Shorts,전쟁과평화,UCb1uGjYGk9hSLX7-Iijx3hA,2026-08-13 06:00:55,shorts,44.0,762,14.0,0.0,1220,1천~1만,57.613008804803236,13.226179569647325,0.6245901639344262,0.7369439071566731,1034.0,same_format,False,True,True,True,0.01837270341207349,0.0,목,6,27,5.737716893383012,,https://www.youtube.com/watch?v=eRMWhBh2uR0
K3M2t5Z4_nI,주식 잘하던 친구가 무너진 이유｜증권맨 친구의 고백 [주식실패사연],용의꼬리올라타다 Message,UCvS5hW5HVgvQD5sMKLaBJbA,2026-04-10 17:30:10,long,967.0,1437,32.0,4.0,68800,1만~10만,182.13436297146993,7.889779701950565,0.020886627906976745,0.7363566487317448,1951.5,same_format,False,False,True,True,0.022268615170494086,0.0027835768963117608,금,17,37,1.2082882339616818,"주식 실패담, 선물옵션 손실, 증권맨 이야기, 투자 심리, 주식 고수 몰락, 트레이딩 실패, 주식 중독, 재기 이야기",https://www.youtube.com/watch?v=K3M2t5Z4_nI
dAVC997yegs,"당신이 산 그 주식, 작전세력이 던진 겁니다 코스콤 이승범 전무2부",언락 : 세상의 비밀을 풀다,UClilvxdZdNtdbnm1fQacmQA,2026-05-23 08:24:32,long,3429.0,11,0.0,0.0,24,1천 미만,139.51327500850695,0.07884554354651387,0.4583333333333333,0.7333333333333333,15.0,same_format,False,True,True,True,0.0,0.0,토,8,37,11.47482634079779,"삼프로TV, 백브리핑, 안승찬, 이진우, 삼프로, 경제의신과함께, 삼프로TV 백브리핑, 삼프로티비 백브리핑, 최준영, 컴퍼니백브리핑, 이프로, 어예진, 언더스탠딩, 김수헌, 이재용",https://www.youtube.com/watch?v=dAVC997yegs
MP4K0ugOSHg,장후30초! #문현진 #shorts #260714 #장중주식소식 #미리보기,문현진 주챔TV,UCeOowfLeJY_6-YbRGxFtXNA,2026-07-14 15:41:04,shorts,42.0,2040,56.0,,33300,1만~10만,87.2101268603588,23.39177883855686,0.06126126126126126,0.7319698600645855,2787.0,same_format,False,False,True,True,0.027450980392156862,,화,15,41,12.106697477891464,"문현진, 주챔tv, 문현진주챔tv, 주식챔피언, 주챔, 주식, 경제, 이데일리tv, 종목상담, 주챔쇼, 주식챔피언쇼, 증권, 종목, 종목추천, 한국경제TV, 주린이, 주식초보, 주식공부, 시황, 주식기초",https://www.youtube.com/watch?v=MP4K0ugOSHg
dVg-u5_mTBI,"“IQ 150, 자존심에 가족을 학살한 아버지”   #살인사건 #서초동사건 #고지능범죄 #나르시시즘 #실화사건#범죄사건 #충격실화 #사회이슈 #무기징역 #범죄경고",SIGNAL!,UCipihd9A7qlwTKoy6r4DxTA,2025-11-14 17:00:57,shorts,59.0,1061,9.0,0.0,660,1천 미만,329.1546523233218,3.22340879131127,1.6075757575757577,0.7289591205771213,1455.5,same_format,False,True,True,True,0.008482563619227144,0.0,금,17,90,1.7865175349886269,,https://www.youtube.com/watch?v=dVg-u5_mTBI
4pkXt3f4tds,이번 주식시장으로 전재산 잃는 사람들이 많은 이유,서른일기,UCYYPvecmdGQgzIfghtdWhGQ,2026-07-08 01:10:43,long,649.0,24475,600.0,149.0,36100,1만~10만,93.81453658258101,260.88707455753064,0.6779778393351801,0.7264982635281546,33689.0,same_format,False,False,True,True,0.024514811031664963,0.006087844739530133,수,1,27,11.226994684998152,,https://www.youtube.com/watch?v=4pkXt3f4tds
pyMJfQlk4WA,쓰리잡 뛰는 남편 몰래 '주식 대박' 숨기고 이혼 요구? 역대급 뻔뻔한 아내의 소름 돋는 반전,동치미한사발뉴스,UC0T85z-eaXFBE-_NHrlBvIg,2026-03-26 21:01:33,shorts,65.0,592,31.0,0.0,764,1천 미만,196.98756898998843,3.0052657791319177,0.774869109947644,0.7215112736136502,820.5,same_format,False,True,True,True,0.052364864864864864,0.0,목,21,52,9.417008100682267,"#이혼사유, #주식대박, #비자금, #재산분할, #위자료청구, #배신감, #상간녀, #상간남, #법률상담, #사이다결말, #가정불화, #405060, #인생공부, #재테크, #부부관계, #동치미한사발",https://www.youtube.com/watch?v=pyMJfQlk4WA
dWIFsqvFOu4,주식 전문가들이 돈 버는 방법  | 주식 리딩방의 실체,경제투자노트,UCUR8LWcQrNVw9cJodTsd-NA,2026-09-16 06:00:37,long,1596.0,426,2.0,0.0,6850,1천~1만,23.613217138136573,18.04074377108013,0.06218978102189781,0.7208121827411168,591.0,same_format,False,True,True,True,0.004694835680751174,0.0,수,6,30,6.160607276157981,"#주식리딩방, #리딩방사기, #선행매매, #설거지, #투자사기, #유사투자자문업, #투자자문업, #주식사기, #리딩방피해, #주식유튜버, #CFD계좌, #자본시장법, #부정거래, #대법원판결, #환급거부, #투자리딩방, #스팸문자, #개인정보유출, #워런버핏, #버크셔해서웨이, #유사투자자문, #금융감독원, #금융위원회, #투자사기예방, #경제유튜브, #주식투자, #개미투자자, #경제이슈, #돈의흐름, #경제투자노트",https://www.youtube.com/watch?v=dWIFsqvFOu4
hfYu6n7LMU0,[노후보고서] 3억이 14개월 만에 사라진 비극.. 62세 사장님의 눈물 고백 (편안한오디오 Ver.) | 시니어사연 | 노후설계 | 오디오북 | 인생사연상담카페,인생사연상담카페,UCUhSHNw2FP673MlK7dvBS9Q,2025-12-09 15:19:36,long,5516.0,122,8.0,2.0,322,1천 미만,304.2250342677662,0.40101893749026807,0.37888198757763975,0.7155425219941349,170.5,same_format,False,True,True,True,0.06557377049180328,0.01639344262295082,화,15,90,3.781361290064423,"노후보고서, 주식실패, 퇴직금투자, 3억손실, 60대고백, 시니어사연, 오디오북, 롱폼드라마, 인생이야기, 자영업폐업, 노후파산, 투자경고, 배달기사, 종호네설렁탕, 가족의힘, 수치심, 후회, 인생교훈, 이종호, 재기, 노후준비, 시니어 드라마, 재테크, 코인실패담",https://www.youtube.com/watch?v=hfYu6n7LMU0
A1QukBeMzvQ,[충격] 김준호 미우새서 터트린 고백... 주식 원금 손실 왜?,무궁화 데일리뉴스,UC9FKrSzMJJGkFlt9W_aBvSg,2026-06-20 11:58:22,long,172.0,5,0.0,0.0,1150,1천~1만,111.36477963813658,0.0448974982597439,0.004347826086956522,0.7142857142857143,7.0,same_format,False,True,True,True,0.0,0.0,토,11,35,50.0,,https://www.youtube.com/watch?v=A1QukBeMzvQ
XfChn9821gY,주식실패사연ㅣ이성을 잃고 테마주에 투자ㅣ단타매매로 손절을 못해 2억원 손실ㅣ주식투자 실패사연 주식실패담,미라클miracle,UCskhvdwQ9V0VQbUy60QWVBA,2022-12-06 18:45:01,long,541.0,918,34.0,0.0,22700,1만~10만,1403.0823838048034,0.6542737693781152,0.040440528634361234,0.7116279069767442,1290.0,same_format,False,False,True,False,0.037037037037037035,0.0,화,18,57,7.000011342610971,"사연, 실화, 실화사연, 주식실패, 주식실패사연, 주식실패담, 세상사, 이야기",https://www.youtube.com/watch?v=XfChn9821gY
NL6RH5vxuVw,"나 모르는 대출금, 주식투자손해를  재산분할에서 어떻게 판단할까?  | 이혼전문 박은주 변호사",변호사 언니,UCnxaKSM8TJ8aKdeEqwyWCow,2025-06-20 12:30:23,long,510.0,2904,48.0,6.0,50700,1만~10만,476.34254584184026,6.096453120448773,0.05727810650887574,0.7053679863978625,4117.0,same_format,False,False,True,False,0.01652892561983471,0.002066115702479339,금,12,52,2.5745142668870553,"이혼소송, 상간소송, 이혼전문변호사, 상간녀소송, 상간남소송",https://www.youtube.com/watch?v=NL6RH5vxuVw
S7ACUX64diU,장후30초! #문현진 #shorts #260721 #장중주식소식 #미리보기,문현진 주챔TV,UCeOowfLeJY_6-YbRGxFtXNA,2026-07-21 16:24:13,shorts,35.0,1958,57.0,,33300,1만~10만,80.18016158258102,24.42000566416134,0.0587987987987988,0.7025475421600287,2787.0,same_format,False,False,True,True,0.029111338100102146,,화,16,41,12.106697477891464,"문현진, 주챔tv, 문현진주챔tv, 주식챔피언, 주챔, 주식, 경제, 이데일리tv, 종목상담, 주챔쇼, 주식챔피언쇼, 증권, 종목, 종목추천, 한국경제TV, 주린이, 주식초보, 주식공부, 시황, 주식기초",https://www.youtube.com/watch?v=S7ACUX64diU
InUTtd3j5ek,위인들의 실패로 보는 테마주 투자의 위험성,팍스탁(Paxtock),UCgSET4MjJ-6KGDVsOcVKOrw,2016-09-12 14:20:21,long,555.0,82,1.0,0.0,58300,1만~10만,3679.266180101099,0.022287052902964146,0.001406518010291595,0.7008547008547008,117.0,same_format,False,False,True,False,0.012195121951219513,0.0,월,14,23,7.119797179957582,"아시아경제, 아시아경제TV, 라이브쇼2, 테마주",https://www.youtube.com/watch?v=InUTtd3j5ek
gwNY4WEAChw,주식 리딩방 사기 수법과 피해자가 준비해야 할 증거를 변호사가 알려드립니다,김민경 변호사 | 의료•형사 전문 변호사,UC5A_kSjrmkv7wi1q1eBKF_Q,2026-05-15 19:04:34,shorts,60.0,992,9.0,1.0,3300,1천~1만,147.06880741591436,6.745142069416518,0.3006060606060606,0.6980999296270233,1421.0,same_format,False,True,True,True,0.009072580645161291,0.0010080645161290322,금,19,41,2.499821234675265,,https://www.youtube.com/watch?v=gwNY4WEAChw
ujFbxvzd3bU,[경고]쎈님의 주식이야기 도용/사칭에 주의하세요!!,쎈님의주식이야기 / 행복나눔,UCtJkQHzWmorXPTfINl4Y5JA,2021-02-22 23:22:32,long,71.0,445,15.0,2.0,11900,1만~10만,2054.8896638973956,0.21655663942364337,0.037394957983193276,0.6974921630094044,638.0,same_format,False,False,True,False,0.033707865168539325,0.0044943820224719105,월,23,28,5.471685925227892,,https://www.youtube.com/watch?v=ujFbxvzd3bU
Krcc2cXxek0,남편 몰래 주식 투기로 4억 날린 사연,무한열정,UCvsw6d2J-EjDaLsO3z3X8vw,2024-11-16 07:22:22,long,384.0,5864,420.0,129.0,32300,1만~10만,692.5564463048032,8.467179868569408,0.18154798761609908,0.6899229366433319,8499.5,same_format,False,False,True,False,0.07162346521145975,0.021998635743519783,토,7,21,4.94529755188147,,https://www.youtube.com/watch?v=Krcc2cXxek0
9Q1XHudxcO0,남편이 몰래 주식해서 3억 빚졌어요,킹쥐,UCJBhr6IKEWzz3GS0rYxJ-MQ,2025-11-25 17:33:42,shorts,45.0,52762,431.0,96.0,33700,1만~10만,318.1319092677662,165.84944314904018,1.5656379821958457,0.6838353465705843,77156.0,same_format,False,False,True,True,0.008168757818126681,0.0018194913005572192,화,17,19,21.19894622169443,"결혼, 연애, 커플, 부부, 유머, 유머영상, 유머동영상, 웃긴, 웃긴영상, 웃긴동영상, 웃긴썰, 웃긴짤, 썰, 짤",https://www.youtube.com/watch?v=9Q1XHudxcO0
l7WuRp0Fn7o,자동매매 설정값과 투자자문 사건 [22.12. 15.자 판례공보(형사)],판변티비[박판규변호사],UC8KTuyYh9Q19p7nIj3o7xzg,2023-02-13 17:30:08,long,286.0,112,2.0,0.0,2820,1천~1만,1334.134386119618,0.08394956397590228,0.03971631205673759,0.6726726726726727,166.5,same_format,False,True,True,False,0.017857142857142856,0.0,월,17,40,1.0648365750517523,"판례공보, 대법원, 공보, 법원도서관, 박판규, 변호사, 박변, 판변, 판변티비, 판변tv, pan_lawyer, 5분, 5분정리, 요약, 판례, 판결, 법무법인, 로스쿨, 법학, 법학전문대학원, 민사, 형사",https://www.youtube.com/watch?v=l7WuRp0Fn7o
zfpLzRJ9Fpw,장전30초! #문현진 #shorts #260601 #장중주식소식 #미리보기,문현진 주챔TV,UCeOowfLeJY_6-YbRGxFtXNA,2026-06-01 09:44:53,shorts,31.0,1866,62.0,,33300,1만~10만,130.45747639739585,14.303511393366556,0.05603603603603603,0.6695371367061357,2787.0,same_format,False,False,True,True,0.03322615219721329,,월,9,41,12.106697477891464,"문현진, 주챔tv, 문현진주챔tv, 주식챔피언, 주챔, 주식, 경제, 이데일리tv, 종목상담, 주챔쇼, 주식챔피언쇼, 증권, 종목, 종목추천, 한국경제TV, 주린이, 주식초보, 주식공부, 시황, 주식기초",https://www.youtube.com/watch?v=zfpLzRJ9Fpw
z0XfZ3KVX-M,주식 리딩방 운영 실체ㄷㄷ,짤몽,UClSBSEX3Ng8KIn39LIjxqDA,2025-02-19 20:39:22,shorts,48.0,19368,107.0,0.0,1830,1천~1만,597.002974082581,32.4420494383013,10.583606557377049,0.6632535999863021,29201.5,same_format,False,True,True,False,0.005524576621230896,0.0,수,20,14,1.1256079067091982,,https://www.youtube.com/watch?v=z0XfZ3KVX-M
EhR1mWM_ZV0,남편은 아내의 뚱뚱함을 싫어해서 정부에게 아내를 불태우도록 허락했다! 환생한 아내는 그들에게 복수한다. 남편은 후회한다!,七分糖短劇ShortTV,UCxtAQP-9Hx1RWdMchMRk71A,2026-09-17 19:30:06,long,7104.0,3459,8.0,0.0,119000,10만~100만,22.05107593443287,156.86309413132778,0.029067226890756304,0.6512897759367351,5311.0,same_format,False,False,True,True,0.0023128071697022263,0.0,목,19,67,13.98827187020512,"K-드라마, 2026년 중국 로맨스 영화, 로맨스, 한국 드라마, 중국 드라마, 달콤한 로맨스, 아시아 드라마, 최고의 중국 드라마, 중국 TV 드라마, 2026년 태국 드라마, 2026년 한국 영화, 핫 단편 영화, 단편 드라마, 신나는 드라마, 달콤한 드라마, 한꺼번에 모든 것, 잘생긴 남자, 멜로드라마, 비극적인 사랑, 지배적인 CEO, 신데렐라, 사장, 도시적인, 사랑, 신나는 소설, 화장터에서 아내를 쫓는 이야기, 시간 여행, 공주, 부잣집, 상속녀, 커플",https://www.youtube.com/watch?v=EhR1mWM_ZV0
DSxMx1RA-7E,"""이정도는 있어야 상위 1%""입니다"" 은퇴한 또래들은 어떻게 돈을 모으고 있을까? (이상건 센터장 2부)",책과삶,UCgUaqrLRGLL-dHislR1e2TA,2026-02-17 10:00:30,long,970.0,350508,2841.0,376.0,1250000,100만+,234.44663148998842,1495.0438731936642,0.2804064,0.6376571138533077,549681.0,same_format,False,False,True,True,0.008105378479235852,0.0010727287251646182,화,10,58,6.250024543333813,"한국, 대한민국, 책추천, 독서법, 자기계발, 교양, 지식",https://www.youtube.com/watch?v=DSxMx1RA-7E
nBcv5GEeeUw,은퇴 후 주식은 욕심이 아니라 필수적인 생존 기술입니다 | 노후에 30년 존엄을 지키는 방법! | 투자사연 | 오디오북,은빛시나리오,UCowMNQXcxSJJ7Kyc41Q4Pzw,2026-06-15 07:00:04,long,2741.0,20860,923.0,54.0,28800,1만~10만,116.57193241591436,178.9453049948085,0.7243055555555555,0.6320829040664202,33002.0,same_format,False,False,True,True,0.04424736337488015,0.002588686481303931,월,7,66,1.5086203133430331,"시니어재테크, 노후준비, 노후사연, 오디오북, 은빛시나리오, 은퇴후삶, 은퇴준비, 퇴직금, 은퇴사연, 노후자금사연, 주식투자실패, 배당주투자",https://www.youtube.com/watch?v=nBcv5GEeeUw
ElMwzZsDrl0,"""은퇴 후 돈 걱정 없이 삽니다"" 1억으로 시작해 평생 월 700만 원 받는 방법ㅣ박세익 대표 2부",머니인사이드,UCxfko2YOD6DODYRGzeOPhIQ,2026-04-17 12:00:26,long,986.0,78251,1720.0,68.0,2160000,100만+,175.3633444529514,446.22210099895835,0.036227314814814816,0.626148257209615,124972.0,same_format,False,False,True,True,0.02198054976933202,0.0008689984792526613,금,12,55,12.82454169439168,"머니인사이드, 오분경제, 머니스토리, 김바비, 바비위키, 돈슐랭, 조한범 박사, 신사임당, 달란트투자",https://www.youtube.com/watch?v=ElMwzZsDrl0
ksNGAtN9QL0,2025-01-14 (07:00) 언젠간가겠지? #암호화폐 #코인 #리플 #하이파이 #시아코인 #도지코인 #비트토렌토 #시바이누,폭 삭았수다,UCMe6VtgxFxAMyVNtBdFkyvg,2025-01-14 07:01:30,shorts,24.0,1615,10.0,2.0,326,1천 미만,633.570937045544,2.549043691194292,4.95398773006135,0.624879086863997,2584.5,same_format,False,True,True,False,0.006191950464396285,0.001238390092879257,화,7,71,1.0276638336244879,,https://www.youtube.com/watch?v=ksNGAtN9QL0
jV4mT1U_tLU,부동산 경매투자자가 주식하다 망한 썰 #부동산경매,양재이션 경매,UC56FYWIIsCIeerM2Vw5_v8Q,2025-07-11 11:30:35,shorts,37.0,427,,0.0,22200,1만~10만,455.38407361961805,0.9376700344524406,0.019234234234234236,0.6174981923355025,691.5,same_format,False,False,True,False,,0.0,금,11,27,1.3206534876454046,,https://www.youtube.com/watch?v=jV4mT1U_tLU
8XpkdrvC7QA,성진테크원 명의도용 비상장주식  투자하시고 피해보셨다면?,법대로해tv,UCA2WKN4pW3-bBQKIqYgTbhw,2023-09-13 18:29:40,shorts,53.0,190,1.0,0.0,414,1천 미만,1122.0930435270257,0.1693264218114938,0.45893719806763283,0.6168831168831169,308.0,same_format,False,True,True,False,0.005263157894736842,0.0,수,18,31,5.000933540669216,,https://www.youtube.com/watch?v=8XpkdrvC7QA
6Rui0n2hbpo,"""따라만 하면 대박난다고?"" 의심하면서도 당한다는 주식 리딩방 사기꾼의 기막힌 수법",장사건물주 강호동,UCYigs8o_hgHJtfE0KnqVLeA,2025-07-21 20:00:11,long,646.0,205593,3874.0,429.0,517000,10만~100만,445.03018473072916,461.9754053860336,0.39766537717601547,0.6131183767317232,335323.5,same_format,False,False,True,False,0.018843053995029013,0.002086646918912609,월,20,46,17.038539553752535,"창업오빠, 강호동, 창업, 자영업, 장사의신, 서민갑부, 건물주, 꼬마빌딩, 재테크, 제테크, 장사, 라라브레드, 디저트, 카페, 디저트카페, 브이로그, 대표, 예능, 부동산, 레버리지",https://www.youtube.com/watch?v=6Rui0n2hbpo
KQMlPHVqKtg,그냥 열심히 일하다가 노후준비를 위한 선택이 비참한 결과로,서른일기,UCYYPvecmdGQgzIfghtdWhGQ,2025-11-16 21:17:55,long,642.0,20629,508.0,101.0,36100,1만~10만,326.9762032492477,63.09021817185548,0.5714404432132963,0.6123363709222595,33689.0,same_format,False,False,True,True,0.02462552717048815,0.004896020165786029,일,21,32,11.226994684998152,,https://www.youtube.com/watch?v=KQMlPHVqKtg
Sc-cV9y4LKg,반도체 2배ETF 투자했는데 -7000입니다. 존버하면 회복할수 있을까요? [주식사연],마르지 않는 투자,UCR4R3u3RFdjLlCWlOeg8I8A,2026-08-04 14:00:10,long,444.0,9048,313.0,70.0,19600,1만~10만,66.28019630480324,136.5113639433247,0.4616326530612245,0.6120750887874176,14782.5,same_format,False,False,True,True,0.03459328028293546,0.007736516357206013,화,14,48,2.6295162855230347,"#주식투자, #주식공부, #주식기초, #주식초보, #경제적자유",https://www.youtube.com/watch?v=Sc-cV9y4LKg
OCnR9n5qBrc,주식실패사연｜테마주로 75년간 스릴 넘치는 삶을 살았던 마크 트웨인｜기구한 인생 (실화사연),용의꼬리올라타다 Message,UCvS5hW5HVgvQD5sMKLaBJbA,2023-02-07 20:30:08,long,477.0,1116,29.0,0.0,68800,1만~10만,1340.009386119618,0.8328299872821775,0.01622093023255814,0.6068515497553018,1839.0,same_format,False,False,True,False,0.025985663082437275,0.0,화,20,51,1.2082882339616818,"퇴근길 라디오, 사연읽어주는, 신청사연, 주식망하는이유, 주식빚투, 투자실패사연, 실화사연, 마크트웨인명언, 빅쇼트",https://www.youtube.com/watch?v=OCnR9n5qBrc
cOSIjcehieM,5060대 노후자금 주식으로 날린 사람들이 너무 많다,서른일기,UCYYPvecmdGQgzIfghtdWhGQ,2026-07-26 14:42:59,long,815.0,20442,619.0,106.0,36100,1만~10만,75.25046250850694,271.65281539218535,0.5662603878116343,0.6067855976728309,33689.0,same_format,False,False,True,True,0.030280794442813813,0.00518540260248508,일,14,29,11.226994684998152,,https://www.youtube.com/watch?v=cOSIjcehieM
ITJzh1fRmvs,"50대 주식 투자 실패 이유, 뇌과학이 밝혀낸 충격적 진실 (치매, 불면증)",The Psychology Project,UCLE9VQo_nRUq8gii-x14vqw,2026-02-16 21:20:18,long,1597.0,3,0.0,0.0,5,1천 미만,234.9745481566551,0.012767340222737364,0.6,0.6,5.0,same_format,False,True,True,True,0.0,0.0,월,21,42,1.7192772992531768,"5060투자, 노후준비, 노후, 재테크, 비트코인, 퇴직연금, 치매, 치매예방, 뇌과학, 노후투자, 은퇴자금, 멘탈관리",https://www.youtube.com/watch?v=ITJzh1fRmvs
8mAWSyk-d3k,[2022년 12월 15일 판례공보] 형사 2022. 10. 27. 선고 2018도4413 판결 〔자본시장과금융투자업에관한법률위반〕,법원도서관,UCcNmSA80QajqkQ58c4OFSkA,2023-01-18 10:00:03,long,380.0,59,1.0,0.0,5730,1천~1만,1360.4469439899885,0.0433681006529823,0.010296684118673648,0.59,100.0,same_format,False,True,True,False,0.01694915254237288,0.0,수,10,73,2.272734446762774,,https://www.youtube.com/watch?v=8mAWSyk-d3k
8Z3rcEnqbB4,"[부부토크💑] 배우자 몰래한 미국 주식, 계좌 수익률 공개하기(feat. 남편 매매법)",유영유영 Uyoung2,UC-xx3V4t3E_10W3wrXyPR_w,2021-11-13 21:29:17,long,883.0,2510,66.0,2.0,9730,1천~1만,1790.968309730729,1.401476500931151,0.2579650565262076,0.5883731833098922,4266.0,same_format,False,True,True,False,0.026294820717131476,0.0007968127490039841,토,21,48,0.9976929011510683,"미국주식, 주식투자, 신혼부부 돈관리, 30대 돈관리, 신혼부부, 맞벌이부부, 맞벌이, 부부터크, 30대부부",https://www.youtube.com/watch?v=8Z3rcEnqbB4
ylw79J75KMI,"""핀플루언서 주식리딩방 실체"" 법원이 유죄 판결 내린 '이 행동' 주의하세요.",법무법인(유한) 효성,UCMD74jSzceTRlxMvygxvwXQ,2026-04-15 18:25:53,shorts,87.0,815,9.0,1.0,2040,1천~1만,177.09567084184027,4.602032314656952,0.39950980392156865,0.5833929849677881,1397.0,same_format,False,True,True,True,0.011042944785276074,0.001226993865030675,수,18,43,2.4647929512790148,"#핀플루언서, #리딩방, #변호사, #주식리딩방, #투자사기변호사, #주식투자사기, #주식리딩방사기, #투자리딩방, #주식사이트, #투자사기, #리딩사기, #주식리딩사기, #주식리딩, #코인투자사기, #투자사기사례, #리딩사기당했을때, #리딩투자사기, #코인리딩, #주식사기, #주식거래소, #주식사기신고, #투자사기전문변호사, #코인사기변호사, #주식사기변호사, #투자금반환소송, #주식거래소사기, #금융거래사기, #재테크사기, #가상계좌사기, #리딩방사기변호사, #금융사기전문변호사",https://www.youtube.com/watch?v=ylw79J75KMI
Ai2f-wPAWY8,"그녀는 남편이 바람피우는 현장을 목격했다,연인에게 불에 타 죽었다!1년 뒤 200kg 빼고 그들을 감옥에! #살을 빼고 복수하러 돌아왔다 #추천 단편 드라마 #만족스러운 드라마",BlessedBits,UCz2IGn-ranovRu9zbc7hUPg,2026-09-07 22:00:16,long,7357.0,13456,50.0,3.0,175000,10만~100만,31.946793527025466,421.20033075046683,0.07689142857142857,0.5830913896953677,23077.0,same_format,False,False,True,True,0.0037158145065398335,0.00022294887039239002,월,22,98,12.75135325001381,"단편드라마, 신데렐라CEO, 아내가지옥으로추격, 여성재밌는드라마, 고품질소설원작, 여성리더반격, 중국드라마, 단편영화, 훌륭한단편드라마, 최신단편드라마전편, 추천단편드라마, 2026선정단편드라마, 인기단편드라마, 단편드라마추천, 중국본토단편드라마, 로맨스 #도시, CEO, 환생, 시간여행, 왕 #영주, 웹드라마, 단편드라마전편, 로맨스, 도시, 로맨틱단편중국드라마, 결혼후사랑중국드라마, 중국드라마오해장면, CEO와신데렐라중국드라마, 재밌는드라마, 귀여운애완동물, 원비트 #풀에피소드, 잘생긴배우, 폭력적인사랑, 신데렐라, 사장, 백월광, 달콤함, 아이돌, 청춘, 메리스위트, 지배적인사장, 여성의신선함, 소설, 로맨틱드라마, 드라마, 콩트, 결혼후사랑, 달콤달콤한단편드라마, 최신중국단편드라마, 탕단편드라마, 중국드라마영어자막, 신작로맨틱중국드라마, 달콤한드라마, 멜로드라마, 만족스러운읽기, 부부코미디",https://www.youtube.com/watch?v=Ai2f-wPAWY8
CzERjh7bG7Q,남편이 몰래 주식 투자한 사실을 알았습니다 #shorts,사연ZIP,UCc9DvZNHfidsHsVlTAug5nQ,2026-07-26 08:00:35,shorts,73.0,683,8.0,0.0,312,1천 미만,75.5299069529514,9.042775604443019,2.1891025641025643,0.5783234546994073,1181.0,same_format,False,True,True,True,0.01171303074670571,0.0,일,8,31,7.424914812361305,,https://www.youtube.com/watch?v=CzERjh7bG7Q
135JdQOqIq4,주식 물타기로 단 2년 만에 4억 증발? 60대 가장의 무너진 노후!,은빛시나리오,UCowMNQXcxSJJ7Kyc41Q4Pzw,2026-07-13 07:00:07,long,3031.0,18507,483.0,59.0,28800,1만~10만,88.57189769369212,208.94889329347657,0.6426041666666666,0.5607841948972789,33002.0,same_format,False,False,True,True,0.026098233100988816,0.003187982925379586,월,7,38,1.5086203133430331,"노후자금, 투자실패, 오디오북, 시니어재테크, 은퇴후삶, 은빛시나리오, 주식투자, 투자사연, 시니어이야기, 시니어노후",https://www.youtube.com/watch?v=135JdQOqIq4
I3cHZRZiwKs,주식투자리딩방사기 피해금원 환급길 열려! #주식#투자#리딩방,변호사JYP,UCot3IlVrwKto4F3ie-uG9Ng,2025-06-19 19:16:02,long,170.0,672,15.0,0.0,3720,1천~1만,477.0608444529514,1.408625352119574,0.18064516129032257,0.5581395348837209,1204.0,same_format,False,True,True,False,0.022321428571428572,0.0,목,19,33,2.365195953825493,"상속, 상속포기, 한정승인, 상속변호사, 상속전문변호사, 상속세, 증여세, 증여, 변호사, 변호사선임, 셀프소송, 주식, 투자, 주식사기, 투자사기, 리딩방, 리딩방사기",https://www.youtube.com/watch?v=I3cHZRZiwKs
PiLXxpC_h6c,남편 몰래 투자했다가 억대 마이너스 났어요!,정호근쌤의 인생신당,UCrZxdF-Cb4fYoQHMjQuPFDg,2025-10-21 17:00:32,shorts,74.0,63762,674.0,4.0,308000,10만~100만,353.15494167517363,180.5496468421141,0.20701948051948052,0.5507121202960762,115781.0,same_format,False,False,True,True,0.01057055926727518,6.273328942003074e-05,화,17,24,4.54544771307162,"정호근, 정호근쌤, 인생신당, 정호근쌤의인생신당, 무당, 배우, 빙의, 신내림, 신병, 신기, 기묘한이야기, 무속인, 심야신당, 귀신, 레전드, 용한점집, 운세, 사업운, 재물운, 가정, KoreanCulture, KoreanShamanism, K-Shamanism, 점사, 신점, 샤머니즘, Mudang, 가창력, 레전드배우, 레전드가수, 개그맨, 개그우먼, 가수, 명배우",https://www.youtube.com/watch?v=PiLXxpC_h6c
qgpevNCPCvg,은퇴 후 주식을 시작한 10명 중 9명은 결국 돈을 다 잃습니다… 그 잔인한 이유는 무엇일까요?,노후의 진실,UCUh1cZXJZvUz4vC9gbdxVjw,2026-07-23 18:00:03,long,1644.0,39358,996.0,61.0,19900,1만~10만,78.11361065665508,503.85585391765267,1.977788944723618,0.5432361182040275,72451.0,same_format,False,False,True,True,0.02530616393109406,0.0015498755018039535,목,18,53,2.357899907675236,,https://www.youtube.com/watch?v=qgpevNCPCvg
jp1ggsBis6E,이혼소송 재산분할 주식은 어떻게 계산할까?,강현지 변호사,UCIshiA0viEzQzGuQmwGQJJQ,2025-11-05 17:00:55,long,159.0,971,9.0,0.0,390,1천 미만,338.15467547146994,2.8714670251008347,2.48974358974359,0.5341034103410341,1818.0,same_format,False,True,True,True,0.009268795056642637,0.0,수,17,23,1.9228529032789727,"#이혼전문변호사, #재산분할, #주식재산분할",https://www.youtube.com/watch?v=jp1ggsBis6E
bmahDNdA928,남편이 저 몰래 주식투자로 전재산을 날렸습니다,중년의삶,UCJc9VOREfO7mUbtYYpf7uZA,2026-03-18 14:04:58,shorts,49.0,6380,60.0,16.0,2320,1천~1만,205.2768629714699,31.07997612418071,2.75,0.5283425116972382,12075.5,same_format,False,True,True,True,0.009404388714733543,0.0025078369905956114,수,14,25,3.1025885684385486,"사연, 썰사연, 사이다툰, 사이다썰, 사연툰, 썰툰",https://www.youtube.com/watch?v=bmahDNdA928
Y4r2-kH6PUA,"60대 버스 기사의 투자 실패 이야기, AI 매매방에서 전재산 날렸습니다 | 노후 자금 사연 | 은퇴자금 | 노후위기 | 오디오북",태극사연,UCkicd64B_cIXs2D6p0twVxA,2025-12-25 13:00:25,long,1042.0,85,3.0,2.0,229,1천 미만,288.3216893603588,0.29480959336972656,0.37117903930131,0.5246913580246914,162.0,same_format,False,True,True,True,0.03529411764705882,0.023529411764705882,목,13,72,1.2179413759988724,"노후자금사연, 주식투자, 매매방 투자, AI 투자, 노후사연, 60대 제테크, 실버세대, 실버사연, 주식투자 사기, 매매방",https://www.youtube.com/watch?v=Y4r2-kH6PUA
BdUAII-p9mA,손실복구심리 극복법 #주식 #단타,만쥬,UCWiMB4iRTqDGu5BmtT3Ytcg,2024-09-08 10:53:46,shorts,37.0,48125,638.0,13.0,216000,10만~100만,761.4096407492477,63.205136137550994,0.22280092592592593,0.5134866946928149,93722.0,same_format,False,False,True,False,0.013257142857142858,0.00027012987012987015,일,10,18,7.014002026267252,"만쥬, 주식, 돈깡, 주덕, 홍인기, 대왕개미홍인기, 단타, 캐리, 주춤, 주포와함께춤을, 트레이더김씨, 키움증권, 주식잘하는법, 주식공부, 주식공부하는법, 단타잘하는법, 짝꿍매매, 2등주매매, 대장주매매, 상따, 상한가따라잡기, 하따, 낙주, 종가배팅, 시간외단일가, 스윙, 장기투자, 전업투자, 투자, 투자잘하는법, 채권, 미국주식, 엔비디아, 테슬라, 빠떼리아저씨, 배터리아저씨, 박순혁, 2차전지, 이차전지, 리버스패스, 나주다, 스캘핑, 돌팬티",https://www.youtube.com/watch?v=BdUAII-p9mA
4LmJSFWjeD0,AI 자동매매 구현하는 방법 근황,조코딩 JoCoding,UCQNE2JmbasNYbjGAcuBiRRg,2026-09-02 17:30:02,shorts,45.0,27285,252.0,3.0,750000,10만~100만,37.1344555640625,734.7623544104285,0.03638,0.5120289746284342,53288.0,all_formats,False,False,True,True,0.009235843870258383,0.00010995052226498076,수,17,18,18.52545013351924,,https://www.youtube.com/watch?v=4LmJSFWjeD0
e1TGVJjkWOQ,주식투자 실패로 이혼한친구 #shorts,여썰고,UCPt7b1QAS5iq4h79eO5sFng,2025-05-28 17:00:48,shorts,53.0,9889,36.0,7.0,161,1천 미만,499.1547564899884,19.8114910684986,61.422360248447205,0.5014705882352941,19720.0,same_format,False,True,True,False,0.0036404085347355648,0.0007078572150874709,수,17,22,3.105777575492379,,https://www.youtube.com/watch?v=e1TGVJjkWOQ
89tqLXrYqto,"［은퇴지갑 No.71］ ""ETF""에 투자할 때 결정해야 할 6가지 : ""ETF"" 2편",밸런스 은퇴TV,UC77bq_2U7JgeAe0X0G0tZ8w,2021-05-06 21:00:07,long,920.0,2442,85.0,0.0,13300,1만~10만,1981.9885643603586,1.23209590807508,0.18360902255639097,0.4924379915305505,4959.0,same_format,False,False,True,False,0.03480753480753481,0.0,목,21,47,0.3020049880107397,"퇴직, 퇴직연금, 은퇴자금, 수익률, ETF, 자산운용, 밸런스, 김진영, 퇴직금, 주식투자, 패시브 운용, 액티브 운용, 상장지수펀드, 인덱스펀드, 주가지수, KODEX, TIGER",https://www.youtube.com/watch?v=89tqLXrYqto
Et1hqyPjyeE,부부간 증여받은 주식 세금 폭탄 안 맞는 법,미국회계사 EK,UCxUzt4AIpI1XO9cxHQ-ro1w,2024-12-09 20:00:22,shorts,56.0,2706,20.0,2.0,63400,1만~10만,669.0300574159144,4.044661327252996,0.042681388012618296,0.4870848708487085,5555.5,all_formats,False,False,True,False,0.007390983000739098,0.0007390983000739098,월,20,24,0.7478630814051189,,https://www.youtube.com/watch?v=Et1hqyPjyeE
lajY1g7os34,주식투자 AI로 자동매매하면 어떻게 될까?,머니벌크업ㅣ주식PT,UCa-mVoWdRkrnHimtZvsAb2w,2026-09-28 19:54:45,shorts,67.0,3309,51.0,9.0,15700,1만~10만,11.033957878877315,299.8923900493161,0.21076433121019109,0.48081952920662596,6882.0,same_format,False,False,False,True,0.015412511332728921,0.0027198549410698096,월,19,23,12.500118842069018,,https://www.youtube.com/watch?v=lajY1g7os34
FXQ-YdyC-SY,어렵게 승소한 판결문! 그것은 쓰레기가 되었다?,채권추심 돈도,UCRiBXc1gpmuiXqDXtajvRqA,2020-12-12 13:23:30,long,735.0,2721,153.0,28.0,26400,1만~10만,2127.3056592677663,1.2790827628111456,0.10306818181818182,0.4788806758183738,5682.0,same_format,False,False,True,False,0.05622932745314223,0.010290334435869165,토,13,26,2.083166854500715,"판결문, 소송, 판결, 지급명령, 법인폐업, 폐업, 떼인돈, 강제집행, 민사, 승소, dondo, 이성훈, 이성훈tv, 돈도",https://www.youtube.com/watch?v=FXQ-YdyC-SY
kT7a0va51FY,#21  투자손실보상 신종 전화금융사기 조심하세요,뉴스PBN,UCGTpP4c0Slh9QPBXei7kv4w,2023-08-17 14:33:54,shorts,32.0,205,5.0,0.0,279,1천 미만,1149.2567703788775,0.17837615168663945,0.7347670250896058,0.47508690614136734,431.5,same_format,False,True,True,False,0.024390243902439025,0.0,목,14,27,0.6563988578138922,,https://www.youtube.com/watch?v=kT7a0va51FY
LBeCrqg3TE8,실화사연-이혼한 오빠가 전업 주식 투자를 하자 주식 배우겠다며 오빠와 만나던 남편! 주식은 안하고 엄청난 짓을 하는데!! /실화사연/신청사연/사이다썰/반전사연/사연라디오,사연읽어주는남녀,UCv9FeN8Yjqr3jGKzTNk9SLw,2025-11-18 17:46:15,long,3589.0,17604,807.0,20.0,317000,10만~100만,325.1231939899884,54.14562948880874,0.05553312302839117,0.46438746438746437,37908.0,same_format,False,False,True,True,0.04584185412406271,0.0011361054305839581,화,17,94,4.92484321198144,"라디오드라마, 드라마, 사연읽어주는남녀, 사연남녀, 사연, 반전사연, 실화사연",https://www.youtube.com/watch?v=LBeCrqg3TE8
g99-9acxu0s,임신한 나를 버리고 가짜 닥터 T와 약혼한 대표… 내가 진짜 천재라는 걸 알자 무너졌다.,심쿵 숏드라마,UC-FtfEYaQBEEjVrnVlNBAVQ,2026-10-05 21:40:39,long,4934.0,12344,56.0,5.0,20100,1만~10만,3.9604162122106477,3116.8441240951684,0.6141293532338309,0.4589188787270429,26898.0,same_format,False,False,False,True,0.004536616979909268,0.0004050550874918989,월,21,49,7.777125683391773,DramaID_42000009240,https://www.youtube.com/watch?v=g99-9acxu0s
IGc8AcOqf_w,"""주식 손실 숨기고 몰래 대출까지, 서류에서 다 나왔습니다""",만신의 속삭임(애동이),UCgBHLB39SWwtSMxnFloF-ng,2026-08-17 09:00:32,shorts,86.0,460,1.0,0.0,289,1천 미만,53.48827500850694,8.60001560953013,1.5916955017301038,0.4485616772306192,1025.5,same_format,False,True,True,True,0.002173913043478261,0.0,월,9,33,8.271737518949227,,https://www.youtube.com/watch?v=IGc8AcOqf_w
_nr2v8BSo6M,"""투자인 줄 알았지? 도박이야.."" 중독인지 확인하고 벗어나는 3단계 #신영철 l 생로의사의 비밀",KBS 생로병사의 비밀,UCiV4_cGVt-t-j6jMQ7RCrXw,2025-07-04 22:57:27,long,1001.0,17391,301.0,23.0,872000,10만~100만,461.9070828788773,37.650429371225556,0.019943807339449542,0.4424065123378275,39310.0,same_format,False,False,True,False,0.017307802886550514,0.0013225231441550227,금,22,54,18.421220954138835,"생로병사의비밀, 생로병사, KBS, 웰빙, 다이어트, 건강정보, 의학정보, 생로먹방",https://www.youtube.com/watch?v=_nr2v8BSo6M
vK6BkRVl_s0,성과급 나눠주지 않았다고..무리하게 이혼하자는 남편?! 사업 실패를 주식으로 만회하려던 남편..결국 아내의 돈까지..? 궁할매의 솔루션은?! #용한점집 #유명한점집,운세인사이드,UCt46kECnPR0j4yRR3uCIpDQ,2026-09-02 20:50:51,long,1174.0,2928,28.0,0.0,43800,1만~10만,36.99499954554398,79.1458314898851,0.06684931506849315,0.4350668647845468,6730.0,same_format,False,False,True,True,0.009562841530054645,0.0,수,20,91,8.573241394013587,,https://www.youtube.com/watch?v=vK6BkRVl_s0
9EA-koTYrZU,나도 모르게 주식리딩방 사기에... #투자리딩방 #주식사기 #주식리딩방 #투자사기,사기탐사대,UCXQ5sOGA1xBa205-EA2FLcw,2026-07-16 15:02:06,shorts,39.0,532,2.0,0.0,6,1천 미만,85.23718704554398,6.241407282900379,88.66666666666667,0.42868654311039484,1241.0,same_format,False,True,True,True,0.0037593984962406013,0.0,목,15,45,2.7367535411952755,"사기탐사대, 투자리딩방, 리딩방사기, 주식사기, 유사투자자문, 카카오톡오픈채팅, 투자사기, 폰지사기, 금융사기, 사기예방, 실화, 부모님께보여주세요, 자녀에게보여주세요, 쇼츠, shorts",https://www.youtube.com/watch?v=9EA-koTYrZU
YkxrQkN-yt0,내 모든 걸 바쳐 남편 회사를 상장시켰더니 불륜에 빈손 이혼까지…결국 모든 걸 되찾자 그가 무릎 꿇었다!#drama #kdrama #드라마,봄날 숏극장,UC1D-pmkzd6dW4rjgKAP94TQ,2026-10-07 13:30:22,long,5032.0,8839,125.0,2.0,16800,1만~10만,2.300890749247685,3841.5557117999015,0.5261309523809524,0.4063160798014158,21754.0,same_format,False,False,False,True,0.014141871252404119,0.00022626994003846588,수,13,77,14.570980042961263,"드라마숏츠, 웹드라마, 로맨스드라마, 재벌남주, 심쿵로맨스, cdrama, love, lovestory, romantic",https://www.youtube.com/watch?v=YkxrQkN-yt0
KtJZCI5fM5s,"부 주가 조작 잡아도, 90% 처벌 못합니다 코스콤 이승범 전무",언락 : 세상의 비밀을 풀다,UClilvxdZdNtdbnm1fQacmQA,2026-05-27 08:22:58,long,3151.0,6,0.0,0.0,24,1천 미만,135.51436297146992,0.044275749584294546,0.25,0.4,15.0,same_format,False,True,True,True,0.0,0.0,수,8,35,11.47482634079779,"삼프로TV, 백브리핑, 안승찬, 이진우, 삼프로, 경제의신과함께, 삼프로TV 백브리핑, 삼프로티비 백브리핑, 최준영, 컴퍼니백브리핑, 이프로, 어예진, 언더스탠딩, 김수헌, 이재용",https://www.youtube.com/watch?v=KtJZCI5fM5s
qQzW8qaHSAw,"50대 주식투자 실패, 종목이 아니라 이것 때문!",노후장부,UC54fPjFCam7RUxs5WCge6pA,2026-07-08 09:45:07,long,902.0,32,0.0,0.0,50,1천 미만,93.4573143603588,0.3424023065397783,0.64,0.3902439024390244,82.0,same_format,False,True,True,True,0.0,0.0,수,9,27,2.289530169329835,"재테크, 주식, ETF투자, 국민연금, 돈버는법, 투자전략, 절약방법, 노후준비, 재테크정보, 경제공부, 50대주식, 주식투자실패, 노후자금, 퇴직금, 빚투",https://www.youtube.com/watch?v=qQzW8qaHSAw
oi7pk1MG6gI,코인 리딩방 제발 들어가지 마세요,자두두 Jadoodoo,UCIOHzEDwgUuLBZwPKEUt1AQ,2024-08-09 18:00:49,shorts,57.0,136825,1687.0,88.0,234000,10만~100만,791.1130782492476,172.95251938293958,0.5847222222222223,0.38916343726668323,351587.5,same_format,False,False,True,False,0.012329618125342591,0.0006431573177416408,금,18,18,2.612750689929479,,https://www.youtube.com/watch?v=oi7pk1MG6gI
_iSKz5BlSAo,1년동안 5백만원씩 주식 투자했더니..😱,짠부부,UC09kChaJLN-37F-cK_p0x0Q,2026-09-26 10:00:34,shorts,39.0,6689,38.0,1.0,7970,1천~1만,13.44658519369213,497.4497170581159,0.8392722710163112,0.38738634389297505,17267.0,same_format,False,True,False,True,0.005680968754671849,0.00014949917775452235,토,10,22,1.4273532424566222,,https://www.youtube.com/watch?v=_iSKz5BlSAo
d_ziXjAEnZs,원풍물산 상장폐지 · 강화된 코스닥 시총 기준 1호 · 관리종목 84곳 · 퇴출 파도,1분있슈,UC_p_SRk036AiHWqlV5y0PEA,2026-09-09 10:34:03,shorts,61.0,403,0.0,0.0,189,1천 미만,30.423332878877318,13.24641194324241,2.132275132275132,0.3784037558685446,1065.0,same_format,False,True,True,True,0.0,0.0,수,10,47,11.975303312969245,,https://www.youtube.com/watch?v=d_ziXjAEnZs
0I1j81_Vel4,투자실패가 재산분할에 반영이 될까? #가정폭력이혼 #투자실패재산분할,장샛별TV - 장샛별변호사,UCTXRq-TVNI4WqyaICZW2GQQ,2023-07-27 15:38:47,long,546.0,540,7.0,1.0,4090,1천~1만,1170.211712508507,0.4614549608655318,0.13202933985330073,0.3752605976372481,1439.0,all_formats,False,True,True,False,0.012962962962962963,0.001851851851851852,목,15,37,1.4765668979775772,"이혼전문변호사, 장샛별변호사, 가정폭력, 접근금지, 피해아동보호, 피해자보호, 이혼, 이혼소송, 소송, 반소, 이혼전문, 원고, 피고, 반소원고, 반소피고, 가사, 가사소송, 가사사건, 조정이혼, 소송이혼, 협의이혼, 항소심, 상고심, 위자료, 재산분할, 기여도, 단독명의, 공동명의, 명의이전, 재산조회, 은행, 보험, 주식, 양육권, 면접교섭, 사전처분, 신청인, 피신청인, 임시양육자, 임시양육비, 사건본인, 공동친권, 단독친권, 강제집행, 양육비, 양육비미지급, 증거, 증거수집, 유책배우자, 귀책사유, 피해자보호명령, 임시보호명령, 혼인파탄, 혼인관계파탄, 파탄사유, 판결, 선고, 승소, 승소사례, 기각, 인용, 판례, 이혼청구, 판결문, 조정조서, 화해권고결정, 조정을갈음하는결정, 결정문, 소장, 공탁, 소가, 탄원서, 법정, 감정, 재판부, 합의부, 준비서면, 참고서면, 의견서, 서증, 답변서부동산, 부동산가압류, 채권가압류, 채권자, 채무자, 제3채무자, 집주인, 변론기일, 조정기일, 조사기일, 조정조치기일, 심문기일, 심리기일, 부부상담, 가사조사, 조정위원, 대리인, 변호사, 소송대리인, 법률사무소, 이혼상담, 의뢰인, 상담, 가정법원, 인지대, 송달료",https://www.youtube.com/watch?v=0I1j81_Vel4
Niyskk9VgLM,[긴급] 개미들만 사고 있는 설거지 종목 TOP 5 | 이거 사면 망합니다 #주식투자 #설거지주의보 #작전주,금융쌤,UCBEnILpIAQ0NqkcSbH-T5Xg,2026-02-23 08:36:16,long,656.0,14,0.0,0.0,49,1천 미만,228.5051268603588,0.06126777194174512,0.2857142857142857,0.37333333333333335,37.5,same_format,False,True,True,True,0.0,0.0,월,8,60,1.2216150539071204,,https://www.youtube.com/watch?v=Niyskk9VgLM
5Ufjiv18F8s,노후에 모아둔 1억 반토막 나는 이유 / 흑자기에 미리 안 준비하면 은퇴 후 100% 후회하는 3가지,돈을 지키는 연구소,UCvb2O9eEAMbe6OLWlQZVnaw,2026-09-03 00:32:22,shorts,34.0,124,0.0,1.0,76,1천 미만,36.84116852702547,3.3657998635151243,1.631578947368421,0.3668639053254438,338.0,same_format,False,True,True,True,0.0,0.008064516129032258,목,0,56,9.58192817926571,"경제공부, 노후준비, 은퇴설계, 인생곡선, 자산관리, 재테크, 저축 투자 보험, 직장인 자산관리, 화폐가치",https://www.youtube.com/watch?v=5Ufjiv18F8s
2WScWf8EU7Q,자동매매 사기일까? 절대 돈 입금하면 안됩니다,자동매매 십억원,UC7nFgjBLjC1tAWAROIJGaHA,2026-09-14 12:15:07,shorts,36.0,457,2.0,0.0,229,1천 미만,25.353147693692133,18.02537521262899,1.9956331877729259,0.35675253708040594,1281.0,same_format,False,True,True,True,0.00437636761487965,0.0,월,12,25,10.254702530544535,프리컨트,https://www.youtube.com/watch?v=2WScWf8EU7Q
8YBPpTMY6Es,몰래 대출받아 코인한 남편,커뮤니츠,UCJJCbn-4RlnTeIps6RxHKwQ,2023-09-06 07:00:12,shorts,44.0,1450,9.0,1.0,77,1천 미만,1129.5718398233219,1.2836722277237336,18.83116883116883,0.35083474473747883,4133.0,same_format,False,True,True,False,0.006206896551724138,0.000689655172413793,수,7,14,0.6182299956648257,,https://www.youtube.com/watch?v=8YBPpTMY6Es
_XSlrHzm1CE,💢《주식》주식을 알게 된 것을 가장 후회합니다ㅣ주식으로 몇억을 잃고 깨달은 단 한 가지,미라클miracle,UCskhvdwQ9V0VQbUy60QWVBA,2026-08-09 18:45:26,long,1947.0,441,17.0,0.0,22700,1만~10만,61.08209445295139,7.21979172373798,0.019427312775330396,0.34186046511627904,1290.0,same_format,False,False,True,True,0.03854875283446712,0.0,일,18,48,7.000011342610971,"주식, 주식실패사연, 주식실패담, 주식투자, 실화사연, 주식전업투자, 전업투자",https://www.youtube.com/watch?v=_XSlrHzm1CE
dE5I9CEC1qI,"'돈 버는 뇌는 다릅니다', 주식중독 병일까? 의사가 알려주는 돈 잃지 않는 주식투자법",헬스조선 Health Chosun,UCAALfFyHolJ0jjgKoSMZ15Q,2026-05-22 19:00:16,long,847.0,8699,12.0,0.0,271000,10만~100만,140.07179352702548,62.10386674546017,0.03209963099630996,0.3322130991025396,26185.0,same_format,False,False,True,True,0.0013794689044717783,0.0,금,19,48,8.677695911037548,"주식중독, 도박중독, 게임중독, 포모증후군, 주식, 주식투자",https://www.youtube.com/watch?v=dE5I9CEC1qI
rwcpx2aaDuY,아내 몰래 빚내서 주식 투자한 레전드 사연자 ㄷㄷ 😱,그리구라 GreeGura,UCLF1hNfWMvgq4zvR5qzDWgg,2025-09-03 20:01:35,shorts,43.0,9586,43.0,1.0,323000,10만~100만,401.02921250850693,23.903495558435544,0.029678018575851395,0.33018737944337284,29032.0,same_format,False,False,True,False,0.0044857083246401,0.00010431879824744419,수,20,29,5.926485707644735,"김구라, 그리구라, 김구라쇼, 경제연구소, 투자, 주식, 부동산, 장투, 빚투, 사연, 시청자, 구독자, 공포, 납량특집, 아내, 몰래",https://www.youtube.com/watch?v=rwcpx2aaDuY
6tejVOLzOcI,“99%가 결국 주식투자 실패하는 이유” 망하는 사람들의 9가지 소름돋는 공통점,데일리대일 ,UCQeCqmZZcSa0oEd6IeQ7dyg,2026-07-19 23:45:14,long,1308.0,4509,137.0,16.0,97200,1만~10만,81.87390000850694,55.07249562475345,0.04638888888888889,0.31134127395132055,14482.5,same_format,False,False,True,True,0.030383677090263916,0.0035484586382789974,일,23,44,6.946424096189597,"데일리대일, 자기계발, 재테크, 주식공부, 투자공부, 주식투자, 주식투자실패, 투자실패, 주린이",https://www.youtube.com/watch?v=6tejVOLzOcI
tTURG8dM6lQ,주식 1억 손실 보고 배운 '돈벌어도 결국 다 날리는 6가지 습관',마르지 않는 투자,UCR4R3u3RFdjLlCWlOeg8I8A,2026-03-31 16:30:30,long,1232.0,4286,189.0,14.0,19600,1만~10만,192.1757981566551,22.302496157743025,0.21867346938775512,0.30588067370825006,14012.0,same_format,False,False,True,True,0.044097060195986935,0.0032664489034064394,화,16,37,2.6295162855230347,"#주식투자, #주식공부, #주식기초, #주식초보, #경제적자유",https://www.youtube.com/watch?v=tTURG8dM6lQ
ah9W8hPyFng,"주식투자가 후회의 연속이었던 이유, 우리의 뇌에 답이 있습니다 | 주식뇌피셜-앵커링효과",한경 코리아마켓,UCGCGxsbmG_9nincyI7xypow,2021-05-19 09:00:00,long,263.0,8012,275.0,25.0,757000,10만~100만,1969.4886453788772,4.068061026296856,0.010583883751651256,0.3050447363411384,26265.0,same_format,False,False,True,False,0.034323514727908136,0.0031203195207189214,수,9,48,8.256686851499229,"재테크, 경제, 주식, 투자, 증권, 한국경제, 경제방송, 분석, 전망, 미국주식, ETF, 종목, 껄무새, 앵커링, 심리, 삼성전자",https://www.youtube.com/watch?v=ah9W8hPyFng
mzftyZ8EhFU,"이혼 전 반드시 알아야 할 재산분할 상식 | 주식, 코인, 연금도 재산분할 대상일까? 억울하게 내 돈 뺏기지 않는 법 총정리","김변의 교육,학폭이야기",UC1UhtYzCuhWz6EuLvYFjd5g,2026-04-09 18:30:22,long,296.0,153,6.0,1.0,863,1천 미만,183.09255741591437,0.8356429237723961,0.1772885283893395,0.29766536964980544,514.0,same_format,False,True,True,True,0.0392156862745098,0.006535947712418301,목,18,69,2.0955556756711804,"이혼, 이혼소송, 재산분할, 변호사선임, 재산분할 비율",https://www.youtube.com/watch?v=mzftyZ8EhFU
pct1kUtuKY0,어르신들이 주식투자 하실때 꼭 주의 해야 할 3가지 ㅣ 어르신주식투자 #시니어투자주의사항 #60대주식거래 #주식투자사기예방 #어르신금융교육,세젤리아_SeJeliA,UCH0myP0eYBexEFF0SD35CxQ,2025-06-08 22:37:24,long,791.0,13,2.0,0.0,3,1천 미만,487.92100648998843,0.02664365712294198,4.333333333333333,0.29545454545454547,44.0,same_format,False,True,True,False,0.15384615384615385,0.0,일,22,77,2.3184354941433987,"어르신주식투자, 시니어주식거래, 60대투자, 70대주식, 노인주식투자, 어르신금융교육, 시니어투자교육, 주식투자주의사항, 어르신투자사기, 시니어금융사기, 핸드폰주식거래, 스마트폰투자위험, 주식앱사용법, 어르신투자실수, 시니어투자안전, 60대재테크, 70대재정관리, 노년투자가이드, 어르신경제교육, 시니어자산관리, 주식투자기초, 어르신증권투자, 시니어포트폴리오, 안전한투자방법, 어르신건강투자, 시니어투자심리, 60대금융상품, 어르신투자상담, 시니어투자전략, 노후자산관리",https://www.youtube.com/watch?v=pct1kUtuKY0
DcRLzFE8NJY,물타기 하다가 60% 손절한 사연,강남오리,UCNSnwzloOwgNe9CwABnettQ,2022-05-07 03:59:54,long,467.0,653,22.0,0.0,7120,1천~1만,1616.697048156655,0.4039099352253691,0.09171348314606742,0.27840545725858024,2345.5,same_format,False,True,True,False,0.033690658499234305,0.0,토,3,18,0.28433746803013504,"주식실패담, 주식 실패 사연, 주식 실패 사례, 데브시스터즈, 이엠텍, 물타기 실패",https://www.youtube.com/watch?v=DcRLzFE8NJY
a5bkEiZAzeg,도파민 주식 망한썰,QUITEMONEY,UCdGdHAwJnZDXtSy--WXzgMg,2025-11-27 12:19:48,shorts,47.0,251,0.0,0.0,56,1천 미만,316.3498953788773,0.7934252663475332,4.482142857142857,0.2697474476088125,930.5,same_format,False,True,True,True,0.0,0.0,목,12,10,7.870857551273145,,https://www.youtube.com/watch?v=a5bkEiZAzeg
4zMfCU2ZoZ8,"[#이혼] 비트코인, 주식 네가 갚아라!",위로가 필요해,UCpzvv5Vu8znXpTxgMEhWOHA,2023-06-16 16:00:02,long,323.0,266,3.0,5.0,4010,1천~1만,1211.1969555640626,0.21961746087457923,0.06633416458852869,0.25285171102661597,1052.0,same_format,False,True,True,False,0.011278195488721804,0.018796992481203006,금,16,22,0.3801334610367225,,https://www.youtube.com/watch?v=4zMfCU2ZoZ8
yjzdV3t-Xq8,"주식 리딩 사기, 3천만원 날리고 알게 된 진실",리얼썰툰,UCFN7c_OT3JSpuS-7us_D-sg,2026-01-26 21:56:35,shorts,32.0,1013,2.0,0.0,158,1천 미만,255.94935139739584,3.9578142881369565,6.4113924050632916,0.25192738124844566,4021.0,same_format,False,True,True,True,0.0019743336623889436,0.0,월,21,26,3.3787071506694457,,https://www.youtube.com/watch?v=yjzdV3t-Xq8
iD_o7mgCz5E,月薪幾千的窮小子被老婆背叛，離婚時還被嘲笑沒本事養家，誰知下一秒綁定順手牽羊系統，第一次出手竟順走江城第一女總裁，還順走藥聖傳承和逆天機緣，從人人嫌棄的廢物逆襲成人生贏家！,凡塵劇場ShortTV,UCyMMHttDdCJEpwzHrTaF2UQ,2026-10-07 20:30:08,long,9410.0,9121,83.0,2.0,30100,1만~10만,2.0093861196180556,4539.197275700163,0.3030232558139535,0.24526069536690956,37189.0,same_format,False,False,False,True,0.009099879399188686,0.0002192742023900888,수,20,86,14.557932773546156,"凡塵劇場ShortTV, 凡塵劇場, 短劇, 中文短劇, 中國短劇, 繁體短劇, 都市短劇, 現代短劇, 男頻短劇, 都市爽劇, 爽文短劇, 逆襲短劇, 神豪短劇, 系統短劇, 神豪系統, 都市逆襲, 窮小子逆襲, 隱藏身份, 隱藏富豪, 首富歸來, 戰神歸來, 龍王歸來, 扮豬吃虎, 豪門恩怨, 商戰逆襲, 霸道總裁, 美女總裁, 豪門少爺, 贅婿逆襲, 復仇爽劇, 打臉逆襲, 身份曝光, 前妻後悔, 前女友後悔, 富二代打臉, 豪車豪宅, 黑卡, 財富人生, 人生逆轉, 爽劇全集, 短劇全集, ChineseDrama, ChineseShortDrama, ShortDrama, MiniDrama, UrbanDrama, CEODrama, BillionaireDrama, RevengeDrama, RichLife, HiddenIdentity, PowerfulMan, FullDrama, EngSub, CEO, 逆襲, 開掛, 崛起, 超燃爽劇",https://www.youtube.com/watch?v=iD_o7mgCz5E
PJfgVuaBcPk,40대 상가투자 반토막.. 그리고 1억 주식 손실중입니다 / 구독자사연,서른일기,UCYYPvecmdGQgzIfghtdWhGQ,2026-04-19 21:12:04,long,670.0,8200,212.0,47.0,36100,1만~10만,172.9802657492477,47.40425137215782,0.22714681440443213,0.24340289115141442,33689.0,same_format,False,False,True,True,0.025853658536585365,0.005731707317073171,일,21,39,11.226994684998152,,https://www.youtube.com/watch?v=PJfgVuaBcPk
WhaF07LpARQ,"주식, 코인, 상속도 이혼 재산분할 대상인가요? #법 #이혼 #이혼변호사",법이해법 - 법무법인 승리로,UCzCr2rv5rGFNTZ01BOZPhWw,2025-10-22 20:01:06,shorts,77.0,320,1.0,0.0,132,1천 미만,352.0295481566551,0.9090146031082545,2.4242424242424243,0.24242424242424243,1320.0,same_format,False,True,True,True,0.003125,0.0,수,20,40,4.11063815210503,,https://www.youtube.com/watch?v=WhaF07LpARQ
rHdhuEm7tLU,"""눈탱이 맞고 다 잃었습니다. 15억 상가 투자 실패로 본 노후 재테크의 교훈""",은빛숲길,UC9vlJ0CQ3uVuxgjEAOs_apA,2025-09-27 22:01:44,long,614.0,519,8.0,0.0,220000,10만~100만,376.9457750085069,1.3768558620620888,0.002359090909090909,0.24094707520891365,2154.0,same_format,False,False,True,False,0.015414258188824663,0.0,토,22,44,18.38120206010483,,https://www.youtube.com/watch?v=rHdhuEm7tLU
rYSwbq5pQ-A,[투자실패사례 #5] 아가방컴퍼니(20.02~) (시장에 소외된 테마주),흑우스토리,UCGuq1wmri8_yiES2DArI_Mg,2021-01-05 20:16:45,long,640.0,1856,35.0,14.0,17000,1만~10만,2103.0186801010996,0.8825409006403954,0.10917647058823529,0.22579075425790754,8220.0,same_format,False,False,True,False,0.018857758620689655,0.007543103448275862,화,20,40,0.6400759692282632,"저출산, 박근혜, 테마주, 아가방, 아가방컴퍼니, 저출산관련주, 저출산테마주, 출산률, 역대최저, 합계출산율, 인구감소",https://www.youtube.com/watch?v=rYSwbq5pQ-A
czxhjJiHYbs,💢《주식주식시장에서 살아남는 유일한 성공투자비결ㅣ리딩방에 돈 바치고 바보가 되는 개미들ㅣ잃은 돈이 자꾸 생각나 우울증에 걸린 초보 투자자ㅣ성공하는 사람들은 목숨처럼 지키는 한 가지,미라클miracle,UCskhvdwQ9V0VQbUy60QWVBA,2026-05-19 18:45:39,long,1803.0,289,16.0,1.0,22700,1만~10만,143.08194398998845,2.0198215927246665,0.012731277533039648,0.224031007751938,1290.0,same_format,False,False,True,True,0.05536332179930796,0.0034602076124567475,화,18,100,7.000011342610971,"주식, 주식실패사연, 주식실패담, 주식투자, 실화사연, 주식전업투자, 전업투자",https://www.youtube.com/watch?v=czxhjJiHYbs
H-CNBm-pRVg,"나몰래 투자한다고 빚더미 앉은 남편, 불똥이 나한테도 튈까요?- 박상희 변호사의 5분 t-time",박상희변호사의 이혼특강,UCOSOnyaXAxFzdgktPhwGcYA,2023-06-12 12:00:05,long,136.0,425,6.0,0.0,1150,1천~1만,1215.363587508507,0.3496895944293092,0.3695652173913043,0.2228631358154169,1907.0,same_format,False,True,True,False,0.01411764705882353,0.0,월,12,54,1.7027463259897706,,https://www.youtube.com/watch?v=H-CNBm-pRVg
h1x3EK33Bl4,"주식 중독, 바로 이렇게 치료합니다!",새멋TV,UCXIIyfdS3hA3OHrhuMY1urQ,2023-01-04 17:30:07,long,629.0,5423,46.0,6.0,56700,1만~10만,1374.1343976936923,3.946484426197181,0.0956437389770723,0.21766878060528216,24914.0,same_format,False,False,True,False,0.008482389821132214,0.0011063986723215931,수,17,20,15.134968483830509,"주식초보, 주식초등학교, 머니투데이방송, MTN, 삼프로TV, 신과함께, 슈카, 슈카월드, 김작가, 반도체, 기업분석, 가치투자, 단기투자, 무병장투, 정신건강의학과, 김총기, 김총기 원장, 주식중독, 주식 장애, 도박중독, 도박장애, 물타기, 자살, 알콜중독, 변동성, 한강",https://www.youtube.com/watch?v=h1x3EK33Bl4
KD0N5C8p0Go,배우자의 무모한 주식투자로 인한 채무 재산분할 대상에 포함된다?! /  한승미 이혼전문 변호사,이상한 변호사 한승미 (법무법인 승원),UCjFHAJjlhSpAWNmI75RXAVw,2020-12-10 18:11:40,long,160.0,469,16.0,2.0,17500,1만~10만,2129.1055435270255,0.2202802963084046,0.0268,0.21347291761492945,2197.0,same_format,False,False,True,False,0.03411513859275053,0.0042643923240938165,목,18,52,3.123613276843862,"이혼전문변호사, 이혼재산분할, 주식투자실패이혼, 한승미변호사, 법무법인승원, 이혼재산분할채무, 재판상이혼절차",https://www.youtube.com/watch?v=KD0N5C8p0Go
85DxSuRvqsA,"몰래한 투자한 주식, 비트코인 투자실패로 큰 손해가 발생한 것이 이혼사유가 될까? (부제: 배우자 모르게 만든 채무는 같이 갚아야 할까?)",최변TV (재산을 지키는 法(법)),UCJk_08Z01jYg2xDc4jfiibw,2021-01-02 18:04:37,long,269.0,359,11.0,6.0,11500,1만~10만,2106.1104393603587,0.17045639834017012,0.031217391304347825,0.19972183588317108,1797.5,all_formats,False,False,True,False,0.03064066852367688,0.016713091922005572,토,18,77,4.847770546555671,"주식투자이혼, 투자손실이혼, 비트코인손실이혼, 투자실패이혼사유, 배무자몰래투자, 채무이혼, 빚이혼, 채무재산분할",https://www.youtube.com/watch?v=85DxSuRvqsA
oXRRp1Iv1aQ,"코인 투자, 법적으로 원금 돌려받을 수 있는 방법!",로그인 - JY법률사무소,UCSiZ7tKrhazdNniUHkPhmUw,2023-07-10 17:13:34,shorts,40.0,365,2.0,1.0,4930,1천~1만,1187.1458907492479,0.3074601048146123,0.07403651115618662,0.1990185387131952,1834.0,same_format,False,True,True,False,0.005479452054794521,0.0027397260273972603,월,17,28,1.2500119358778599,"변호사, 형사전문변호사, 이재용변호사, JY법률사무소, 형사전문법률사무소, 법률사무소",https://www.youtube.com/watch?v=oXRRp1Iv1aQ
JJr-ulh5-nU,주식 투자 실패하고 거북목 완치된 썰,땅굴두더지,UC1BgucBtYkfMyZiqL7DqtmA,2026-09-28 17:01:38,shorts,33.0,2628,8.0,0.0,36,1천 미만,11.154177786284722,235.60678790967566,73.0,0.19728989152058857,13320.5,same_format,False,True,False,True,0.0030441400304414,0.0,월,17,20,6.999364062408681,,https://www.youtube.com/watch?v=JJr-ulh5-nU
J7vI8Nwp-VY,보이스피싱 주식 작전주 리딩방 사기수법,클레빗,UCPL0MibE700CmhCct2BLvcQ,2023-04-27 14:40:12,long,271.0,1300,10.0,0.0,3360,1천~1만,1261.2523953788775,1.0307215310457212,0.3869047619047619,0.19372624990686238,6710.5,same_format,False,True,True,False,0.007692307692307693,0.0,목,14,21,0.4745816709308133,"투자, 하한가, 레버리지, 영끌, 코스피, 코스닥, 작전주, 세력주, 대장주, 사기",https://www.youtube.com/watch?v=J7vI8Nwp-VY
mocu44qrGno,환율 폭락에 피눈물! 미국 주식 지금 안 바꾸면 전재산 날립니다,어른을 위한 1분,UCR-VbKQQrSQ_5SrpUKTLxLg,2026-09-02 21:11:27,shorts,8.0,5504,3.0,0.0,4840,1천~1만,36.98069398998843,148.83441618186143,1.1371900826446282,0.17134674055164684,32122.0,same_format,False,True,True,True,0.0005450581395348837,0.0,수,21,35,11.57014168832242,"TQQQ, 노후자산관리, 노후준비, 달러투자, 미국ETF, 미국주식, 미국채권, 서학개미, 은퇴자금, 자산배분, 재테크, 투자전략, 파킹통장, 환율하락, 환차손",https://www.youtube.com/watch?v=mocu44qrGno
NDI4H18usZI,"(1부) 주가 조작 잡아도, 90% 처벌 못합니다 (코스콤 이승범 전무)",언더스탠딩 : 세상의 모든 지식,UCIUni4ScRp4mqPXsxy62L5w,2026-05-19 21:25:18,long,3151.0,46577,864.0,73.0,1400000,100만+,142.9710759344329,325.7791808278788,0.033269285714285717,0.15367636141676427,303085.0,same_format,False,False,True,True,0.018549928076089055,0.0015672971638362283,화,21,40,18.421164846277087,"삼프로TV, 백브리핑, 안승찬, 이진우, 삼프로, 경제의신과함께, 삼프로TV 백브리핑, 삼프로티비 백브리핑, 최준영, 컴퍼니백브리핑, 이프로, 어예진, 언더스탠딩, 김수헌, 이재용",https://www.youtube.com/watch?v=NDI4H18usZI
OcoD56xWzOw,“ETF 2배로 벌 수 있다고?” 레버리지 투자가 위험한 이유,김짠부,UCiHCmazdsMM9j3Jbqx3p7Ig,2026-07-22 19:00:19,long,424.0,28397,554.0,171.0,1150000,100만+,79.07175880480324,359.1294847772504,0.02469304347826087,0.146145017935535,194307.0,same_format,False,False,True,True,0.019509103074268407,0.006021762862274184,수,19,34,2.2287178998107287,,https://www.youtube.com/watch?v=OcoD56xWzOw
9CbXGKxrEJE,나몰래 상의도없이 대출받아 주식투자하더니 답답하다고 도리어 화내는 남편이랑 싸움 #톡툰 #사이다썰 #사연라디오 #사연낭독 #오디오드라마 #오디오드라마 #톡툰 #사이다썰,3분극장 영상툰이야기,UCMA123uuJ-d883dystg6nMw,2026-07-12 17:52:27,long,529.0,237,6.0,0.0,1140,1천~1만,89.11888843443286,2.6593688965764786,0.20789473684210527,0.13843457943925233,1712.0,same_format,False,True,True,True,0.02531645569620253,0.0,일,17,93,2.310413355411635,,https://www.youtube.com/watch?v=9CbXGKxrEJE
8oD1ZRuHxXA,재테크 실패?! 60대가 조심해야 할 점!,부의 경제학,UCLBkC13jf73u_dt3A60ItgA,2026-02-23 19:04:00,shorts,41.0,108,4.0,0.0,1030,1천~1만,228.06920093443287,0.47354048489453293,0.10485436893203884,0.13012048192771083,830.0,same_format,False,True,True,True,0.037037037037037035,0.0,월,19,23,14.583333333333334,"안전한투자, 시니어투자, 재테크방법, 투자주의사항, 투자비밀, 재테크꿀팁, 안전한재테크, 재테크정보, 시니어재테크, 투자전략, 노후준비, 재정안정, 재테크실천, 안전투자법, 투자팁, 시니어필수, 안정적수익, 투자마인드, 재테크사례, 투자교육, 노후재테크, 시니어금융",https://www.youtube.com/watch?v=8oD1ZRuHxXA
PAXKRq6GA_4,남편과 내연녀에게 살해당한 그녀! 다시 태어나 두 사람에게 끔찍한 대가를 치르게 한다!,糖金劇場SWEETFILM,UCWJXsP4owwrt0EAZcAzyHaQ,2026-09-08 19:08:18,long,6957.0,933,5.0,0.0,36100,1만~10만,31.06621482332176,30.03262564512965,0.025844875346260388,0.10584231423709586,8815.0,same_format,False,False,True,True,0.0053590568060021436,0.0,화,19,48,13.063735390238055,"k-drama, chinese love movie2026, romance, korean drama, c-drama, 甜宠, asian drama, top chinese drama, chinese tv dramas, Thai Drama2026, korean movie2026, hot short movie, ceo, cinderella, wife, husband, lover, mistress, short drama, male frequency, #couples, chinese drama, president, small video, 독재적인회장, 단편드라마, 드라마단편, 단편영화, 미니드라마, 달콤한로맨스, 귀여운아기, 복수, 뺨맞기, 학대적인사랑, 시스템, 사랑후중결혼, 아내쫓기, 복수드라마, 인기단편드라, 인기중국단편드라마, 완전판컬렉션, 인기단편드라마",https://www.youtube.com/watch?v=PAXKRq6GA_4
JfiU7C5Ci5w,남편이 이사자금으로 저 몰래 주식 돌렸어요… 근데 수익률 200% 두 배라는데요 ??😲,내가아는슬기언니,UCELOTuU0GDCamnCmWhfcBCQ,2025-05-02 15:30:10,long,333.0,5046,61.0,28.0,20000,1만~10만,525.2176963048032,9.607444751959804,0.2523,0.10471921304943345,48186.0,all_formats,False,False,True,False,0.012088783194609591,0.005548949663099485,금,15,48,1.456494943954084,"남편비상금, 남편몰래, 아내몰래, 주식투자",https://www.youtube.com/watch?v=JfiU7C5Ci5w
8RtM7kNGqlQ,50대 주식투자의 실패 이유는 99% 이 ‘3가지’ 이유 떄문입니다.,귀쫑긋 경제학,UCelS4trN9r8i5rtFbsU8k0w,2026-05-13 19:00:13,long,907.0,90,1.0,0.0,949,1천 미만,149.0718282492477,0.6037358034512077,0.09483667017913593,0.10123734533183353,889.0,same_format,False,True,True,True,0.011111111111111112,0.0,수,19,38,3.076932156189716,"퇴직금투자, 5060주식, 노후준비, 은퇴재테크, 주식투자실패, 개인투자자손실, 투자심리, 도파민투자, 행동경제학, 확증편향주식, 레버리지위험, 반대매매, ETF투자, 노후자금, 상승장손실, 주식초보, 5060재테크, 경제공부, VIX지수, 장단기금리차",https://www.youtube.com/watch?v=8RtM7kNGqlQ
5g7YPyiOJkw,매도버튼 클릭 10년후 후회없나? #주식투자 #4050재테크 #노후준비 #투자심리 #가치투자 #장기투자 #주식시장전망 #2025년증시 #투자실수 #재테크 #투자전략 #etf #주가,거장의 기록,UCK_3K2-ypzTDY9tB84RLvtw,2025-10-01 17:34:33,shorts,51.0,4188,33.0,0.0,26800,1만~10만,373.1313189899884,11.223930522198726,0.1562686567164179,0.09886918954649543,42359.0,same_format,False,False,True,False,0.007879656160458453,0.0,수,17,100,12.552004273658598,,https://www.youtube.com/watch?v=5g7YPyiOJkw
Tj9riMxxxgo,내 주식이 갑자기 거래정지? 상장폐지 전에 반드시 해야 할 3가지,법무법인 로백스 🪄,UCoqqvse0aW9-gCB6jJ7MwwQ,2026-05-10 17:30:16,long,609.0,240,15.0,1.0,1280,1천~1만,152.13429352702548,1.5775535839811545,0.1875,0.06080567519635166,3947.0,same_format,False,True,True,True,0.0625,0.004166666666666667,일,17,36,8.53658295602333,"#상장폐지, #거래정지, #상폐주식, #주식투자, #실질심사, #주식초보, #주식공부, #투자손실, #주식리스크, #기업분석, #로백스",https://www.youtube.com/watch?v=Tj9riMxxxgo
StFUT8G4XO0,섣부른 주식 매매 = 고백공격,주식명사수 주명,UCAcesv8qLL5-4BLI6bhHKxg,2026-04-21 16:00:31,shorts,37.0,3055,46.0,8.0,76100,1만~10만,171.19661991591437,17.844978490232496,0.04014454664914586,0.058419145416822034,52294.5,all_formats,False,False,True,True,0.015057283142389525,0.002618657937806874,화,16,16,11.018938436054082,"주식 라이브, 주식 실시간, 실시간 주식방송, 코스피 시황, 주식 방송, 국내 증시, 주식 타점, 코스닥 시황, 주식명사수",https://www.youtube.com/watch?v=StFUT8G4XO0
z5Mn3VNi3GQ,"[실화탐사대] AI로 목소리까지 속였다, 유명 주식 전문가를 사칭한 투자 사기, MBC 260625 방송",실화 On,UC0imORt231LWWyyotvE3lUw,2026-06-25 21:43:09,long,232.0,5976,42.0,10.0,922000,10만~100만,105.95868010109955,56.39934353936886,0.006481561822125814,0.055329234871491,108008.0,same_format,False,False,True,True,0.007028112449799197,0.0016733601070950468,목,21,58,12.069013685399447,"실화탐사대, 5060 개미 사냥, 주식 리딩방의 덫, 염승환, 오건영, AI, 사칭, 다큐멘터리, 진짜이야기, 지진희, 서인, 강다솜, 박지훈",https://www.youtube.com/watch?v=z5Mn3VNi3GQ
foFBHdEoee4,[피고인변호] 주식리딩방 서울고등법원 춘천재판부 [이준헌변호사],이준헌변호사,UCg6RN0U6YIszTndPdzPJfUA,2025-10-19 06:20:22,live,363.0,22,3.0,,104,1천 미만,355.5995018603588,0.06186735325810223,0.21153846153846154,0.04360753221010902,504.5,all_formats,False,True,True,True,0.13636363636363635,,일,6,35,4.431563340947396,"주식리딩방, 캄보디아송환자수사, 캄보디아송환자재판, 캄보디아송환자처벌, 캄보디아대포통장, 주식리딩방전문변호사, 테크사기전문변호사, 주식리딩방합의, 주식리딩방재판변호사, 대포통장재판변호사, 형사전문변호사, 주식리딩방영장, 주식리딩방형량, 이준헌변호사, 법무법인세림이준헌변호사",https://www.youtube.com/watch?v=foFBHdEoee4
db-Zf7nGSiQ,🚨 주식챔피언 사칭주의 안내🚨실제 피해 사례 전화 영상이 포함되어 있습니다🚨참고하시어 피해 주의하세요!,김현구 주챔TV,UC6odNKIKZkn0cdUTiXk8F3Q,2023-05-12 11:52:21,long,371.0,1119,81.0,4.0,108000,10만~100만,1246.3689578788774,0.8978079828820198,0.010361111111111111,0.036800736672476735,30407.0,same_format,False,False,True,False,0.07238605898123325,0.0035746201966041107,금,11,57,9.157389913728544,"김현구, 주식챔피언, 주챔, 황소개구리, 주챔TV, 김현구주챔TV, SC, SCTV, 주식, 경제, 주식코치, 종목상담, 주챔쇼, 이데일리tv, 종목추천, 서울경제tv, 한국경제tv, 주식방송, 증권방송",https://www.youtube.com/watch?v=db-Zf7nGSiQ
Fh1-7H9eMyQ,"60대 이상 투자 실패, 그 복잡한 심리 분석",퀸즈리의  경제학,UChzREkeRnnQ-c-D657r1hhg,2026-02-28 20:10:00,long,1222.0,9,0.0,0.0,290,1천 미만,223.02336760109955,0.04035451574786295,0.03103448275862069,0.02702702702702703,333.0,same_format,False,True,True,True,0.0,0.0,토,20,25,7.289784105233241,"돈걱정, 생활경제, 노후경제, 경제만화, 돈관리, 가계부, 소비습관, 연금, 국민연금, 은퇴준비, 노후자금, 쉬운경제, 만화로경제, 중장년경제, 시니어경제, 경제이야기, 돈공부, 재테크기초",https://www.youtube.com/watch?v=Fh1-7H9eMyQ
PjDGbseHVy4,주식 리딩방 사기 피해자 3일만에 돈 돌려받은 사례 ｜검사출신변호사,김광삼의 찐콕TV-광삼이형,UCfnw9rAC07JCrk1XRAQC5dQ,2023-06-08 15:45:02,long,426.0,791,28.0,3.0,250000,10만~100만,1219.2073722307293,0.6487821661976523,0.003164,0.026765472202483674,29553.0,same_format,False,False,True,False,0.035398230088495575,0.0037926675094816687,목,15,37,12.913325706613852,"김광삼, 법무법인 더쌤, 김광삼 변호사, 검사출신 변호사, 방송출연변호사, 김광삼tv",https://www.youtube.com/watch?v=PjDGbseHVy4
2VaOBvaT9bM,前世我偏心養女將親女兒掃地出門，最後卻被養女虐待致死，重生後我將所有財產送給親女，養女腸子悔青也換不回原諒！#短劇 #短劇全集 #drama #情感 #逆襲 #親情,整点短劇,UCmWtUqzAcAIsG6oJlIOcGQg,2026-10-09 19:30:01,long,6502.0,280,10.0,0.0,74300,1만~10만,0.051133804803240736,280.0,0.003768506056527591,0.021495470597267006,13026.0,same_format,False,False,False,True,0.03571428571428571,0.0,금,19,82,14.558199096852464,"愛情, 短劇, 甜寵, 追妻火葬場, 虐戀, 反轉, 逆襲, 熱門短劇, 灰姑娘, 霸道總裁, 柯淳, 左一, 侯呈玥, 古裝, 橙星剧场ShortTV, 都市, 重生, 破鏡重圓, 打臉, 言情, 瑪麗蘇, 小叔, 白月光, 青梅竹馬, 暗戀, chinesedrama, 萌寶, 身份反轉, 情感, 親情, 神醫",https://www.youtube.com/watch?v=2VaOBvaT9bM
JqSHQU3huFw,이재명대통령 개미시절 주식투자 실패 경험담 작전주 데이터리딩 선물 풋옵션,주관적정치,UCK6IkFBFPRo0QOUgUJ9VETA,2025-06-12 16:10:00,shorts,43.0,314,10.0,1.0,41200,1만~10만,484.19003426776624,0.6485057059773189,0.007621359223300971,0.01172101009723959,26789.5,same_format,False,False,True,False,0.03184713375796178,0.0031847133757961785,목,16,40,12.548993569885736,"한국거래소, 간담회, 주식, 투자, 선물, 작전주, 데이터리딩, 풋옵션",https://www.youtube.com/watch?v=JqSHQU3huFw
R-xi8XOIYg8,【FULL】Delivery Guy Is Framed by a CEO—Then She Discovers He’s a Wall Street Genius!,Microlight Cinema,UCUKj1EsRF2jMxuCx_vEeB5w,2026-10-09 19:00:05,long,3916.0,2,0.0,0.0,1300,1천~1만,0.07192084184027778,2.0,0.0015384615384615385,0.0007492039707810451,2669.5,same_format,False,True,False,True,0.0,0.0,금,19,83,14.310112053288131,"hyper-realistic short dramas, digital human series, God of War, AI, stories, realistic underdog comeback, hidden billionaire, secret identity, tycoon's return, Dragon King returns, divine doctor descends, Reskin, apps, satisfying smackdowns, snobs getting humbled, instant comeuppance, ultimate turnaround, urban cultivation, identity reveal, trillionaire status, binge-watchable, complete motion comic series, HD AI short dramas, viral AI motion comics",https://www.youtube.com/watch?v=R-xi8XOIYg8
KoZu_rWvktI,"테마주 투자, 성공과 실패의 갈림길 당신은 준비됐나요?",꿀단지 경제,UCxGiMUPaaB8yuLmddxw4w9w,2026-03-09 19:17:01,long,635.0,0,0.0,0.0,27,1천 미만,214.06016158258103,0.0,0.0,0.0,5.5,same_format,False,True,True,True,,,월,19,30,10.937974738486913,"경제, 재테크, 투자, 테마주, 주식시장, 60대, 시니어, 투자전략, 시장심리, 경제정보, 주식투자, 성공과실패, 투자원칙, 정보비대칭, 금융교육, 장기투자, 단기투자, 주식, 경제사, 비판적사고",https://www.youtube.com/watch?v=KoZu_rWvktI
-PqNLSgJRVo,아내 몰래 8천만 원 대출받고 주식 투자로 다 잃은 남편⁉️ #이호선상담소 EP.29,tvN STORY 티비엔 스토리,UCR9gReM5VhQ_8brqQrBaVCA,2026-08-26 17:26:53,long,851.0,63745,188.0,,1170000,100만+,44.136643064062504,1444.2648007343191,0.054482905982905984,,,insufficient,False,False,True,True,0.002949250921640913,,수,17,47,50.0,"관계전쟁, 이호선, 이호선상담소, 티빙에서스트리밍",https://www.youtube.com/watch?v=-PqNLSgJRVo
-SsPylAmmdI,"""레버리지 ETF로 개미 손실 56조원""…암울한 전망한 글로벌 투자은행 [지금이뉴스] / YTN", YTN,UChlgI3UHCOnwUGzWzbJ3H5w,2026-07-30 10:24:42,long,220.0,4620,34.0,22.0,5410000,100만+,71.42982593443287,64.67886403980332,0.0008539741219963031,,,insufficient,False,False,True,True,0.00735930735930736,0.004761904761904762,목,10,53,50.0,"source:영상, type:방송, genre:기타, format:기타, 레버리지ETF, 코스닥폭락, 코스피폭락, 하이닉스레버리지, 삼성전자레버리지, 상장폐지, 씨티은행, 코스피전망, 개미손실",https://www.youtube.com/watch?v=-SsPylAmmdI
-fAeoSMc3Ao,"영혼까지 끌어모아 투자한 부동산, 처참히 망해가는 과정｜부동산 투자 실패 현실 사례 모음｜#골라듄다큐",EBSDocumentary (EBS 다큐),UCFCtZJTuJhE18k8IXwmXTYQ,2024-11-09 18:30:00,long,1607.0,120281,890.0,220.0,5460000,100만+,699.092812045544,172.0529776984233,0.02202948717948718,,,insufficient,False,False,True,False,0.0073993398791164025,0.001829050307197313,토,18,56,50.0,"EBS, EBS documentary, EBS 다큐멘터리, 다큐, docu, 골라듄, 골라듄다큐, 골라둔다큐",https://www.youtube.com/watch?v=-fAeoSMc3Ao
-m1SWUVwXuY,50대 통장에 이만큼이면 당장 은퇴해도 됩니다 #돈쭐남 #김경필 #이영주 #노후준비 #국민연금 #퇴직금,부티플 - 부의 배수를 높여라,UCriq8I8GEESkQq0svX19oCw,2025-08-21 18:15:00,shorts,45.0,408993,1140.0,40.0,1210000,100만+,414.10322871221064,987.6595294170911,0.3380107438016529,,,insufficient,False,False,True,False,0.002787333768548606,9.78011848613546e-05,목,18,57,44.80013274113405,,https://www.youtube.com/watch?v=-m1SWUVwXuY
0VBZopqOyMU,국내 주식 시장이 도박판이 된 이유? 레버리지 ETF가 만든 시장 왜곡의 실체 #박시동 # 레버리지ETF #주식시장,위키타카,UCE9Q2l8yGDiDph3nTIQvDzQ,2026-07-12 19:30:21,shorts,59.0,182664,2701.0,127.0,73400,1만~10만,89.05090232332175,2051.2313208999535,2.4886103542234332,,,insufficient,False,False,True,True,0.014786712214776858,0.0006952656243156835,일,19,64,50.0,,https://www.youtube.com/watch?v=0VBZopqOyMU
0gW8HD4lll8,"'주가조작' 라덕연 일당 첫 재판...""시세조종 안 해"" / YTN", YTN,UChlgI3UHCOnwUGzWzbJ3H5w,2023-06-29 23:23:03,long,142.0,1432,10.0,4.0,5410000,100만+,1197.8893051010996,1.195436000556948,0.00026469500924214417,,,insufficient,False,False,True,False,0.006983240223463687,0.002793296089385475,목,23,37,50.0,"source:영상, type:방송, genre:사회, format:기타, person:윤웅성",https://www.youtube.com/watch?v=0gW8HD4lll8
0ip_RGMIENk,주식 수익률 무려 1600%?! “마이너스 이해 안 가..” 장동민의 ‘투자 습관’은? [자본주의 학교] | KBS 220731 방송,KBS Entertain,UCK1sVuXaDvJeNwl9noN5nOA,2022-07-31 22:34:49,long,119.0,505523,2100.0,335.0,5710000,100만+,1530.92280047147,330.20802867676724,0.08853292469352014,,,insufficient,False,False,True,False,0.00415411366050605,0.0006626800363188223,일,22,74,50.0,"자본주의학교, 불나방소셜투자클럽, 슈카, 데프콘, 서은광, 장동민, 조현, 서수경, 투자, 경제, 공부, 학교, 자본주의, 학생, 선생님",https://www.youtube.com/watch?v=0ip_RGMIENk
15q5Tm7btQA,“80% 폭락 온다”… 전설의 투자자 충격 발언! (20250408),이데일리TV,UC8Sv6O3Ux8ePVqorx8aOBMg,2025-04-08 16:37:59,shorts,44.0,1862590,15011.0,606.0,403000,10만~100만,549.1706013973958,3391.6418600349944,4.6218114143920594,,,insufficient,False,False,True,False,0.00805920787720325,0.0003253534057414675,화,16,38,50.0,"주식, 증권, 증시, 투자, 경제, 재테크, 금융, 이데일리, 이데일리TV, 이데일리씨앤비, 이데일리ON, 이데일리온, 수익, dlepdlffl, 쥬식, 쥬식강의, wntlr, 종목, 종목추천, 추천주, 공략주, 매직차트, 공모주, 종목분석, 주식분석, 차트분석, 종목상담, 주식상담, 수익률, 특징주, 선물, 옵션, 주식추천, 개미, 투자수익, 이데일리티비, 종목공략, 주식공략, 기법강의, 투자기법, 매매기법, 매수기법, 매도시기, 주식차트, 증권시장, stock, 시총, 시총상위, 테마주, 정치테마주, 환율, 금리, 유가, 금값, 원자재가격, 관련주, 2차전지주, 전선주, 은행주, 제약주, 바이오주, 제약바이오주, 엔터주, 건설주, 방산주, 미용기기주, 수혜주, 반도체관련주, 장외거래, 시간외거래, 공매도, 온디바이스AI, 거래량, IPO, 매매동향, 신규상장, 거래체결가, 예상체결가, 주가전망, mtn, 한국경제, 한경와우, 한경, 뉴스, 신문, 단타, 스윙, 상한가, 저점매수, 조선주, 반도체, 삼성전자, SK하이닉스, 엔비디아, 애플, M7, 증권방송, 내종목, 투자전략, 주식전략, 주식투자",https://www.youtube.com/watch?v=15q5Tm7btQA
1awIajA8c28,"""하닉으로 2억 벌었어"" 친구의 고백…정신과 전문의 진단은 ""전치 4주 고통""｜지금 이 뉴스",JTBC News,UCsU-I-vHLiaMfV_ceaYz5rQ,2026-07-15 12:26:31,long,100.0,95052,535.0,482.0,4900000,100만+,86.34523102702546,1100.8367094443163,0.019398367346938776,,,insufficient,False,False,True,True,0.005628498085258595,0.00507090855531709,수,12,51,50.0,,https://www.youtube.com/watch?v=1awIajA8c28
1da8CuNwqNQ,"많이 오른 남편 주식, 재산분할 대상일까? | 영등포이혼변호사",법무법인대한중앙TV,UC65sUXjzUeHPpKSwzG9x3Bg,2026-06-21 10:00:20,shorts,56.0,2657,21.0,8.0,39500,1만~10만,110.44674723072917,24.056842474947537,0.06726582278481012,,,insufficient,False,False,True,True,0.007903650733910425,0.0030109145652992097,일,10,34,36.97797951537325,"법무법인대한중앙, 여의도로펌, 여의도변호사, 여의도법무법인, 여의도변호사사무소, 조기현변호사, 변호사조기현",https://www.youtube.com/watch?v=1da8CuNwqNQ
1oaG32qhx9g,투자금 받고 잠적…‘고수익 보장’ 투자 사기 ‘주의’ KBS 2022.02.21.,KBS충북,UCgqMjKxRWAKUvgYqgomighw,2022-02-21 23:20:31,long,127.0,836,11.0,2.0,411000,10만~100만,1690.8910643603588,0.4944138730286847,0.0020340632603406327,,,insufficient,False,False,True,False,0.013157894736842105,0.0023923444976076554,월,23,45,36.92249085179356,"고수, 광고, 김나연, 뉴스9(청주), 메시지, 문자, 미끼, 보도, 보장, 사기, 자금, 잠적, 적하, 정보, 주식, 주의, 투자, 피해",https://www.youtube.com/watch?v=1oaG32qhx9g
1q8X-uCUcag,"버는 주식은 도망치고, 잃는 주식은 집착하는 이유ㅣ개인투자자들의 ‘투자 실패 이유’를 심층 분석한다ㅣ수익률이 안 나오는 이유ㅣ#다큐프라임",EBS,UC-swf20n5xdKW0waeLpXPFQ,2026-02-04 21:00:06,long,747.0,806423,7925.0,1355.0,707000,10만~100만,246.98857593443287,3265.021456757895,1.1406265912305515,,,insufficient,False,False,True,True,0.009827348674330966,0.0016802596156111618,수,21,76,27.097016998360203,"EBS, EBSstory, EBS스토리, 이비에스, 교육방송",https://www.youtube.com/watch?v=1q8X-uCUcag
1wxEZ__7H_Y,“하이닉스 400만 원 간다는데 왜 레버리지 장투는 위험할까?” 염승환의 현실 경고 #하이닉스 #레버리지ETF #염승환,위키타카,UCE9Q2l8yGDiDph3nTIQvDzQ,2026-06-01 21:45:03,shorts,27.0,160130,986.0,24.0,73400,1만~10만,129.9573606566551,1232.1733774130764,2.181607629427793,,,insufficient,False,False,True,True,0.0061574970336601515,0.00014987822394304628,월,21,66,50.0,,https://www.youtube.com/watch?v=1wxEZ__7H_Y
1ybHKktiUrg,[우리기술]🔥삼성이 MMIS를 언급했다! 유튜브 최초 단독 입수한 일정! 이 흐름으로 X만원까지 상승한다! 일정 반드시 확인! #우리기술주가 #우리기술 #우리기술주가전망 #원전주,주식슈타인,UCSrwgxgfR3kPNXZCcMCMn1w,2026-10-08 19:30:10,long,1608.0,568,43.0,1.0,42900,1만~10만,1.051029638136574,540.4224385213696,0.01324009324009324,,,insufficient,False,False,False,True,0.07570422535211267,0.0017605633802816902,목,19,99,50.0,"급등주, 종목분석, 종목추천, 단타, 단타종목, 단타매매, 무료추천, 테마주, 테마급등주, 우리기술, 우리기술주식, 우리기술주가, 우리기술전망, 우리기술분석, 우리기술차트, 원전, 원전관련주, 원자력발전, 소형모듈원전, SMR, 원전정책, 에너지정책, 전력인프라, 발전설비, 제어계측, 플랜트제어, 산업자동화, 철도시스템, 철도신호, 방산, 국방산업, 방산관련주, 미사일방어, 지휘통제, 스마트그리드, 전력제어, 신재생에너지, 친환경에너지, 탄소중립, ESG, 에너지전환, 정부정책수혜주, 인프라투자, 국책사업, 글로벌진출, 수주확대, 기술력, 특허기술, 중소형주, 성장주, 고성장주, 저평가주, 턴어라운드, 주도주, 관심종목, 국내주식, 코스닥종목, 주식투자, 주식분석, 주식공부, 주식정보, 주식유튜브, 주식방송, 시장흐름, 증시전망, 오늘의종목, 수급분석, 기관수급, 외국인수급, 거래량분석, 차트분석, 기술적분석, 지지저항, 매물대분석, 스윙매매, 매매전략",https://www.youtube.com/watch?v=1ybHKktiUrg
25987yjd6Vg,노후 대비 주식 투자? 무조건 시작하세요! 빨리 시작할수록 유리합니다! 60세에 시작해도 늦지 않은 진짜 이유,힐링여행자 ,UCHpGooMnVgnILywqrpqvZcQ,2025-02-15 23:47:02,long,481.0,27605,2396.0,116.0,455000,10만~100만,600.872650008507,45.941515227243535,0.06067032967032967,,,insufficient,False,False,True,False,0.08679587031334902,0.004202137293968484,토,23,61,26.332082036974633,"전원생활, 전원주택, 귀농, 귀촌, 시골, 산골, 은퇴, 퇴직, 중년, 노후, 재테크, 자기계발, 동기부여, 삼성전자, 부동산투자, 주식투자, 주식상황, 내집마련, 아파트, 집값, 텃밭농사, 정원관리, 블루베리, 영국장미, 야생화, 부부여행, 힐링, 부자, 재개발, 재건축, 주식공부, 60대유튜버, 50대, 60대, 국내여행, 노년, 중장년, 돈관리, 인간관계, 50대유튜버, 5060, 연금, 양귀비, 패랭이, 힐링여행, 정원가꾸기, 정원꾸미기, 데이비드오스틴장미, 독일장미, 텃밭관리, 나무, 아파트가격, 빌라가격, 강북아파트가격, 아파트전세가격, 단독주택, 시골집, 노년생활, 노후생활, 은퇴생활, 돈모으기, 절약, 저축, 조경, 여행, 인생, 좋은생각, 부동산담보대출, 아파트담보대출, 반도체, sk하이닉스, 카카오, 직장인, 강남아파트, 서울아파트가격, 경제, 금융, 현금, 전원주택매물, 전원주택매매, 전원주택전세, 주식시세, 주가, 증권, 단타, 자본소득, 근로소득, 성공, 주식양도세, 해외주식, 미국주식, 미국ETF, 미국QQQ, 동학개미, 주식초보, 주린이, 주식시장, 코스피, 코스닥, 펀드, ETF, 나스닥, 노후대책, 노후생활비, 노후준비",https://www.youtube.com/watch?v=25987yjd6Vg
2K9Jra1HlrQ,"상장폐지로 휴지조각이 된 주식, 손해배상 받을 수 있을까?",법무법인대한중앙TV,UC65sUXjzUeHPpKSwzG9x3Bg,2020-07-23 17:45:47,long,210.0,324,7.0,0.0,39500,1만~10만,2269.1235180640624,0.142786409563295,0.008202531645569621,,,insufficient,False,False,True,False,0.021604938271604937,0.0,목,17,32,36.97797951537325,"법무법인, 변호사, 노동, 형사, 이혼, 성범죄, 소년사건, 민사, 유튜버분쟁, 기업계약부동산, 행정소송, 헌법, 아동학대, 선거법, 동업, 스타트업, 무료법률상담, 변호사조기현 피해자진술, 목격자진술",https://www.youtube.com/watch?v=2K9Jra1HlrQ
2RBAA3RL0QM,[KNN 뉴스] 위험한 '주식 중독' 한탕주의 꿈꾸다 패가망신,KNN NEWS,UC1ifSsWUG241rRfK0ezYCgA,2015-02-04 08:37:43,long,120.0,18714,43.0,18.0,1380000,100만+,4265.504119915914,4.387289162990871,0.013560869565217392,,,insufficient,False,False,True,False,0.002297745003740515,0.0009618467457518436,수,8,34,50.0,"부산경남 대표방송, KNN, 뉴스아이, 황범, 김보라, 부산, 경남, 센텀시티, 센텀시대, knn뉴스",https://www.youtube.com/watch?v=2RBAA3RL0QM
2U6lUM1bDEc,"""상장폐지는 안될 듯""...""바이오 업종은 큰 타격"" / YTN", YTN,UChlgI3UHCOnwUGzWzbJ3H5w,2018-11-14 22:17:54,long,128.0,245,0.0,0.0,5410000,100만+,2885.934548156655,0.08489451022251696,4.528650646950093e-05,,,insufficient,False,False,True,False,0.0,0.0,수,22,35,50.0,"YTN, 뉴스, 경제",https://www.youtube.com/watch?v=2U6lUM1bDEc
2i9GLHMwN90,“회원에게만 600% 고수익”…‘증권사 비서’ 알고 보니 리딩방 사기조직 / KBS  2026.06.11.,KBS News,UCcQTRi69dsVYHN3exePtZ1A,2026-06-11 17:28:42,long,108.0,1678,17.0,13.0,3720000,100만+,120.13538148998843,13.967575406915717,0.0004510752688172043,,,insufficient,False,False,True,True,0.010131108462455305,0.0077473182359952325,목,17,59,50.0,"KBS, KBS NEWS, KBS 뉴스5, KBS뉴스, NEWS, format:리포트, genre:사회, location:사회부, person:심새하, series:뉴스 5, source:영상, type:방송, 뉴스, 뉴스5",https://www.youtube.com/watch?v=2i9GLHMwN90
2vDhFTgMd6Q,"[이슈] 주식 사고, 기사 쓰고, 주식 팔고…작전세력이 된 기자들/2025년 10월 11일(토)/KBS",KBS News,UCcQTRi69dsVYHN3exePtZ1A,2025-10-11 21:56:29,live,1075.0,14328,180.0,76.0,3720000,100만+,362.94942084184026,39.47657490888683,0.0038516129032258066,,,insufficient,False,False,True,True,0.01256281407035176,0.00530429927414852,토,21,57,50.0,"KBS, KBS NEWS, KBS뉴스, NEWS, KBS실시간, KBSLIVE, KBS LIVE, LIVE, 실시간, 실시간뉴스, 라이브, 라이브뉴스, 뉴스, 이슈, KBS 뉴스, kbs news, news, @newskbs, 기자, 선행매매, 주식, 현금, 수수, 언론, 검찰, 금감원",https://www.youtube.com/watch?v=2vDhFTgMd6Q
3HgmLDqUFro,'이것' 4주만 사세요 노후에 놀고 먹습니다 #포메뽀꼬 #노후준비 #미국주식 #qqq,부티플 - 부의 배수를 높여라,UCriq8I8GEESkQq0svX19oCw,2025-06-10 18:15:00,shorts,60.0,3247121,25359.0,757.0,1210000,100만+,486.10322871221064,6679.900087482044,2.6835710743801653,,,insufficient,False,False,True,False,0.007809687412326181,0.00023312959387716072,화,18,47,44.80013274113405,,https://www.youtube.com/watch?v=3HgmLDqUFro
3Ynu5dcBtIM,"♥구독자 댓글 사연♥ 같은 수익인데 세금 2배? 미국 주식 원화 vs 달러, 모르고 투자하면 세금 폭탄 맞습니다! 조금이라도 덜 내려면 반드시 알아야 할 주식 세금 정보",힐링여행자 ,UCHpGooMnVgnILywqrpqvZcQ,2025-12-29 23:52:01,long,695.0,73341,3863.0,426.0,455000,10만~100만,283.8691893603588,258.3619594830244,0.16118901098901098,,,insufficient,False,False,True,True,0.05267176613354058,0.005808483658526609,월,23,94,26.332082036974633,"전원생활, 전원주택, 귀농, 귀촌, 시골, 산골, 은퇴, 퇴직, 중년, 노후, 재테크, 자기계발, 동기부여, 삼성전자, 부동산투자, 주식투자, 주식상황, 내집마련, 아파트, 집값, 텃밭농사, 정원관리, 블루베리, 영국장미, 야생화, 부부여행, 힐링, 부자, 재개발, 재건축, 주식공부, 60대유튜버, 50대, 60대, 국내여행, 노년, 중장년, 돈관리, 인간관계, 50대유튜버, 5060, 연금, 양귀비, 패랭이, 힐링여행, 정원가꾸기, 정원꾸미기, 독일장미, 텃밭관리, 나무, 아파트가격, 빌라가격, 강북아파트가격, 아파트전세가격, 단독주택, 시골집, 노년생활, 노후생활, 은퇴생활, 돈모으기, 절약, 저축, 조경, 여행, 인생, 좋은생각, 부동산담보대출, 아파트담보대출, 반도체, sk하이닉스, 카카오, 직장인, 강남아파트, 서울아파트가격, 경제, 금융, 현금, 전원주택매물, 전원주택매매, 전원주택전세, 주식시세, 주가, 증권, 단타, 자본소득, 근로소득, 성공, 주식양도세, 해외주식, 미국주식, 미국ETF, 미국QQQ, 동학개미, 주식초보, 주린이, 주식시장, 코스피, 코스닥, 펀드, ETF, 나스닥, 노후대책, 노후생활비, 노후준비, 미국증시, 빅테크",https://www.youtube.com/watch?v=3Ynu5dcBtIM
3necTyhd3NI,"불법 '리딩 사기' 속출…""고수익 보장 의심해야"" / 연합뉴스TV (YonhapnewsTV)",연합뉴스TV,UCTHCOPwqNfZ0uiKOvFyhGwg,2023-07-16 11:02:49,long,119.0,813,5.0,3.0,2300000,100만+,1181.4033560270257,0.6881646271380677,0.0003534782608695652,,,insufficient,False,False,True,False,0.006150061500615006,0.0036900369003690036,일,11,51,50.0,"Live, News, Yonhapnews TV, 뉴스, 생방송, 실시간",https://www.youtube.com/watch?v=3necTyhd3NI
40l4QBir1t0,"최태원, 재판부 ""재산분할 수치, 치명적 오류""",이데일리TV,UC8Sv6O3Ux8ePVqorx8aOBMg,2024-06-17 17:05:45,shorts,53.0,380,5.0,1.0,403000,10만~100만,844.1513189899886,0.45015625925297725,0.0009429280397022332,,,insufficient,False,False,True,False,0.013157894736842105,0.002631578947368421,월,17,26,50.0,"주식, 증권, 증시, 투자, 경제, 재테크, 금융, 이데일리, 이데일리TV, 이데일리씨앤비",https://www.youtube.com/watch?v=40l4QBir1t0
40nSJFmjszY,"""-17% 떨어질 때 -47% 박살 났다""..레버리지 타다 계좌 녹아내린 사연 / SBS / 모아보는 뉴스",SBS 뉴스,UCkinYTS9IHqOEwR1Sze2JTw,2026-07-25 08:00:33,long,259.0,13460,112.0,75.0,5290000,100만+,76.52993010109954,175.87890100276746,0.002544423440453686,,,insufficient,False,False,True,True,0.008320950965824666,0.005572065378900446,토,8,59,50.0,"SBS NEWS, SBS뉴스, sbs뉴스, sbs8뉴스, 에스비에스, sbs 뉴스, SBS, 실시간, sbs 실시간, SBS 8뉴스, SBS 8시뉴스, SBS LIVE, sbs live, sbs 생중계, sbs 온에어, SBS 모닝와이드, sbs모바일24, 모바일24, sbsmobile24, sbs24시, sbs라이브",https://www.youtube.com/watch?v=40nSJFmjszY
42nV0EPfmwU,"""남편 몰래 '떡상'한 주식 투자"" 수익 공개 두고 '갑론을박'?/ KNN",KNN NEWS,UC1ifSsWUG241rRfK0ezYCgA,2026-03-02 07:45:00,shorts,14.0,79835,150.0,11.0,1380000,100만+,221.54072871221067,360.3626315760138,0.057851449275362316,,,insufficient,False,False,True,True,0.0018788751800588714,0.0001377841798709839,월,7,41,50.0,"knn뉴스, e뉴스, 주식, 호황, 남편, 상여금, 투자, 부부, 아내, 성공, 수익, 용돈, 소액, 비상금, 수익률, 자금, 공동재산, 개인, 살림",https://www.youtube.com/watch?v=42nV0EPfmwU
4OMJRLxkVQo,주식투자로 전재산을 잃고나서 벌어진 일,부억남,UCRo-8Q_a06VvCwyDY-fe5HQ,2026-09-06 13:17:48,long,583.0,56488,1560.0,813.0,998,1천 미만,33.30961760109954,1695.846547278746,56.60120240480962,,,insufficient,False,True,True,True,0.027616484917150547,0.014392437331822688,일,13,21,1.1206158198973233,,https://www.youtube.com/watch?v=4OMJRLxkVQo
4WK3ymct2kk,"증권사 '전산 먹통'에 투자자 배상...법원 ""고점 기준은 아냐"" / YTN", YTN,UChlgI3UHCOnwUGzWzbJ3H5w,2023-05-20 22:36:28,shorts,34.0,970,3.0,0.0,5410000,100만+,1237.9216546381367,0.7835713967565627,0.00017929759704251387,,,insufficient,False,False,True,False,0.003092783505154639,0.0,토,22,42,50.0,"source:영상, type:방송, genre:사회, format:기타, person:김혜린",https://www.youtube.com/watch?v=4WK3ymct2kk
4XGmitTjdi4,주식으로 전 재산 잃고 대출 올인한 '주식 중독' 정신과 의사👨‍⚕️?! [실연박물관] | KBS Joy 210630 방송,크크조이 : KBS Joy 종합 예능 채널,UCr0adenI5KeQFJkMIGjq5qw,2021-07-07 18:00:02,long,1147.0,483685,3558.0,742.0,1250000,100만+,1920.113622230729,251.90436357514594,0.386948,,,insufficient,False,False,True,False,0.007356027166440969,0.0015340562556209103,수,18,68,50.0,"KBSN, KBSJoy, 예능, 토크쇼, 성시경, 이소라, 딘딘, 실연, 이별, 박물관, 주식, 주식중독, 코인, 의사, 정신과의사, 주식정신과",https://www.youtube.com/watch?v=4XGmitTjdi4
4uyVJcuXT88,"주식투자로 돈 꼬라박은 사람들 꼭 보세요 (일침영상, 동기부여)",와이스트릿 - 지식과 자산의 복리효과,UCupslRq5jW95UGzPjOZz0FA,2023-02-07 15:00:02,shorts,60.0,1119102,11428.0,754.0,1000000,100만+,1340.2386222307293,835.0020521997318,1.119102,,,insufficient,False,False,True,False,0.010211759071112374,0.000673754492441261,화,15,35,33.6004853403438,"부자, 주식, 부동산, 재테크, 지식, 투자, 와이스트릿, 이대호, 부자되는법, 야식잡썰, 증시 인터뷰, 주식투자, 손실, 손실복구, 손해, 주식손해, 주식손실, 마이너스, 마이너스계좌, 수익, 수익률, 회복, 슈퍼개미, 쇼츠, shorts, 주식유튜브, 유튜브",https://www.youtube.com/watch?v=4uyVJcuXT88
502LTGK70fM,한주 사고 한주 팔고…뭐하나 했더니 '수십억' / SBS / 스브스픽,SBS 뉴스,UCkinYTS9IHqOEwR1Sze2JTw,2023-09-21 11:16:00,long,99.0,4614154,11101.0,4314.0,5290000,100만+,1114.394200934433,4140.504317171586,0.872240831758034,,,insufficient,False,False,True,False,0.002405858148644367,0.0009349492886453291,목,11,38,50.0,"11억 원, SBS NEWS, SBS 뉴스, custom:뉴스넷, format:리포트, genre:경제, location:서울, person:김도균, sbs, sbs 실시간, series:스브스픽, source:영상, type:방송, 검찰, 뉴스 실시간, 뉸, 단주 매매, 스브스픽, 실시간뉴스, 에스비에스, 주식, 투자, 한주",https://www.youtube.com/watch?v=502LTGK70fM
5ZFoi_L4AMw,[뉴스추적] '주가 조작' 라덕연·김익래 의혹들 [MBN 뉴스7],MBN News,UCG9aFJTZ-lMCHAiO1KJsirg,2023-05-05 19:56:43,long,322.0,20030,184.0,38.0,2590000,100만+,1253.0325921381366,15.985218681200797,0.0077335907335907336,,,insufficient,False,False,True,False,0.009186220668996506,0.0018971542685971043,금,19,36,49.0,"BN, MBN뉴스, MBN 뉴스7, 엠비엔뉴스, 김주하, 라덕연, 주가조작, 김익래, 다우키움증권, 키움증권",https://www.youtube.com/watch?v=5ZFoi_L4AMw
5mPQxitgvTA,"""사기 당해도 원금 회수 어렵다""... 주식 리딩방에서 돈 잃는 과정 (유광훈 변호사) / 사건텔러",뉴스TVCHOSUN,UCWlV3Lz_55UaX4JsMj-z__Q,2025-12-20 08:00:09,long,947.0,88157,779.0,223.0,3140000,100만+,293.5302078788773,300.33365436915176,0.028075477707006368,,,insufficient,False,False,True,True,0.008836507594405435,0.0025295779121340335,토,8,55,50.0,"TV조선, 티비조선, 조선일보, 종편, 종합편성, TV조선뉴스, 뉴스, 뉴스프로그램, NEWS, 채널19, CH19, 뉴스9, 뉴스7, 윤정호, 포커스, 윤우리, 강펀치, TVCHOSUN, LIVE, 티비조선라이브, TV조선라이브, 주식, 주식 전망, 코스피, 코스피 전망, 코스닥, 코스닥 전망, 주식 뉴스, 미국 주식, 주식 리딩, 주식 리딩방, 코인 리딩.코인 리딩방, 리딩방, 유광훈, 유광훈 변호사, 사건텔러",https://www.youtube.com/watch?v=5mPQxitgvTA
6BhhxVy-T0E,주식투자로 인한 부부갈등 주식의 소유자는 누구? KBS 210114 방송,KBS 교양,UCHlSeJxRIXZWMARC2oMwmcQ,2021-01-14 18:30:00,long,730.0,19981,84.0,18.0,1840000,100만+,2094.0928120455437,9.541601921875772,0.010859239130434782,,,insufficient,False,False,True,False,0.004203993794104399,0.0009008558130223712,목,18,40,37.26689703787322,"KBS, KBS1, KBS2, KBS교양, KBS다큐, 한국방송, 동학개미, 주식, 이인철, 부부갈등, 굿모닝 대한민국 라이브",https://www.youtube.com/watch?v=6BhhxVy-T0E
6s6hSJhEuUE,은퇴 후 월배당 ETF 투자했는데 건보료 폭탄? 年 금융소득 1000만 원 넘으면 안되는 이유[ [머니가이드 for 영올드 Ep.25-2 김정란],동아일보,UCnHyx6H7fhKfUoAAaVGYvxQ,2026-04-30 18:30:02,long,984.0,2678,20.0,2.0,153000,10만~100만,162.09278889739585,16.52140121850309,0.01750326797385621,,,insufficient,False,False,True,True,0.0074682598954443615,0.0007468259895444362,목,18,81,50.0,동아일보,https://www.youtube.com/watch?v=6s6hSJhEuUE
7--OCYjEmS4,리딩방에서 돈을 잃어가는 과정 (신종 피싱사기),인생주식,UCUx9McABVQfuAOS7EH-w4FA,2022-12-23 13:00:02,long,802.0,146524,1393.0,339.0,6190,1천~1만,1386.3219555640626,105.69262025456615,23.67108239095315,,,insufficient,False,True,True,False,0.00950697496655838,0.0023136141519478036,금,13,26,0.24707853867424606,"주식강의, 캔들, 양봉음봉, 청개구리주식스쿨, 주식공부, 주식초보, 차트공부, 최나인원장, 주식공부법, 주식고수, 차트보는법, 주식, 주식시세",https://www.youtube.com/watch?v=7--OCYjEmS4
75aqBublAwM,오스템임플란트 횡령 직원 아버지 숨진 채 발견…금괴 추가 압수 / KBS  2022.01.11.,KBS News,UCcQTRi69dsVYHN3exePtZ1A,2022-01-12 02:11:06,long,132.0,19609,133.0,73.0,3720000,100만+,1731.7726037122106,11.323080153806766,0.005271236559139785,,,insufficient,False,False,True,False,0.00678259982661023,0.0037227803559589986,수,2,53,50.0,"압수수색, 오스템임플란트, 횡령 혐의, 오스템 직원, 아버지, 직원 아버지, 극단적 선택, 금괴 은닉, KBS뉴스, KBS 뉴스, KBS NEWS, 뉴스, KBS, 뉴스라인",https://www.youtube.com/watch?v=75aqBublAwM
7g839CtjDno,"""6억이 1.8억으로"" 44% '폭락' 고점에 물려 멘탈 털린 개미족들 / KNN",KNN NEWS,UC1ifSsWUG241rRfK0ezYCgA,2026-07-30 16:30:35,shorts,17.0,178066,670.0,296.0,1380000,100만+,71.17574028628472,2501.779388367143,0.12903333333333333,,,insufficient,False,False,True,True,0.0037626498040052563,0.0016623049880381431,목,16,45,50.0,"knn뉴스, e뉴스, 주식, 폭락, 개미족, 계좌, 패닉",https://www.youtube.com/watch?v=7g839CtjDno
7kkvGwwJ868,주식중독 8가지 증상(100%실패하는 투자유형),좋니?,UCTMXhmITAliYzlUt-rCwzTg,2022-03-22 16:45:37,long,446.0,1672,25.0,2.0,8,1천 미만,1662.16530047147,1.0059167999270233,209.0,,,insufficient,False,True,True,False,0.014952153110047847,0.0011961722488038277,화,16,26,3.0,"주식중독, 주식, 주식투자, 주식실패, 주식중독 유형, 주식중독 증상, 100%실패, 주식중독 경험당, 주식중독썰, 주식중독 사연",https://www.youtube.com/watch?v=7kkvGwwJ868
7t3vLx0SsqQ,"[단독] 피해자 ""투자권유 수법 유사""…작전종목 더 있나 / 연합뉴스TV (YonhapnewsTV)",연합뉴스TV,UCTHCOPwqNfZ0uiKOvFyhGwg,2023-05-02 21:02:38,long,113.0,427,2.0,0.0,2300000,100만+,1255.9868166751737,0.3399717213038485,0.0001856521739130435,,,insufficient,False,False,True,False,0.00468384074941452,0.0,화,21,55,50.0,"Live, News, Yonhapnews TV, 뉴스, 생방송, 실시간",https://www.youtube.com/watch?v=7t3vLx0SsqQ
8U5HIrHqWLw,'고수익 유혹' 400억대 투자사기…직원들도 속았다 [뉴스데스크],MBCNEWS,UCF4Wxdo3inmxP-Y59wXDsFw,2018-04-03 20:45:39,long,144.0,2878,18.0,4.0,6200000,100만+,3110.9986106566553,0.9251048811598553,0.00046419354838709675,,,insufficient,False,False,True,False,0.006254343293954135,0.001389854065323141,화,20,36,50.0,"MBC, MBC뉴스, 뉴스데스크, newsdesk, 뉴스투데이, newstoday, 8시뉴스, 아침뉴스, 뉴스, 정오뉴스, news, 투자사기, 고수익, FMI그룹, 저금리",https://www.youtube.com/watch?v=8U5HIrHqWLw
8UFm98itk8w,"검찰, 수십억 가로챈 '투자리딩방 사기' 일당에 중형 구형｜ TJB 대전·세종·충남뉴스",TJB NEWS,UCfyY-4xoQHDlRvCIXPhlubQ,2024-10-24 21:40:20,shorts,39.0,96,0.0,0.0,194000,10만~100만,714.960636119618,0.13427312658922178,0.0004948453608247423,,,insufficient,False,False,True,False,0.0,0.0,목,21,48,50.0,"TJB, NEWS, Daejeon, chungnam, 대전방송, 지역방송, 대전뉴스, 대전미디어, 세종, 충남, 대전, sejong, 대전SBS, #TJBNEWS, 대전충남세종사건사고, 사건사고, 뉴스제보",https://www.youtube.com/watch?v=8UFm98itk8w
8XDNoaP3DFw,"전재산 7억 주식으로 날린 유튜버, 50초 안에 설명하기",꽉TV,UC9-FOv67-03WMjbPApziPwQ,2026-06-20 20:00:05,shorts,56.0,2366527,72430.0,1330.0,1420000,100만+,111.03025417517362,21314.253647175345,1.6665683098591548,,,insufficient,False,False,True,True,0.030606031539044346,0.0005620049971963134,토,20,31,50.0,,https://www.youtube.com/watch?v=8XDNoaP3DFw
99XhpqUL-Go,"""남들은 다 번다는데""‥포모 악용 투자리딩방 사기 기승 (2026.09.02/뉴스데스크/MBC)",MBCNEWS,UCF4Wxdo3inmxP-Y59wXDsFw,2026-09-02 20:49:21,long,144.0,352775,803.0,658.0,6200000,100만+,36.99604121221065,9535.479701097467,0.05689919354838709,,,insufficient,False,False,True,True,0.002276238395577918,0.0018652115370987174,수,20,53,50.0,"MBC, MBC뉴스, 뉴스데스크, newsdesk, 뉴스투데이, newstoday, 8시뉴스, 아침뉴스, 뉴스, 정오뉴스, news, 실시간, 실시간 뉴스, 엠비씨 뉴스, 엠비씨, 뉴스 실시간, 뉴스속보, 투자리딩방, 사기, 지역M",https://www.youtube.com/watch?v=99XhpqUL-Go
9O4uWelE14E,삼성전자 돈 축제 이젠 끝났다? 정말 솔직하게 말씀드립니다 [이정윤 세무사],부읽남TV_내집마련부터건물주까지,UC2QeHNJFfuQWB4cy3M-745g,2026-10-03 12:30:05,shorts,59.0,173338,710.0,12.0,1840000,100만+,6.342754175173611,27328.50670430649,0.09420543478260869,,,insufficient,False,False,False,True,0.004096043568057783,6.92289053756245e-05,토,12,42,50.0,"부동산읽어주는남자, 부읽남, 재테크, 부읽남TV, 부자, 부동산, 주식, 비트코인, 투자마인드, 삼전닉스, 반도체, AI, 삼성전자, 하이닉스, 코스피, 한국증시, 미국증시, 국장, 미장",https://www.youtube.com/watch?v=9O4uWelE14E
9lAnBS05lt0,“나는 주식 리딩방 사기범이었다”…직접 밝힌 ‘사기 수법’ / KBS 2021.05.26.,KBS News,UCcQTRi69dsVYHN3exePtZ1A,2021-06-04 21:22:53,long,205.0,265762,1757.0,388.0,3720000,100만+,1952.9727541751736,136.08075147584074,0.07144139784946237,,,insufficient,False,False,True,False,0.006611178422799346,0.0014599528901799354,금,21,50,50.0,"주식트레이더, 주식, 주식리딩방, 주식리딩방사기, 주식리딩방환불, 사기수법, kbs뉴스, kbs 뉴스, kbs news, kbs, 뉴스, 뉴스9",https://www.youtube.com/watch?v=9lAnBS05lt0
9tapcdn2xuA,[친절한 판사들] 허위정보로 ‘주식 투자’했다 손해 봤다면?,KBS News,UCcQTRi69dsVYHN3exePtZ1A,2015-10-09 09:24:41,long,284.0,1893,4.0,0.0,3720000,100만+,4018.4715041751733,0.47107463572484753,0.0005088709677419354,,,insufficient,False,False,True,False,0.0021130480718436345,0.0,금,9,33,50.0,"KBS, 아침뉴스타임, KBS 아침뉴스타임",https://www.youtube.com/watch?v=9tapcdn2xuA
A--MyC7YxVY,"미리 산 주식 방송에서 추천...대법 ""자본시장법 위반"" / YTN", YTN,UChlgI3UHCOnwUGzWzbJ3H5w,2022-06-12 18:38:25,long,164.0,3131,32.0,17.0,5410000,100만+,1580.0869671381365,1.98153650091228,0.0005787430683918669,,,insufficient,False,False,True,False,0.010220376876397317,0.005429575215586075,일,18,37,50.0,"source:영상, type:방송, genre:사회, format:리포트, person:김다연",https://www.youtube.com/watch?v=A--MyC7YxVY
ALpejOEjHL0,주식하다 집 날려도 멈출 수 없는 이유...중독자의 뇌 집중분석 l 최삼욱 인터뷰,뉴스1TV,UCHBvfByzuzamrZiL398jopQ,2023-04-24 16:44:28,long,695.0,36333,498.0,47.0,944000,10만~100만,1264.166099082581,28.740685283656358,0.038488347457627116,,,insufficient,False,False,True,False,0.013706547766493271,0.00129358984944816,월,16,45,50.0,,https://www.youtube.com/watch?v=ALpejOEjHL0
AZnvQU7Jv8s,무료리딩방이나 주식유튜버들이 수익인증을 요구하는 이유 #shorts #주식리딩방 #주식유튜버 #수익인증,주식후견인_세력에게 투자자를 보호하는 수호자,UCXMAW_McZltIBlGek8qOoww,2023-02-18 13:30:03,shorts,40.0,2018,,1.0,33800,1만~10만,1329.3011106566553,1.5180909605974358,0.05970414201183432,,,insufficient,False,False,True,False,,0.0004955401387512388,토,13,57,47.660550964795185,"주식, 재테크, 채권, 경제, 대형주, 우량주, 테마주, 투자, 금융, 금융공부, 삼성전자, sk하이닉스, 테슬라, 애플, 작전주, 테마",https://www.youtube.com/watch?v=AZnvQU7Jv8s
AmTF8PMlL-E,[단독] '월 7% 수익' 미끼 1천 억 유치…석 달 뒤 '잠적' / SBS,SBS 뉴스,UCkinYTS9IHqOEwR1Sze2JTw,2021-11-11 21:08:33,long,131.0,74150,388.0,334.0,5290000,100만+,1792.9827078788771,41.35566934034766,0.014017013232514178,,,insufficient,False,False,True,False,0.005232636547538773,0.004504383007417397,목,21,42,50.0,"1천억 원, KOREA NEWS, Korean News, News Network, SBS, SBS NEWS, SBS 뉴스, SEOUL BROADCASTING SYSTEM, 경찰, 대한민국 뉴스, 부산, 서울 방송, 에스비에스, 에스비에스 뉴스, 월 7% 수익, 추석, 투자",https://www.youtube.com/watch?v=AmTF8PMlL-E
BGGUTKexDQI,8천만 원 대출받아 주식 리딩방 들어갔대요😰 몰래 투자했다 빚 만들어온 남편과 이혼 고민하는 아내😱 #이호선상담소,디글 클래식 :Diggle Classic,UCRMA_Nb5VF-YoWApSVeXPVA,2026-08-30 16:00:28,long,831.0,14260,18.0,,3420000,100만+,40.19665463813658,354.75589021955136,0.0041695906432748535,,,insufficient,False,False,True,True,0.0012622720897615708,,일,16,63,50.0,"tvN 강연, 강연프로그램, 상담프로그램, 이호선, 이호선 상담가, 이호선상담소, 이혼숙려캠프, 티빙에서스트리밍",https://www.youtube.com/watch?v=BGGUTKexDQI
BJx37xg_UEM,"주식 3억 대박 났는데 '부부 싸움'? ""집 먼저 or 투자 먼저"" 팽팽 / KNN",KNN NEWS,UC1ifSsWUG241rRfK0ezYCgA,2026-08-15 16:15:34,shorts,16.0,129532,250.0,39.0,1380000,100만+,55.18616852702546,2347.1823367582824,0.09386376811594203,,,insufficient,False,False,True,True,0.00193002501312417,0.00030108390204737056,토,16,46,50.0,"knn뉴스, e뉴스, 주식, 투자, 수익, 부부, 부동산, 집",https://www.youtube.com/watch?v=BJx37xg_UEM
BZBUhgwE-34,"""전재산 날렸어요""…'행복팀 사기' 피해 구제 시급",MBN News,UCG9aFJTZ-lMCHAiO1KJsirg,2018-02-01 17:14:25,long,100.0,1064,3.0,2.0,2590000,100만+,3172.1453004714704,0.33541969210611494,0.0004108108108108108,,,insufficient,False,False,True,False,0.002819548872180451,0.0018796992481203006,목,17,28,49.0,"mbn, 김주하, 뉴스8, 뉴스, 전재산, 행복팀 사기, 행복팀, 농아인, 사기",https://www.youtube.com/watch?v=BZBUhgwE-34
BfxO1AZ1Xek,2시간만에 주린이 탈출...주식투자 기초 완전 마스터 (18만원 상당의 선물까지!) / 주식투자 기초강의 / 이대호 와이스트릿 대표,와이스트릿 - 지식과 자산의 복리효과,UCupslRq5jW95UGzPjOZz0FA,2025-06-28 17:00:24,long,7097.0,1841484,43667.0,1357.0,1000000,100만+,468.1550342677662,3933.491824733308,1.841484,,,insufficient,False,False,True,False,0.023712940215608717,0.0007369056695578131,토,17,73,33.6004853403438,"부자, 주식, 부동산, 재테크, 지식, 투자, 와이스트릿, 이대호, 부자되는법, 야식잡썰, 증시, 코스피, 코스닥, 주가, 복리효과, 잡설, 자산, 주식투자, 주식기초, 주식개념, 주식투자하는법, 주린이, 주린이강의, 재무제표, 공시, 공시보는법, 재무제표보는법, PER, PBR, ROE",https://www.youtube.com/watch?v=BfxO1AZ1Xek
Bmwl3XkVZF4,5년간 매일 오른 주식…'신의 타점' 주식고수녀의 최후 / 비머pick / 비디오머그,비디오머그 - VIDEOMUG,UCMEbRpvuwTbXxGiyDb1mT8w,2023-05-02 15:30:05,shorts,56.0,96322,455.0,192.0,1870000,100만+,1256.2177541751737,76.67619700474982,0.05150909090909091,,,insufficient,False,False,True,False,0.004723739125018168,0.001993314092315359,화,15,47,44.21168978131003,"SBS VIDEOMUG, VIDEOMUG, format:해설, location:서울, series:비디오머그, source:영상, type:디지털, 비디오 MUG, 퍙대ㅡㅕㅎ",https://www.youtube.com/watch?v=Bmwl3XkVZF4
BoTxJKZLBdY,사기 피의자 사업에 투자 억대 수익... 어느 검찰 공무원의 '재테크'와 사기꾼,법률방송,UChRnJ6XdAANkCOJfmWSASgQ,2019-12-23 18:35:20,long,158.0,205,0.0,0.0,189000,10만~100만,2482.08910834184,0.08259171651454136,0.0010846560846560847,,,insufficient,False,False,True,False,0.0,0.0,월,18,44,24.999421309691908,"법률방송, 법률방송뉴스",https://www.youtube.com/watch?v=BoTxJKZLBdY
Bpjmp5BbGUk,"1억 있다면 '이렇게' 하세요 노후준비 끝입니다. ""월 500씩 평생 나와요"" (이영주 대표 / 3부)",신사임당,UCaJdckl6MBdDPDf75Ec_bJA,2025-11-03 16:30:11,long,829.0,54167,504.0,17.0,2820000,100만+,340.17601806406253,159.23227130549566,0.019208156028368794,,,insufficient,False,False,True,True,0.009304558125796149,0.00031384422249709234,월,16,57,50.0,"신사임당, SSID, 부자, 주식투자, 경제, 투자, 미국주식, 부동산, 돈버는법, 전망, 기준금리, 중국, 미국, tsmc, 바이든, 트럼프, 신사임당 채널, 신사임당 유튜브, 신사임당 채널 디피, 전쟁, 전인범 장군, 북한, 북한 전쟁, 한반도, 국방부, 스텔스기, 탄도미사일, 일본, 역사, 십자가, 기독교, 발해, 고고학, 강인욱, 러시아, 히틀러, 히틀러 연설, 스탈린, 독소전쟁, 2차세계대전 요약, 세계2차대전, 역사 중2, 박문호 박사, 자연과학, 물리학, 화학, 생물학, 지구과학, 공부법, 학습법, 특강, 놀라움, 뇌과학, 뇌발달, 아동, 유아, 신기함, 수학, 옹알이, 스칼라, 벡터, 이론, 원의 넓이, 프리스턴, 마르코프 체인, 마르코프, 강연, 핵, 창의성, 아동의 뇌발달, IQ, 화이트보드, 기적의 공부법, 공부 잘하는 법, 머리 좋은 아이, 주기율표, 암석학, 태정태세, 왕조 연결, 몽고 역사, 중국 역사, 한국사, 국사, 세포생물학, 입자물리학, 미토콘드리아, 호모사피엔스, 사피엔스, 호모 에렉투스, 인류의 진화, 공룡, 멸종, 기후위기, 이정모",https://www.youtube.com/watch?v=Bpjmp5BbGUk
BxOtFbKH_Ow,사 놓기만하면 노후 걱정 끝? 2030세대가 레버리지 ETF에 투자하는 이유｜주식의 모든 것｜다큐프라임 2026｜#골라듄다큐,EBSDocumentary (EBS 다큐),UCFCtZJTuJhE18k8IXwmXTYQ,2026-02-06 19:15:01,long,642.0,418942,3623.0,1251.0,5460000,100만+,245.06155047146993,1709.5378658708569,0.07672930402930403,,,insufficient,False,False,True,True,0.00864797513736985,0.002986093540394613,금,19,69,50.0,"EBS, EBS documentary, EBS 다큐멘터리, 다큐, docu, 골라듄, 골라듄다큐, 골라둔다큐",https://www.youtube.com/watch?v=BxOtFbKH_Ow
BzixFTZ0qh8,'상장 전 분식' 첫 사례…삼바 상장폐지 검토여부 쟁점,JTBC News,UCsU-I-vHLiaMfV_ceaYz5rQ,2018-11-16 20:25:30,long,124.0,455,3.0,5.0,4900000,100만+,2884.0126037122104,0.15776630081794313,9.285714285714286e-05,,,insufficient,False,False,True,False,0.006593406593406593,0.01098901098901099,금,20,30,50.0,"JTBC, JTBC NEWS, 뉴스룸, 손석희, newsroom, sohnsukhee, 금감원, 삼성 바이오로직스, 분식회계, 삼성 바이오로직스 분식회계, 고의 분식회계, 금감원 재감리, 삼성 바이오로직스 재감리, 금감원 삼성, 삼성물산, 제일모직, 삼성물산 제일모직 합병, 국제 회계기준, 이재용, 이건희, 쁘띠거니, 삼바, 삼바 분식 회계, 삼바 회계, 고의 분식, 고의 분식 회계, 위장계열, 위장계열사, 심상정, 삼성 심상정, 심상정 인터뷰, 삼성물산 합병, 주식 거래 중단, 삼바 주식 거래 중단, 삼성바이오 주식 거래, 삼바 상장폐지, 삼성바이오 상장 폐지",https://www.youtube.com/watch?v=BzixFTZ0qh8
C5rreYEZGao,가장 확실한 노후준비 '딱 1개만' 알려드릴게요 (김경필 머니트레이너),김작가 TV,UCvil4OAt-zShzkKHsg9EQAw,2023-08-24 17:00:09,shorts,56.0,2865649,35441.0,754.0,2730000,100만+,1142.1552078788775,2508.9838755994138,1.0496882783882784,,,insufficient,False,False,True,False,0.012367530008036575,0.0002631166622290448,목,17,39,25.089231044936607,,https://www.youtube.com/watch?v=C5rreYEZGao
CIQk98D1a0s,유학갔다는 그녀가 왜 여기에? MBN 220630 방송,MBN Entertainment,UCYyLIlOJyqkAFKlVjzX5img,2022-06-30 23:15:49,long,170.0,1416,7.0,0.0,2970000,100만+,1561.8943282492476,0.9065914219608039,0.00047676767676767674,,,insufficient,False,False,True,False,0.0049435028248587575,0.0,목,23,30,50.0,"정관용, 김현, 김정수, 렌터카, 진실공방, 법정싸움, 슈퍼카, 지분다툼, 주주총회",https://www.youtube.com/watch?v=CIQk98D1a0s
CfJpm_YhB50,"1억만 모으세요, 곧바로 10억 됩니다 [강환국 퀀트 투자 전문가] #shorts",부읽남TV_내집마련부터건물주까지,UC2QeHNJFfuQWB4cy3M-745g,2023-10-10 07:00:06,shorts,33.0,1948570,22259.0,1707.0,1840000,100만+,1095.5719092677664,1778.5870407195282,1.0590054347826088,,,insufficient,False,False,True,False,0.011423248844024078,0.0008760270352104364,화,7,45,50.0,"부동산읽어주는남자, 부읽남, 재테크, 부읽남TV, 부자, 부동산, 1억, 저축, 강환국, 투자, 10억, 부자되는방법, 마인드셋, 동기부여, 돈모으기, 돈, 1억모으기",https://www.youtube.com/watch?v=CfJpm_YhB50
CgX16em3XLY,"주식리딩방, 보이스피싱으로 인한 피해, 신고 과정은, 복구는 가능할까, 특경법으로 고소 가능해요.  리딩방 사기의 실체를 파헤치다. 김민중 변호사님",힐링여행자 ,UCHpGooMnVgnILywqrpqvZcQ,2022-12-28 19:38:07,long,540.0,7833,569.0,39.0,455000,10만~100만,1381.0455088048034,5.671789922968508,0.017215384615384615,,,insufficient,False,False,True,False,0.07264138899527639,0.00497893527384144,수,19,82,26.332082036974633,"전원생활, 전원주택, 귀농, 귀촌, 시골, 산골, 은퇴, 퇴직, 중년, 노후, 재테크, 자기계발, 동기부여, 삼성전자, 부동산투자, 주식투자, 주식상황, 내집마련, 아파트, 집값, 텃밭농사, 정원관리, 블루베리, 영국장미, 야생화, 부부여행, 힐링, 부자, 재개발, 재건축, 주식공부, 60대유튜버, 50대, 60대, 국내여행, 노년, 중장년, 돈관리, 인간관계, 50대유튜버, 5060, 연금, 양귀비, 패랭이, 힐링여행, 정원가꾸기, 정원꾸미기, 데이비드오스틴장미, 독일장미, 텃밭관리, 나무, 아파트가격, 빌라가격, 강북아파트가격, 아파트전세가격, 단독주택, 시골집, 노년생활, 노후생활, 은퇴생활, 돈모으기, 절약, 저축, 조경, 여행, 인생, 좋은생각, 부동산담보대출, 아파트담보대출, 반도체, sk하이닉스, 카카오, 직장인, 강남아파트, 서울아파트가격, 경제, 금융, 현금, 전원주택매물, 전원주택매매, 전원주택전세, 주식시세, 주가, 증권, 단타, 자본소득, 근로소득, 성공, 주식양도세, 해외주식, 미국주식, 미국ETF, 미국QQQ, 동학개미, 주식초보, 주린이, 주식시장, 코스피, 코스닥, 펀드, ETF, 나스닥, 노후대책, 노후생활비, 노후준비",https://www.youtube.com/watch?v=CgX16em3XLY
Cxov0U98_os,한 마디 상의도 없이 주식 투자한 남편에게 실망한 아내,동치미,UCV5iV1Zhe6bRrVwBzXgUnPg,2025-10-12 09:15:00,shorts,111.0,25856,160.0,1.0,565000,10만~100만,362.47822871221064,71.33118061147985,0.04576283185840708,,,insufficient,False,False,True,True,0.006188118811881188,3.8675742574257426e-05,일,9,30,50.0,,https://www.youtube.com/watch?v=Cxov0U98_os
DJyYCrGpevo,“투자하면 수익 4배”…비상장주식 사기 경보 / KBS  2025.12.11.,KBS News,UCcQTRi69dsVYHN3exePtZ1A,2025-12-11 16:05:01,long,136.0,1001,7.0,1.0,3720000,100만+,302.19349491591436,3.312447212930673,0.00026908602150537634,,,insufficient,False,False,True,True,0.006993006993006993,0.000999000999000999,목,16,43,50.0,"KBS, KBS NEWS, KBS뉴스, NEWS, format:리포트, genre:경제, location:보도국(대구), person:박준우, series:뉴스9(대구), source:영상, type:방송, 경보, 뉴스, 뉴스_기타, 비상장주식, 사기, 주의, 지역_대구",https://www.youtube.com/watch?v=DJyYCrGpevo
DUCGcfFmKic,돈 잃어 본 자들만이 아는 주식의 세계...😅 주식으로 전 재산 날렸던 정신과 의사가 만든 주식 중독 자가 테스트💥 #유퀴즈,디글 클래식 :Diggle Classic,UCRMA_Nb5VF-YoWApSVeXPVA,2026-04-26 20:00:18,long,942.0,609771,4380.0,745.0,3420000,100만+,166.03010371221066,3672.6532500211556,0.17829561403508773,,,insufficient,False,False,True,True,0.0071830244468825185,0.00122177013993778,일,20,69,50.0,"YOUQUIZONTHEBLOCK, tvN 유퀴즈, 김대호, 김재원, 김재원 아나운서, 김재원 퇴직금, 단종, 단종오빠, 도경완, 도경완 아나운서, 리바운드, 명언제조기, 박지훈, 시그널2, 아나운서 퇴직금, 아나운서 프리, 아침마당, 약한영웅, 연시은, 왕과사는남자, 왕사남, 유재석, 유재석 조세호, 유퀴즈, 유퀴즈 감동, 유퀴즈 게스트, 유퀴즈 김재원, 유퀴즈 노가리, 유퀴즈 눈물, 유퀴즈 다시보기, 유퀴즈 레전드, 유퀴즈 레전드 모음, 유퀴즈 명언, 유퀴즈 몰아보기, 유퀴즈 배우, 유퀴즈 사투리, 유퀴즈 영화, 유퀴즈 운동선수, 유퀴즈 유재석, 유퀴즈 일반인, 유퀴즈 재미, 유퀴즈 조세호, 유퀴즈 퀴즈, 유퀴즈 풀버전, 유퀴즈 할머니, 유퀴즈온더블럭, 유퀴즈온더블럭 다시보기, 장윤정, 장항준, 장항준 천만, 장항준 천만영화, 전현무, 조세호, 티빙에서스트리밍, 프리랜서, 프리선언",https://www.youtube.com/watch?v=DUCGcfFmKic
DZnHLNV3NXc,주식 리딩방 업자끼리 돈 버는 기막힌 수법 #shorts / KBS,KBS News,UCcQTRi69dsVYHN3exePtZ1A,2023-10-17 11:50:00,shorts,58.0,205665,1258.0,118.0,3720000,100만+,1088.3705898233218,188.9659661176495,0.055286290322580645,,,insufficient,False,False,True,False,0.006116743247514161,0.0005737485717064157,화,11,37,50.0,"KBS, KBS NEWS, KBS뉴스, NEWS, 주식, 리딩방, 개인정보, 투자정보, 거래, 쇼츠, shorts",https://www.youtube.com/watch?v=DZnHLNV3NXc
E7gstsQ3R6g,'주식 종목 추천' 강요하는 시댁 식구들…이혼 사유 되나요? / JTBC 사건반장,JTBC News,UCsU-I-vHLiaMfV_ceaYz5rQ,2021-08-27 16:16:01,long,763.0,25108,287.0,79.0,4900000,100만+,1869.1858560270255,13.432586127827504,0.005124081632653061,,,insufficient,False,False,True,False,0.011430619722797514,0.003146407519515692,금,16,45,50.0,"JTBC, JTBC NEWS, 뉴스, 뉴스룸, 손석희, newsroom, sohnsukhee, 제이티비씨, 제이티비씨 뉴스, ㅓ슟, 제이티비시, 제이티비시 뉴스, 안나경, 한민용, 오대영, 주식, 투자, 주식투자, 투자 수익, 수익률, 재테크, 전업투자, 전업투자자, 종목 추천, 시댁, 시댁 식구, 종목 추천 강요, 이혼, 이혼사유",https://www.youtube.com/watch?v=E7gstsQ3R6g
EBYqJAVb4wk,[자막뉴스] 2억 5천만 원 입금한 투자자…주식 손실 후 또 덮친 악몽 / KBS 2025.03.15.,KBS News,UCcQTRi69dsVYHN3exePtZ1A,2025-03-15 11:00:09,long,125.0,256225,1401.0,987.0,3720000,100만+,573.4052078788774,446.8480517430588,0.06887768817204301,,,insufficient,False,False,True,False,0.005467850522002146,0.0038520831300614695,토,11,57,50.0,"KBS, KBS NEWS, KBS뉴스, NEWS, kbs뉴스, kbs 뉴스, kbs news, kbs, 뉴스, 자막뉴스",https://www.youtube.com/watch?v=EBYqJAVb4wk
EZOWZDB60i4,"지난 1년, 주식시장을 흔든 핵심 테마 앞으로도 주목해야 할 10대 유망 산업",땡큐손머치 스튜디오,UCL5p5u4IoMd4a25LR9Hn13w,2025-10-21 12:30:17,shorts,6.0,1291464,2089.0,29.0,145000,10만~100만,353.34261528628474,3654.990777021424,8.90664827586207,,,insufficient,False,False,True,True,0.0016175441204710314,2.2455136186529397e-05,화,12,43,50.0,,https://www.youtube.com/watch?v=EZOWZDB60i4
EfcwqQWOukc,她听信旁人挑拨，亲手结束多年婚姻，等顾助理拿出一份份证据时才崩溃发现，那个男人其实爱了她很多很多年[MULTI SUB | FULL] #MiniDrama #精彩大陆短剧,心跳月光短劇社,UC5ErRzY0MwZiCupb7Q4nOtw,2026-10-06 15:07:45,long,9855.0,72677,305.0,28.0,1450000,100만+,3.23326343443287,22477.908612710333,0.05012206896551724,,,insufficient,False,False,False,True,0.004196650934958791,0.0003852663153404791,화,15,86,50.0,"浪漫短剧社, Drama, chinesedrama, 总裁, 甜宠, 完整版, 豪门",https://www.youtube.com/watch?v=EfcwqQWOukc
EnOuvFoYIXs,"2,200억 횡령 오스템임플란트 직원 부친 숨진 채 발견...경찰, 남은 금괴 추적 / YTN", YTN,UChlgI3UHCOnwUGzWzbJ3H5w,2022-01-11 22:11:01,long,98.0,4304,54.0,20.0,5410000,100만+,1731.9393282492476,2.485075504550585,0.0007955637707948245,,,insufficient,False,False,True,False,0.01254646840148699,0.004646840148698885,화,22,52,50.0,"source:영상, type:방송, genre:사회, format:기타, person:박기완",https://www.youtube.com/watch?v=EnOuvFoYIXs
EqnN8j-uPo0,"구청 공무원이 115억 횡령…""주식·가상화폐 투자해 날렸다""",뉴스TVCHOSUN,UCWlV3Lz_55UaX4JsMj-z__Q,2022-01-26 21:38:12,long,89.0,7078,273.0,48.0,3140000,100만+,1716.9621176010994,4.122397301280719,0.002254140127388535,,,insufficient,False,False,True,False,0.038570217575586326,0.006781576716586606,수,21,33,50.0,"TV조선, 티비조선, 조선일보, 종편, 종합편성, TV조선뉴스, 뉴스, 뉴스프로그램, NEWS, 채널19, CH19, 뉴스9, 뉴스7, 포커스, 신동욱, 윤우리",https://www.youtube.com/watch?v=EqnN8j-uPo0
Etd2E8CLVyQ,"[자막뉴스] ""3000만원 없으면 못 산다""… 단일종목 레버리지 규제 '막차' 타는 개미들 / 사건텔러",뉴스TVCHOSUN,UCWlV3Lz_55UaX4JsMj-z__Q,2026-07-28 18:25:32,long,84.0,17647,91.0,131.0,3140000,100만+,73.09591389739583,241.4225236279412,0.005620063694267516,,,insufficient,False,False,True,True,0.005156683855612852,0.00742335807786026,화,18,57,50.0,"TV조선, 티비조선, 조선일보, 종편, 종합편성, TV조선뉴스, 뉴스, 뉴스프로그램, NEWS, 채널19, CH19, 뉴스9, 뉴스7, 윤정호, 포커스, 강펀치, TVCHOSUN, LIVE, 티비조선라이브, TV조선라이브, 최원희, 삼성전자, 삼전, sk, 하이닉스, etf, 삼전닉스",https://www.youtube.com/watch?v=Etd2E8CLVyQ
F0echUUJ63A,‘리딩방·떴다방’ 사기 여전히 기승…“주의 필요” / KBS  2025.09.11.,KBS News,UCcQTRi69dsVYHN3exePtZ1A,2025-09-11 17:55:01,long,146.0,5568,39.0,17.0,3720000,100만+,393.11710602702544,14.163718430551377,0.0014967741935483871,,,insufficient,False,False,True,False,0.007004310344827586,0.00305316091954023,목,17,46,50.0,"KBS, KBS NEWS, KBS뉴스, NEWS, format:리포트, genre:사회, location:보도국(청주), person:정진규, series:뉴스9(청주), source:영상, type:방송, 노인사기, 뉴스, 뉴스_기타, 떴다방, 서민사기, 주식리딩방, 지역_청주",https://www.youtube.com/watch?v=F0echUUJ63A
F2WBaOwglY0,정신과 의사도 주식으로 3억 날리고 알게 된 비밀 #주식투자 #30개월의법칙,1분지혜,UCteP-Wh0p64rUWrjOWspARg,2026-08-17 05:57:32,shorts,6.0,589866,266.0,0.0,15100,1만~10만,53.61535834184028,11001.810269347416,39.063973509933774,,,insufficient,False,False,True,True,0.000450949876751669,0.0,월,5,42,43.07772081249367,,https://www.youtube.com/watch?v=F2WBaOwglY0
FEGspayVw9c,“슬프지만 투자 실패 보여줄게”…SK하닉 레버리지 손실 공개한 여경옥 [이슈영상],MBN News,UCG9aFJTZ-lMCHAiO1KJsirg,2026-07-23 14:53:50,long,88.0,7672,42.0,46.0,2590000,100만+,78.24292778628472,98.05359049134192,0.002962162162162162,,,insufficient,False,False,True,True,0.005474452554744526,0.005995828988529718,목,14,45,49.0,,https://www.youtube.com/watch?v=FEGspayVw9c
FJKZ4I9PTCQ,하혈하는 아내 앞에서 주식 차트만 쳐다봤다...?😥 투자에 5~10억 날린 주식 중독 남편! | 이혼숙려캠프 | JTBC 241003 방송 외,JTBC Life,UCe-gh0jfKlR_EvsNyzYphww,2024-10-04 18:01:06,long,2143.0,509896,1517.0,,515000,10만~100만,735.1128814899885,693.6295266197758,0.9900893203883495,,,insufficient,False,False,True,False,0.0029751164943439446,,금,18,79,50.0,"이혼숙려캠프새로고침, 이혼숙려캠프, 새로고침, 가사조사, 팩폭, 조언, 매운맛, 팩폭장인, 결혼, 부부, 이혼, 이혼위기, 이혼과정, 부부싸움, 알코올, 알콜중독, 남편, 아내, 위생, 비위생, 더러운남편, 이혼숙려기간, 이혼부부, 법정, 실화, 서장훈, 박하선, 김새롬, 관종부부, 철부지 딸, 자궁근조증",https://www.youtube.com/watch?v=FJKZ4I9PTCQ
FYe8t3nv6pU,사기인 줄 알면서도 전 재산 잃는 주식 리딩방의 실체 / 유광훈 변호사 / 광화문스퀘어,뉴스낵(NewSnack),UCAUM2Sf_ee1lU0b6H2xr0dQ,2025-12-16 14:00:14,long,523.0,600,8.0,0.0,9740,1천~1만,297.28015000850695,2.018298228061411,0.061601642710472276,,,insufficient,False,True,True,True,0.013333333333333334,0.0,화,14,48,50.0,"주식, 주식 전망, 코스피, 코스피 전망, 코스닥, 코스닥 전망, 주식 뉴스, 미국 주식, 주식 리딩, 주식 리딩방, 코인 리딩.코인 리딩방, 리딩방, 유광훈, 유광훈 변호사, 광화문스퀘어",https://www.youtube.com/watch?v=FYe8t3nv6pU
FftJyktXA3s,"""노후 포트폴리오 공개합니다"" 노후준비 힘들면 '이 3가지만' 하세요"" 부자가 되는 가장 확실한 방법 ( 이상건 센터장 )",경제 원탑,UCDjaj6eENGMvgIXfeRErPmA,2026-02-27 12:30:14,long,970.0,49529,799.0,13.0,549000,10만~100만,224.34265000850695,220.77389207144466,0.09021675774134791,,,insufficient,False,False,True,True,0.016131963092329747,0.0002624724908639383,금,12,68,50.0,,https://www.youtube.com/watch?v=FftJyktXA3s
FpUNOFCHoXM,코인으로 욕심부리면 위험한 이유 ㄷㄷ,김준표,UC_EngQdug6VcxZ3xcqgnWug,2025-05-14 17:00:14,shorts,59.0,7950338,29049.0,2559.0,1500000,100만+,513.155150008507,15493.049226667998,5.300225333333334,,,insufficient,False,False,True,False,0.003653806919907053,0.00032187310778485144,수,17,20,43.18951111872831,"김준표, 마술, 흑마술사, 이야기, 모음, 웃짤, 썰모음집, 김준표 마술, 김준표 썰, 길거리 마술, 미주갤, 미주갤 레전드, 미국주식갤러리, 미국주식갤러리 레전드, 미주갤 김준표, 주식 레전드, 주식 갤러리, 미국 주식 갤러리, 미국 주식 갤러리 근황, 미국 주식 갤러리 레전드, 미국주식갤러리 김준표",https://www.youtube.com/watch?v=FpUNOFCHoXM
FuRRBGRpOBc,[ET] 주식 중독으로 3억 날린 정신과 의사…“이렇게 벗어났다” / KBS 2021.06.29.,KBS News,UCcQTRi69dsVYHN3exePtZ1A,2021-06-29 18:33:25,long,676.0,19326,186.0,62.0,3720000,100만+,1928.0904393603587,10.023388740214578,0.0051951612903225804,,,insufficient,False,False,True,False,0.009624340266997827,0.003208113422332609,화,18,54,50.0,"주식, 중독, 주식 중독, 정신과 의사, 코인, 비트코인, 매수, 매도, 동학개미, 주식 중독 탈출법, kbs뉴스, kbs 뉴스, kbs news, kbs, 뉴스, ET",https://www.youtube.com/watch?v=FuRRBGRpOBc
FzRNWzHPr5c,"[애로드라마] 주식에 영혼까지 판 남편, 4억 날리고 아내 탓만 하다 I ENA I 애로부부",ENA DRAMA,UCw0ZKmxFBc9donV317twWeA,2024-07-22 19:00:11,long,2186.0,170942,771.0,122.0,183000,10만~100만,809.0718513973958,211.2816058360651,0.9341092896174863,,,insufficient,False,False,True,False,0.004510301739771384,0.0007136923634917106,월,19,51,50.0,"ENA, ENA드라마, 우영우, 크래시, 유어아너, 지니TV, 박은빈, 채종협, 이민기, 윤계상, 유괴의날, 에이스토리, 남남, 전혜진, 최수영, 박성훈, 넷플릭스, 볼만한드라마, 드라마, 드라마모음집, 애로드라마, 애로부부, 재연드라마, 사랑과전쟁, 최화정, 홍진경, 안선영, 양재진, 송진우",https://www.youtube.com/watch?v=FzRNWzHPr5c
Gf5wQYvupu8,실제로 봤습니다 작전 세력은 무조건 있습니다 #주식 #주식공부 #주식강의,주식단테_20년차트고수,UC6ij59Gy_HnqO4pFu9A_zgQ,2023-11-07 15:00:53,shorts,53.0,105625,1425.0,34.0,605000,10만~100만,1067.2380319529516,98.97042350216432,0.17458677685950413,,,insufficient,False,False,True,False,0.01349112426035503,0.00032189349112426036,화,15,40,37.179794552127326,,https://www.youtube.com/watch?v=Gf5wQYvupu8
GiYiN6qdObY,"와이프가 생활비만이라도 제대로 갖다주라네요. 회사 그만두고 매일 매매방으로 출근하는 사람들, 투자인가 투기인가｜개미들의 하루｜다큐 잇｜#골라듄다큐",EBSDocumentary (EBS 다큐),UCFCtZJTuJhE18k8IXwmXTYQ,2024-11-03 18:00:12,long,2580.0,3636250,14797.0,,5460000,100만+,705.1135064899885,5156.971135187905,0.6659798534798534,,,insufficient,False,False,True,False,0.004069302165692678,,일,18,81,50.0,"EBS, EBS documentary, EBS 다큐멘터리, 다큐, docu, 골라듄, 골라듄다큐, 골라둔다큐",https://www.youtube.com/watch?v=GiYiN6qdObY
H66YFsg67zU,남편 몰래 굴린 주식 '초대박' 수익 잭팟에 밤잠 설친 아내 왜?/ KNN,KNN NEWS,UC1ifSsWUG241rRfK0ezYCgA,2026-01-30 17:30:15,long,84.0,9514,48.0,47.0,1380000,100만+,252.13430510109956,37.733857739767394,0.006894202898550725,,,insufficient,False,False,True,True,0.005045196552449022,0.004940088290939668,금,17,41,50.0,"knn뉴스, e뉴스, 주식, 호황, 남편, 상여금, 투자, 부부, 아내, 성공, 수익, 용돈, 소액, 비상금, 수익률, 자금, 공동재산, 개인, 살림",https://www.youtube.com/watch?v=H66YFsg67zU
H7_oH-Ujqak,"EBS가 영혼을 갈아 만든 2026 주식 다큐멘터리 1시간 핵심 요약본｜코스피 6,000시대 우량주와 ETF｜AI 버블｜다큐프라임 2026｜#골라듄다큐",EBSDocumentary (EBS 다큐),UCFCtZJTuJhE18k8IXwmXTYQ,2026-03-01 15:00:12,long,3613.0,2485997,63435.0,1480.0,5460000,100만+,222.23850648998842,11186.166786591464,0.45531080586080586,,,insufficient,False,False,True,True,0.025516925402564845,0.0005953345880948368,일,15,84,50.0,"EBS, EBS documentary, EBS 다큐멘터리, 다큐, docu, 골라듄, 골라듄다큐, 골라둔다큐",https://www.youtube.com/watch?v=H7_oH-Ujqak
HBKsZpMCuWo,"[이슈] ""김우진 이사입니다""…고령층 노린 주식리딩방 사기 기승/이름도 사진도 가짜…고수익 미끼에 1억 4천 털리기도/2023년 8월 16일(수)/KBS",KBS News,UCcQTRi69dsVYHN3exePtZ1A,2023-08-16 21:00:47,live,1648.0,388304,2026.0,988.0,3720000,100만+,1149.988101397396,337.65914580173177,0.10438279569892474,,,insufficient,False,False,True,False,0.00521756149820759,0.002544398203469447,수,21,85,50.0,"KBS, KBS NEWS, KBS뉴스, NEWS, KBS실시간, KBSLIVE, KBS LIVE, LIVE, 실시간, 실시간뉴스, 라이브, 라이브뉴스, 뉴스, 이슈, KBS 뉴스, kbs news, news, @newskbs",https://www.youtube.com/watch?v=HBKsZpMCuWo
HRw8QojK_0k,"따라하면 대박 나요, 고수익 보장 주식 리딩방 사기 나도 당할 수 있다.  리딩방의 종류는?  김민중 변호사님",힐링여행자 ,UCHpGooMnVgnILywqrpqvZcQ,2022-12-02 13:00:23,long,581.0,7967,884.0,43.0,455000,10만~100만,1407.321712508507,5.6611078541516076,0.01750989010989011,,,insufficient,False,False,True,False,0.11095770051462282,0.005397263712815363,금,13,61,26.332082036974633,"전원생활, 전원주택, 귀농, 귀촌, 시골, 산골, 은퇴, 퇴직, 중년, 노후, 재테크, 자기계발, 동기부여, 삼성전자, 부동산투자, 주식투자, 주식상황, 내집마련, 아파트, 집값, 텃밭농사, 정원관리, 블루베리, 영국장미, 야생화, 부부여행, 힐링, 부자, 재개발, 재건축, 주식공부, 60대유튜버, 50대, 60대, 국내여행, 노년, 중장년, 돈관리, 인간관계, 50대유튜버, 5060, 연금, 양귀비, 패랭이, 힐링여행, 정원가꾸기, 정원꾸미기, 데이비드오스틴장미, 독일장미, 텃밭관리, 나무, 아파트가격, 빌라가격, 강북아파트가격, 아파트전세가격, 단독주택, 시골집, 노년생활, 노후생활, 은퇴생활, 돈모으기, 절약, 저축, 조경, 여행, 인생, 좋은생각, 부동산담보대출, 아파트담보대출, 반도체, sk하이닉스, 카카오, 직장인, 강남아파트, 서울아파트가격, 경제, 금융, 현금, 전원주택매물, 전원주택매매, 전원주택전세, 주식시세, 주가, 증권, 단타, 자본소득, 근로소득, 성공, 주식양도세, 해외주식, 미국주식, 미국ETF, 미국QQQ, 동학개미, 주식초보, 주린이, 주식시장, 코스피, 코스닥, 펀드, ETF, 나스닥, 노후대책, 노후생활비, 노후준비",https://www.youtube.com/watch?v=HRw8QojK_0k
HcGqshDU_S4,초대형주 초유의 ‘거래 정지’…상장 폐지 가능성은 낮아 / KBS뉴스(News),KBS News,UCcQTRi69dsVYHN3exePtZ1A,2018-11-15 06:23:43,long,111.0,144,0.0,0.0,3720000,100만+,2885.5971754714697,0.04990301530097396,3.870967741935484e-05,,,insufficient,False,False,True,False,0.0,0.0,목,6,44,50.0,"뉴스광장, KBS, 뉴스광장1부",https://www.youtube.com/watch?v=HcGqshDU_S4
Hx_Pxa9yIko,앞으로 '이 주식' 사놓고 기다리면 큰 부가 됩니다 (김영익 교수),김작가 TV,UCvil4OAt-zShzkKHsg9EQAw,2023-07-09 16:30:07,shorts,59.0,1652717,13826.0,184.0,2730000,100만+,1188.1760643603589,1390.9697809724196,0.6053908424908425,,,insufficient,False,False,True,False,0.008365618554174732,0.00011133182510980404,일,16,37,25.089231044936607,,https://www.youtube.com/watch?v=Hx_Pxa9yIko
I80pAG-S2q8,저라면 노후자금 이렇게 투자할 겁니다 (존리 대표 / 2부),신사임당,UCaJdckl6MBdDPDf75Ec_bJA,2026-08-31 19:00:26,long,1112.0,193299,1489.0,35.0,2820000,100만+,39.071677786284724,4947.292027163816,0.06854574468085106,,,insufficient,False,False,True,True,0.007703092100838597,0.00018106663769600463,월,19,33,50.0,"신사임당, SSID, 부자, 주식투자, 경제, 투자, 미국주식, 부동산, 돈버는법, 암호화폐, 비트코인, 2차전지, 배터리, 전망, 기준금리, 가상화페, 블록체인",https://www.youtube.com/watch?v=I80pAG-S2q8
IK-AK0xCftw,빚투했는데 사기당해서 애들 학원비까지... ㅣ 제 2의 결혼전쟁 살까말까,헬로라이프,UCNE1pYj5_Hmnaz1xnnJi_dQ,2024-11-11 23:00:28,shorts,56.0,43674,272.0,1.0,1050000,100만+,696.90498797147,62.66851400665816,0.041594285714285716,,,insufficient,False,False,True,False,0.006227961716352979,2.2896918074827128e-05,월,23,40,50.0,,https://www.youtube.com/watch?v=IK-AK0xCftw
IKJceJ1Kyl4,"""피해자가 처한 상황 고려 안 해""…다시 재판하라 (2018.11.01/뉴스투데이/MBC)",MBCNEWS,UCF4Wxdo3inmxP-Y59wXDsFw,2018-11-01 08:22:12,long,101.0,250,1.0,4.0,6200000,100만+,2899.514895378877,0.08622131943465416,4.032258064516129e-05,,,insufficient,False,False,True,False,0.004,0.016,목,8,50,50.0,"MBC, MBC뉴스, 뉴스데스크, newsdesk, 뉴스투데이, newstoday, 8시뉴스, 아침뉴스, 뉴스, 정오뉴스, news, 아내, 친구, 성폭행, 무죄, 부부, 자살",https://www.youtube.com/watch?v=IKJceJ1Kyl4
IqZAJxoWMxo,[자막뉴스] ＂업체 통해 주식 투자했는데 실패＂ 원한 품고 불 지른 50대 남성 | 이슈픽,MBN News,UCG9aFJTZ-lMCHAiO1KJsirg,2023-04-05 09:25:17,long,74.0,3885,32.0,15.0,2590000,100만+,1283.471087508507,3.0269478119227595,0.0015,,,insufficient,False,False,True,False,0.008236808236808236,0.003861003861003861,수,9,50,49.0,"주식투자, 투자실패, 실패, 방화, 방화범, 주식, 투자, 자막뉴스, 이슈픽",https://www.youtube.com/watch?v=IqZAJxoWMxo
J6iIr_t7auI,"[사건과 사건 사이 - 사이시옷] 주식-코인 리딩방, 투자 권유 100% 사기! 강남 한복판에 사무실까지.. 정부 나서서 '불법 리딩방' 뿌리 뽑아야 - with 안준형 변호사",MBC 라디오 시사,UCTTmtS2ljy1vyl_s-d_LEHQ,2024-06-14 08:11:01,long,592.0,19231,184.0,21.0,1850000,100만+,847.5226615825811,22.690838689894033,0.010395135135135136,,,insufficient,False,False,True,False,0.009567885185377776,0.0010919868961572462,금,8,98,50.0,"MBC, MBC라디오, 라디오, AM, FM, 95.9, 시사, 정치, 사회, 이슈, 마봉춘, RADIO, MBC RADIO, 표준FM, 뉴스, 선거, 라디오시사, mbc라디오시사, 엠비씨라디오",https://www.youtube.com/watch?v=J6iIr_t7auI
J6tAG0ItMnk,매일 주식 종목 문자 보내는 이 사람은 대체 누구일까? 직접 통화해 봤습니다!,주식단테_20년차트고수,UC6ij59Gy_HnqO4pFu9A_zgQ,2020-08-12 15:31:57,long,435.0,173036,2308.0,193.0,605000,10만~100만,2249.2164578788775,76.93167964953517,0.2860099173553719,,,insufficient,False,False,True,False,0.01333826486973809,0.0011153748352943896,수,15,43,37.179794552127326,"비트코인, stock class, 작전주, CME, Bitcoin, 주단태, 차트, 우량주, 정지우문자, 증권, 주식정지우, 정지우, 주단테, 해외선물, silver, 주식, 세력주, 주식단테, stock, 주식초보, 급등주, gold",https://www.youtube.com/watch?v=J6tAG0ItMnk
JC2vetyb6aU,내 주식 폭락했다면? 증시각도기가 알려주는 핵심 투자법 #주식 #주식투자 #폭락장 #가치투자 #곽상준,위키타카,UCE9Q2l8yGDiDph3nTIQvDzQ,2026-07-09 21:15:36,shorts,41.0,157425,838.0,50.0,73400,1만~10만,91.97781204554398,1711.5540856967657,2.1447547683923704,,,insufficient,False,False,True,True,0.005323169763379387,0.0003176115610608226,목,21,56,50.0,,https://www.youtube.com/watch?v=JC2vetyb6aU
JLca0QXL-ao,“아 그때 살 걸…” 폭등장에 잠 못 자고 후회하는 국민 투자자들을 위한 1분 금융 치료 #주식 #폭등장 #투자,위키타카,UCE9Q2l8yGDiDph3nTIQvDzQ,2026-05-24 18:30:12,shorts,38.0,53692,440.0,1.0,73400,1만~10만,138.0926731566551,388.81135959393526,0.7314986376021798,,,insufficient,False,False,True,True,0.008194889368993518,1.862474856589436e-05,일,18,62,50.0,,https://www.youtube.com/watch?v=JLca0QXL-ao
JWs5U5VbNrg,"주식 중독의 늪에서 살아 돌아온 의사, 박종석 [아침마당] | KBS 250722 방송",에헤라 티비 : KBS LIFE,UCXx2Pi_w-4_-U95ksqOY7Cw,2025-07-22 16:47:03,long,716.0,20143,182.0,22.0,573000,10만~100만,444.16430510109956,45.350334929357054,0.03515357766143107,,,insufficient,False,False,True,False,0.009035396912078638,0.0010921908355259892,화,16,48,50.0,"아침마당, 화요초대석, 힐링토크쇼, 가수, 의사, 외국인, 중독, 주식",https://www.youtube.com/watch?v=JWs5U5VbNrg
JbA1SC3gcLs,“비상장 주식 투자하면 수익 4배”…사기 조직 20명 검거 [9시 뉴스] / KBS  2025.07.24.,KBS News,UCcQTRi69dsVYHN3exePtZ1A,2025-07-24 22:07:18,long,121.0,3776,14.0,13.0,3720000,100만+,441.9419092677662,8.544109351965025,0.0010150537634408601,,,insufficient,False,False,True,False,0.003707627118644068,0.0034427966101694915,목,22,59,50.0,"KBS, KBS NEWS, KBS 뉴스9, KBS뉴스, NEWS, format:리포트, genre:사회, location:보도국(청주), person:민수아, series:뉴스 9, source:영상, type:방송, 뉴스, 뉴스9, 사기, 전기통신금융사기특별법, 주식리딩방, 투자사기",https://www.youtube.com/watch?v=JbA1SC3gcLs
Jf_KseMu2lA,왜 그랬을까...주식 고수의 후회 #주식 #주식강의 #주식공부 #주식차트,주식단테_20년차트고수,UC6ij59Gy_HnqO4pFu9A_zgQ,2023-10-27 17:32:25,shorts,59.0,49426,838.0,35.0,605000,10만~100만,1078.13280047147,45.844074105143534,0.08169586776859504,,,insufficient,False,False,True,False,0.016954639258689758,0.000708129324646947,금,17,40,37.179794552127326,,https://www.youtube.com/watch?v=Jf_KseMu2lA
JlPmfTFCxok,'패딩 안에 슬쩍'…어린 딸 앞에서 태블릿PC 훔친 남성 / JTBC 사건반장,JTBC News,UCsU-I-vHLiaMfV_ceaYz5rQ,2022-02-22 18:39:32,long,113.0,3618,51.0,11.0,4900000,100만+,1690.0861916751735,2.1407192235645236,0.0007383673469387755,,,insufficient,False,False,True,False,0.014096185737976783,0.0030403537866224434,화,18,43,50.0,"JTBC, JTBC NEWS, 뉴스, 뉴스룸, 손석희, newsroom, sohnsukhee, 제이티비씨, 제이티비씨 뉴스, ㅓ슟, 제이티비시, 제이티비시 뉴스, 안나경, 한민용, 오대영, 패딩, 태블릿, 태블릿pc, 도둑, 도둑질, 무인오락실",https://www.youtube.com/watch?v=JlPmfTFCxok
JltHDfi3bHU,"""시세보다 싸게 줄게""…2억 6천만원 코인 사기 실형 / 연합뉴스TV (YonhapnewsTV)",연합뉴스TV,UCTHCOPwqNfZ0uiKOvFyhGwg,2021-11-06 12:27:34,shorts,38.0,473,2.0,0.0,2300000,100만+,1798.3445018603586,0.26301968255286406,0.0002056521739130435,,,insufficient,False,False,True,False,0.004228329809725159,0.0,토,12,53,50.0,"Live, News, Yonhapnews TV, 뉴스, 생방송, 실시간",https://www.youtube.com/watch?v=JltHDfi3bHU
Jn4sUGvex-k,"""따라 하면 대박 나요""…속수무책 당하는 '리딩방' 사기 / KBS  2022.09.29.",KBS News,UCcQTRi69dsVYHN3exePtZ1A,2022-10-02 12:00:11,long,148.0,866658,4548.0,2435.0,3720000,100만+,1468.3635180640626,590.2203298694247,0.2329725806451613,,,insufficient,False,False,True,False,0.005247744785140159,0.002809643481050195,일,12,50,50.0,"KBS, KBS NEWS, KBS뉴스, NEWS, format:리포트, genre:사회, location:보도국(전주), person:오정현, series:뉴스7(전주), source:영상, type:방송, 뉴스, 뉴스_기타, 지역_전주, 리딩방, 사기, SNS, 카톡방, 계좌정지, 보이스피싱",https://www.youtube.com/watch?v=Jn4sUGvex-k
K0_I0Z0YU-4,"“최대 500% 보장”, 투자금 수십억 갈취한 일당 검거 / KBS 2021.06.09.",KBS News,UCcQTRi69dsVYHN3exePtZ1A,2021-06-09 08:08:48,long,131.0,1901,16.0,12.0,3720000,100만+,1948.5242009344329,0.9756101561830014,0.0005110215053763441,,,insufficient,False,False,True,False,0.008416622830089426,0.00631246712256707,수,8,49,50.0,"고수익, 투자금, 오픈 채팅방, SNS, 주식 투자, 40~50대, 온라인 블로그, 고급 정보, 수익, 동학개미, 사기꾼, 베트남, 한국, kbs뉴스, kbs 뉴스, kbs news, kbs, 뉴스, 뉴스광장",https://www.youtube.com/watch?v=K0_I0Z0YU-4
K5PoiwScdAw,30년 주식 고수 성공사연 1탄 :  손절의 원칙만 지키면 무조건 성공 합니다.,장발TV | 다양한 주식 이야기를 나누는 곳,UCmDE_Pbe6cFAkBxfXyQt_4Q,2023-10-03 23:06:29,shorts,56.0,4468,34.0,3.0,13,1천 미만,1101.9008097307292,4.054811431794702,343.6923076923077,,,insufficient,False,True,True,False,0.007609668755595345,0.0006714413607878246,화,23,44,3.0,,https://www.youtube.com/watch?v=K5PoiwScdAw
KCehvt5N2qw,"법원 코인사기 판단기준…""부실백서·허위공시·불공정거래"" / 연합뉴스TV (YonhapnewsTV)",연합뉴스TV,UCTHCOPwqNfZ0uiKOvFyhGwg,2022-10-01 10:02:47,shorts,51.0,253,0.0,0.0,2300000,100만+,1469.4450458418403,0.1721738425781395,0.00011,,,insufficient,False,False,True,False,0.0,0.0,토,10,54,50.0,"Live, News, Yonhapnews TV, 뉴스, 생방송, 실시간",https://www.youtube.com/watch?v=KCehvt5N2qw
KCgt9_NtJoY,60대 전업주부가 마트 알바하면서 종잣돈 500만원 모아 시작한 주식투자로 100억 수익 만들기까지 지킨 단 한가지 투자원칙,햇살정원,UClQ91880FMCtNunKbD2yf2g,2026-02-21 08:00:22,long,3038.0,84780,3004.0,179.0,7360,1천~1만,230.53005741591437,367.76115423006576,11.519021739130435,,,insufficient,False,True,True,True,0.035432885114413774,0.0021113470158056146,토,8,69,0.637811866591018,"사연, 공감사연, 라디오사연, 오디오북, 노후자금사연, 은퇴자금사연, 노후금융사연, 주식투자, 투자원칙, 금융지식, 금융투자, 돈버는이야기",https://www.youtube.com/watch?v=KCgt9_NtJoY
KE8vSusZ6Ek,주식투자 실패하는 이유 (김한진 1부),신사임당,UCaJdckl6MBdDPDf75Ec_bJA,2019-12-03 16:59:55,long,729.0,643387,10043.0,419.0,2820000,100만+,2502.1553699159144,257.1331132093612,0.2281514184397163,,,insufficient,False,False,True,False,0.015609578682814542,0.0006512410104649301,화,16,21,50.0,"주식, 재테크, 부자, 부자되는법, 돈버는방법, 부자되는방법, 돈버는법, 돈모으는방법, 자수성가, 경제, 투자, 자기계발, 성공, 동기부여, 비즈니스, 창업, 신사임당, KTB투자증권, 김한진, 펀드",https://www.youtube.com/watch?v=KE8vSusZ6Ek
KGEPs00A5ow,부인ㆍ아들에게 8년간 불법급여…CTS 회장 집유 확정 / 연합뉴스TV (YonhapnewsTV),연합뉴스TV,UCTHCOPwqNfZ0uiKOvFyhGwg,2017-10-01 14:28:38,shorts,38.0,149,0.0,1.0,2300000,100만+,3295.260427786285,0.04521645656397978,6.478260869565217e-05,,,insufficient,False,False,True,False,0.0,0.006711409395973154,일,14,53,50.0,"Yonhapnews TV, News, 실시간, Live, 생방송, 뉴스",https://www.youtube.com/watch?v=KGEPs00A5ow
KyueGxfR51s,천억대 ‘고수익 보장’ 보험 사기 일당 구속…“고객 돈으로 주식투자” / KBS,KBS News,UCcQTRi69dsVYHN3exePtZ1A,2020-11-23 19:39:47,long,120.0,1092,9.0,8.0,3720000,100만+,2146.0443513973955,0.5088431650021328,0.0002935483870967742,,,insufficient,False,False,True,False,0.008241758241758242,0.007326007326007326,월,19,44,50.0,"고수익, 투자금, 보험, 주택담보대출, 판매수당, 검찰, 피해자, 범죄수익, KBS, 뉴스, 뉴스7",https://www.youtube.com/watch?v=KyueGxfR51s
L2awsrvFQg0,부부의 또 다른 취미는 주식?! 같은 취미로 인생의 즐거움을 낚는 중 MBN 240818 방송,MBN Entertainment,UCYyLIlOJyqkAFKlVjzX5img,2024-08-19 02:05:58,long,134.0,209384,1532.0,183.0,2970000,100만+,781.7761685270253,267.83113687707885,0.0704996632996633,,,insufficient,False,False,True,False,0.00731670041645971,0.0008739922821227983,월,2,52,50.0,"MBN, 사노라면, 휴먼다큐, 다큐, 다큐멘터리, 가족, 가족다큐, 노부부, 낚시, 낚시광, 택배, 노인회장, 농사, 농업",https://www.youtube.com/watch?v=L2awsrvFQg0
LFdUl2aCO3E,"'이 주식’은 오를 수 밖에 없습니다  1억 있다면, 꼭 투자하세요 (염승환 이사)",웅달 책방,UCbOIEn95Rvnk97KRtSFqvbQ,2023-02-26 08:48:32,shorts,44.0,3588850,21202.0,758.0,1020000,100만+,1321.4966083418403,2715.7466597686857,3.518480392156863,,,insufficient,False,False,True,False,0.00590774203435641,0.00021120971899076305,일,8,46,50.0,"웅달, 부자, 재테크, 돈공부, 경제공부, 경제, 종잣돈, 주식투자, 투자, 삼성전자, 카카오, 네이버, 주식부자, 미국주식, 애플, S&P500, 나스닥100, 슈퍼개미, 웅달책방, 부동산, 메타버스, 돈버는법, 암호화폐, 암호자산, 비트코인, 이더리움, 알트코인, 블록체인, NFT, 테슬라, 웅달리뷰, 마이크로소프트, 2차전지, 전기차, 배터리, lg엔솔, 아마존, 넷플릭스, 메타, 이차전지, 이현철소장, 아파트사이클, 부동산전망, 아파트시세, 아파트폭락, 아파트하락, 부동산대폭락, 강남미분양, 미분양, 금리인상, 기준금리, 경제불황, 할인분양, 인플레이션, 스태그플레이션, 디플레이션, 자산버블, 거품붕괴, 부동산pf, 자산붕괴, 금융위기, 경제위기, imf, 코스피, 부동산패닉, 부동산발위기, 깡통전세, 영끌, 영끌파산, gtx, 집값하락, 양도세, 종부세, 취득세, 부동산양극화, 하우스푸어, 거래절벽, 거래빙하기, 대폭락, 스테이블코인, cbdc, CBDC, 스테이블, 가상자산, 가상화폐, SCHD, 배당성장, 친환경, 신재생에너지, 태양열, 풍력, 주식, 염승환이사, 이베스트투자증권염승환, 염승환주린이",https://www.youtube.com/watch?v=LFdUl2aCO3E
Ldje4r9TsjY,[#블랙2]부자 인플루언서? SNS 사기꾼? 주부들의 아이돌 '인줌마'의 실체 #주식 #사기 | 블랙 2: 영혼파괴자들 7 회,채널에이드: 채널A Drama & Enjoy,UCB-ogYCX9Me8nP9gEGpMjUg,2023-05-12 22:11:59,long,934.0,1390238,5179.0,1163.0,1270000,100만+,1245.9386569529515,1115.8157684905168,1.0946755905511811,,,insufficient,False,False,True,False,0.0037252614300572993,0.0008365474113065533,금,22,70,50.0,"블랙, 영혼파괴자들, 범죄스릴러, 범죄, 심리, 인스타, 인플루언서, 이슬비, 이희진, 현지명, 사기꾼, 주식, 주식사기, 개미, 재벌, 부자",https://www.youtube.com/watch?v=Ldje4r9TsjY
LhgDGV-N46c,"98% 폭락에 매수했더니…1시간 뒤 ""손 떨려"" 황당 사고 #shorts",SBS 뉴스,UCkinYTS9IHqOEwR1Sze2JTw,2024-06-10 10:10:05,shorts,57.0,13959848,49396.0,3300.0,5290000,100만+,851.439976397396,16395.5750105448,2.638912665406427,,,insufficient,False,False,True,False,0.0035384339428337617,0.0002363922587122725,월,10,40,50.0,"SBS NEWS, SBS뉴스, sbs뉴스, sbs8뉴스, 에스비에스, sbs 뉴스, SBS, 실시간, sbs 실시간, SBS 8뉴스, SBS 8시뉴스, SBS LIVE, sbs live, sbs 생중계, sbs 온에어, SBS 모닝와이드, sbs모바일24, 모바일24, sbsmobile24, sbs24시, sbs라이브",https://www.youtube.com/watch?v=LhgDGV-N46c
Lst6Fw3ZRKw,영끌해서 집 샀더니 순식간에 3억 원이 떨어졌다. 잘나가던 기업 간부에서 파산하게 된 남자｜부동산 투자 실패｜자본주의｜다큐프라임｜#골라듄다큐,EBSDocumentary (EBS 다큐),UCFCtZJTuJhE18k8IXwmXTYQ,2025-07-27 13:00:20,long,1324.0,1119464,4813.0,3078.0,5460000,100만+,439.32174723072916,2548.1643170559096,0.20503003663003663,,,insufficient,False,False,True,False,0.004299378988515933,0.00274953013227759,일,13,78,50.0,"EBS, EBS documentary, EBS 다큐멘터리, 다큐, docu, 골라둔다큐, 이비에스, dlqldptm, 다큐프라임, 경제, 자본, 자본주의, 빚, 자산, 자산관리, 경제성장, 대출, 부동산, 버블",https://www.youtube.com/watch?v=Lst6Fw3ZRKw
MVmUy30HeT0,초대형주 초유의 ‘거래 정지’…상장 폐지 여부 ‘촉각’ / KBS뉴스(News),KBS News,UCcQTRi69dsVYHN3exePtZ1A,2018-11-14 21:17:21,long,113.0,161,1.0,0.0,3720000,100만+,2885.9765967677663,0.05578700817612889,4.327956989247312e-05,,,insufficient,False,False,True,False,0.006211180124223602,0.0,수,21,44,50.0,"NEWS, KBS, 뉴스9, KBS 뉴스9",https://www.youtube.com/watch?v=MVmUy30HeT0
MWsKSEkaO8w,주식으로 집 날린 썰 푼다,신사임당,UCaJdckl6MBdDPDf75Ec_bJA,2023-01-31 12:00:13,shorts,55.0,2185192,12267.0,208.0,2820000,100만+,1347.3634949159145,1621.8281170935036,0.774890780141844,,,insufficient,False,False,True,False,0.005613694357292174,9.518614382626332e-05,화,12,14,50.0,"신사임당, SSID",https://www.youtube.com/watch?v=MWsKSEkaO8w
Mcg-pfTFaMw,"""주가는 지금 혼자 땅 파는 중!"" 실적 멀쩡한데 주식 폭락하는 진짜 이유 #고란기자 #주식 #코스피 #주가폭락",위키타카,UCE9Q2l8yGDiDph3nTIQvDzQ,2026-07-21 13:15:09,shorts,56.0,321605,2377.0,112.0,73400,1만~10만,80.3114578788773,4004.4721948022966,4.381539509536784,,,insufficient,False,False,True,True,0.007391054243559646,0.0003482532920819017,화,13,62,50.0,,https://www.youtube.com/watch?v=Mcg-pfTFaMw
MxgC3kEOfOw,💣세력이 작전 칠 때 개미들을 속이는 수법,주식단테_20년차트고수,UC6ij59Gy_HnqO4pFu9A_zgQ,2025-07-02 15:00:30,shorts,58.0,142527,1498.0,24.0,605000,10만~100만,464.2382981566551,307.01258505799734,0.23558181818181817,,,insufficient,False,False,True,False,0.010510289278522666,0.00016838914731945526,수,15,23,37.179794552127326,"주식, 증권, 주식단테, 해외선물, 비트코인, 우량주, 주식초보, 주식왕초보, 주식강의, 주식하는법, 주식처음시작, 주식투자, 주식부자되는법, 주식부자, 돈버는법, 부자되는법, 주식입문, 재테크, 차트, 주단태, 주단테, 김단테",https://www.youtube.com/watch?v=MxgC3kEOfOw
N1g74uJxdCo,"주가조작 전과에 작년에도 폭락 연루…""경영권 확보 위해 매수"" [MBN 뉴스7]",MBN News,UCG9aFJTZ-lMCHAiO1KJsirg,2023-06-15 19:33:27,long,154.0,336,3.0,0.0,2590000,100만+,1212.048749545544,0.2772165724571579,0.00012972972972972972,,,insufficient,False,False,True,False,0.008928571428571428,0.0,목,19,44,49.0,"MBN, MBN뉴스, 뉴스7, 엠비엔뉴스, 김주하, 주가조작, 전과, 폭락 연루, 하한가, 경영권 확보, 카페 투자 몰이, 하한가 사태",https://www.youtube.com/watch?v=N1g74uJxdCo
N5GCqYLb8qY,주식 고수들은 하루에 얼마를 벌까? #shorts,EBSDocumentary (EBS 다큐),UCFCtZJTuJhE18k8IXwmXTYQ,2023-09-21 23:51:03,shorts,50.0,4029031,12964.0,2093.0,5460000,100만+,1113.8698606566552,3617.14697767725,0.7379177655677656,,,insufficient,False,False,True,False,0.0032176471216031847,0.0005194797458743803,목,23,47,50.0,"EBS, EBS documentary, EBS 다큐멘터리, 다큐, docu, 골라듄, 골라듄다큐, 골라둔다큐",https://www.youtube.com/watch?v=N5GCqYLb8qY
NBZVCGdxSzA,"""내가 사면 왜 하락할까?"" 주식부터 부동산까지, 부자들만 아는 돈의 원리｜아무도 알려주지 않았던 돈의 흐름과 비밀 1시간 요약본｜#골라듄다큐",EBSDocumentary (EBS 다큐),UCFCtZJTuJhE18k8IXwmXTYQ,2026-03-07 19:15:03,long,3586.0,29980,282.0,48.0,5460000,100만+,216.06152732332177,138.75677160763988,0.005490842490842491,,,insufficient,False,False,True,True,0.009406270847231488,0.0016010673782521682,토,19,79,50.0,"EBS, EBS documentary, EBS 다큐멘터리, 다큐, docu, 골라듄, 골라듄다큐, 골라둔다큐",https://www.youtube.com/watch?v=NBZVCGdxSzA
NNp9y1QRrZ8,“인생 망한 것 같습니다”…폭락장서 무너진 투자자들을 직접 만났습니다 #shorts,연합뉴스 Yonhapnews,UCj3_t5p4L4aFsvdW3uHjnnw,2026-07-31 18:27:33,shorts,153.0,313759,8270.0,1064.0,1130000,100만+,70.09451343443287,4476.227662147814,0.27766283185840707,,,insufficient,False,False,True,True,0.02635780965645607,0.0033911377840954364,금,18,46,50.0,"연합뉴스, yonhapnews, 뉴스, 영상, 이슈, 디지털, news, 화제",https://www.youtube.com/watch?v=NNp9y1QRrZ8
Nf8OJfkiKVs,횡령 직원 부친 숨진 채 발견…부친 집에서 금괴 압수 [MBN 종합뉴스],MBN News,UCG9aFJTZ-lMCHAiO1KJsirg,2022-01-11 20:47:40,long,112.0,8612,101.0,28.0,2590000,100만+,1731.9972101936921,4.97229438322069,0.003325096525096525,,,insufficient,False,False,True,False,0.011727821644217372,0.003251277287505806,화,20,40,49.0,"MBN, 종합뉴스, 횡령, 회삿돈, 배임, 오스템임플란트, 직원, 금괴, 아버지, 유서, 실종, 사망, 범죄수익은닉, 공모 가능성, CCTV, 주식투자, 손실, 회수 불가, 자금",https://www.youtube.com/watch?v=Nf8OJfkiKVs
NkPznrarSuw,[#사건의재구성] 급속하게 성장한 주식 시장에 일어난 주가 조작 사례들. 2006년 루보 사태의 이야기 | #알쓸범잡 #디글,디글 :Diggle,UCWYzc_p0GgfCepIWDHGFmEg,2021-06-12 23:00:07,long,1295.0,1946893,8917.0,943.0,4310000,100만+,1944.9052310270254,1001.0220389874344,0.451715313225058,,,insufficient,False,False,True,False,0.004580118167767823,0.0004843614929017671,토,23,69,50.0,"Diggle, 프리한19, 전현무, 한석준, 오상진, 주가조작, 주식, 개미, 경제사범 미스터리, 주가 조작 범죄",https://www.youtube.com/watch?v=NkPznrarSuw
NlKl4-b-QFo,"[뉴스추적/단독]'49명이 한 패' 100억 대 투자 사기, 어떻게 가능했나 [MBN 뉴스7]",MBN News,UCG9aFJTZ-lMCHAiO1KJsirg,2023-10-16 19:32:26,long,244.0,79422,499.0,147.0,2590000,100만+,1089.0494555640626,72.92781755155843,0.030664864864864864,,,insufficient,False,False,True,False,0.006282893908488832,0.0018508725542041248,월,19,52,49.0,"MBN, MBN뉴스, 뉴스7, 엠비엔뉴스, 김주하, 뉴스추적, 단독 보도, 공모주, 100억대 사기, 주식 사기, 유명인 사진, 미끼 상품, SNS",https://www.youtube.com/watch?v=NlKl4-b-QFo
NzBKQS06ZaQ,"""나 다시 일어날 자신이 없어...""😢 정신과 의사가 주식 중독으로 전 재산 날린 과정ㄷㄷ😰 #유퀴즈",디글 클래식 :Diggle Classic,UCRMA_Nb5VF-YoWApSVeXPVA,2026-06-13 19:00:25,long,943.0,2826,13.0,7.0,3420000,100만+,118.0716893603588,23.93461138152222,0.0008263157894736842,,,insufficient,False,False,True,True,0.0046001415428167025,0.0024769992922859165,토,19,56,50.0,"YOUQUIZONTHEBLOCK, tvN 유퀴즈, 김대호, 김재원, 김재원 아나운서, 김재원 퇴직금, 단종, 단종오빠, 도경완, 도경완 아나운서, 리바운드, 명언제조기, 박지훈, 시그널2, 아나운서 퇴직금, 아나운서 프리, 아침마당, 약한영웅, 연시은, 왕과사는남자, 왕사남, 유재석, 유재석 조세호, 유퀴즈, 유퀴즈 감동, 유퀴즈 게스트, 유퀴즈 김재원, 유퀴즈 노가리, 유퀴즈 눈물, 유퀴즈 다시보기, 유퀴즈 레전드, 유퀴즈 레전드 모음, 유퀴즈 명언, 유퀴즈 몰아보기, 유퀴즈 배우, 유퀴즈 사투리, 유퀴즈 영화, 유퀴즈 운동선수, 유퀴즈 유재석, 유퀴즈 일반인, 유퀴즈 재미, 유퀴즈 조세호, 유퀴즈 퀴즈, 유퀴즈 풀버전, 유퀴즈 할머니, 유퀴즈온더블럭, 유퀴즈온더블럭 다시보기, 장윤정, 장항준, 장항준 천만, 장항준 천만영화, 전현무, 조세호, 티빙에서스트리밍, 프리랜서, 프리선언",https://www.youtube.com/watch?v=NzBKQS06ZaQ
O-AknKGpr0Y,주식 중독이란 이런 증상이 있습니다 f. 연세봄정신과의원 박종석 원장 [심층 인터뷰],삼프로TV 3PROTV,UChlv4GSd7OQl3js-jkLOnFA,2022-12-29 20:35:08,long,2857.0,27771,591.0,30.0,3040000,100만+,1380.0059138973959,20.12382680416889,0.009135197368421053,,,insufficient,False,False,True,False,0.021281192610997084,0.0010802635843145728,목,20,47,50.0,"삼프로TV, 경제의신, 신과함께, 삼프로, 주식, 투자, 금융",https://www.youtube.com/watch?v=O-AknKGpr0Y
O01yXp929t4,“투자금은 현금만”…4억 9천 뜯어낸 주식 투자 사기 [제보K] [9시 뉴스] / KBS 2026.09.04.,KBS News,UCcQTRi69dsVYHN3exePtZ1A,2026-09-04 22:29:08,long,140.0,20642,66.0,52.0,3720000,100만+,34.92674723072917,591.0083714248318,0.005548924731182796,,,insufficient,False,False,True,True,0.003197364596453832,0.002519135742660595,금,22,61,50.0,"KBS, KBS NEWS, KBS 뉴스9, KBS뉴스, NEWS, format:리포트, genre:사회, location:사회부, person:윤아림, series:뉴스 9, source:영상, type:방송, 금, 뉴스, 뉴스9, 사기, 주식, 현금",https://www.youtube.com/watch?v=O01yXp929t4
OcWqibtBJK8,＂아파트 한 채 값이야＂ 몰래 받은 대출로 코인까지? 남편의 주식 투자로 붕괴된 집안🤦‍♀️｜이혼숙려캠프｜JTBC 240926 방송,JTBC Voyage,UCF3UEVPt5zZTlBVJwDG317g,2024-10-04 00:19:21,long,1722.0,254524,915.0,,4670000,100만+,735.8502078788773,345.8910485785923,0.054501927194860814,,,insufficient,False,False,True,False,0.0035949458597224625,,금,0,73,50.0,"genre:관찰, format:하이라이트, source:기타, type:방송, series:이혼숙려캠프, topic:가족, person:서장훈, person:박하선, person:진태현, 이혼숙려캠프, 새로고침, 이혼, 조정, 부부, 싸움, 서장훈, 박하선, 진태현, 나는솔로, 금쪽상담소, 고딩엄빠, JTBC, 봐야지, Voyage, 다시보기, 하이라이트, 예능, 의심, 의부증, 사업, 사업병, 의처증",https://www.youtube.com/watch?v=OcWqibtBJK8
P8j0Mh05EQ8,"[뉴스룸 뒤(D)] ""다단계식 수법으로 수수료 가져가…투자자 끌어올 수밖에 없는 구조"" / JTBC News",JTBC News,UCsU-I-vHLiaMfV_ceaYz5rQ,2023-04-27 15:00:06,long,178.0,53760,357.0,66.0,4900000,100만+,1261.238575934433,42.624766658576085,0.010971428571428571,,,insufficient,False,False,True,False,0.006640625,0.0012276785714285714,목,15,60,50.0,"genre:경제, format:해설, type:디지털, source:영상, series:뉴스룸뒤, person:박성태",https://www.youtube.com/watch?v=P8j0Mh05EQ8
PG2-80VDwBg,"""남편 몰래 '떡상'한 주식 투자"" 수익 공개 두고 '갑론을박'?/ KNN",KNN NEWS,UC1ifSsWUG241rRfK0ezYCgA,2026-03-02 07:30:12,long,84.0,2672,35.0,16.0,1380000,100만+,221.55100648998842,12.06042817106653,0.001936231884057971,,,insufficient,False,False,True,True,0.01309880239520958,0.005988023952095809,월,7,41,50.0,"knn뉴스, e뉴스, 주식, 호황, 남편, 상여금, 투자, 부부, 아내, 성공, 수익, 용돈, 소액, 비상금, 수익률, 자금, 공동재산, 개인, 살림",https://www.youtube.com/watch?v=PG2-80VDwBg
PGzbkRhLpoQ,"""주식 투자 실패로 조울증""…56억 날린 조영구의 고백 - 김명준의 뉴스파이터",MBN News,UCG9aFJTZ-lMCHAiO1KJsirg,2025-11-20 20:33:00,long,296.0,364494,2596.0,982.0,2590000,100만+,323.00739537887733,1128.4385596573113,0.14073127413127412,,,insufficient,False,False,True,True,0.007122202285908684,0.002694145856996274,목,20,43,49.0,"MBN, MBN뉴스, 김명준의 뉴스파이터, 엠비엔뉴스, 김명준, 조영구, 주식, 주식투자, 조울증, 56억손해, 조영구주식, 손해, 지인, 수익",https://www.youtube.com/watch?v=PGzbkRhLpoQ
PU-2SErbUKg,신종 주식 리딩방 사기에 2억 원 잃은 50대 가장 숨져 / KNN,KNN NEWS,UC1ifSsWUG241rRfK0ezYCgA,2024-05-16 20:15:08,long,126.0,673010,4175.0,3186.0,1380000,100만+,876.0198027862848,768.2588885084697,0.48768840579710143,,,insufficient,False,False,True,False,0.00620347394540943,0.0047339564048082495,목,20,37,50.0,"e뉴스, knn뉴스, 리딩방, 투자 리딩방, 리딩방 사기",https://www.youtube.com/watch?v=PU-2SErbUKg
PVJCikMRSfI,"[이슈] ""당신 차례가 아직 안 온 거예요"" 투자 리딩방 사기 주의보/최근 1년 반동안 피해액 7천억 원/2025년 3월 13일(목)/KBS",KBS News,UCcQTRi69dsVYHN3exePtZ1A,2025-03-13 21:53:48,live,741.0,42447,267.0,97.0,3720000,100만+,574.9512842677663,73.82712442160854,0.011410483870967741,,,insufficient,False,False,True,False,0.006290197187080359,0.0022852027233962353,목,21,78,50.0,"KBS, KBS NEWS, KBS뉴스, NEWS, KBS실시간, KBSLIVE, KBS LIVE, LIVE, 실시간, 실시간뉴스, 라이브, 라이브뉴스, 뉴스, 이슈, KBS 뉴스, kbs news, news, @newskbs, 리딩방, 사기, 주식, 사건사고, 피해, 투자",https://www.youtube.com/watch?v=PVJCikMRSfI
P_gKlakgV9M,SK하이닉스는 그래봐야 20배 100배 오른 주식은 따로 있습니다 [이정윤 세무사],부읽남TV_내집마련부터건물주까지,UC2QeHNJFfuQWB4cy3M-745g,2026-10-07 08:30:14,shorts,47.0,6566,34.0,1.0,1840000,100만+,2.509316675173611,2616.6486139282206,0.003568478260869565,,,insufficient,False,False,False,True,0.005178190679256778,0.00015229972586049346,수,8,46,50.0,"부동산읽어주는남자, 부읽남, 재테크, 부읽남TV, 부자, 부동산, 주식, 비트코인, 투자마인드",https://www.youtube.com/watch?v=P_gKlakgV9M
Pb3MEAsUxk4,"주식으로 전 재산 4억 날렸어요, 전 재산 4억 날리고 깨달은 1가지 (정신과 전문의 박종석 원장)",김작가 TV,UCvil4OAt-zShzkKHsg9EQAw,2026-02-17 21:00:44,long,1871.0,168467,2537.0,171.0,2730000,100만+,233.98813611961808,719.9809477258166,0.06170952380952381,,,insufficient,False,False,True,True,0.015059329126772603,0.0010150355856043023,화,21,55,25.089231044936607,,https://www.youtube.com/watch?v=Pb3MEAsUxk4
Pm7x03_DSW0,주가 폭락의 진짜 이유는 '이것'입니다. 하락에 이 4가지 주식 모아가세요. ( 조진표 대표 ),경제 원탑,UCDjaj6eENGMvgIXfeRErPmA,2026-03-29 08:30:00,long,2211.0,35986,1034.0,29.0,549000,10만~100만,194.50947871221067,185.00897867935583,0.06554826958105647,,,insufficient,False,False,True,True,0.02873339632079142,0.0008058689490357361,일,8,53,50.0,,https://www.youtube.com/watch?v=Pm7x03_DSW0
Q8lkNSUb4h8,레버리지 탔다가 '직격탄' 직장인들 손실 인증 줄줄 / KNN,KNN NEWS,UC1ifSsWUG241rRfK0ezYCgA,2026-07-06 18:00:13,shorts,18.0,19188,59.0,23.0,1380000,100만+,95.11349491591434,201.73793442206352,0.013904347826086957,,,insufficient,False,False,True,True,0.0030748384406920994,0.0011986658328121743,월,18,34,50.0,"knn뉴스, e뉴스, 주식, 투자, 직장인, SK, 하닉, 삼전, 하이닉스, 빚투, 손실, 레버리지",https://www.youtube.com/watch?v=Q8lkNSUb4h8
QY0Citvk0rw,[자막뉴스] 슬리퍼 뜯어내니...태국인들의 수상한 SNS 대화방 / YTN, YTN,UChlgI3UHCOnwUGzWzbJ3H5w,2021-11-04 12:22:59,long,116.0,29552,177.0,92.0,5410000,100만+,1800.347684730729,16.414607162071572,0.005462476894639556,,,insufficient,False,False,True,False,0.005989442338927991,0.0031131564699512725,목,12,41,50.0,"source:영상, type:디지털, genre:사회, format:기타, series:자막뉴스",https://www.youtube.com/watch?v=QY0Citvk0rw
Qf7O4iKIdio,알면서도 당한다 1천8백억 고수익 미끼 사기,KNN NEWS,UC1ifSsWUG241rRfK0ezYCgA,2023-01-16 20:54:48,long,113.0,1822,18.0,2.0,1380000,100만+,1361.9922564899884,1.3377462252946317,0.0013202898550724637,,,insufficient,False,False,True,False,0.009879253567508232,0.0010976948408342481,월,20,24,50.0,"투자, 사기, 범죄, 주식, 비상장주식, 사이버사기, 황보람",https://www.youtube.com/watch?v=Qf7O4iKIdio
QrXvTpTDL0w,"[정치쇼] 이재명 겨냥 수사, 당내 반응은?(설훈)/ 남은 22일 국조특위 향방은?(장혜영)/ [신삼변시대] 우퍼로 층간소음 보복, 최후는?(신인규,백성문,양지열) 221216금",SBS 시사교양 라디오 - 시교라,UCLv3v82YNNsa8EsxrcPMjGQ,2022-12-16 09:11:51,live,5204.0,8966,182.0,3.0,795000,10만~100만,1393.4804162122107,6.434249018275822,0.011277987421383648,,,insufficient,False,False,True,False,0.020298906981931743,0.0003345973678340397,금,9,99,50.0,"김태현, 정치쇼, 시사, 라디오, 뉴스, 정치, 이재명, 이낙연, 설훈, 국정조사, 예산안, 전장연, 장혜영, 신삼변시대, 양지열, 신인규, 백성문",https://www.youtube.com/watch?v=QrXvTpTDL0w
R4_xPHX8sFk,"국장 떠나 미장 투자한 서학개미들도 50조 손실, 50초 안에 설명하기",꽉TV,UC9-FOv67-03WMjbPApziPwQ,2026-08-08 14:00:20,shorts,47.0,501115,18675.0,433.0,1420000,100만+,62.280080564062494,8046.1520836432355,0.35289788732394367,,,insufficient,False,False,True,True,0.03726689482454127,0.0008640731169492033,토,14,39,50.0,,https://www.youtube.com/watch?v=R4_xPHX8sFk
RUJF3Zlhq3M,남편 몰래 굴린 주식 '초대박' 수익 잭팟에 밤잠 설친 아내 왜?/ KNN,KNN NEWS,UC1ifSsWUG241rRfK0ezYCgA,2026-01-30 18:30:23,shorts,14.0,8968,21.0,0.0,1380000,100만+,252.0925458418403,35.574237112216764,0.006498550724637681,,,insufficient,False,False,True,True,0.0023416592328278324,0.0,금,18,41,50.0,"knn뉴스, e뉴스, 주식, 호황, 남편, 상여금, 투자, 부부, 아내, 성공, 수익, 용돈, 소액, 비상금, 수익률, 자금, 공동재산, 개인, 살림",https://www.youtube.com/watch?v=RUJF3Zlhq3M
RfcnXp91a0Q,“21억 손실 났는데”…레버리지 급락에도 버틴다? [잇슈 키워드] / KBS  2026.07.14.,KBS News,UCcQTRi69dsVYHN3exePtZ1A,2026-07-14 11:20:33,long,73.0,48509,204.0,341.0,3720000,100만+,87.39104121221065,555.0797808004845,0.01304005376344086,,,insufficient,False,False,True,True,0.004205405182543445,0.007029623368859387,화,11,55,50.0,"KBS, KBS NEWS, KBS뉴스, NEWS, format:리포트, genre:사회, series:뉴스광장 1부, source:영상, type:방송, 뉴스, 뉴스광장, 뉴스광장1부",https://www.youtube.com/watch?v=RfcnXp91a0Q
RmguNJf0ENE,[#유퀴즈온더블럭] 주식으로 목숨이 위험해질 수 있다⁉️ 4억 잃어본 사람이 말해주는 투자 조심해야 하는 이유💥,디글 :Diggle,UCWYzc_p0GgfCepIWDHGFmEg,2026-04-24 21:00:52,long,943.0,780154,5858.0,822.0,4310000,100만+,167.98804352702547,4644.104328023148,0.18101020881670535,,,insufficient,False,False,True,True,0.007508773908741094,0.0010536381278568078,금,21,62,50.0,"YOUQUIZONTHEBLOCK, tvN 유퀴즈, 명언제조기, 유재석, 유퀴즈, 유퀴즈 감동, 유퀴즈 게스트, 유퀴즈 노가리, 유퀴즈 눈물, 유퀴즈 다시보기, 유퀴즈 레전드, 유퀴즈 레전드 모음, 유퀴즈 명언, 유퀴즈 몰아보기, 유퀴즈 배우, 유퀴즈 사투리, 유퀴즈 영화, 유퀴즈 운동선수, 유퀴즈 유재석, 유퀴즈 일반인, 유퀴즈 재미, 유퀴즈 퀴즈, 유퀴즈 풀버전, 유퀴즈 할머니, 유퀴즈온더블럭, 유퀴즈온더블럭 다시보기, 티빙에서스트리밍",https://www.youtube.com/watch?v=RmguNJf0ENE
SENI5hJbW5E,"[실화탐사대] 거액의 투자 사기 사건, 그녀를 믿지 마세요  #엠뚜루마뚜루 #엠트루 MBC220326방송",엠뚜루마뚜루 : MBC 공식 종합 채널,UCiwQRG2sCcfjKkgxMEdJGPg,2022-04-01 14:22:40,long,787.0,320508,2058.0,278.0,2950000,100만+,1652.2645713048032,193.9810400624235,0.10864677966101695,,,insufficient,False,False,True,False,0.006421056572690854,0.0008673730452906012,금,14,58,28.884342279456014,"엠뚜루마뚜루, 엠트루, 실화탐사대, 실화, 실화on, 투자사기, 사기, 투자, 그녀, 그것이알고싶다, 그알, 거액, 60억, 사기 사건, 투자 사기, 그녀를 믿지 마세요",https://www.youtube.com/watch?v=SENI5hJbW5E
SNI7_8pY9sQ,손절하면 계좌가 녹는 사람들 특징 #주식 #주식강의 #주식공부 #손절,주식단테_20년차트고수,UC6ij59Gy_HnqO4pFu9A_zgQ,2023-10-05 14:33:15,shorts,31.0,837776,7413.0,298.0,605000,10만~100만,1100.2572217677664,761.4364926902804,1.3847537190082644,,,insufficient,False,False,True,False,0.00884842726456714,0.0003557036725807376,목,14,38,37.179794552127326,,https://www.youtube.com/watch?v=SNI7_8pY9sQ
SayKkU0CmKs,허지웅이 항암치료를 하면서 느낀 점 #shorts #아는형님,1분예능모음zip,UC8pqfCpRwtOeVG3lfvlkb9w,2025-07-11 18:00:55,shorts,42.0,6209658,57868.0,1630.0,733000,10만~100만,455.11300880480326,13644.211173632493,8.47156616643929,,,insufficient,False,False,True,False,0.009319031740556405,0.0002624943273848576,금,18,33,26.918283781377962,,https://www.youtube.com/watch?v=SayKkU0CmKs
SmFIMLMxm3g,"미리 산 주식 방송에서 추천...대법 ""자본시장법 위반"" / YTN", YTN,UChlgI3UHCOnwUGzWzbJ3H5w,2022-06-12 22:32:29,long,163.0,3547,33.0,15.0,5410000,100만+,1579.9244208418402,2.245044100343757,0.000655637707948244,,,insufficient,False,False,True,False,0.009303636876233437,0.00422892585283338,일,22,37,50.0,"source:영상, type:방송, genre:사회, format:기타, person:김다연",https://www.youtube.com/watch?v=SmFIMLMxm3g
SxY-6-BUtBk,해외 주식 고수익 유혹 ‘불법 리딩방’ 주의보 #해외주식 #리딩방 #투자 #고수익 #보장 #유혹 #불법 #사기 #금감원 #경제 #뉴스 #경제뉴스 #news,대한민국 NOW,UCcVEkHTwN4Cz481AN1Vh18Q,2025-10-30 11:30:33,shorts,104.0,1409,5.0,1.0,216000,10만~100만,344.3840967677662,4.091361979906269,0.006523148148148149,,,insufficient,False,False,True,True,0.0035486160397444995,0.0007097232079489,목,11,86,35.374420223312725,"경제, 걍제, 걍재, 경재, 경대, 경제인사이트, 경제임사이트, 경제인산이트, 인사이트, 인사잇, 인사잍, 이사이트, ktv, 정책, 정책방송, 한국정책방송, 한정방, 방송원, 한국정책방송원, 대한민국, 대한민구, 한국, 한구, 한군, 윤대통령, 대통령, 윤석열",https://www.youtube.com/watch?v=SxY-6-BUtBk
Sy_Kf-OnLkI,"주식 유튜버 사칭, 결국 사기 사건으로...손 놓은 카카오·관계당국 / 머니투데이방송 (뉴스)",MTN 머니투데이방송,UClErHbdZKUnD1NyIUeQWvuQ,2020-10-27 11:41:48,long,303.0,845,21.0,1.0,1190000,100만+,2173.376284267766,0.38879599732298065,0.0007100840336134454,,,insufficient,False,False,True,False,0.02485207100591716,0.001183431952662722,화,11,52,50.0,"머니투데이방송, MTN, 머니투데이, 경제방송, 주식, 증권, 증시, 재테크, 투자전략, 종목분석, 관심주, 유망주, 시황, 주식투자, 증권방송, 종목추천, 전문가방송",https://www.youtube.com/watch?v=Sy_Kf-OnLkI
TFunwNUj1mk,고수익 미끼로 SNS 투자 사기…“노후 자금 10억 원 날렸다” [9시 뉴스] / KBS  2024.05.12.,KBS News,UCcQTRi69dsVYHN3exePtZ1A,2024-05-12 21:30:43,long,130.0,232603,1577.0,1018.0,3720000,100만+,879.9673143603588,264.33140891042893,0.06252768817204302,,,insufficient,False,False,True,False,0.006779792178088846,0.004376555762393435,일,21,62,50.0,"KBS, KBS NEWS, KBS 뉴스9, KBS뉴스, NEWS, SNS, format:리포트, genre:사회, location:보도국(청주), person:송근섭, series:뉴스 9, source:영상, type:방송, 가상지갑, 가상토지, 뉴스, 뉴스9, 사기, 충북경찰청, 투자사기",https://www.youtube.com/watch?v=TFunwNUj1mk
TRoa54zn5Q0,"""제발 1억만 빌려주세요"" 빚투 개미의 절박한 호소 / KNN",KNN NEWS,UC1ifSsWUG241rRfK0ezYCgA,2026-07-22 17:30:30,long,140.0,386067,1954.0,2384.0,1380000,100만+,79.13413148998842,4878.640767654636,0.2797586956521739,,,insufficient,False,False,True,True,0.005061297650407831,0.006175093960374753,수,17,34,50.0,"knn뉴스, e뉴스, 빚투, sk하이닉스, 하이닉스, 투자, 주식, 개미, 폭락, 토스, 매매",https://www.youtube.com/watch?v=TRoa54zn5Q0
T_03ZKwC8f8,다섯 명의 초보 투자자 3개월동안 지켜봤더니 나타난 놀라운 결과｜투자 성향에 따라 달라지는 매매법｜주식의 이해｜경제 대기획 돈의 얼굴｜다큐프라임｜#골라듄다큐,EBSDocumentary (EBS 다큐),UCFCtZJTuJhE18k8IXwmXTYQ,2024-12-12 19:00:35,long,2193.0,498186,4198.0,,5460000,100만+,666.0715736196181,747.9466467735874,0.09124285714285714,,,insufficient,False,False,True,False,0.008426571601771226,,목,19,87,50.0,"EBS, EBS documentary, EBS 다큐멘터리, 다큐, docu, 골라듄, 골라듄다큐, 골라둔다큐",https://www.youtube.com/watch?v=T_03ZKwC8f8
U3qm41a15aM,'자칭 M&A 전문가' 리딩방서 찍어준 주식…거래정지 / JTBC 뉴스룸,JTBC News,UCsU-I-vHLiaMfV_ceaYz5rQ,2021-02-15 20:55:09,long,158.0,1262,5.0,9.0,4900000,100만+,2061.992013434433,0.6120295286197669,0.00025755102040816324,,,insufficient,False,False,True,False,0.003961965134706815,0.0071315372424722665,월,20,40,50.0,"JTBC, JTBC NEWS, 뉴스, 뉴스룸, 손석희, newsroom, sohnsukhee, 제이티비씨, 제이티비씨 뉴스, ㅓ슟, 제이티비시, 제이티비시 뉴스, 서복현, 안나경, 한민용, 투자사기, M&A, 주식 사기, 상장폐지, 주식리딩방, 리딩방, 주식 리딩방 사기, 리딩방 사기, 불법 리딩방, 종목 추천, 단타, 추천 종목, 포모족, Fear Of Missing Out, 주식 고수",https://www.youtube.com/watch?v=U3qm41a15aM
UZDV8_MxPSQ,"AI에 '주식투자 전 과정' 맡겨보니…""머지 않았다"" 어땠길래 / SBS 8뉴스",SBS 뉴스,UCkinYTS9IHqOEwR1Sze2JTw,2025-11-22 20:34:38,long,157.0,653847,2757.0,697.0,5290000,100만+,321.00626111961805,2036.8668128761326,0.12360056710775047,,,insufficient,False,False,True,True,0.004216582778539934,0.0010659986204723734,토,20,44,50.0,"SBS NEWS, SBS 뉴스, ai, custom:뉴스넷, format:리포트, genre:경제, language:한국어, location:미국, location:서울, location:중국, person:홍영재, sbs, sbs 실시간, series:8뉴스, source:영상, topic:인공지능(AI) 열풍, type:방송, 경제, 뉴스 실시간, 뉸, 도움, 미국, 분석, 시장, 실시간뉴스, 에스비에스, 중국, 투자",https://www.youtube.com/watch?v=UZDV8_MxPSQ
UyFrg1Jcz8Y,[이슈큐브] '고수익 유인' 불법 주식리딩방…투자사기 주의보 / 연합뉴스TV (YonhapnewsTV),연합뉴스TV,UCTHCOPwqNfZ0uiKOvFyhGwg,2021-05-03 15:28:18,long,1215.0,4271,40.0,5.0,2300000,100만+,1985.2189926010994,2.1513999291352714,0.0018569565217391305,,,insufficient,False,False,True,False,0.009365488176071178,0.0011706860220088973,월,15,57,50.0,"Live, News, Yonhapnews TV, 뉴스, 생방송, 실시간",https://www.youtube.com/watch?v=UyFrg1Jcz8Y
VEq_V5USmRg,"'보기만 해도 피가되고 살이된다' EBS 레전드 명작 주식의 시대, 돈의 얼굴, 자본주의 핵심 몰아보기｜다큐프라임｜#골라듄다큐",EBSDocumentary (EBS 다큐),UCFCtZJTuJhE18k8IXwmXTYQ,2026-09-04 19:00:04,long,6159.0,2203900,10858.0,290.0,5460000,100만+,35.071932415914354,62839.42309947972,0.40364468864468867,,,insufficient,False,False,True,True,0.004926720813104043,0.0001315849176459912,금,19,70,50.0,"EBS, EBS documentary, EBS 다큐멘터리, 다큐, docu, 골라듄, 골라듄다큐, 골라둔다큐",https://www.youtube.com/watch?v=VEq_V5USmRg
VY59jszDazY,'동전주·시총미달' 36곳 첫 관리종목…상폐 경고등 / 연합뉴스TV (YonhapnewsTV),연합뉴스TV,UCTHCOPwqNfZ0uiKOvFyhGwg,2026-08-12 23:08:14,long,130.0,10670,36.0,23.0,2300000,100만+,57.89959445295138,184.2845377556199,0.004639130434782608,,,insufficient,False,False,True,True,0.003373945641986879,0.002155576382380506,수,23,52,50.0,"LIVE, NEWS, 뉴스, 라이브, 생방송, 생중계, 연합뉴스TV, 주요뉴스",https://www.youtube.com/watch?v=VY59jszDazY
VYrS9BahIwc,역대급 실적에 주가 폭락? SK하이닉스가 말하지 않은 '치명적 실수' #염승환 #SK하이닉스 #하이닉스주가 #주식폭락,위키타카,UCE9Q2l8yGDiDph3nTIQvDzQ,2026-07-30 12:00:26,shorts,48.0,134422,907.0,38.0,73400,1만~10만,71.36334445295138,1883.6280870863907,1.8313623978201634,,,insufficient,False,False,True,True,0.006747407418428531,0.0002826918212792549,목,12,65,50.0,,https://www.youtube.com/watch?v=VYrS9BahIwc
VZVN7h60LkI,"[이슈] 21억 손실 나도 ""딱 한 번만…"" 도박판... 코스피 하락 풀악셀 밟는 레버리지 '2배 충격' 개미 다 녹았다/2026년 7월 14일(화)/KBS",KBS News,UCcQTRi69dsVYHN3exePtZ1A,2026-07-14 19:30:22,live,713.0,68872,328.0,180.0,3720000,100만+,87.05089074924769,791.1693884717108,0.018513978494623655,,,insufficient,False,False,True,True,0.004762457892902776,0.002613543965617377,화,19,87,50.0,"KBS, KBS NEWS, KBS뉴스, NEWS, kbs뉴스, kbs 뉴스, kbs news, kbs, 뉴스, KBS실시간, KBSLIVE, KBS LIVE, LIVE, 실시간, 실시간뉴스, 라이브, 라이브뉴스, 이슈, KBS 뉴스, news, @newskbs, 코스피, 등락, 레버리지, 일일등락률, 2배충격, 금융위, 이억원, 금감원장, 금융상품, 단일종목추종, 삼성전자, 하이닉스, 반도체, 업황, 메모리칩, 메모리수요, 반도체사이클, 하닉ADR, 나스닥상장, 조정장, 썸머랠리, 트럼프, 중동전, 이란, 유가, 호르무즈",https://www.youtube.com/watch?v=VZVN7h60LkI
VhGF4dmh2kA,밥을 먹을 때도 주식 창만 보고 있는 개미들의 하루 관찰 카메라│위기가 곧 기회라고 믿는 사람들│주린이 주식열풍 금융 교육 현명한 투자 방법│다큐잇│#골라듄다큐,EBSDocumentary (EBS 다큐),UCFCtZJTuJhE18k8IXwmXTYQ,2023-09-21 10:00:10,long,1583.0,8014896,31460.0,9543.0,5460000,100만+,1114.44686297147,7191.815299860719,1.4679296703296703,,,insufficient,False,False,True,False,0.003925191293810924,0.001190657994813657,목,10,89,50.0,"EBS, EBS documentary, EBS 다큐멘터리, 다큐, docu, 골라듄, 골라듄다큐, 골라둔다큐, 주식투자, 노후대비주식, 주린이, 주식투자방법",https://www.youtube.com/watch?v=VhGF4dmh2kA
WBnSrmOr9xE,오스템임플란트 횡령 직원 부친 숨진 채 발견 / 연합뉴스TV (YonhapnewsTV),연합뉴스TV,UCTHCOPwqNfZ0uiKOvFyhGwg,2022-01-11 19:03:41,shorts,36.0,273,1.0,0.0,2300000,100만+,1732.0694208418402,0.15761492969913032,0.00011869565217391305,,,insufficient,False,False,True,False,0.003663003663003663,0.0,화,19,48,50.0,"Live, News, Yonhapnews TV, 뉴스, 생방송, 실시간",https://www.youtube.com/watch?v=WBnSrmOr9xE
WJWkjHTSjl8,10년 뒤에 가장 많이 오를 국내 주식은?,땡큐손머치 스튜디오,UCL5p5u4IoMd4a25LR9Hn13w,2025-10-15 21:15:09,shorts,6.0,4506763,7148.0,326.0,145000,10만~100만,358.978124545544,12554.422377980365,31.081124137931035,,,insufficient,False,False,True,True,0.0015860607713341038,7.233573187673725e-05,수,21,23,50.0,,https://www.youtube.com/watch?v=WJWkjHTSjl8
WSiXEIDtgVk,AI 자동매매로 고수익? 주식 열풍 틈탄 사기 기승 #shorts (대구MBC),대구MBC뉴스,UCNbYt65wiTchnxD-KNwXsAA,2026-06-20 13:30:34,shorts,128.0,6822,8.0,0.0,274000,10만~100만,111.3007518603588,61.29338648636518,0.024897810218978102,,,insufficient,False,False,True,True,0.0011726766344180592,0.0,토,13,44,50.0,"대구문화방송, 대구mbc, 대구MBC뉴스, 뉴스, MBC, 엠비씨",https://www.youtube.com/watch?v=WSiXEIDtgVk
WjZhICcuwSU,"'9,440억원' 주식 아닌 현금  #쇼츠 #최태원 #노소영 #이혼 #SK #재산분할",OBS뉴스,UComhAmtkBwTPF_PvwN8Gc6w,2026-07-24 21:06:47,shorts,66.0,7166,105.0,8.0,425000,10만~100만,76.98393473072916,93.08435617203645,0.016861176470588234,,,insufficient,False,False,True,True,0.01465252581635501,0.0011163829193413341,금,21,47,50.0,"obs, obs news, 오비에스, 오비에스 뉴스, obs 뉴스, 경인방송, 지상파, 경인, 뉴스오늘, 경인티비, 730, 530, 1030, 뉴스경인, 월드뉴스, 오늘의 월드뉴스, 국민의힘, 더불어민주당, 민주당, 국힘, 총선, 개혁신당, 윤석열, 김건희, 이재명, 김혜경, 한동훈, 대표, 위원장, 이준석, 국회, 대통령실, 용산, 여의도, 국회의원, 공천, 위성정당, 쇼츠, 정치, 유튜브, 사건, 사고, 축구, 웃긴영상, 세계, 소식, 시사, 경찰, 검찰, 진보, 중도, 보수, short, 라디오, 99.9, TV, 조국",https://www.youtube.com/watch?v=WjZhICcuwSU
WtZwUMJzHQA,이혼 소송 중에 아이를 무단으로 데려가 버렸습니다,🔯 실전투자한주원 🔯,UCUSW92vQfuBv1FM39DMERiA,2024-11-08 09:59:18,shorts,61.0,163,2.0,,22800,1만~10만,700.4474648233218,0.23270838740363564,0.007149122807017544,,,insufficient,False,False,True,False,0.012269938650306749,,금,9,27,35.000729181857956,"007810, 코리아써키트, 주가분석전망, 추천종목, 채권가압류신청서전자소송, 변호사선임시주의, 변호사전화상담, 빌려준돈받아내는문자보낼때, 리딩방불법, 청개구리투자클럽가입비, 입건, 서울아파트매매, 에스티인베스트먼트, 서울북부지방법원, 이혼변호사비용, 법무법인규원, 공증인가평화합동, 변호사선임, 변호사선임료, 변호사선임비용, 변호사비용, 변호사상담, 형사전문변호사, 민사전문변호사, 채권추심전문변호사, 법조인대관, 대한변호사, 채권추심, 강제집행, 채권압류, 변호사조회, 법조인명부, 판사출신변호사, 검사출신변호사, 서울변호사협회, 전문변호사, 변호사비용환불, 변호사단체, 주식정보, 주식리딩, 주식정보업체소송, 변호사, 투자클럽, 법무사, 로스쿨출신변호사, 사시출신변호사, 부장검사출신변호사, 부장판사출신변호사, 전관변호사, 전관예우, 대한변협, 서울변협, 변호사협회, 서울지방변호사회, 대한변호사협회, 그록, Grok, xAI, 그록 AI, 그록 사용법, xAI 그록, 챗GPT, GPT-4, GPT AI, 챗GPT 사용법, GPT-4o, 그록 vs GPT, AI 챗봇 비교",https://www.youtube.com/watch?v=WtZwUMJzHQA
X0dAE9vXkqQ,"레버리지 덫에 빠진 대한민국…""들어간 사람 90%가 물렸다"" [지금이뉴스] / YTN", YTN,UChlgI3UHCOnwUGzWzbJ3H5w,2026-07-13 15:34:27,long,128.0,121112,498.0,817.0,5410000,100만+,88.2147217677662,1372.9227681388495,0.022386691312384473,,,insufficient,False,False,True,True,0.004111896426448246,0.0067458220490124845,월,15,47,50.0,"source:영상, type:방송, genre:기타, format:기타",https://www.youtube.com/watch?v=X0dAE9vXkqQ
X1_KNALfRBc,[개미의 비극] -1200p 폭락 장에서도 수익내는 '주식 고수'의 비밀 vs 2억 날린 개인 투자자의 실수 | KBS 20090329 방송,KBS 다큐,UC4LW3sOslC14Vn5bcoNUBkg,2025-12-13 20:15:06,long,794.0,108867,994.0,158.0,2810000,100만+,300.0198259344329,362.8660194736333,0.03874270462633452,,,insufficient,False,False,True,True,0.009130406826678424,0.001451312151524337,토,20,78,49.0,"kbs, kbs다큐, kbs 다큐, 다큐, 다큐멘터리, 다큐 스페셜, 다큐멘터리 3일, 다큐 3일, 다큐인사이트, 다큐 인사이트, 세계는 지금, 뉴스, korea documentary, documentary, south korea, korea, documentary history, documentary film, documentales interesantes, korea now, korea news, tv documentary, tv 다큐, 교육 영상, 사회이슈 다큐, 교육 다큐, 가족 다큐, 인생 다큐, 사람 다큐, 직업 다큐, 역사 다큐, 경제 다큐, 정치 다큐, 사회 다큐, 여행 다큐, life in korea, kbs 다큐멘터리, kbs documentary, kbs 스페셜, korea history, south korea life, 특집 다큐, 감동 다큐, 동기부여 다큐, 실시간 방송",https://www.youtube.com/watch?v=X1_KNALfRBc
X8uMXcykPEg,까먹고 있던 '35년 전 주식'…노부부가 받은 깜짝 안내문 (자막뉴스) / SBS,SBS 뉴스,UCkinYTS9IHqOEwR1Sze2JTw,2023-10-21 13:00:17,long,73.0,2518473,8816.0,1082.0,5290000,100만+,1084.3217819529516,2322.6251117671227,0.4760818525519849,,,insufficient,False,False,True,False,0.0035005338552368836,0.00042962541190634166,토,13,45,50.0,"22억 원, 35년 전 주식, SBS NEWS, SBS 뉴스, custom:뉴스넷, format:리포트, genre:사회, location:부산, location:서울, sbs, sbs 실시간, series:뉴스영상, source:영상, type:방송, 까먹고, 뉴스 실시간, 뉸, 부산, 실시간뉴스, 에스비에스, 주말용, 투자",https://www.youtube.com/watch?v=X8uMXcykPEg
XIEWr0O7Iy8,"비대면 사기 들끓는데..범인 못 잡고, 돈 못 찾고 (뉴스토리) / SBS",SBS 뉴스,UCkinYTS9IHqOEwR1Sze2JTw,2024-09-06 21:27:36,live,1444.0,877337,5519.0,1721.0,5290000,100만+,762.9694787122106,1149.8978982499095,0.16584820415879017,,,insufficient,False,False,True,False,0.006290627204825512,0.0019616179415663537,금,21,41,50.0,"SBS NEWS, SBS뉴스, sbs뉴스, sbs8뉴스, 에스비에스, sbs 뉴스, SBS, 실시간, sbs 실시간, SBS 8뉴스, SBS 8시뉴스, SBS LIVE, sbs live, sbs 생중계, sbs 온에어, SBS 모닝와이드, sbs모바일24, 모바일24, sbsmobile24, sbs24시, sbs라이브",https://www.youtube.com/watch?v=XIEWr0O7Iy8
XpeIiKVn1yk,'삼전닉스' 레버리지 ETF 보완대책 발표에 댓글창 뒤집어진 이유 [경제 읽어주는 남자],한국증권TV,UC9OdxrtKsOxQCXpjNmaRMsw,2026-07-16 17:25:34,shorts,44.0,292703,5347.0,1911.0,205000,10만~100만,85.13755741591434,3438.000911514129,1.427819512195122,,,insufficient,False,False,True,True,0.018267663809390405,0.006528802232980188,목,17,49,43.750126591801475,"한국증권TV, 경제, 증시, 증권, 코스피, 코스닥, 삼성전자, SK하이닉스, 2차전지, 에코프로, 레버리지, 구윤철, 삼전닉스etf, etf, 레버리지etf, 인버스",https://www.youtube.com/watch?v=XpeIiKVn1yk
Xr1yQKkBdmw,"""친정에서 1억도 싹 날려"" 주식으로 집안 거덜 낸 남편 / KNN",KNN NEWS,UC1ifSsWUG241rRfK0ezYCgA,2026-07-01 19:15:36,long,97.0,489946,2368.0,1987.0,1380000,100만+,100.06114537887733,4896.4660372899,0.3550333333333333,,,insufficient,False,False,True,True,0.004833185698015699,0.0040555489788670586,수,19,37,50.0,"knn뉴스, e뉴스, 주식, 남편, 아내, 시댁, 친정, 통장",https://www.youtube.com/watch?v=Xr1yQKkBdmw
XulBX0HSAhE,슈퍼카 끌던 주식고수녀의 최후 / 비머pick / 비디오머그 #shorts,비디오머그 - VIDEOMUG,UCMEbRpvuwTbXxGiyDb1mT8w,2023-05-06 17:00:26,shorts,44.0,29986,214.0,23.0,1870000,100만+,1252.1550111196182,23.94751427236467,0.016035294117647057,,,insufficient,False,False,True,False,0.007136663776429,0.0007670246114853598,토,17,41,44.21168978131003,"SBS VIDEOMUG, VIDEOMUG, format:해설, location:서울, series:비디오머그, source:영상, type:디지털, 비디오 MUG, 퍙대ㅡㅕㅎ",https://www.youtube.com/watch?v=XulBX0HSAhE
XzfL3UgHvmc,"[단독] ""리딩방 사기를 당했는데요""‥압수수색 전날 변호사에게 걸려 온 전화 (2026.09.16/뉴스데스크/MBC)",MBCNEWS,UCF4Wxdo3inmxP-Y59wXDsFw,2026-09-16 20:26:22,long,128.0,82603,593.0,94.0,6200000,100만+,23.012001860358797,3589.5616774781574,0.013323064516129033,,,insufficient,False,False,True,True,0.0071789160199992735,0.001137973197099379,수,20,65,50.0,"MBC, MBC뉴스, 뉴스데스크, newsdesk, 뉴스투데이, newstoday, 8시뉴스, 아침뉴스, 뉴스, 정오뉴스, news, 실시간, 실시간 뉴스, 엠비씨 뉴스, 엠비씨, 뉴스 실시간, 뉴스속보",https://www.youtube.com/watch?v=XzfL3UgHvmc
Y4V-WViaddw,[단독] 30만 유튜브 '악몽'…리딩방 사기에 수억원 피해 / 머니투데이방송 (뉴스),MTN 머니투데이방송,UClErHbdZKUnD1NyIUeQWvuQ,2025-12-29 17:52:08,long,199.0,40907,290.0,123.0,1190000,100만+,284.1191083418403,143.97834851284412,0.03437563025210084,,,insufficient,False,False,True,True,0.007089251228396118,0.003006820348595595,월,17,47,50.0,"머니투데이방송, MTN, 머니투데이, 경제방송, 주식, 증권, 증시, 재테크, 투자전략, 종목분석, 관심주, 유망주, 시황, 주식투자, 증권방송, 종목추천, 전문가방송",https://www.youtube.com/watch?v=Y4V-WViaddw
Y7XPsqR4R4I,"해고 숨긴 48세 가장, 3만 위안 전재산 주식 몰빵, 31점2퍼센트 고리대금까지, 그런데 뜻밖에도 그 '내부정보'는 사기꾼 전 동료의 함정이었다",사랑의 계약서,UCVCU7KP8LFWMdvOr5nSNrNg,2026-09-28 19:37:53,long,4044.0,0,0.0,0.0,10400,1만~10만,11.045670841840277,0.0,0.0,,,insufficient,False,False,False,True,,,월,19,81,50.0,null,https://www.youtube.com/watch?v=Y7XPsqR4R4I
YNntPUEKNKo,세력은 대체 어떤 놈들일까..,주식단테_20년차트고수,UC6ij59Gy_HnqO4pFu9A_zgQ,2024-07-10 15:00:31,shorts,51.0,337197,3555.0,100.0,605000,10만~100만,821.2382865825809,410.5958106302836,0.5573504132231405,,,insufficient,False,False,True,False,0.01054279842347352,0.0002965625435576236,수,15,16,37.179794552127326,,https://www.youtube.com/watch?v=YNntPUEKNKo
YV1xrYExgAA,[더 보다] ‘개미 홀리기’ - 작전세력이 된 기자들 / KBS 2025.10.06.,KBS News,UCcQTRi69dsVYHN3exePtZ1A,2025-10-06 10:00:36,long,1107.0,203037,2464.0,737.0,3720000,100만+,368.446562045544,551.0622731089628,0.05457983870967742,,,insufficient,False,False,True,False,0.012135719105384734,0.0036298802681284693,월,10,47,50.0,"KBS, KBS NEWS, KBS뉴스, NEWS, format:기타, genre:경제, location:경제산업부, person:송수진, source:영상, type:디지털, 금감원특사경, 금융감독원, 금융위원회, 기자선행매매, 뉴스, 뉴스_기타, 무자본M&A, 선행매매, 주가조작",https://www.youtube.com/watch?v=YV1xrYExgAA
YYXwgNvj4GY,GHETMK 사기 주의하세요｜권상민 교수 사칭 겟엠크 주식 리딩방 피해자 인터뷰 영상,법률사무소 장원,UCjqSTkZ6Z9E9PYJWAVL-VaQ,2026-09-21 21:35:59,long,203.0,56,4.0,2.0,19,1천 미만,17.96365695295139,3.1174053338175844,2.9473684210526314,,,insufficient,False,True,True,True,0.07142857142857142,0.03571428571428571,월,21,47,2.0,,https://www.youtube.com/watch?v=YYXwgNvj4GY
Y_HTZh_b1ko,"""손실률 78%, 22억 날렸다"" 레버리지로 파산한 투자자 속출? / KNN",KNN NEWS,UC1ifSsWUG241rRfK0ezYCgA,2026-07-30 18:45:10,long,99.0,866893,6008.0,9805.0,1380000,100만+,71.08227963813657,12195.62743925985,0.6281833333333333,,,insufficient,False,False,True,True,0.006930497766160299,0.011310507755859144,목,18,42,50.0,"knn뉴스, e뉴스, 주식, 투자, 하락, 폭락, 손실, 도박",https://www.youtube.com/watch?v=Y_HTZh_b1ko
Yv3R8QNpL3Y,돈이 원래 이렇게 쉽게 벌리는거였나요. 직장 생활 접고 퇴직금으로 전업투자 시작한 결과｜주식 매매방 실제로 들어가봤더니｜다큐 잇｜#골라듄다큐,EBSDocumentary (EBS 다큐),UCFCtZJTuJhE18k8IXwmXTYQ,2025-03-30 19:00:40,long,2543.0,390807,2246.0,7.0,5460000,100만+,558.0715157492477,700.2812166023486,0.07157637362637363,,,insufficient,False,False,True,False,0.005747082319405743,1.7911654601887888e-05,일,19,78,50.0,"EBS, EBS documentary, EBS 다큐멘터리, 다큐, docu, 골라듄, 골라듄다큐, 골라둔다큐",https://www.youtube.com/watch?v=Yv3R8QNpL3Y
ZLrOu7dRHJs,지금 시대가 어떤 시대인데! 하지마세요~/카카오뱅크(323410) [최병운 전문가_투자의 신],TomatoTV,UCgJ5pT6S2NuTVP-6-AlLZew,2023-03-23 23:50:13,long,82.0,1606,4.0,4.0,410000,10만~100만,1295.870439360359,1.2393214253677405,0.0039170731707317075,,,insufficient,False,False,True,False,0.0024906600249066002,0.0024906600249066002,목,23,52,50.0,,https://www.youtube.com/watch?v=ZLrOu7dRHJs
ZO4YIe3YuWU,"해외주식 양도세, 부부 증여로 절세 가능할까? – 경험담 중심”",달러빵빵,UCWGkK2H6e0LvHf_ovxrZi9A,2025-10-26 13:30:39,shorts,176.0,4110,8.0,0.0,3630,1천~1만,348.3006939899884,11.800148753416318,1.1322314049586777,,,insufficient,False,True,True,True,0.0019464720194647203,0.0,일,13,35,39.118438056651875,,https://www.youtube.com/watch?v=ZO4YIe3YuWU
ZSc8IDiPUaQ,87% 수익이 하루 만에 39%… 레버리지 ETF의 무서운 진실😱 #Shorts,1분썰배달,UC4i1O9S9_RVztD333qiCp5Q,2026-06-25 08:00:24,shorts,43.0,342683,3631.0,78.0,23600,1만~10만,106.53003426776621,3216.7735827312017,14.520466101694915,,,insufficient,False,False,True,True,0.010595798449295705,0.0002276156097617915,목,8,44,33.80357262626037,,https://www.youtube.com/watch?v=ZSc8IDiPUaQ
ZnVH6g9BiOE,-주식단테- 투자금액 -50%이상 손실 나신분들 필독! 주식인의 마인드 멘탈강의! 어차피 주식 평생 할꺼 아닙니까?!,주식단테_20년차트고수,UC6ij59Gy_HnqO4pFu9A_zgQ,2020-05-13 13:11:53,long,255.0,60788,1663.0,64.0,605000,10만~100만,2340.313726397396,25.974295375165408,0.10047603305785124,,,insufficient,False,False,True,False,0.0273573731657564,0.0010528393761926695,수,13,65,37.179794552127326,"주식, 증권, 주식단테, 차트, 급등주, 세력주, 해외선물, 비트코인, 비트맥스, 비맥, stock, 작전주, 우량주, 주식초보, stock class, gold, CME, silver, Bitmax, Bitcoin",https://www.youtube.com/watch?v=ZnVH6g9BiOE
ZoWJDZy7U1Y,"금값이 폭락한 진짜 이유, 50초 안에 설명하기",꽉TV,UC9-FOv67-03WMjbPApziPwQ,2026-06-14 07:00:30,shorts,52.0,4233456,106773.0,1079.0,1420000,100만+,117.57163148998843,36007.46154790317,2.9813070422535213,,,insufficient,False,False,True,True,0.025221237683821444,0.0002548745044238088,일,7,26,50.0,,https://www.youtube.com/watch?v=ZoWJDZy7U1Y
Zr6AS7xjrcA,"지금 주식에 몰빵하지 마세요, 현금 쥐고 '이것을' 기다리세요 [김경록 고문]",부읽남TV_내집마련부터건물주까지,UC2QeHNJFfuQWB4cy3M-745g,2026-10-01 15:00:05,shorts,30.0,20268,121.0,0.0,1840000,100만+,8.238587508506944,2460.130450647251,0.011015217391304347,,,insufficient,False,False,False,True,0.005970001973554372,0.0,목,15,43,50.0,"부동산읽어주는남자, 부읽남, 재테크, 부읽남TV, 부자, 부동산, 주식, 비트코인, 투자마인드, 삼전닉스, 반도체, AI, 삼성전자, 하이닉스, 코스피, 한국증시, 미국증시, 국장, 미장",https://www.youtube.com/watch?v=Zr6AS7xjrcA
ZuDyqxfN8iY,(힐링여행자 투자 이야기) 평생 모은 돈 5억이라면 이렇게 굴려보세요! 매달 300만 원씩 쓰고도 원금을 지킬 수 있습니다! 노후대비 주식투자가 가장 쉬운 이유는?,힐링여행자 ,UCHpGooMnVgnILywqrpqvZcQ,2024-06-09 09:00:16,long,661.0,86260,4024.0,176.0,455000,10만~100만,852.4884601936923,101.1861204319423,0.1895824175824176,,,insufficient,False,False,True,False,0.04664966380709483,0.0020403431486204497,일,9,91,26.332082036974633,"전원생활, 전원주택, 귀농, 귀촌, 시골, 산골, 은퇴, 퇴직, 중년, 노후, 재테크, 자기계발, 동기부여, 삼성전자, 부동산투자, 주식투자, 주식상황, 내집마련, 아파트, 집값, 텃밭농사, 정원관리, 블루베리, 영국장미, 야생화, 부부여행, 힐링, 부자, 재개발, 재건축, 주식공부, 60대유튜버, 50대, 60대, 국내여행, 노년, 중장년, 돈관리, 인간관계, 50대유튜버, 5060, 연금, 양귀비, 패랭이, 힐링여행, 정원가꾸기, 정원꾸미기, 데이비드오스틴장미, 독일장미, 텃밭관리, 나무, 아파트가격, 빌라가격, 강북아파트가격, 아파트전세가격, 단독주택, 시골집, 노년생활, 노후생활, 은퇴생활, 돈모으기, 절약, 저축, 조경, 여행, 인생, 좋은생각, 부동산담보대출, 아파트담보대출, 반도체, sk하이닉스, 카카오, 직장인, 강남아파트, 서울아파트가격, 경제, 금융, 현금, 전원주택매물, 전원주택매매, 전원주택전세, 주식시세, 주가, 증권, 단타, 자본소득, 근로소득, 성공, 주식양도세, 해외주식, 미국주식, 미국ETF, 미국QQQ, 동학개미, 주식초보, 주린이, 주식시장, 코스피, 코스닥, 펀드, ETF, 나스닥, 노후대책, 노후생활비, 노후준비",https://www.youtube.com/watch?v=ZuDyqxfN8iY
_56c_9pKffM,"'2천억 대 횡령' 오스템임플란트 전 직원 징역 35년...""출소 뒤 범죄 수익 사용 계획"" / YTN", YTN,UChlgI3UHCOnwUGzWzbJ3H5w,2023-01-11 19:32:25,long,135.0,21205,137.0,119.0,5410000,100만+,1367.0494671381366,15.51150891737065,0.003919593345656192,,,insufficient,False,False,True,False,0.006460740391417119,0.005611883989625088,수,19,57,50.0,"source:영상, type:방송, genre:사회, format:기타, person:김태원",https://www.youtube.com/watch?v=_56c_9pKffM
_7JXdGr6pmE,단일 종목 레버리지 사실상 '상장폐지'? 금융 투자업계 긴급 대책 논의 [지금이뉴스] / YTN, YTN,UChlgI3UHCOnwUGzWzbJ3H5w,2026-07-31 10:53:29,long,132.0,37548,191.0,245.0,5410000,100만+,70.40983750850694,533.2777539141947,0.006940480591497228,,,insufficient,False,False,True,True,0.005086822200916161,0.0065249813571961225,금,10,53,50.0,"source:영상, type:방송, genre:기타, format:기타",https://www.youtube.com/watch?v=_7JXdGr6pmE
_DC9aQr9ZgE,남편 몰래 코인한 유부녀 ㄷㄷ,김준표,UC_EngQdug6VcxZ3xcqgnWug,2025-07-09 22:01:18,shorts,59.0,4228162,20634.0,1941.0,1500000,100만+,456.9460759344329,9253.087448783997,2.8187746666666667,,,insufficient,False,False,True,False,0.004880134677904962,0.00045906471890149906,수,22,16,43.18951111872831,"김준표, 마술, 흑마술사, 이야기, 모음, 웃짤, 썰모음집, 김준표 마술, 김준표 썰, 길거리 마술, 미주갤, 미주갤 레전드, 미국주식갤러리, 미국주식갤러리 레전드, 미주갤 김준표, 주식 레전드, 주식 갤러리, 미국 주식 갤러리, 미국 주식 갤러리 근황, 미국 주식 갤러리 레전드, 미국주식갤러리 김준표",https://www.youtube.com/watch?v=_DC9aQr9ZgE
_FhfEfJAieI,"정다은, 주식 투자 올인했는데 말아먹고 빚까지 진 남편 조우종? MBN 240928 방송",MBN Entertainment,UCYyLIlOJyqkAFKlVjzX5img,2024-09-29 00:42:51,long,469.0,504312,2125.0,410.0,2970000,100만+,740.8338884344329,680.7355979162039,0.1698020202020202,,,insufficient,False,False,True,False,0.004213661384222465,0.0008129887847205698,일,0,49,50.0,"정다은, 미자, 김태현, 가계부, 주식, 규모, 돈, 빚, 투자, 실패, 상황, 마음",https://www.youtube.com/watch?v=_FhfEfJAieI
_ME9rX3N8wc,‘트럼프 제동’ 판결 후폭풍… “연방대법원 결정 예단 못해” f. 김프로 [미스터마켓],삼프로TV 3PROTV,UChlv4GSd7OQl3js-jkLOnFA,2023-12-22 08:30:15,long,579.0,8691,266.0,10.0,3040000,100만+,1022.5093051010996,8.499678151232752,0.0028588815789473685,,,insufficient,False,False,True,False,0.030606374410309514,0.0011506155793349442,금,8,48,50.0,"삼프로TV, 경제의신, 신과함께, 삼프로, 주식, 투자, 금융",https://www.youtube.com/watch?v=_ME9rX3N8wc
_b_g-SSluDE,"[단독] ""오스템임플란트 직원 1조2천 억 주식 거래...NC소프트만 500억 손실"" / YTN", YTN,UChlgI3UHCOnwUGzWzbJ3H5w,2022-01-13 17:56:30,long,144.0,6810,56.0,38.0,5410000,100만+,1730.1160759344327,3.9361520852419862,0.0012587800369685768,,,insufficient,False,False,True,False,0.008223201174743025,0.005580029368575624,목,17,53,50.0,"source:영상, type:방송, genre:사회, format:심층취재, person:박기완",https://www.youtube.com/watch?v=_b_g-SSluDE
_lFS2ocQpew,"방송통신심의위, 유명인 사칭 '주식 리딩방' 시정 요구·수사 의뢰 (2023.10.25/5MBC뉴스)",MBCNEWS,UCF4Wxdo3inmxP-Y59wXDsFw,2023-10-25 17:17:08,shorts,38.0,1692,17.0,4.0,6200000,100만+,1080.143413897396,1.566458655610268,0.0002729032258064516,,,insufficient,False,False,True,False,0.01004728132387707,0.002364066193853428,수,17,56,50.0,"MBC, MBC뉴스, 뉴스데스크, newsdesk, 뉴스투데이, newstoday, 8시뉴스, 아침뉴스, 뉴스, 정오뉴스, news, 방송통신심의위원회, 주식 리딩방, 주식",https://www.youtube.com/watch?v=_lFS2ocQpew
_lQkmZA2_5I,"진짜 부자는 보험 가입 안 합니다 ""당장 이것 준비하세요"" #이영주 #보험",부티플 - 부의 배수를 높여라,UCriq8I8GEESkQq0svX19oCw,2023-08-19 19:00:35,shorts,54.0,2019801,21185.0,916.0,1210000,100만+,1147.0715736196182,1760.832581376294,1.6692570247933884,,,insufficient,False,False,True,False,0.010488657050867883,0.00045351002400731557,토,19,41,44.80013274113405,"이영주, 의료보험, 실손보험, 의료비통장",https://www.youtube.com/watch?v=_lQkmZA2_5I
a87VkY00BzU,"[자막뉴스] 코스피 20% 폭락…SK하이닉스 물탄 개미들 ""올해 번 돈 한 달 만에 다 날렸다"" / 사건텔러",뉴스TVCHOSUN,UCWlV3Lz_55UaX4JsMj-z__Q,2026-07-13 16:43:00,long,97.0,52001,351.0,293.0,3140000,100만+,88.16711760109953,589.8003860721823,0.016560828025477706,,,insufficient,False,False,True,True,0.006749870194803946,0.005634507028710986,월,16,60,50.0,"TV조선, 티비조선, 조선일보, 종편, 종합편성, TV조선뉴스, 뉴스, 뉴스프로그램, NEWS, 채널19, CH19, 뉴스9, 뉴스7, 윤정호, 포커스, 강펀치, TVCHOSUN, LIVE, 티비조선라이브, TV조선라이브, 최원희",https://www.youtube.com/watch?v=a87VkY00BzU
aVbmBSfTK-c,레버리지 ETF 왜 빠지는지 아세요? 📉 청소·배달로 모은 돈 날린 사람들 실제 사연,1분썰배달,UC4i1O9S9_RVztD333qiCp5Q,2026-07-18 17:30:13,shorts,29.0,381549,4430.0,535.0,23600,1만~10만,83.13432824924769,4589.548120916617,16.167330508474578,,,insufficient,False,False,True,True,0.011610566401694146,0.001402179012394214,토,17,47,33.80357262626037,,https://www.youtube.com/watch?v=aVbmBSfTK-c
aXHfzkSgzR0,"[자막뉴스] ""안 속았다고 좋아했더니.."" 피싱범의 무시무시한 '복수' (MBC뉴스)",MBCNEWS,UCF4Wxdo3inmxP-Y59wXDsFw,2025-04-27 16:00:01,long,159.0,1760734,14599.0,3563.0,6200000,100만+,530.1969671381365,3320.9054542578356,0.2839893548387097,,,insufficient,False,False,True,False,0.00829142846108498,0.0020235878900503996,일,16,47,50.0,"MBC, MBC뉴스, 뉴스데스크, newsdesk, 뉴스투데이, newstoday, 8시뉴스, 아침뉴스, 뉴스, 정오뉴스, news, 실시간, 실시간 뉴스, 엠비씨 뉴스, 엠비씨, 뉴스 실시간, 뉴스속보, genre:사회, format:리포트, type:디지털, source:영상, series:자막뉴스, topic:은행 사기 모르는 돈, location:서울mbc, language:한국어, custom:2차가공, custom:일반",https://www.youtube.com/watch?v=aXHfzkSgzR0
aeUYCgjpkac,주식투자를 잘못하는 사람들이 착각하는 1가지 (박세익 전무),웅달 책방,UCbOIEn95Rvnk97KRtSFqvbQ,2023-02-04 17:40:01,shorts,48.0,50505,846.0,10.0,1020000,100만+,1343.1275226936923,37.60253523709375,0.04951470588235294,,,insufficient,False,False,True,False,0.01675081675081675,0.000198000198000198,토,17,33,50.0,"웅달, 부자, 재테크, 돈공부, 경제공부, 경제, 종잣돈, 주식투자, 투자, 삼성전자, 카카오, 네이버, 주식부자, 미국주식, 애플, S&P500, 나스닥100, 슈퍼개미, 웅달책방, 부동산, 메타버스, 돈버는법, 암호화폐, 암호자산, 비트코인, 이더리움, 알트코인, 블록체인, NFT, 테슬라, 웅달리뷰, 마이크로소프트, 2차전지, 전기차, 배터리, lg엔솔, 아마존, 넷플릭스, 메타, 이차전지, 이현철소장, 아파트사이클, 부동산전망, 아파트시세, 아파트폭락, 아파트하락, 부동산대폭락, 강남미분양, 미분양, 금리인상, 기준금리, 경제불황, 할인분양, 인플레이션, 스태그플레이션, 디플레이션, 자산버블, 거품붕괴, 부동산pf, 자산붕괴, 금융위기, 경제위기, imf, 코스피, 부동산패닉, 부동산발위기, 깡통전세, 영끌, 영끌파산, gtx, 집값하락, 양도세, 종부세, 취득세, 부동산양극화, 하우스푸어, 거래절벽, 거래빙하기, 대폭락, 스테이블코인, cbdc, CBDC, 스테이블, 가상자산, 가상화폐, SCHD, 배당성장, 친환경, 신재생에너지, 태양열, 풍력, 주식, 박세익전무, 박세익대표, 박세익체슬리투자자문",https://www.youtube.com/watch?v=aeUYCgjpkac
bAw84Re8XgI,주식 실패로 60대 퇴직자 5억 손실 난 사연 #주식실패사연 #무서운이야기,각오,UChgj3VLiqHVGfy3k_8s5WKA,2025-08-01 20:19:28,long,756.0,2299,34.0,0.0,6,1천 미만,434.01679352702547,5.2970300557202865,383.1666666666667,,,insufficient,False,True,True,False,0.01478903871248369,0.0,금,20,41,1.0,,https://www.youtube.com/watch?v=bAw84Re8XgI
bNy5MzyuX84,QQQ vs QLD vs TQQQ 매일 1만원씩 10년 투자 비교 10월 18일 #Shorts,차곡차곡 투자 연구소,UCVSPd7IQFsRmxG7jPWigP5Q,2025-10-19 02:17:18,shorts,26.0,442075,1170.0,160.0,16600,1만~10만,355.7682981566551,1242.5924465179346,26.63102409638554,,,insufficient,False,False,True,True,0.0026466097381666006,0.0003619295368432958,일,2,52,23.335115876907267,,https://www.youtube.com/watch?v=bNy5MzyuX84
bltEtuqiYOg,주식 수익 다 뱉어내고 뼈저리게 후회한 6가지 #주식 #주식투자,1분지혜,UCteP-Wh0p64rUWrjOWspARg,2026-08-05 00:00:05,shorts,6.0,279850,195.0,0.0,15100,1만~10만,65.86358750850694,4248.933448452904,18.533112582781456,,,insufficient,False,False,True,True,0.0006968018581382883,0.0,수,0,35,43.07772081249367,,https://www.youtube.com/watch?v=bltEtuqiYOg
c1jMSCVGqEs,💸 2억 벌고 3억 날린 시청자의 충격 사연,주식단테_20년차트고수,UC6ij59Gy_HnqO4pFu9A_zgQ,2025-09-04 15:00:29,shorts,99.0,31802,365.0,31.0,605000,10만~100만,400.23830973072916,79.45766116540825,0.05256528925619835,,,insufficient,False,False,True,False,0.011477265580781083,0.0009747814602855166,목,15,24,37.179794552127326,"주식, 증권, 주식단테, 해외선물, 비트코인, 우량주, 주식초보, 주식왕초보, 주식강의, 주식하는법, 주식처음시작, 주식투자, 주식부자되는법, 주식부자, 돈버는법, 부자되는법, 주식입문, 재테크, 차트, 주단태, 주단테, 김단테",https://www.youtube.com/watch?v=c1jMSCVGqEs
cF0woaeTRfY,"[이슈] ""딱 한 번만…"" 했다 '2배 손실' 충격/코스피 하락 '풀악셀' 개미들 다 녹았다/2026년 7월 18일(토)/KBS",KBS News,UCcQTRi69dsVYHN3exePtZ1A,2026-07-19 12:24:06,live,713.0,79070,485.0,240.0,3720000,100만+,82.34690926776621,960.2060441988086,0.021255376344086023,,,insufficient,False,False,True,True,0.006133805488807386,0.0030352851903376753,일,12,71,50.0,"KBS, KBS NEWS, KBS뉴스, NEWS, kbs뉴스, kbs 뉴스, kbs news, kbs, 뉴스, KBS실시간, KBSLIVE, KBS LIVE, LIVE, 실시간, 실시간뉴스, 라이브, 라이브뉴스, 이슈, KBS 뉴스, news, @newskbs, 코스피, 등락, 레버리지, 일일등락률, 2배충격, 금융위, 이억원, 금감원장, 금융상품, 단일종목추종, 삼성전자, 하이닉스, 반도체, 업황, 메모리칩, 메모리수요, 반도체사이클, 하닉ADR, 나스닥상장, 조정장, 썸머랠리, 트럼프, 중동전, 이란, 유가, 호르무즈",https://www.youtube.com/watch?v=cF0woaeTRfY
cFLJKA1lleo,박곰희가 알려주는 노후준비 모범답안은?,이데일리TV,UC8Sv6O3Ux8ePVqorx8aOBMg,2025-09-01 16:22:51,shorts,51.0,238524,1946.0,18.0,403000,10만~100만,403.1811106566551,591.6050968050549,0.5918709677419355,,,insufficient,False,False,True,False,0.008158508158508158,7.546410424108265e-05,월,16,21,50.0,"주식, 증권, 증시, 투자, 경제, 재테크, 금융, 이데일리, 이데일리TV, 이데일리씨앤비, 이데일리ON, 이데일리온, 수익, dlepdlffl, 쥬식, 쥬식강의, wntlr, 종목, 종목추천, 추천주, 공략주, 매직차트, 공모주, 종목분석, 주식분석, 차트분석, 종목상담, 주식상담, 수익률, 특징주, 선물, 옵션, 주식추천, 개미, 투자수익, 이데일리티비, 종목공략, 주식공략, 기법강의, 투자기법, 매매기법, 매수기법, 매도시기, 주식차트, 증권시장, stock, 시총, 시총상위, 테마주, 정치테마주, 환율, 금리, 유가, 금값, 원자재가격, 관련주, 2차전지주, 전선주, 은행주, 제약주, 바이오주, 제약바이오주, 엔터주, 건설주, 방산주, 미용기기주, 수혜주, 반도체관련주, 장외거래, 시간외거래, 공매도, 온디바이스AI, 거래량, IPO, 매매동향, 신규상장, 거래체결가, 예상체결가, 주가전망, mtn, 한국경제, 한경와우, 한경, 뉴스, 신문, 단타, 스윙, 상한가, 저점매수, 조선주, 반도체, 삼성전자, SK하이닉스, 엔비디아, 애플, M7, 증권방송, 내종목, 투자전략, 주식전략, 주식투자",https://www.youtube.com/watch?v=cFLJKA1lleo
cUxEI7DxBlQ,수익률이 적어도 이미 오른 곳이 좋은 이유 [망고쌤],부읽남TV_내집마련부터건물주까지,UC2QeHNJFfuQWB4cy3M-745g,2026-10-02 14:30:13,shorts,48.0,13094,75.0,3.0,1840000,100만+,7.259328249247685,1803.7481637997273,0.007116304347826087,,,insufficient,False,False,False,True,0.005727814266076065,0.00022911257064304262,금,14,29,50.0,"부동산읽어주는남자, 부읽남, 재테크, 부읽남TV, 부자, 부동산, 주식, 비트코인, 투자마인드, 집값, 내집마련, 서울, 수도권, 아파트, 빌라, 오피스텔, 전세, 월세, 강남, 하락장",https://www.youtube.com/watch?v=cUxEI7DxBlQ
cZNuxTCwQTU,"'구독자 10만' 주식 유튜브, 누구도 몰랐던 충격 진실 / KBS  2023.05.03.",KBS News,UCcQTRi69dsVYHN3exePtZ1A,2023-05-03 19:18:14,long,134.0,936419,4826.0,1838.0,3720000,100만+,1255.0593166751737,746.1153330033069,0.2517255376344086,,,insufficient,False,False,True,False,0.005153675865184282,0.0019627965686300685,수,19,50,50.0,"KBS, KBS NEWS, KBS 뉴스7, KBS뉴스, NEWS, format:리포트, genre:사회, location:사회부, person:최인영, series:뉴스 7, source:영상, type:방송, 뉴스, 뉴스7, 유튜브, 주식, 투자자, 선물거래, 투자, HTS, 증권계좌",https://www.youtube.com/watch?v=cZNuxTCwQTU
crHdBsaydU4,사기인 줄 알면서 했다가 전 재산 잃는 주식 리딩방의 실체 (유광훈 변호사) / 사건텔러,뉴스TVCHOSUN,UCWlV3Lz_55UaX4JsMj-z__Q,2025-12-20 10:00:58,long,522.0,12165,84.0,11.0,3140000,100만+,293.44630741591436,41.45562473464016,0.003874203821656051,,,insufficient,False,False,True,True,0.0069050554870530205,0.0009042334566378956,토,10,49,50.0,"TV조선, 티비조선, 조선일보, 종편, 종합편성, TV조선뉴스, 뉴스, 뉴스프로그램, NEWS, 채널19, CH19, 뉴스9, 뉴스7, 윤정호, 포커스, 윤우리, 강펀치, TVCHOSUN, LIVE, 티비조선라이브, TV조선라이브, 주식, 주식 전망, 코스피, 코스피 전망, 코스닥, 코스닥 전망, 주식 뉴스, 미국 주식, 주식 리딩, 주식 리딩방, 코인 리딩.코인 리딩방, 리딩방, 유광훈, 유광훈 변호사, 사건텔러",https://www.youtube.com/watch?v=crHdBsaydU4
cs2m4cFsyLk,"""주식으로 전재산 반토막?"" 결혼 앞두고 남친과 이별 고민한 30대 / KNN",KNN NEWS,UC1ifSsWUG241rRfK0ezYCgA,2026-07-28 20:15:31,long,104.0,83229,464.0,757.0,1380000,100만+,73.01953658258101,1139.818244475883,0.06031086956521739,,,insufficient,False,False,True,True,0.005574979874803254,0.00909538742505617,화,20,43,50.0,"knn뉴스, e뉴스, 주식, 결혼, 남자친구, 투자, 손실, 자산, 역전, 연봉, 파혼",https://www.youtube.com/watch?v=cs2m4cFsyLk
d7A7uMtG_Gc,개인투자자가 주식투자로 돈 잃는 이유 (전업투자자 돈깡),김작가 TV,UCvil4OAt-zShzkKHsg9EQAw,2021-08-31 21:21:44,long,1019.0,77068,2104.0,103.0,2730000,100만+,1864.9735527862847,41.32391040337265,0.02823003663003663,,,insufficient,False,False,True,False,0.02730056573415685,0.0013364820677842944,화,21,31,25.089231044936607,,https://www.youtube.com/watch?v=d7A7uMtG_Gc
dGPI56e3uSA,평생 주식 차트 공부해도 손실 나는 이유 #shorts,SBS Biz 증권,UCArMoa6lEdcDIsT7srY8YsA,2023-10-31 11:00:42,shorts,60.0,99703,1233.0,50.0,152000,10만~100만,1074.404825934433,92.79835458044055,0.6559407894736842,,,insufficient,False,False,True,False,0.012366729185681474,0.0005014894235880565,화,11,30,50.0,"주식, 주식초보, SBSBiz, 돈많이버는법, 투자, 종목, 증시, 증권, 매매, 경제, 외국인, 필살기, 내가팔면오르는이유, 고수외전, 만랩박주식, 투자불변의법칙필살기",https://www.youtube.com/watch?v=dGPI56e3uSA
dpq9IdJYegA,"삼성전자, 하이닉스 2배 더 간다? ""정말 솔직히 말씀드릴게요"" [이정윤 세무사]",부읽남TV_내집마련부터건물주까지,UC2QeHNJFfuQWB4cy3M-745g,2026-10-03 16:30:28,shorts,54.0,76617,421.0,13.0,1840000,100만+,6.17582130480324,12405.961283305134,0.041639673913043476,,,insufficient,False,False,False,True,0.005494864064111098,0.0001696751373716016,토,16,45,50.0,"부동산읽어주는남자, 부읽남, 재테크, 부읽남TV, 부자, 부동산, 주식, 비트코인, 투자마인드, 삼전닉스, 반도체, AI, 삼성전자, 하이닉스, 코스피, 한국증시, 미국증시, 국장, 미장",https://www.youtube.com/watch?v=dpq9IdJYegA
eF2xxYmw33Y,주식에 빠진 '중독 전문의'..3억 날린 뒤에야 '현타' [뉴스.zip/MBC뉴스],MBCNEWS,UCF4Wxdo3inmxP-Y59wXDsFw,2026-08-08 14:00:15,long,293.0,136269,1192.0,527.0,6200000,100만+,62.280138434432864,2188.0009169128766,0.021978870967741936,,,insufficient,False,False,True,True,0.008747404031731356,0.0038673506079886107,토,14,46,50.0,"MBC, MBC뉴스, 뉴스데스크, newsdesk, 뉴스투데이, newstoday, 8시뉴스, 아침뉴스, 뉴스, 정오뉴스, news, 실시간, 실시간 뉴스, 엠비씨 뉴스, 엠비씨, 뉴스 실시간, 뉴스속보, genre:사회, format:리포트, type:디지털, source:영상, series:뉴스.zip, topic:PD수첩 공황 우울 강박 정신과 의사, location:서울mbc, language:한국어, custom:2차가공, custom:일반",https://www.youtube.com/watch?v=eF2xxYmw33Y
eOPDyOW5ncs,"♥구독자 댓글 사연♥ 배당주 없으면 노후가 불안할까? 생활비 때문에 배당주로 갈아타야 할까? 은퇴 후 노후 생활비 주식 운용법, 4 종목으로 이렇게 관리하세요!",힐링여행자 ,UCHpGooMnVgnILywqrpqvZcQ,2026-05-11 16:00:37,long,944.0,34099,2938.0,224.0,455000,10만~100만,151.19655047146992,225.52763203704387,0.07494285714285714,,,insufficient,False,False,True,True,0.08616088448341594,0.006569107598463298,월,16,89,26.332082036974633,"전원생활, 전원주택, 귀농, 귀촌, 시골, 산골, 은퇴, 퇴직, 중년, 노후, 재테크, 자기계발, 동기부여, 삼성전자, 부동산투자, 주식투자, 주식상황, 내집마련, 아파트, 집값, 텃밭농사, 정원관리, 블루베리, 영국장미, 야생화, 부부여행, 힐링, 부자, 재개발, 재건축, 주식공부, 60대유튜버, 50대, 60대, 국내여행, 노년, 중장년, 돈관리, 인간관계, 50대유튜버, 5060, 연금, 양귀비, 패랭이, 힐링여행, 정원가꾸기, 정원꾸미기, 독일장미, 텃밭관리, 나무, 아파트가격, 빌라가격, 강북아파트가격, 아파트전세가격, 단독주택, 시골집, 노년생활, 노후생활, 은퇴생활, 돈모으기, 절약, 저축, 조경, 여행, 인생, 좋은생각, 부동산담보대출, 아파트담보대출, 반도체, sk하이닉스, 카카오, 직장인, 강남아파트, 서울아파트가격, 경제, 금융, 현금, 전원주택매물, 전원주택매매, 전원주택전세, 주식시세, 주가, 증권, 단타, 자본소득, 근로소득, 성공, 주식양도세, 해외주식, 미국주식, 미국ETF, 미국QQQ, 동학개미, 주식초보, 주린이, 주식시장, 코스피, 코스닥, 펀드, ETF, 나스닥, 노후대책, 노후생활비, 노후준비, 미국증시, 빅테크",https://www.youtube.com/watch?v=eOPDyOW5ncs
eOxQnMQV08o,다시 확산된 감사의견 거절 공포…투자주의보  / 머니투데이방송 (뉴스),MTN 머니투데이방송,UClErHbdZKUnD1NyIUeQWvuQ,2019-03-18 17:42:52,long,155.0,173,0.0,0.0,1190000,100만+,2762.1255435270255,0.06263292427291052,0.0001453781512605042,,,insufficient,False,False,True,False,0.0,0.0,월,17,39,50.0,"머니투데이방송, MTN, 머니투데이, 경제방송, 뉴스, 감사의견",https://www.youtube.com/watch?v=eOxQnMQV08o
eP3Fr3GvuIk,2억원 대 주식 투자 사기 현금 수거책 검거 #shorts,목포MBC뉴스,UC2fNt6XqBzBhvty-vmITXXA,2026-06-07 11:00:01,shorts,32.0,11522,158.0,0.0,163000,10만~100만,124.40530047146991,92.61663254165252,0.07068711656441717,,,insufficient,False,False,True,True,0.013712897066481513,0.0,일,11,32,50.0,,https://www.youtube.com/watch?v=eP3Fr3GvuIk
eejY9BMd6mw,"""비트코인도 범죄수익이면 몰수"" 대법원 첫 판결 / YTN", YTN,UChlgI3UHCOnwUGzWzbJ3H5w,2018-05-30 22:38:35,long,91.0,658,3.0,3.0,5410000,100만+,3053.920184730729,0.21546077179421025,0.00012162661737523105,,,insufficient,False,False,True,False,0.004559270516717325,0.004559270516717325,수,22,32,50.0,"YTN, 뉴스, 사회",https://www.youtube.com/watch?v=eejY9BMd6mw
eu2-tzB_kUw,“인생 망한 것 같습니다”…큰 돈 잃은 개미 투자자들의 실제 이야기  / 연합뉴스 (Yonhapnews),연합뉴스 Yonhapnews,UCj3_t5p4L4aFsvdW3uHjnnw,2026-07-31 18:22:53,long,451.0,66389,640.0,381.0,1130000,100만+,70.0977541751736,947.0916833383069,0.05875132743362832,,,insufficient,False,False,True,True,0.00964015122987242,0.005738902529033424,금,18,58,50.0,"연합뉴스, yonhapnews, 뉴스, 영상, 이슈, 디지털, news, 화제, 코스피, 급등장, 폭락장, 롤러코스터, 롤러코스터 증시, 하이닉스, 삼성전자, 폭풍매수, 개미투자자, 개미, 불기둥, 사상최대상승, 세브란스병원, 정신건강의학과, 아수라장, 미친장, 주린이, 주식 포모, 포모, 주식투자, 주식 중독, 정신과, 박천일 교수, 개미 투자자, 주식 폭락, 증시폭락, 개인투자자, 주식손실, 반토막계좌, 투자 실패, 빚투, 영끌투자, 레버리지투자, 주식중독, 주식우울증, 투자스트레스, 불안장애, 우울증, 불면증, 롤러코스터장세, 코스닥, 증시급락, 투자자 인터뷰, 개미들의 절규, 주식시장",https://www.youtube.com/watch?v=eu2-tzB_kUw
ewFtu9NIlLs,"""오스템임플란트 횡령 직원, 잔액증명서 위조법 직접 알려줘""...경찰 공범 여부 초점 / YTN", YTN,UChlgI3UHCOnwUGzWzbJ3H5w,2022-01-13 09:33:30,long,178.0,3342,30.0,6.0,5410000,100만+,1730.4653814899884,1.9312723824168192,0.0006177449168207024,,,insufficient,False,False,True,False,0.008976660682226212,0.0017953321364452424,목,9,53,50.0,"source:영상, type:방송, genre:사회, format:중계, person:윤해리",https://www.youtube.com/watch?v=ewFtu9NIlLs
f7ZWHaiO-AE,다 울었으면 이제 복구할 때. 개미 투자자 90%는 생각보다 잘 모르고 사고판다. EBS가 주식 초보들 모아두고 전무후무한 투자 실험했더니｜다큐프라임｜#골라듄다큐,EBSDocumentary (EBS 다큐),UCFCtZJTuJhE18k8IXwmXTYQ,2026-03-22 20:30:29,long,2385.0,279348,1700.0,,5460000,100만+,201.0091430640625,1389.7278290021393,0.05116263736263736,,,insufficient,False,False,True,True,0.006085599324140499,,일,20,90,50.0,"EBS, EBS documentary, EBS 다큐멘터리, 다큐, docu, 골라듄, 골라듄다큐, 골라둔다큐, 주식, 주식투자, etf, 개미, 미국주식, 한국주식, 매수, 매도, 짐로저스, 돈의얼굴, 다큐프라임, 투자심리, 하락장, 재테크, 손실회피, 멘탈관리, 경제공부",https://www.youtube.com/watch?v=f7ZWHaiO-AE
fmSs4P-AJ-s,"영끌, 빚투로 한탕주의 혹은 벼락 거지! 부동산, 주식, 코인으로 불어난 채무에 벼랑 끝으로 내몰리고 있다! | 2030 투자중독 실태보고 | KBS 20220902 방송",KBS 다큐,UC4LW3sOslC14Vn5bcoNUBkg,2024-03-06 20:00:11,live,2142.0,1195879,7237.0,2181.0,2810000,100만+,947.0301847307293,1262.767564626281,0.4255797153024911,,,insufficient,False,False,True,False,0.006051615589871551,0.0018237631064681294,수,20,95,49.0,"KBS, 다큐멘터리, docu, documentary, 다큐",https://www.youtube.com/watch?v=fmSs4P-AJ-s
fxeXCRzbeJ4,"""여태 한 번의 예외도 없었어요"" 내년 주식시장이 좋아지는 이유 [한정수 대표]",부읽남TV_내집마련부터건물주까지,UC2QeHNJFfuQWB4cy3M-745g,2026-08-30 12:00:18,shorts,22.0,233243,832.0,28.0,1840000,100만+,40.36343704554398,5778.57132772962,0.1267625,,,insufficient,False,False,True,True,0.003567095261165394,0.00012004647513537384,일,12,44,50.0,"부동산읽어주는남자, 부읽남, 재테크, 부읽남TV, 부자, 부동산, 주식, 비트코인, 투자마인드, 한정수, 대표, 미국, 중간선거, 트럼프, 미국 주식, 한국 주식, 국장, 미장, 반도체, 주가, AI",https://www.youtube.com/watch?v=fxeXCRzbeJ4
g3ojNnGgT10,‘고수익 종목’ 찍어준다더니…투자자문 피해 급증 / KBS 2021.02.20.,KBS News,UCcQTRi69dsVYHN3exePtZ1A,2021-02-20 07:55:42,long,115.0,1010,8.0,6.0,3720000,100만+,2057.533298156655,0.490879054499317,0.000271505376344086,,,insufficient,False,False,True,False,0.007920792079207921,0.005940594059405941,토,7,44,50.0,"피해, 고수, 종목, 투자자, 주식, 급증, 앵커, 투자, 인구, 나이, 리지, 호소, 얘기, 김진호, KBS, 뉴스, 뉴스광장, 뉴스광장2부",https://www.youtube.com/watch?v=g3ojNnGgT10
gF82qZvZQ3Q,"(힐링여행자 주식 이야기) 장기 투자자라면 꼭 보세요! 주식투자의 기본적인 방법, 모든 투자에 적용되는 이 방법은?",힐링여행자 ,UCHpGooMnVgnILywqrpqvZcQ,2023-08-22 07:00:18,long,564.0,60262,4071.0,173.0,455000,10만~100만,1144.5717703788773,52.6502588649832,0.13244395604395603,,,insufficient,False,False,True,False,0.06755500979058113,0.0028707975175068868,화,7,64,26.332082036974633,"전원생활, 전원주택, 귀농, 귀촌, 시골, 산골, 은퇴, 퇴직, 중년, 노후, 재테크, 자기계발, 동기부여, 삼성전자, 부동산투자, 주식투자, 주식상황, 내집마련, 아파트, 집값, 텃밭농사, 정원관리, 블루베리, 영국장미, 야생화, 부부여행, 힐링, 부자, 재개발, 재건축, 주식공부, 60대유튜버, 50대, 60대, 국내여행, 노년, 중장년, 돈관리, 인간관계, 50대유튜버, 5060, 연금, 양귀비, 패랭이, 힐링여행, 정원가꾸기, 정원꾸미기, 데이비드오스틴장미, 독일장미, 텃밭관리, 나무, 아파트가격, 빌라가격, 강북아파트가격, 아파트전세가격, 단독주택, 시골집, 노년생활, 노후생활, 은퇴생활, 돈모으기, 절약, 저축, 조경, 여행, 인생, 좋은생각, 부동산담보대출, 아파트담보대출, 반도체, sk하이닉스, 카카오, 직장인, 강남아파트, 서울아파트가격, 경제, 금융, 현금, 전원주택매물, 전원주택매매, 전원주택전세, 주식시세, 주가, 증권, 단타, 자본소득, 근로소득, 성공, 주식양도세, 해외주식, 미국주식, 미국ETF, 미국QQQ, 동학개미, 주식초보, 주린이, 주식시장, 코스피, 코스닥, 펀드, ETF, 나스닥, 노후대책, 노후생활비, 노후준비",https://www.youtube.com/watch?v=gF82qZvZQ3Q
gIk1lVl_8po,저 사람들은 어떻게 저렇게 돈을 많이 벌었지? 조금씩 절약해서 주식을 사 모으세요 #shorts,힐링여행자 ,UCHpGooMnVgnILywqrpqvZcQ,2023-01-02 22:16:47,shorts,46.0,58979,1892.0,30.0,455000,10만~100만,1375.9353236196182,42.86466012431914,0.12962417582417582,,,insufficient,False,False,True,False,0.0320792146357178,0.0005086556231879144,월,22,53,26.332082036974633,"전원생활, 전원주택, 귀농, 귀촌, 시골, 산골, 은퇴, 퇴직, 중년, 노후, 재테크, 자기계발, 동기부여, 삼성전자, 부동산투자, 주식투자, 주식상황, 내집마련, 아파트, 집값, 텃밭농사, 정원관리, 블루베리, 영국장미, 야생화, 부부여행, 힐링, 부자, 재개발, 재건축, 주식공부, 60대유튜버, 50대, 60대, 국내여행, 노년, 중장년, 돈관리, 인간관계, 50대유튜버, 5060, 연금, 양귀비, 패랭이, 힐링여행, 정원가꾸기, 정원꾸미기, 데이비드오스틴장미, 독일장미, 텃밭관리, 나무, 아파트가격, 빌라가격, 강북아파트가격, 아파트전세가격, 단독주택, 시골집, 노년생활, 노후생활, 은퇴생활, 돈모으기, 절약, 저축, 조경, 여행, 인생, 좋은생각, 부동산담보대출, 아파트담보대출, 반도체, sk하이닉스, 카카오, 직장인, 강남아파트, 서울아파트가격, 경제, 금융, 현금, 전원주택매물, 전원주택매매, 전원주택전세, 주식시세, 주가, 증권, 단타, 자본소득, 근로소득, 성공, 주식양도세, 해외주식, 미국주식, 미국ETF, 미국QQQ, 동학개미, 주식초보, 주린이, 주식시장, 코스피, 코스닥, 펀드, ETF, 나스닥, 노후대책, 노후생활비, 노후준비",https://www.youtube.com/watch?v=gIk1lVl_8po
gZVHIVzA3Jk,40대가 [가장 많이 후회하는 재테크] TOP10 #재테크#노후준비#연금#절세#자산관리#목돈만들기#주식투자#부동산#40대,부자와 당나귀,UCCNbQhzvJFmWs_kQYhERIow,2026-08-11 08:00:33,shorts,6.0,5527,14.0,4.0,2410,1천~1만,59.52993010109953,92.84405324537606,2.2933609958506223,,,insufficient,False,True,True,True,0.0025330197213678306,0.0007237199203908088,화,8,67,28.669240957196177,"#건강정보, #보험정보, #절세, #질병, #보험, #건강, #보험문의, #부자와당나귀, #암보험, #실손의료비, #보험금청구, #보험가입, #세금정보, #건강상식, #건강쇼츠, #건강채널, #비과세, #연금보험, #종신보험, #저축성보험, #변액보험, #건강관리",https://www.youtube.com/watch?v=gZVHIVzA3Jk
hUCljr2Pwhw,"개미들만 모르고 있어요, 삼성전자 하이닉스 이렇게 됩니다 [이정윤 세무사]",부읽남TV_내집마련부터건물주까지,UC2QeHNJFfuQWB4cy3M-745g,2026-10-06 17:30:17,shorts,55.0,47886,246.0,4.0,1840000,100만+,3.1342819529513886,15278.140486023687,0.026025,,,insufficient,False,False,False,True,0.005137200852023556,8.353172117111473e-05,화,17,41,50.0,"부동산읽어주는남자, 부읽남, 재테크, 부읽남TV, 부자, 부동산, 주식, 비트코인, 투자마인드, 삼전닉스, 반도체, AI, 삼성전자, 하이닉스, 코스피, 한국증시, 미국증시, 국장, 미장",https://www.youtube.com/watch?v=hUCljr2Pwhw
hYV3cgNEBqA,50대 이후 더 잘 풀리는 사람 공통점 4가지 #이호선,부티플 - 부의 배수를 높여라,UCriq8I8GEESkQq0svX19oCw,2024-11-28 18:15:03,shorts,59.0,3703922,50908.0,552.0,1210000,100만+,680.1031939899884,5446.117637339789,3.0610925619834712,,,insufficient,False,False,True,False,0.013744349908016422,0.00014903121610012306,목,18,30,44.80013274113405,"은퇴, 50대, 인생, 조언, 생애주기, 건강, 직장, 퇴직, 우울증, 노동, 삶",https://www.youtube.com/watch?v=hYV3cgNEBqA
hu-YrfQuzJE,"“추가매수” 안재모, 주식으로 7억 손해 본 썰 공개ㅣ동상이몽2 - 너는 내 운명(Dong Sang 2)ㅣSBS ENTER.",SBS Entertainment,UCmjNKt6kITwaZTqvWuaSPLg,2021-10-12 00:43:27,long,125.0,38578,167.0,48.0,7510000,100만+,1823.833471767766,21.152150455166254,0.005136884154460719,,,insufficient,False,False,True,False,0.0043288921146767585,0.0012442324640987092,화,0,69,50.0,"sbs, 20211011, 안재모, 안재모주식, 동상이몽다시보기, 동상이몽2다시보기, 동상이몽216회, 동상이몽216회다시보기, 동상이몽2하이라이트",https://www.youtube.com/watch?v=hu-YrfQuzJE
hwGEoSkYA2g,아내 몰래 주식 전업 투자에 뛰어든 남편! 투자? 투기? I 애로부부(Doomed Marriage) I EP43I 매주 월요일 밤 10시 30분,ENA 이엔에이,UCAP8OK0GHFbnL5OkY3j04Xw,2021-05-28 14:00:30,long,323.0,13557,45.0,1.0,916000,10만~100만,1960.2799648233217,6.915848880403101,0.014800218340611354,,,insufficient,False,False,True,False,0.0033193184332816995,7.376263185070444e-05,금,14,80,50.0,"skyTV, 스카이티비, 최화정, 홍진경, 안선영, 이용진, 양재진, 애로부부, 에로부부, 막장드라마, 드라마, 웹드라마, 부부, 상간녀, 상간남, 애로부부 재연배우, 불륜, 이혼, 애로부부 다시보기, 주식, 코인, 전업 주식, 주식 투자, 투자, 투기",https://www.youtube.com/watch?v=hwGEoSkYA2g
i1ixXS4vtkA,주가 폭락 전에 1등주가 먼저 무너진다 | #출발증시,한국경제TV,UCF8AeLlUbEpKju6v1H6p8Eg,2026-06-10 10:43:14,shorts,47.0,683707,3425.0,58.0,1400000,100만+,121.4169555640625,5631.066903495696,0.48836214285714286,,,insufficient,False,False,True,True,0.005009455804898882,8.483166034573289e-05,수,10,29,50.0,"반도체, AI반도체, 삼성전자, SK하이닉스, 미국증시, 나스닥, FOMC, 미국금리, 금리인하, PCE, 물가지수, 원달러환율, 환율, 외국인수급, 주도주, AI, 스페이스X, IPO, 삼성그룹주, 삼성물산, 삼성생명, 삼성SDS, 변동성장세, 박스권장세, 52주신고가, 유통주, 코스피, 코스닥, 한국경제TV, 와우넷, 주식창, 파트너, 경제, 증권, 와우, WOWTV",https://www.youtube.com/watch?v=i1ixXS4vtkA
i2dUqw-UZuk,신라젠 상장폐지에 분노하는 개인투자자들의 목소리,뉴스1TV,UCHBvfByzuzamrZiL398jopQ,2022-01-20 18:42:00,long,319.0,21077,506.0,245.0,944000,10만~100만,1723.0844787122105,12.2321338624978,0.022327330508474578,,,insufficient,False,False,True,False,0.02400721165251222,0.011624045167718366,목,18,26,50.0,"거래정지, 바이오제약, 바이오주, 상장폐지, 상폐, 신라젠, 신라젠상장폐지, 신라젠상폐, 제약주, 종목추천, 주식, 주식동향, 주식시장, 한국거래소",https://www.youtube.com/watch?v=i2dUqw-UZuk
iAL7hNQtDM4,30만 원으로 시작해 3억 날린 은퇴자.. 카지노보다 무서운 불법 금융투자 사기의 소름 돋는 악순환 | KBS 시사멘터리 추적 20220529 방송,KBS 다큐,UC4LW3sOslC14Vn5bcoNUBkg,2026-06-23 20:15:27,long,1378.0,324612,1800.0,390.0,2810000,100만+,108.01958287887732,3005.1217691146653,0.1155202846975089,,,insufficient,False,False,True,True,0.005545081512698237,0.0012014343277512846,화,20,82,49.0,"kbs, kbs다큐, kbs 다큐, 다큐, 다큐멘터리, 다큐 스페셜, 다큐멘터리 3일, 다큐 3일, 다큐인사이트, 다큐 인사이트, 세계는 지금, 뉴스, korea documentary, documentary, south korea, korea, documentary history, documentary film, documentales interesantes, korea now, korea news, tv documentary, tv 다큐, 교육 영상, 사회이슈 다큐, 교육 다큐, 가족 다큐, 인생 다큐, 사람 다큐, 직업 다큐, 역사 다큐, 경제 다큐, 정치 다큐, 사회 다큐, 여행 다큐, life in korea, kbs 다큐멘터리, kbs documentary, kbs 스페셜, korea history, south korea life, 특집 다큐, 감동 다큐, 동기부여 다큐, 실시간 방송",https://www.youtube.com/watch?v=iAL7hNQtDM4
iMCvxRzr92g,법원 판결도 짓밟은 트럼프! 이제는 미국 법 위에 서다! 관세의 大공포 시즌 2 시작?! 미국 증시! 엔비디아 혼자 살아남았다!,힐링여행자 ,UCHpGooMnVgnILywqrpqvZcQ,2025-05-30 07:50:39,long,493.0,4328,632.0,36.0,455000,10만~100만,497.53680510109956,8.698853945328828,0.009512087912087913,,,insufficient,False,False,True,False,0.14602587800369685,0.00831792975970425,금,7,71,26.332082036974633,"전원생활, 전원주택, 귀농, 귀촌, 시골, 산골, 은퇴, 퇴직, 중년, 노후, 재테크, 자기계발, 동기부여, 삼성전자, 부동산투자, 주식투자, 주식상황, 내집마련, 아파트, 집값, 텃밭농사, 정원관리, 블루베리, 영국장미, 야생화, 부부여행, 힐링, 부자, 재개발, 재건축, 주식공부, 60대유튜버, 50대, 60대, 국내여행, 노년, 중장년, 돈관리, 인간관계, 50대유튜버, 5060, 연금, 양귀비, 패랭이, 힐링여행, 정원가꾸기, 정원꾸미기, 데이비드오스틴장미, 독일장미, 텃밭관리, 나무, 아파트가격, 빌라가격, 강북아파트가격, 아파트전세가격, 단독주택, 시골집, 노년생활, 노후생활, 은퇴생활, 돈모으기, 절약, 저축, 조경, 여행, 인생, 좋은생각, 부동산담보대출, 아파트담보대출, 반도체, sk하이닉스, 카카오, 직장인, 강남아파트, 서울아파트가격, 경제, 금융, 현금, 전원주택매물, 전원주택매매, 전원주택전세, 주식시세, 주가, 증권, 단타, 자본소득, 근로소득, 성공, 주식양도세, 해외주식, 미국주식, 미국ETF, 미국QQQ, 동학개미, 주식초보, 주린이, 주식시장, 코스피, 코스닥, 펀드, ETF, 나스닥, 노후대책, 노후생활비, 노후준비",https://www.youtube.com/watch?v=iMCvxRzr92g
idmfQgL_UvM,“투자에서 가장 큰 리스크는 시장이 아닌 인간이다.” 경제학 및 심리학 전문가들이 이야기하는 초보 투자자들의 실패의 구조｜다큐프라임｜#골라듄다큐,EBSDocumentary (EBS 다큐),UCFCtZJTuJhE18k8IXwmXTYQ,2026-04-01 20:15:01,long,830.0,71453,988.0,154.0,5460000,100만+,191.01988380480324,374.0605353577505,0.013086630036630036,,,insufficient,False,False,True,True,0.013827271073292935,0.00215526290008817,수,20,80,50.0,"EBS, EBS documentary, EBS 다큐멘터리, 다큐, docu, 골라듄, 골라듄다큐, 골라둔다큐",https://www.youtube.com/watch?v=idmfQgL_UvM
ieG4pkEkWac,"[속보] 法""최태원, 노소영에 9천440억원 재산분할"" 비자금 제외..SK주식, 2024년 주가·상승분 비율 반영 - [MBC 뉴스속보] MBC뉴스 2026년 07월 24일",MBCNEWS,UCF4Wxdo3inmxP-Y59wXDsFw,2026-07-24 20:52:00,live,2288.0,31745,296.0,12.0,6200000,100만+,76.99420093443287,412.30377891750027,0.005120161290322581,,,insufficient,False,False,True,True,0.009324303039848795,0.0003780122853992755,금,20,96,50.0,"MBC, MBC뉴스, 뉴스데스크, newsdesk, 뉴스투데이, newstoday, 8시뉴스, 아침뉴스, 뉴스, 정오뉴스, news, 930뉴스, 12시뉴스, 930, 12시",https://www.youtube.com/watch?v=ieG4pkEkWac
iebsDGjEyPE,'20억 자가' 포기하고 주식 선택 미국 증시 '몰빵' 부부 사연 화제 / KNN,KNN NEWS,UC1ifSsWUG241rRfK0ezYCgA,2026-09-07 10:09:08,long,99.0,135567,242.0,372.0,1380000,100만+,32.440636119618055,4178.925453253292,0.09823695652173912,,,insufficient,False,False,True,True,0.0017850951927829044,0.002744030626922481,월,10,45,50.0,"knn뉴스, e뉴스, 미국, 주식, 증시, 투자, 집, 매도, 전세, 자산, ETF, 올인, 몰빵, 직장인, 연봉, 회사, 부부, 효율",https://www.youtube.com/watch?v=iebsDGjEyPE
inBPJcYzbQ4,60대 주식 시작 전 반드시 알아야 기본상식 3가지,58년 김천수,UCBpPlj3jjkByAOdcWYQOk0w,2026-03-09 12:40:50,shorts,100.0,1771,3.0,0.0,3300,1천~1만,214.33528889739583,8.262755093249218,0.5366666666666666,,,insufficient,False,True,True,True,0.0016939582156973462,0.0,월,12,28,50.0,,https://www.youtube.com/watch?v=inBPJcYzbQ4
irGYt5Ouhao,"S&P500 딱 이만큼만 사두세요 ""은퇴 후 평생 놀고먹을 수 있습니다"" #김경록 #sp500",부티플 - 부의 배수를 높여라,UCriq8I8GEESkQq0svX19oCw,2025-01-19 18:15:02,shorts,54.0,5720400,35083.0,982.0,1210000,100만+,628.1032055640625,9107.420483330992,4.727603305785124,,,insufficient,False,False,True,False,0.006132962729879029,0.00017166631704076637,일,18,52,44.80013274113405,,https://www.youtube.com/watch?v=irGYt5Ouhao
jKIaA23LVcA,"""10배 수익 내줄게""…주식투자 사기조직 덜미 / 연합뉴스TV (YonhapnewsTV)",연합뉴스TV,UCTHCOPwqNfZ0uiKOvFyhGwg,2021-05-31 21:37:35,long,117.0,6059,26.0,7.0,2300000,100만+,1956.9625458418402,3.0961246615956863,0.0026343478260869566,,,insufficient,False,False,True,False,0.004291137151345106,0.0011553061561313748,월,21,49,50.0,"Live, News, Yonhapnews TV, 뉴스, 생방송, 실시간",https://www.youtube.com/watch?v=jKIaA23LVcA
jm-fkWoZVro,어제는 -90% 오늘은 +115%...정리매매와 거래재개를 노리는 검은손 / 소리바다 상장폐지 [야식잡썰 EP.66],와이스트릿 - 지식과 자산의 복리효과,UCupslRq5jW95UGzPjOZz0FA,2022-08-30 21:29:21,long,1129.0,25507,751.0,31.0,1000000,100만+,1500.9682634344329,16.993697082999137,0.025507,,,insufficient,False,False,True,False,0.029442898027992315,0.0012153526482926256,화,21,65,33.6004853403438,"와이스트릿, 와이스트리트, 퀀트케이, 퀀트K, 리퍼블릭케이, 리퍼블릭K, 에프앤가이드, FN가이드, 이대호, 김정환, 슈퍼개미, 슈퍼케이, 슈퍼K, 개형, 개언니, 개자, 앵자, 이기자, 이대호기자, 기자, 언론, 미디어, 주식, 투자, 주식투자, 투자정보, 정보, 종목, 특징주, 관련주, 시황, 증시, 염블리, 염승환, 이베스트, 이베스트투자증권, 박세익, 박세익전무, 강방천, 에셋플러스, 김작가, 김작가TV, 슈카월드, 삼프로, 삼프로TV, 신사임당, 815머니톡, 이세무사, 이정윤, 레슨몬, 냉철, 박홍일, 냉철TV, 금수저, 유튜브, 주식유튜브, 주식유튜버, 재테크, 부동산, 채권, 원유, 원자재, 선물, 선물옵션, 파생, 가치주, 가치투자, 성장주, 슈퍼거미, 오건영, 테이퍼링, 연준, 파월, 의장, 재무부, 장관, 양적완화, 기준금리, 정책금리, 텐트럼, 발작, 금리, 금리발작, 국채, 미국, frb, fomc, fed, FED, FOMC, FRB, ktb투자증권, kb증권, 프라임클럽, 민재기, 와이리, 복길이, 지식, 자산, 복리효과, 지식과자산의복리효과, 가치구독, 멘톡, 멘토케이, 멘토K, 멘톡K",https://www.youtube.com/watch?v=jm-fkWoZVro
jrBd6KcITl4,주식 마이너스 났을 때 멘탈 변화 11단계 폭풍공감 #주식 #주린이,1분지혜,UCteP-Wh0p64rUWrjOWspARg,2026-08-18 19:55:23,shorts,6.0,317242,187.0,0.0,15100,1만~10만,52.0335180640625,6096.877778077946,21.009403973509933,,,insufficient,False,False,True,True,0.0005894553684568878,0.0,화,19,37,43.07772081249367,,https://www.youtube.com/watch?v=jrBd6KcITl4
jvPZnkjqGd0,"""주식 3억 벌고도 부부 싸움해"" 수익 두고 갈등 최고조인 부부? / KNN",KNN NEWS,UC1ifSsWUG241rRfK0ezYCgA,2026-07-29 15:15:10,long,113.0,4790,20.0,19.0,1380000,100만+,72.2281129714699,66.31766777420933,0.003471014492753623,,,insufficient,False,False,True,True,0.0041753653444676405,0.003966597077244259,수,15,42,50.0,"knn뉴스, e뉴스, 주식, 투자, 수익, 부부, 부동산, 집",https://www.youtube.com/watch?v=jvPZnkjqGd0
jzMlcvKHrzc,"지금 주식에 몰빵하지 마세요, 현금 쥐고 '이것을' 기다리세요 [이정윤 세무사]",부읽남TV_내집마련부터건물주까지,UC2QeHNJFfuQWB4cy3M-745g,2026-10-06 11:30:19,shorts,46.0,7256,29.0,2.0,1840000,100만+,3.3842588048032405,2144.044063563236,0.003943478260869565,,,insufficient,False,False,False,True,0.0039966923925027565,0.0002756339581036384,화,11,44,50.0,"부동산읽어주는남자, 부읽남, 재테크, 부읽남TV, 부자, 부동산, 주식, 비트코인, 투자마인드, 삼전닉스, 반도체, AI, 삼성전자, 하이닉스, 코스피, 한국증시, 미국증시, 국장, 미장",https://www.youtube.com/watch?v=jzMlcvKHrzc
k-2R-g59gOQ,"대놓고 ""같이 작전합시다""…매수 몰리자 투자금 '먹튀' / SBS",SBS 뉴스,UCkinYTS9IHqOEwR1Sze2JTw,2021-11-19 07:54:20,long,123.0,5653,25.0,29.0,5290000,100만+,1785.534247230729,3.165999200949245,0.0010686200378071833,,,insufficient,False,False,True,False,0.004422430567840085,0.005130019458694499,금,7,36,50.0,"KOREA NEWS, Korean News, News Network, SBS, SBS NEWS, SBS 뉴스, SEOUL BROADCASTING SYSTEM, 가상화폐, 경찰, 대한민국 뉴스, 리딩방, 서울 방송, 신종 사기, 에스비에스, 에스비에스 뉴스, 운영진, 유도",https://www.youtube.com/watch?v=k-2R-g59gOQ
kB9OE5JvnHc,자식 때문에 이혼 못하겠어요 / 하버드청담심리센터 최명기 #shorts,의학채널 비온뒤,UCF9vbHlZpz7FbOAky3fnYxw,2023-05-03 09:59:59,shorts,51.0,78347,911.0,64.0,2050000,100만+,1255.4469902862847,62.40566157407746,0.038218048780487804,,,insufficient,False,False,True,False,0.01162775856127229,0.0008168787573231904,수,9,39,50.0,"심리, 결혼, 이혼, 하버드청담심리센터, 최명기, 부부, 자녀",https://www.youtube.com/watch?v=kB9OE5JvnHc
knTEfrqD40o,"주식 리딩방, 이런 문구가 있다면 사기입니다.🙅‍♂️ㅣ변호사 양나래ㅣ박세미의 수다가 체질",SBS Radio 에라오,UCAmff0euQRf6RwVlbB8PLMw,2024-11-11 15:50:01,shorts,57.0,155331,,110.0,1710000,100만+,697.203911582581,222.79134901497417,0.09083684210526316,,,insufficient,False,False,True,False,,0.0007081651441116068,월,15,49,50.0,"sbs라디오, 에라오, 라디오, 보는라디오",https://www.youtube.com/watch?v=knTEfrqD40o
kqzVhmucSQY,50대 주식투자를 실패했다면 99%는 3가지 이유 때문입니다 ｜ 개미투자자가 상승장에도 돈을 잃는 소름 돋는 이유,돈의 심리학,UC3NpI1AnOx30g0M6TJb9Iag,2026-09-10 16:12:28,long,1657.0,275,9.0,1.0,583,1천 미만,29.188321304803242,9.421576428746038,0.4716981132075472,,,insufficient,False,True,True,True,0.03272727272727273,0.0036363636363636364,목,16,63,50.0,"#돈의심리학, #경제, #경제심리학, #행동경제학, #돈공부, #경제공부, #재테크, #부자, #부의흐름, #돈의흐름, #투자심리, #투자, #주식, #부동산, #금융, #경제뉴스, #소비심리, #인간심리, #자산관리, #경제상식",https://www.youtube.com/watch?v=kqzVhmucSQY
m1_6HJ9y_ZM,긴급 60대에 빚더미? 투자 실패 후 깨달은 노후의 비밀,행복한 은퇴생활,UCOSZxHgJJCf8JXf-LzzNr8A,2025-08-17 20:01:14,long,723.0,402,6.0,0.0,26700,1만~10만,418.0294555640625,0.9616547222911999,0.0150561797752809,,,insufficient,False,False,True,False,0.014925373134328358,0.0,일,20,58,50.0,,https://www.youtube.com/watch?v=m1_6HJ9y_ZM
m9o-1O4DxMQ,"""고수익 보장""…주식 투자금 챙긴 사기단 덜미 [MBN 종합뉴스]",MBN News,UCG9aFJTZ-lMCHAiO1KJsirg,2021-01-05 20:55:29,long,94.0,822,12.0,3.0,2590000,100만+,2102.9917819529514,0.390871712887364,0.0003173745173745174,,,insufficient,False,False,True,False,0.014598540145985401,0.0036496350364963502,화,20,36,49.0,"MBN, 주식투자사기단적발, 레버리지10배미끼, 726억챙겨, 경남경찰청, 고수익 보장, 주식 투자금, 사기단, 권유 전화, 사기 가능성, 주의, 유령 주식투자업체",https://www.youtube.com/watch?v=m9o-1O4DxMQ
mCDxQlAHLA4,개미들의 피눈물 주식 '금양' 결국 상장 폐지 결정(260520),이데일리TV,UC8Sv6O3Ux8ePVqorx8aOBMg,2026-05-20 19:23:35,shorts,61.0,48699,355.0,81.0,403000,10만~100만,142.05560139739583,342.8164713038394,0.12084119106699752,,,insufficient,False,False,True,True,0.007289677406106901,0.0016632785067455184,수,19,36,50.0,"주식, 증권, 투자, 경제, 금융, 재테크, 이데일리, 이데일리TV, 주식분석, 종목추천, 투자전략, ETF, 테마주, 증시분석, 경제뉴스, 뉴스",https://www.youtube.com/watch?v=mCDxQlAHLA4
mMPPK0u2480,4억 날려본 정신과 의사가 알려주는 투자심리 (박종석 정신과 전문의),신사임당,UCaJdckl6MBdDPDf75Ec_bJA,2022-06-06 16:00:15,long,1038.0,69996,1300.0,52.0,2820000,100만+,1586.1968051010995,44.12819378711248,0.024821276595744683,,,insufficient,False,False,True,False,0.01857248985656323,0.0007428995942625293,월,16,38,50.0,,https://www.youtube.com/watch?v=mMPPK0u2480
mNUf-OkbQRo,보이스피싱 당했다가 오히려 1억 번 여성 / KNN,KNN NEWS,UC1ifSsWUG241rRfK0ezYCgA,2025-10-25 17:58:54,long,82.0,779342,3875.0,520.0,1380000,100만+,349.11440926776623,2232.339827034337,0.5647405797101449,,,insufficient,False,False,True,True,0.004972143166927998,0.0006672295346587249,토,17,28,50.0,"knn뉴스, e뉴스",https://www.youtube.com/watch?v=mNUf-OkbQRo
mS2MIhykPxw,청탁 의혹의 중심 ‘제넨셀’·‘세종메디칼’은? [9시 뉴스] / KBS 2026.09.08.,KBS News,UCcQTRi69dsVYHN3exePtZ1A,2026-09-08 21:49:57,long,136.0,67789,525.0,196.0,3720000,100만+,30.95395787887732,2189.99458050754,0.018222849462365593,,,insufficient,False,False,True,True,0.0077446193335201875,0.00289132455118087,화,21,51,50.0,"KBS, KBS NEWS, KBS 뉴스9, KBS뉴스, NEWS, format:리포트, genre:사회, location:정책행정부, person:송금한, series:뉴스 9, source:영상, topic:개각 인선 여야 충돌, type:방송, 뉴스, 뉴스9",https://www.youtube.com/watch?v=mS2MIhykPxw
n5POzCe_kgY,"""유튜브 보고 투자"" 어르신 리딩방 사기 주의보   #shorts",광주MBC뉴스,UCr0LBUePUC5XnejgV4JmboA,2024-04-16 14:41:17,shorts,55.0,15633,86.0,2.0,199000,10만~100만,906.2516430640626,17.250175621358746,0.07855778894472362,,,insufficient,False,False,True,False,0.005501183394102219,0.00012793449753726091,화,14,36,50.0,"광주MBC뉴스, 광주MBC, 광주, 광주광역시, 전남, 전라남도, 광주전남, MBC, 뉴스데스크, 뉴스투데이, 뉴스, 광주뉴스, 광주전남뉴스",https://www.youtube.com/watch?v=n5POzCe_kgY
nZvMeGuHA3s,"""40억 빚내서 샀다가.."" 아찔 하이닉스 고액 주주 '인증 글' / KNN",KNN NEWS,UC1ifSsWUG241rRfK0ezYCgA,2026-07-15 20:15:32,shorts,12.0,660439,1276.0,634.0,1380000,100만+,86.01952500850695,7677.780131135176,0.47857898550724637,,,insufficient,False,False,True,True,0.001932048228526783,0.0009599675367444987,수,20,42,50.0,"knn뉴스, e뉴스, SK하이닉스, 주식, 주주, 급락, 주가, HBM, 반도체, 공급, 과잉, 나스닥, 상장, 대출, 신용거래, 증권, 계좌, 손실, 인증, 하향, 축소, 폭락",https://www.youtube.com/watch?v=nZvMeGuHA3s
njZpWHaHO-A,“아싸 호구 잡았네” 리딩방에 돈을 넣으면 벌어지는 끔찍한 일! 550억 사기 전말 | KBS 시사직격 20201113 방송,KBS 다큐,UC4LW3sOslC14Vn5bcoNUBkg,2026-05-18 20:15:06,long,2413.0,306099,1759.0,814.0,2810000,100만+,144.01982593443287,2125.3948754205276,0.10893202846975089,,,insufficient,False,False,True,True,0.005746506849091307,0.0026592703667767618,월,20,69,49.0,"kbs, kbs다큐, kbs 다큐, 다큐, 다큐멘터리, 다큐 스페셜, 다큐멘터리 3일, 다큐 3일, 다큐인사이트, 다큐 인사이트, 세계는 지금, 뉴스, korea documentary, documentary, south korea, korea, documentary history, documentary film, documentales interesantes, korea now, korea news, tv documentary, tv 다큐, 교육 영상, 사회이슈 다큐, 교육 다큐, 가족 다큐, 인생 다큐, 사람 다큐, 직업 다큐, 역사 다큐, 경제 다큐, 정치 다큐, 사회 다큐, 여행 다큐, life in korea, kbs 다큐멘터리, kbs documentary, kbs 스페셜, korea history, south korea life, 특집 다큐, 감동 다큐, 동기부여 다큐, 실시간 방송",https://www.youtube.com/watch?v=njZpWHaHO-A
oix4qJd4eCo,"[#유퀴즈온더블럭] 4억이 한순간에 8,400만원으로💸💦 주식 투자 실패 후 우울증까지 온 정신과 의사💥",tvN D ENT,UCsRIHt5FkbGc6cQtCxt-ufA,2026-06-10 14:00:05,long,943.0,68357,574.0,72.0,5370000,100만+,121.28025417517362,563.6284361778065,0.012729422718808194,,,insufficient,False,False,True,True,0.008397091738958702,0.001053293737290987,수,14,58,50.0,"YOUQUIZONTHEBLOCK, tvN 유퀴즈, 명언제조기, 유재석, 유재석 조세호, 유퀴즈, 유퀴즈 감동, 유퀴즈 게스트, 유퀴즈 노가리, 유퀴즈 눈물, 유퀴즈 다시보기, 유퀴즈 레전드, 유퀴즈 레전드 모음, 유퀴즈 명언, 유퀴즈 몰아보기, 유퀴즈 배우, 유퀴즈 사투리, 유퀴즈 영화, 유퀴즈 운동선수, 유퀴즈 유재석, 유퀴즈 일반인, 유퀴즈 재미, 유퀴즈 조세호, 유퀴즈 퀴즈, 유퀴즈 풀버전, 유퀴즈 할머니, 유퀴즈온더블럭, 유퀴즈온더블럭 다시보기, 조세호, 티빙에서스트리밍",https://www.youtube.com/watch?v=oix4qJd4eCo
on7BSdbb0cw,"'1억 수익' 났는데 걱정, 왜? ""사실 아내 몰래…"" 발칵 / KNN",KNN NEWS,UC1ifSsWUG241rRfK0ezYCgA,2026-06-02 14:00:17,shorts,19.0,25211,52.0,8.0,1380000,100만+,129.28011528628474,195.0106553058947,0.018268840579710146,,,insufficient,False,False,True,True,0.0020625917258339614,0.0003173218039744556,화,14,39,50.0,"knn뉴스, e뉴스, 주식, 투자, 수익, 아내, 남편, 이혼, 위기",https://www.youtube.com/watch?v=on7BSdbb0cw
op2VpCTCznA,"미리 산 주식 방송에서 추천...대법 ""자본시장법 위반"" / YTN", YTN,UChlgI3UHCOnwUGzWzbJ3H5w,2022-06-12 17:43:44,long,162.0,6328,66.0,39.0,5410000,100만+,1580.1249416751734,4.00474660775328,0.0011696857670979667,,,insufficient,False,False,True,False,0.010429835651074588,0.006163084702907712,일,17,37,50.0,"source:영상, type:방송, genre:사회, format:기타, person:김다연",https://www.youtube.com/watch?v=op2VpCTCznA
pCLBPEo7zKM,[긴급공지] 전문가 사칭 주식 단톡방을 조심하세요.,부자아빠주식학교,UC9F-3NSzjN0dfro-2MvDVrQ,2019-10-24 17:38:22,long,278.0,1561,61.0,10.0,280000,10만~100만,2542.128668527025,0.6140523173850534,0.005575,,,insufficient,False,False,True,False,0.039077514413837285,0.0064061499039077515,목,17,28,44.08240377382695,"성공, 주식, 자기계발, 돈, 부자, 초보, 흙수저",https://www.youtube.com/watch?v=pCLBPEo7zKM
pCuwX7mMR8w,"""주식으로 엄청 벌었대"" 커지는 자산 격차.. 지금이라도 과감한 투자 해야할까? | KBS 이슈픽 20260426 방송",KBS 다큐,UC4LW3sOslC14Vn5bcoNUBkg,2026-05-21 16:00:44,long,1249.0,178966,1520.0,582.0,2810000,100만+,141.1964694529514,1267.4962815528042,0.06368896797153024,,,insufficient,False,False,True,True,0.008493233351586334,0.0032520143490942415,목,16,66,49.0,"kbs, kbs다큐, kbs 다큐, 다큐, 다큐멘터리, 다큐 스페셜, 다큐멘터리 3일, 다큐 3일, 다큐인사이트, 다큐 인사이트, 세계는 지금, 뉴스, korea documentary, documentary, south korea, korea, documentary history, documentary film, documentales interesantes, korea now, korea news, tv documentary, tv 다큐, 교육 영상, 사회이슈 다큐, 교육 다큐, 가족 다큐, 인생 다큐, 사람 다큐, 직업 다큐, 역사 다큐, 경제 다큐, 정치 다큐, 사회 다큐, 여행 다큐, life in korea, kbs 다큐멘터리, kbs documentary, kbs 스페셜, korea history, south korea life, 특집 다큐, 감동 다큐, 동기부여 다큐, 실시간 방송",https://www.youtube.com/watch?v=pCuwX7mMR8w
pMf_8uBVrfM,"대법 ""가짜 투자 사이트도 '무허가 시장개설' 처벌"" / YTN 사이언스",YTN 사이언스 투데이,UCUkuuoNkyVBFWojFW-SPmTw,2026-06-05 17:03:08,shorts,38.0,195,1.0,0.0,137000,10만~100만,126.15313611961807,1.5457404072388776,0.0014233576642335767,,,insufficient,False,False,True,True,0.005128205128205128,0.0,금,17,40,50.0,"리딩방사기, 투자사기, 대법원, 자본시장법, 가짜투자사이트, 주식사기, 금융사기, 투자피해, 리딩방, 주식투자, 사기조직, 금융투자상품시장, 상고심, 판결, 84억원사기, 투자주의, 범죄수익, 중국인총책, 경제범죄, YTN, YTN사이언스, YTN뉴스, 사이언스투데이",https://www.youtube.com/watch?v=pMf_8uBVrfM
pWsLZMZBjJU,투자 실패로 10억 날린 남편에게 날아온 소장? -화성인 부부- #오은영리포트레전드 #MBCLIFE MBC250616방송,MBClife,UCfWZnsdfiKvOyHDGfzMT3Cg,2026-09-04 20:00:20,long,2538.0,279852,579.0,,692000,10만~100만,35.0300805640625,7988.905406261077,0.40441040462427746,,,insufficient,False,False,True,True,0.0020689507311007246,,금,20,67,50.0,"오은영 리포트, 오은영 내외 부부, 결혼지옥 내외부부, 오은영 리포트 내외부부, 오은영 금쪽이, 금쪽이, 알코올 중독, 술 중독, 오은영 리포트 결혼지옥, 오은영, 오은영리포트, 소유진, 문세윤, 박지민, 김응수, 부부문제, 공감, 결혼생활, 부모, 자식, 학부모, 내조, 솔루션, 심리분석, 심리, 상담, 사연, 부부갈등, 가정, 부부솔루션, T40915S, 결혼지옥, 250616, 화성인부부",https://www.youtube.com/watch?v=pWsLZMZBjJU
pd1IICARiyw,"평생 번 돈, 노후 7년이면 고갈됩니다! 너무 막막한 노후 대비, 주식을 이렇게 묻어두면, 가만히 있어도 노후 자금 죽을 때까지 쌓입니다!",힐링여행자 ,UCHpGooMnVgnILywqrpqvZcQ,2025-10-19 23:18:04,long,856.0,62152,3699.0,175.0,455000,10만~100만,354.8927657492477,175.12895724652213,0.1365978021978022,,,insufficient,False,False,True,True,0.05951538164499936,0.0028156776933968334,일,23,77,26.332082036974633,"전원생활, 전원주택, 귀농, 귀촌, 시골, 산골, 은퇴, 퇴직, 중년, 노후, 재테크, 자기계발, 동기부여, 삼성전자, 부동산투자, 주식투자, 주식상황, 내집마련, 아파트, 집값, 텃밭농사, 정원관리, 블루베리, 영국장미, 야생화, 부부여행, 힐링, 부자, 재개발, 재건축, 주식공부, 60대유튜버, 50대, 60대, 국내여행, 노년, 중장년, 돈관리, 인간관계, 50대유튜버, 5060, 연금, 양귀비, 패랭이, 힐링여행, 정원가꾸기, 정원꾸미기, 독일장미, 텃밭관리, 나무, 아파트가격, 빌라가격, 강북아파트가격, 아파트전세가격, 단독주택, 시골집, 노년생활, 노후생활, 은퇴생활, 돈모으기, 절약, 저축, 조경, 여행, 인생, 좋은생각, 부동산담보대출, 아파트담보대출, 반도체, sk하이닉스, 카카오, 직장인, 강남아파트, 서울아파트가격, 경제, 금융, 현금, 전원주택매물, 전원주택매매, 전원주택전세, 주식시세, 주가, 증권, 단타, 자본소득, 근로소득, 성공, 주식양도세, 해외주식, 미국주식, 미국ETF, 미국QQQ, 동학개미, 주식초보, 주린이, 주식시장, 코스피, 코스닥, 펀드, ETF, 나스닥, 노후대책, 노후생활비, 노후준비, 미국증시, 빅테크",https://www.youtube.com/watch?v=pd1IICARiyw
plK5Q7nHohU,"미 대법원 ‘상호관세’ 판결 임박…트럼프의 플랜B, 한국은 괜찮나?"" | 한국경제산업연구원 김광석 연구실장[심층 인터뷰]",삼프로TV 3PROTV,UChlv4GSd7OQl3js-jkLOnFA,2026-01-09 19:33:02,long,4260.0,25264,363.0,32.0,3040000,100만+,273.04903889739586,92.52550421718752,0.008310526315789473,,,insufficient,False,False,True,True,0.014368271057631412,0.001266624445851805,금,19,67,50.0,"삼프로TV, 경제의신, 신과함께, 삼프로, 주식, 투자, 금융, 3프로TV",https://www.youtube.com/watch?v=plK5Q7nHohU
qG_hUlaXa-8,"[단독] 27억 투자리딩방 사기 30대 피의자, 2년 도피 생활 끝에 덜미 [MBN 뉴스7]",MBN News,UCG9aFJTZ-lMCHAiO1KJsirg,2026-06-19 19:48:17,long,110.0,5967,53.0,15.0,2590000,100만+,112.03844861961807,53.25850253655843,0.002303861003861004,,,insufficient,False,False,True,True,0.008882185352773589,0.002513826043237808,금,19,51,49.0,"MBN, MBN뉴스, 뉴스7, 엠비엔뉴스, 이상훈, 유호정, 27억, 투자리딩방, 사기, 30대피의자, 2년도피, 서울, 사기범, 고수익",https://www.youtube.com/watch?v=qG_hUlaXa-8
qJf4nz7mQ7Q,"코스피 5,000시대. 왜 주가는 오르는데 내 수익률은 저조할까? 우리가 투자에 실패하는 진짜 이유｜주식의 모든 것｜다큐프라임 2026｜#골라듄다큐",EBSDocumentary (EBS 다큐),UCFCtZJTuJhE18k8IXwmXTYQ,2026-02-07 13:00:42,long,1700.0,889162,9706.0,1723.0,5460000,100만+,244.32149260109955,3639.3114274711925,0.16285018315018315,,,insufficient,False,False,True,True,0.010915896090926063,0.0019377796172126115,토,13,82,50.0,"EBS, EBS documentary, EBS 다큐멘터리, 다큐, docu, 골라듄, 골라듄다큐, 골라둔다큐",https://www.youtube.com/watch?v=qJf4nz7mQ7Q
q_61DY04zGA,"[다큐라이프] 청년들, 왜 주식에 매달릴까? 주식 투자 안하고 가만히 있으면... #MBClife #2030주식투자분투기 MBC210225방송",MBClife,UCfWZnsdfiKvOyHDGfzMT3Cg,2026-05-28 17:00:16,long,1397.0,79698,350.0,163.0,692000,10만~100만,134.1551268603588,594.0734570879064,0.11517052023121387,,,insufficient,False,False,True,True,0.004391578207734196,0.0020452207081733545,목,17,79,50.0,"MBC, 다큐, MBClife, T40868G, 다큐플렉스, 주식, 존리, 2030, 벼락거지가될순없어, 김짠부, 재테크, 주식투자",https://www.youtube.com/watch?v=q_61DY04zGA
qiy8bXtEdyw,☑️채권추심전문변호사 내가 몇 수는 앞서갑니다.,🔯 실전투자한주원 🔯,UCUSW92vQfuBv1FM39DMERiA,2023-10-05 13:28:38,shorts,60.0,315,2.0,0.0,22800,1만~10만,1100.3020944529515,0.2862850135322262,0.01381578947368421,,,insufficient,False,False,True,False,0.006349206349206349,0.0,목,13,26,35.000729181857956,"한주원TV, 법통령TV, 주식리딩방, 신의타점, 주식고수, 변호사선임, 변호사선임비용, 무료법률상담, 주식검색기, 주식종목검색기, 고보경변호사, 변호사주식, 법률상담주식, 채권추심전문변호사, 은닉재산, 은닉재산추적, 그록, Grok, xAI, 그록 AI, 그록 사용법, xAI 그록, 챗GPT, GPT-4, GPT AI, 챗GPT 사용법, GPT-4o, 그록 vs GPT, AI 챗봇 비교",https://www.youtube.com/watch?v=qiy8bXtEdyw
qpT0WyJGAjs,[#유퀴즈] 도파민 팡팡! 터진다의 바로 그 도파민과 도박중독의 무시무시한 연관성💥 전문의가 알려주는 쾌락의 위험,샾잉 #ing,UCwNVDlUgdBlmVWRPy4Nk0Dw,2024-03-17 13:00:33,long,1014.0,1423000,9612.0,916.0,1600000,100만+,936.3215967677663,1519.776970767602,0.889375,,,insufficient,False,False,True,False,0.0067547434996486294,0.0006437104708362614,일,13,63,50.0,"tvN, 유퀴즈, 조세호, 유재석, 샾잉, #ing, 유퀴즈 229화 다시보기",https://www.youtube.com/watch?v=qpT0WyJGAjs
qr2QEXu5GG8,삼전닉스 내일도 급락할까? 돈버는 전략 180도 바뀔 겁니다 [이정윤 세무사],부읽남TV_내집마련부터건물주까지,UC2QeHNJFfuQWB4cy3M-745g,2026-10-03 13:30:37,shorts,60.0,14992,88.0,3.0,1840000,100만+,6.300717138136574,2379.411687799376,0.008147826086956522,,,insufficient,False,False,False,True,0.005869797225186766,0.00020010672358591249,토,13,43,50.0,"부동산읽어주는남자, 부읽남, 재테크, 부읽남TV, 부자, 부동산, 주식, 비트코인, 투자마인드, 삼전닉스, 반도체, AI, 삼성전자, 하이닉스, 코스피, 한국증시, 미국증시, 국장, 미장",https://www.youtube.com/watch?v=qr2QEXu5GG8
qtxPl36NG60,젠슨 황 한마디에 '돈 삭제'...아이온큐 추락에 레버리지 상품 '상폐' [지금이뉴스] / YTN, YTN,UChlgI3UHCOnwUGzWzbJ3H5w,2025-01-10 08:22:24,long,105.0,578908,2232.0,1512.0,5410000,100만+,637.5147564899885,908.0699609015107,0.10700702402957486,,,insufficient,False,False,True,False,0.003855534903646175,0.0026118139669861185,금,8,54,50.0,"source:영상, type:디지털, genre:경제, format:기타, 아이온큐상장폐지, 아이온큐주가, 양자컴퓨터, 엔비디아, 젠슨황",https://www.youtube.com/watch?v=qtxPl36NG60
qvtMkiHArpw,"[심층인터뷰] “절차는 문제, 법은 유효” / KBS  2023.03.23.",KBS News,UCcQTRi69dsVYHN3exePtZ1A,2023-03-24 02:02:29,long,347.0,1692,10.0,16.0,3720000,100만+,1295.7785875085071,1.3057786386587373,0.00045483870967741937,,,insufficient,False,False,True,False,0.00591016548463357,0.009456264775413711,금,2,42,50.0,"KBS, KBS NEWS, KBS뉴스, NEWS, format:리포트, genre:사회, series:뉴스라인, source:영상, type:방송, 뉴스, 뉴스라인",https://www.youtube.com/watch?v=qvtMkiHArpw
qx3ouEtqRm8,"[양담소]""남편의 주식투자 빚까지 이혼 시 갚아야 하나요?"" 6.14(월)/ YTN 라디오",YTN 라디오,UCwRljhjVWtLqAKbsWGPU_OA,2021-06-14 13:42:33,long,746.0,252,2.0,0.0,920000,10만~100만,1943.2924301010994,0.12967682892012797,0.00027391304347826085,,,insufficient,False,False,True,False,0.007936507936507936,0.0,월,13,50,50.0,"YTN라디오, 양소영 변호사의 상담소, YTN, 뉴스, 양소영, 변호사, 법률, 상담, 분쟁, 소송",https://www.youtube.com/watch?v=qx3ouEtqRm8
rM2qJNV2BU8,비상장 주식 함부로 사면 안되는 이유,채널에이드: 채널A Drama & Enjoy,UCB-ogYCX9Me8nP9gEGpMjUg,2023-05-12 09:20:32,shorts,40.0,15077,75.0,6.0,1270000,100만+,1246.4743861196182,12.09571585898046,0.011871653543307086,,,insufficient,False,False,True,False,0.004974464415997877,0.0003979571532798302,금,9,20,50.0,,https://www.youtube.com/watch?v=rM2qJNV2BU8
rWvU4VOLObk,"연휴, 금융사기도 대목...불장 속 주식투자 사기 주의 / YTN", YTN,UChlgI3UHCOnwUGzWzbJ3H5w,2026-02-14 05:37:29,long,126.0,1747,6.0,4.0,5410000,100만+,237.6292819529514,7.351787564404169,0.00032292051756007393,,,insufficient,False,False,True,True,0.0034344590726960505,0.0022896393817973667,토,5,36,50.0,"source:영상, type:방송, genre:경제, format:기타, person:이승은",https://www.youtube.com/watch?v=rWvU4VOLObk
s7O4tr1EPJY,10억 상장폐지 이렇게 당합니다 #박세익#상장폐지,체슬리TV,UCXST0Hq6CAmG0dmo3jgrlEw,2026-08-26 12:00:23,shorts,49.0,65863,1007.0,36.0,201000,10만~100만,44.36337917517361,1484.6254100692556,0.3276766169154229,,,insufficient,False,False,True,True,0.015289312664166527,0.0005465891319860923,수,12,27,34.637151781511044,"박세익, 박세익전무, 박세익 전무, 체슬리투자자문, 체슬리, 체슬리TV, 주식, 주식투자, 경제, 시황, 국내주식, 미국주식, 중국주식, 가상자산, 투자, 재테크, 연금, 자문",https://www.youtube.com/watch?v=s7O4tr1EPJY
sBl3La0muqg,"""1억 2,000만 원이 4,600만 원 돼"" 여경옥 셰프, 레버리지 손실 공개 / KNN",KNN NEWS,UC1ifSsWUG241rRfK0ezYCgA,2026-07-24 15:15:03,shorts,15.0,114641,117.0,62.0,1380000,100만+,77.22819398998843,1484.4449167730327,0.0830731884057971,,,insufficient,False,False,True,True,0.0010205772803796199,0.0005408187297738157,금,15,50,50.0,"knn뉴스, 주식, 여경옥, 중식, 셰프, 레버리지, 평가손실, eft, sk, 하닉, 하이닉스, 투자, 손실, e뉴스",https://www.youtube.com/watch?v=sBl3La0muqg
sCxfVjYCkTw,"주가가 순식간에 600% 폭등, '주가조작'의 실체 | KBS 20230627 방송",KBS 다큐,UC4LW3sOslC14Vn5bcoNUBkg,2025-06-20 22:01:55,long,2708.0,684965,5269.0,763.0,2810000,100만+,475.94564769369214,1439.1664328041675,0.24375978647686833,,,insufficient,False,False,True,False,0.007692363843408058,0.00111392552904163,금,22,46,49.0,"kbs, kbs다큐, kbs 다큐, 다큐, 다큐멘터리, 다큐 스페셜, 다큐멘터리 3일, 다큐 3일, 다큐인사이트, 다큐 인사이트, 세계는 지금, 뉴스, korea documentary, documentary, south korea, korea, documentary history, documentary film, documentales interesantes, korea now, korea news, tv documentary, tv 다큐, 교육 영상, 사회이슈 다큐, 교육 다큐, 가족 다큐, 인생 다큐, 사람 다큐, 직업 다큐, 역사 다큐, 경제 다큐, 정치 다큐, 사회 다큐, 여행 다큐, life in korea, kbs 다큐멘터리, kbs documentary, kbs 스페셜, korea history, south korea life, 특집 다큐, 감동 다큐, 동기부여 다큐, 실시간 방송",https://www.youtube.com/watch?v=sCxfVjYCkTw
sGWOv_6QX7U,레버리지 탔다가 '직격탄' 직장인들 손실 인증 줄줄 / KNN,KNN NEWS,UC1ifSsWUG241rRfK0ezYCgA,2026-07-06 17:00:29,long,85.0,574576,2745.0,2818.0,1380000,100만+,95.15497639739583,6038.317928853217,0.41635942028985506,,,insufficient,False,False,True,True,0.004777435883155579,0.004904486090612904,월,17,34,50.0,"knn뉴스, e뉴스, 주식, 투자, 직장인, SK, 하닉, 삼전, 하이닉스, 빚투, 손실, 레버리지",https://www.youtube.com/watch?v=sGWOv_6QX7U
sVnEVzia258,잦은 매매 말고 장기 투자하면? 버티면 무조건 성공한다는 장기 투자! 주식을 팔지 않고 사 모으기만 하면 일어나는 엄청난 일들,힐링여행자 ,UCHpGooMnVgnILywqrpqvZcQ,2025-06-01 08:00:51,long,488.0,23018,1651.0,52.0,455000,10만~100만,495.5297217677662,46.45130047474238,0.05058901098901099,,,insufficient,False,False,True,False,0.07172647493266139,0.0022591015726822487,일,8,70,26.332082036974633,"전원생활, 전원주택, 귀농, 귀촌, 시골, 산골, 은퇴, 퇴직, 중년, 노후, 재테크, 자기계발, 동기부여, 삼성전자, 부동산투자, 주식투자, 주식상황, 내집마련, 아파트, 집값, 텃밭농사, 정원관리, 블루베리, 영국장미, 야생화, 부부여행, 힐링, 부자, 재개발, 재건축, 주식공부, 60대유튜버, 50대, 60대, 국내여행, 노년, 중장년, 돈관리, 인간관계, 50대유튜버, 5060, 연금, 양귀비, 패랭이, 힐링여행, 정원가꾸기, 정원꾸미기, 데이비드오스틴장미, 독일장미, 텃밭관리, 나무, 아파트가격, 빌라가격, 강북아파트가격, 아파트전세가격, 단독주택, 시골집, 노년생활, 노후생활, 은퇴생활, 돈모으기, 절약, 저축, 조경, 여행, 인생, 좋은생각, 부동산담보대출, 아파트담보대출, 반도체, sk하이닉스, 카카오, 직장인, 강남아파트, 서울아파트가격, 경제, 금융, 현금, 전원주택매물, 전원주택매매, 전원주택전세, 주식시세, 주가, 증권, 단타, 자본소득, 근로소득, 성공, 주식양도세, 해외주식, 미국주식, 미국ETF, 미국QQQ, 동학개미, 주식초보, 주린이, 주식시장, 코스피, 코스닥, 펀드, ETF, 나스닥, 노후대책, 노후생활비, 노후준비",https://www.youtube.com/watch?v=sVnEVzia258
sXCyhAFLcXg,김광규 주식 투자 재산 올인했다가 실패 @힐링캠프-211회 20151130,SBS Entertainment,UCmjNKt6kITwaZTqvWuaSPLg,2015-12-01 01:50:50,long,165.0,207299,1144.0,274.0,7510000,100만+,3965.786677786284,52.27184839798671,0.02760306258322237,,,insufficient,False,False,True,False,0.005518598739019484,0.0013217622853945268,화,1,41,50.0,"힐링캠프, 힐링, 캠프, 211회, 20151130, 김제동, 서장훈, 광희, 김광규, 홍진영, 곽정은",https://www.youtube.com/watch?v=sXCyhAFLcXg
scxuUG4T2gw,"""친정에서 1억도 싹 날려"" 주식으로 집안 거덜 낸 남편 / KNN",KNN NEWS,UC1ifSsWUG241rRfK0ezYCgA,2026-07-01 20:15:28,shorts,14.0,789175,1934.0,388.0,1380000,100만+,100.01957130480325,7890.205783776453,0.5718659420289856,,,insufficient,False,False,True,True,0.002450660499889125,0.0004916526752621409,수,20,37,50.0,"knn뉴스, e뉴스, 주식, 남편, 아내, 시댁, 친정, 통장",https://www.youtube.com/watch?v=scxuUG4T2gw
tHDLNI7c_ro,주식 망한 사람 마음은 더 망한 사람만이 안다 #유퀴즈온더블럭,디글 클래식 :Diggle Classic,UCRMA_Nb5VF-YoWApSVeXPVA,2026-05-20 12:30:34,shorts,23.0,359794,849.0,29.0,3420000,100만+,142.34241852702547,2527.665355999896,0.10520292397660819,,,insufficient,False,False,True,True,0.0023596835967247924,8.060167762664191e-05,수,12,34,50.0,"YOUQUIZONTHEBLOCK, tvN 유퀴즈, 김대호, 김재원, 김재원 아나운서, 김재원 퇴직금, 단종, 단종오빠, 도경완, 도경완 아나운서, 리바운드, 명언제조기, 박지훈, 시그널2, 아나운서 퇴직금, 아나운서 프리, 아침마당, 약한영웅, 연시은, 왕과사는남자, 왕사남, 유재석, 유재석 조세호, 유퀴즈, 유퀴즈 감동, 유퀴즈 게스트, 유퀴즈 김재원, 유퀴즈 노가리, 유퀴즈 눈물, 유퀴즈 다시보기, 유퀴즈 레전드, 유퀴즈 레전드 모음, 유퀴즈 명언, 유퀴즈 몰아보기, 유퀴즈 배우, 유퀴즈 사투리, 유퀴즈 영화, 유퀴즈 운동선수, 유퀴즈 유재석, 유퀴즈 일반인, 유퀴즈 재미, 유퀴즈 조세호, 유퀴즈 퀴즈, 유퀴즈 풀버전, 유퀴즈 할머니, 유퀴즈온더블럭, 유퀴즈온더블럭 다시보기, 장윤정, 장항준, 장항준 천만, 장항준 천만영화, 전현무, 조세호, 티빙에서스트리밍, 프리랜서, 프리선언",https://www.youtube.com/watch?v=tHDLNI7c_ro
tzjpAICd_qg,[#유퀴즈온더블럭] 5억에 삶이 망가져버린 평범한 회사원💥 도박 중독 전문의가 말하는 도박 중독이 진짜 무서운 이유🔥,디글 :Diggle,UCWYzc_p0GgfCepIWDHGFmEg,2026-05-29 20:00:39,long,1001.0,175112,1007.0,168.0,4310000,100만+,133.0298606566551,1316.3360401613684,0.0406292343387471,,,insufficient,False,False,True,True,0.0057506053268765135,0.0009593859929645027,금,20,65,50.0,"YOUQUIZONTHEBLOCK, tvN 유퀴즈, 명언제조기, 유재석, 유퀴즈, 유퀴즈 감동, 유퀴즈 게스트, 유퀴즈 노가리, 유퀴즈 눈물, 유퀴즈 다시보기, 유퀴즈 레전드, 유퀴즈 레전드 모음, 유퀴즈 명언, 유퀴즈 몰아보기, 유퀴즈 배우, 유퀴즈 사투리, 유퀴즈 영화, 유퀴즈 운동선수, 유퀴즈 유재석, 유퀴즈 일반인, 유퀴즈 재미, 유퀴즈 조세호, 유퀴즈 퀴즈, 유퀴즈 풀버전, 유퀴즈 할머니, 유퀴즈온더블럭, 유퀴즈온더블럭 다시보기, 티빙에서스트리밍",https://www.youtube.com/watch?v=tzjpAICd_qg
uAZzjdfUuoQ,피해자냐 공범이냐‥수사 쟁점은? (2023.05.03/뉴스투데이/MBC),MBCNEWS,UCF4Wxdo3inmxP-Y59wXDsFw,2023-05-03 06:31:24,long,111.0,982,17.0,6.0,6200000,100만+,1255.5918398233218,0.7821012918801544,0.00015838709677419354,,,insufficient,False,False,True,False,0.017311608961303463,0.006109979633401222,수,6,40,50.0,"MBC, MBC뉴스, 뉴스데스크, newsdesk, 뉴스투데이, newstoday, 8시뉴스, 아침뉴스, 뉴스, 정오뉴스, news, 주가 조작, 라덕연, SG증권",https://www.youtube.com/watch?v=uAZzjdfUuoQ
uNzqQvT3rQs,[사건상담실] 남편 몰래 투자하다가 진 빚… 이혼 시 분할은? 사건반장 1287회,교양 Voyage,UCe8HrlhMkYlQ_61EjrrQlHw,2019-11-29 17:11:13,long,682.0,14151,140.0,24.0,1090000,100만+,2506.147522693692,5.646515167945911,0.01298256880733945,,,insufficient,False,False,True,False,0.009893293760158293,0.0016959932160271359,금,17,45,38.53152092475651,"4시, 시사토크, 사건반장, 박성준, 사건상황실, 사건상담실, 가사법률, 함께사는세상, 함사세, 미담, 재테크, 빚, 주식 투자, 이혼, 부부 이혼, 갈등, 채무, 재산 분할, 고아림, 고현준, 김윤희, 박지훈",https://www.youtube.com/watch?v=uNzqQvT3rQs
uPnPBEe4zrM,주식 리딩방 사기 쳐도 피해자 돈 그대로 먹는 대한민국 (유광훈 변호사) / 사건텔러,뉴스TVCHOSUN,UCWlV3Lz_55UaX4JsMj-z__Q,2025-12-21 10:01:24,long,281.0,2616,29.0,5.0,3140000,100만+,292.4460064899884,8.945240974215718,0.0008331210191082802,,,insufficient,False,False,True,True,0.011085626911314985,0.00191131498470948,일,10,47,50.0,"TV조선, 티비조선, 조선일보, 종편, 종합편성, TV조선뉴스, 뉴스, 뉴스프로그램, NEWS, 채널19, CH19, 뉴스9, 뉴스7, 윤정호, 포커스, 윤우리, 강펀치, TVCHOSUN, LIVE, 티비조선라이브, TV조선라이브, 주식, 주식 전망, 코스피, 코스피 전망, 코스닥, 코스닥 전망, 주식 뉴스, 미국 주식, 주식 리딩, 주식 리딩방, 코인 리딩.코인 리딩방, 리딩방, 유광훈, 유광훈 변호사, 광화문스퀘어",https://www.youtube.com/watch?v=uPnPBEe4zrM
uRtU2Fo3G0k,'회삿돈으로 200억 대 호화별장'...이화경 부회장 검찰 송치,MBN News,UCG9aFJTZ-lMCHAiO1KJsirg,2018-10-24 21:16:49,long,87.0,1409,3.0,2.0,2590000,100만+,2906.9769671381364,0.4846959628259916,0.000544015444015444,,,insufficient,False,False,True,False,0.0021291696238466998,0.0014194464158978,수,21,35,49.0,"MBN, MBN뉴스, 뉴스, mbn실시간, 이화경, 오리온, 오리온 이화경, 오리온 부회장, 오리온 부회장 횡령, 이화경 부회장 횡령, 오리온 그룹, 오리온 횡령",https://www.youtube.com/watch?v=uRtU2Fo3G0k
uzbEBtlPQqc,'찐' 고수가 알려주는 매도의 기술 #shorts,SBS Biz 증권,UCArMoa6lEdcDIsT7srY8YsA,2023-04-03 21:00:39,shorts,60.0,1071201,8380.0,190.0,152000,10만~100만,1284.9881939899885,833.6271142490714,7.047375,,,insufficient,False,False,True,False,0.00782299493745805,0.00017737100693520638,월,21,27,50.0,"주식, 주식초보, SBSBiz, 돈많이버는법, 투자, 종목, 증시, 증권, 매매, 경제, 외국인, 필살기, 내가팔면오르는이유, 고수외전, 만랩박주식, 투자불변의법칙필살기",https://www.youtube.com/watch?v=uzbEBtlPQqc
v1LZWW-HJ-I,단일종목 레버리지 ETF 왜 조치 안 합니까?,지구뉴스(Jigu News),UCnO3lzE75HYGaFs3XD1KRaw,2026-07-10 08:52:25,shorts,33.0,80950,1609.0,179.0,167000,10만~100만,91.49391158258102,884.7583254426253,0.4847305389221557,,,insufficient,False,False,True,True,0.019876466954910438,0.00221124150710315,금,8,25,34.4591430111411,,https://www.youtube.com/watch?v=v1LZWW-HJ-I
vRHZheY3EhU,‘오스템임플란트 횡령’ 피의자 부친·여동생 집 등 3곳 압수수색 / KBS  2022.01.10.,KBS News,UCcQTRi69dsVYHN3exePtZ1A,2022-01-10 21:51:18,long,129.0,5149,38.0,27.0,3720000,100만+,1732.9530203788772,2.971228844319316,0.0013841397849462366,,,insufficient,False,False,True,False,0.007380073800738007,0.005243736647892795,월,21,54,50.0,"오스템임플란트, 압수수색, 금괴, 횡령, KBS뉴스, KBS 뉴스, KBS NEWS, 뉴스, KBS, 뉴스9",https://www.youtube.com/watch?v=vRHZheY3EhU
vqnmHQ156Pg,"[콕스톡] 주식 물타기 불타기, 성공 vs 실패? 투자 심리 완벽 분석 (feat. 뇌과학)",콕스톡,UCGybUDm8ZFvdn7a1QTNmCNA,2026-04-17 23:48:25,long,2841.0,946,29.0,,33800,1만~10만,174.8716893603588,5.409680683364212,0.027988165680473374,,,insufficient,False,False,True,True,0.0306553911205074,,금,23,51,25.074169459595264,"관련주, 특징주, 주식, 주식투자, 주식공부, 주식매매, 주식추천, 주식종목, 시가매매추천, 종가매매추천, 종가추천, 주식시가베팅, 시간외특징주, 시간외상한가, 상한가, 상한가특징주, 시간외상승종목, 공모주, 공모주청약, 공모주청약일정, 시간외특이종목, 주식상한가, 주식초보, 주식고수, 주식강의, 주식종가배팅, 주식관심종목, 추천종목, 주식종가에사는법, 주식종가베팅법, 종가베팅매매, 단타, 스윙, 코스피, 코스닥, 차트분석, 주가분석, 주가전망, 호가창, 차트, 주가, 매매법, 개미투자자, 전업투자자, 대박주, 국내증시, 종가, 종가베팅, 종가베팅검색기, 종가매매, 재테크, 데이트레이딩, 전업투자, 직장인주식, 주린이, 실시간주식, 거래대금, 거래량, 주식방송, 주식라이브, 주식기초, 주식차트, 스윙매매, 장기투자",https://www.youtube.com/watch?v=vqnmHQ156Pg
w2UQcA4Qlw8,또 '널뛰기' 증시..변덕 심한 이유는 레버리지 ETF? / SBS 8뉴스,SBS 뉴스,UCkinYTS9IHqOEwR1Sze2JTw,2026-06-24 20:51:20,long,188.0,35155,204.0,122.0,5290000,100만+,106.99466389739584,328.5677875834296,0.006645557655954632,,,insufficient,False,False,True,True,0.0058028729910396815,0.003470345612288437,수,20,41,50.0,"SBS NEWS, SBS 뉴스, custom:뉴스넷, format:리포트, genre:경제, language:한국어, location:서울, person:민경호, sbs, sbs 실시간, series:8뉴스, source:영상, type:방송, 경고, 경제, 뉴스 실시간, 뉸, 레버리지, 분석, 삼성전자, 시장, 실시간뉴스, 에스비에스, 이준호, 투자",https://www.youtube.com/watch?v=w2UQcA4Qlw8
w5-YBTKM4Mo,"하루 아침에 주식 3억 잃은 남편, 이성 잃고 장모님께 욕설?! 나락으로 떨어지는 역대급 주식 중독 남편🤯| #애로부부 43회",빼밀리,UC2wEx1iKCgXNliHYNDxIh2A,2026-02-13 18:01:23,long,2207.0,2650,16.0,1.0,717000,10만~100만,238.11268473072917,11.129184499333855,0.003695955369595537,,,insufficient,False,False,True,True,0.0060377358490566035,0.0003773584905660377,금,18,70,50.0,"빼밀리, 애로부부, 주식, 남편주식, 주식실화, 주식중독, 도박중독, 충격사건, 현실불륜, 애로부부43회, 방송충격",https://www.youtube.com/watch?v=w5-YBTKM4Mo
w8FO6ppggCg,"""주식·코인 다 오를 줄 알았죠.. 금리만 올랐어"".. 빚투 '피눈물' [뉴스.zip/MBC뉴스]",MBCNEWS,UCF4Wxdo3inmxP-Y59wXDsFw,2022-12-24 10:11:05,long,511.0,316734,3343.0,1793.0,6200000,100만+,1385.4392819529514,228.61629818487856,0.051086129032258065,,,insufficient,False,False,True,False,0.010554597864454085,0.005660901576717372,토,10,54,50.0,"MBC, MBC뉴스, 뉴스데스크, newsdesk, 뉴스투데이, newstoday, 8시뉴스, 아침뉴스, 뉴스, 정오뉴스, news, genre:경제, format:리포트, type:디지털, source:영상, series:뉴스.zip, topic:주식 하락, location:서울mbc, language:한국어, custom:2차가공, custom:일반",https://www.youtube.com/watch?v=w8FO6ppggCg
wIOOtLH6x2A,세상에 공짜는 없다  무료 주식리딩방을 가면 안되는 이유 #shorts,주식후견인_세력에게 투자자를 보호하는 수호자,UCXMAW_McZltIBlGek8qOoww,2023-02-14 16:00:16,shorts,60.0,993,,0.0,33800,1만~10만,1333.1967935270256,0.7448262738263709,0.029378698224852073,,,insufficient,False,False,True,False,,0.0,화,16,39,47.660550964795185,"주식, 재테크, 채권, 경제, 대형주, 우량주, 테마주, 투자, 금융, 금융공부, 삼성전자, sk하이닉스, 테슬라, 애플, 작전주, 테마",https://www.youtube.com/watch?v=wIOOtLH6x2A
wOX5xb4HT24,믿는 유튜브에 발등 찍혔다…‘이것’ 요구하면 100% 사기 / KBS  2026.04.06.,KBS News,UCcQTRi69dsVYHN3exePtZ1A,2026-04-06 19:25:00,long,132.0,125434,767.0,545.0,3720000,100만+,186.05461760109955,674.1783763138309,0.033718817204301074,,,insufficient,False,False,True,True,0.0061147695202257765,0.0043449144570052774,월,19,51,50.0,"KBS, KBS NEWS, KBS 뉴스7, KBS뉴스, NEWS, format:리포트, genre:사회, location:사회부, person:황현규, series:뉴스 7, source:영상, type:방송, 뉴스, 뉴스7",https://www.youtube.com/watch?v=wOX5xb4HT24
wQkYPjn4wPo,"주식 투자, 불변의 법칙. 투자의 핵심은 ‘이것’. 한 곳에만 투자하면 벌어지는 일｜이진우가 전하는 쉬운 경제｜나의 두 번째 교과서｜알고e즘",EBSCulture (EBS 교양),UCl_tB4AqPkkxuYcJQHz6dMw,2025-11-23 21:31:19,long,1415.0,867613,10348.0,670.0,3080000,100만+,319.96689769369215,2711.5711226808703,0.28169253246753245,,,insufficient,False,False,True,True,0.011926976658948171,0.0007722337032755387,일,21,78,50.0,"EBS, EBS culture, EBS 교양, 교양, 문화, culture",https://www.youtube.com/watch?v=wQkYPjn4wPo
weK0WWDssQw,"[다시보기] 뉴스토리 - 동학개미, 진화했나?_3월6일 / SBS",SBS 뉴스,UCkinYTS9IHqOEwR1Sze2JTw,2021-03-06 08:29:41,live,1562.0,104744,631.0,217.0,5290000,100만+,2043.509698619618,51.25691356921581,0.019800378071833647,,,insufficient,False,False,True,False,0.0060242114106774615,0.0020717177117543727,토,8,36,50.0,"SBS NEWS, SBS뉴스, sbs뉴스, sbs8뉴스, 에스비에스, sbs 뉴스, SBS, 실시간, sbs 실시간, SBS 8뉴스, SBS 8시뉴스, SBS LIVE, sbs live, sbs 생중계, sbs 온에어, SBS 모닝와이드, sbs모바일24, 모바일24, sbsmobile24, sbs24시, sbs라이브",https://www.youtube.com/watch?v=weK0WWDssQw
wt7IZrBPk8M,주식으로 폭망한 남편. 같이 갚는다 vs 이혼한다,이동형TV,UCd4BxCKyMHG2J0X1SerTPaQ,2026-04-02 00:01:19,shorts,59.0,60407,1107.0,25.0,788000,10만~100만,190.86273102702546,316.49447576775265,0.07665862944162437,,,insufficient,False,False,True,True,0.01832569073120665,0.0004138593209396262,목,0,27,43.32967954091173,,https://www.youtube.com/watch?v=wt7IZrBPk8M
x5YfRzLAnow,주가조작 솜방망이 처벌...감옥 가도 '남는 장사' / YTN, YTN,UChlgI3UHCOnwUGzWzbJ3H5w,2023-06-21 05:36:57,long,150.0,1347,13.0,1.0,5410000,100만+,1206.6296523233218,1.1163325858985813,0.0002489833641404806,,,insufficient,False,False,True,False,0.009651076466221232,0.0007423904974016332,수,5,34,50.0,"source:영상, type:방송, genre:사회, format:기타, person:안동준",https://www.youtube.com/watch?v=x5YfRzLAnow
xCaA7hbx5uw,"""해외 주식투자로 고수익 보장"" 사기조직 3개 적발 / 연합뉴스TV (YonhapnewsTV)",연합뉴스TV,UCTHCOPwqNfZ0uiKOvFyhGwg,2018-06-28 12:22:49,shorts,37.0,408,0.0,0.0,2300000,100만+,3025.34780047147,0.13486052741982835,0.0001773913043478261,,,insufficient,False,False,True,False,0.0,0.0,목,12,52,50.0,"Yonhapnews TV, News, 실시간, Live, 생방송, 뉴스",https://www.youtube.com/watch?v=xCaA7hbx5uw
xEXZ6xvV-aw,"65세까지 3억만 모으세요, 앞으로 평생 돈 걱정 끝이다 (85만 경제 유튜버 박곰희 작가)",김작가 TV,UCvil4OAt-zShzkKHsg9EQAw,2025-09-25 18:30:38,long,1905.0,1447321,19060.0,830.0,2730000,100만+,379.09237223072915,3817.858406074994,0.5301542124542125,,,insufficient,False,False,True,False,0.01316915874225552,0.0005734733345263421,목,18,51,25.089231044936607,,https://www.youtube.com/watch?v=xEXZ6xvV-aw
xKQG_jUCLWw,[이슈] ‘유명인 사칭’ 주식 리딩방 사기 기승…“지난해 피해액 7천억 원”/2025년 4월 25일(금)/KBS,KBS News,UCcQTRi69dsVYHN3exePtZ1A,2025-04-25 21:48:35,live,960.0,88277,421.0,194.0,3720000,100만+,531.9549069529514,165.94827652902472,0.02373037634408602,,,insufficient,False,False,True,False,0.0047690791485891,0.0021976279212025784,금,21,62,50.0,"KBS, KBS NEWS, KBS뉴스, NEWS, KBS실시간, KBSLIVE, KBS LIVE, LIVE, 실시간, 실시간뉴스, 라이브, 라이브뉴스, 뉴스, 이슈, KBS 뉴스, kbs news, news, @newskbs, 리딩방, 범죄, 캄보디아, 투자자, 사칭",https://www.youtube.com/watch?v=xKQG_jUCLWw
xKy8OssxXGQ,이혼 소송 중 대박 난 주식도 재산 분할해야 하나요? (이인철 변호사) / JTBC 상암동 클라스,JTBC News,UCsU-I-vHLiaMfV_ceaYz5rQ,2023-06-27 09:30:15,long,678.0,9170,105.0,18.0,4900000,100만+,1200.467638434433,7.638689879186482,0.0018714285714285714,,,insufficient,False,False,True,False,0.011450381679389313,0.0019629225736095966,화,9,54,50.0,"genre:사회, format:해설, type:방송, source:영상, series:상암동클라스, custom:상클상담소, person:이가혁",https://www.youtube.com/watch?v=xKy8OssxXGQ
xMHHGh2n5VU,잇단 주식 리딩방 사기 피해…“초기 수익 현혹” / KBS  2025.01.22.,KBS뉴스 경남,UCRqnjMNlNDN_W28mvnrf8JQ,2025-01-22 20:00:24,long,140.0,41977,259.0,160.0,84800,1만~10만,625.0300342677662,67.15997263903775,0.49501179245283017,,,insufficient,False,False,True,False,0.00617004550110775,0.003811611120375444,수,20,45,50.0,"format:리포트, genre:사회, location:보도국(창원), person:윤경재, series:뉴스7(창원), source:영상, type:방송, 뉴스7(창원), 사기, 주식리딩방, 초기수익현혹",https://www.youtube.com/watch?v=xMHHGh2n5VU
xPBNNJb216g,"""신호 주면 매수하라""…SNS서 활개치는 '리딩방' / SBS",SBS 뉴스,UCkinYTS9IHqOEwR1Sze2JTw,2023-06-19 06:49:35,long,125.0,124325,443.0,129.0,5290000,100만+,1208.579212508507,102.86872280547759,0.02350189035916824,,,insufficient,False,False,True,False,0.0035632415041222604,0.0010376030565051276,월,6,34,50.0,"SBS NEWS, SBS 뉴스, custom:뉴스넷, format:리포트, genre:사회, location:서울, person:조윤하, sbs, sbs 실시간, series:모닝와이드, sns, source:영상, type:방송, 검찰, 뉴스 실시간, 뉸, 리딩방, 신호 주면 매수하라, 실시간뉴스, 에스비에스, 투자",https://www.youtube.com/watch?v=xPBNNJb216g
x_C7HFsorV4,[#오은영리포트 결혼지옥] 투자 실패로 생활고 겪는 부부 ＂10억 벌어 놓은 게 다 날아갔어요＂ -화성인부부 3-  #엠뚜루마뚜루 #볼꼬양 MBC250616방송,엠뚜루마뚜루 : MBC 공식 종합 채널,UCiwQRG2sCcfjKkgxMEdJGPg,2025-06-17 12:01:05,long,631.0,1733570,5163.0,,2950000,100만+,479.3628930640625,3616.4042421371237,0.5876508474576271,,,insufficient,False,False,True,False,0.002978247200862959,,화,12,89,28.884342279456014,"250317, 오은영 리포트, 오은영 내외 부부, 결혼지옥 내외부부, 오은영 리포트 내외부부, 오은영 금쪽이, 금쪽이, 알코올 중독, 술 중독, 오은영 리포트 결혼지옥, 오은영, 오은영리포트, 소유진, 문세윤, 박지민, 김응수, 부부문제, 공감, 결혼생활, 부모, 자식, 학부모, 내조, 솔루션, 심리분석, 심리, 상담, 사연, 부부갈등, 가정, 부부솔루션, T40915S, 결혼지옥, 화성인부부, 250616",https://www.youtube.com/watch?v=x_C7HFsorV4
xwewaispmMU,"48세 가장, 3천만원 빚에 독설 아내 등 돌리나, 그런데 내부 정보는 배신한 전 직장 동료의 함정이었다",운명의 빛 극장,UC0vHVOZAq_5oG46F5zlkDFw,2026-09-26 13:47:37,long,3218.0,76,1.0,0.0,2850,1천~1만,13.288911582581019,5.7190537786119435,0.02666666666666667,,,insufficient,False,True,False,True,0.013157894736842105,0.0,토,13,58,47.18703480043816,null,https://www.youtube.com/watch?v=xwewaispmMU
y9OFEgp5jcE,정년퇴직 은퇴 후 주식 투자 실패 3개월만에 퇴직금 2억 날린 이야기,실패 수집가,UC_8_232GZD4fDmUplkBLjnA,2026-04-20 19:02:12,long,471.0,58,1.0,0.0,1,1천 미만,172.07045093443287,0.3370712384667417,58.0,,,insufficient,False,True,True,True,0.017241379310344827,0.0,월,19,38,1.0,,https://www.youtube.com/watch?v=y9OFEgp5jcE
yIPCoGXmVe0,대부분 주식투자로 돈 잃는 진짜 이유 (김작가TV),김작가 TV,UCvil4OAt-zShzkKHsg9EQAw,2024-04-21 19:30:28,shorts,60.0,832642,7445.0,116.0,2730000,100만+,901.0508213048033,924.0788425166284,0.30499706959706957,,,insufficient,False,False,True,False,0.008941417800207052,0.0001393155762020172,일,19,28,25.089231044936607,,https://www.youtube.com/watch?v=yIPCoGXmVe0
yb9-pNTaK8w,주식으로 망한 사람들의 모임 | 말자쇼 EP.33 | KBS 260831 방송, 개그콘서트,UCzT7nHtzVqwiarTH8sqHaJA,2026-08-31 23:20:00,long,1410.0,1817555,6402.0,367.0,1370000,100만+,38.891423156655094,46734.08305679295,1.3266824817518248,,,insufficient,False,False,True,True,0.0035223143178610824,0.0002019196117861633,월,23,43,50.0,"말자쇼, 소통왕말자할매, 개그콘서트, 스핀오프, 고민, 김영희, 정범균",https://www.youtube.com/watch?v=yb9-pNTaK8w
ycUfP_3MUa4,선배 말만 믿고 투자했다가 원금 80% 잃었다,1일1경제,UC8ImQcymUB3VrAlLa_IMl4A,2026-08-11 20:26:51,shorts,64.0,891,4.0,0.0,344,1천 미만,59.01166621221064,15.098709411049219,2.5901162790697674,,,insufficient,False,True,True,True,0.004489337822671156,0.0,화,20,47,26.071864888422937,"하루경제하나, 경제, 경제공부, 경제뉴스, 주식, 주식투자, 국내주식, 미국주식, 증시, 코스피, 코스닥, 나스닥, S&P500, 투자, 재테크, 돈공부, 경제상식, 경제브리핑, 경제전망, 시장분석, 기업분석, 실적분석, 반도체, AI, 인공지능, 금리, 환율, 달러, 인플레이션, 한국은행, Fed, 연준, ETF, 배당주, 성장주, 가치투자, 장기투자, 경제이슈, 경제트렌드, 비즈니스, 산업분석, 세계경제, 매크로경제, 경제유튜브, 주식유튜브, 재테크유튜브",https://www.youtube.com/watch?v=ycUfP_3MUa4
ypC3KZ-_3mM,순식간에 가진 걸 다 잃었다. 투자 실패하고 일용직 잡부로 다시 일어선 25살 청년 이야기｜누구보다 성실한 대한민국 청년 이야기｜다큐시선｜#골라듄다큐,EBSDocumentary (EBS 다큐),UCFCtZJTuJhE18k8IXwmXTYQ,2024-12-09 20:15:07,long,1789.0,452595,2219.0,470.0,5460000,100만+,669.0198143603589,676.5046270456431,0.08289285714285714,,,insufficient,False,False,True,False,0.0049028380781935285,0.0010384560147593323,월,20,83,50.0,"EBS, EBS documentary, EBS 다큐멘터리, 다큐, docu, 골라듄, 골라듄다큐, 골라둔다큐",https://www.youtube.com/watch?v=ypC3KZ-_3mM
yqRhGPZt-kI,"정태수 살아있나... 4남 정한근 해외도피 21년, 검찰은 공소시효를 어떻게 유지했나",법률방송,UChRnJ6XdAANkCOJfmWSASgQ,2019-06-24 18:36:42,long,295.0,86,1.0,2.0,189000,10만~100만,2664.088159267766,0.03228121400593492,0.000455026455026455,,,insufficient,False,False,True,False,0.011627906976744186,0.023255813953488372,월,18,47,24.999421309691908,"정태수, 정한근, 해외도피, 공소시효, 법률방송, 법률방송뉴스",https://www.youtube.com/watch?v=yqRhGPZt-kI
ywtnyBj4xaM,전문가 도움받으려다…'주식 리딩방' 가입 피해 속출 / JTBC 뉴스룸,JTBC News,UCsU-I-vHLiaMfV_ceaYz5rQ,2020-09-29 21:21:48,long,141.0,4678,33.0,24.0,4900000,100만+,2200.9735064899883,2.125423130358466,0.0009546938775510204,,,insufficient,False,False,True,False,0.00705429670799487,0.005130397605814451,화,21,39,50.0,"JTBC, JTBC NEWS, 뉴스, 뉴스룸, 손석희, newsroom, sohnsukhee, 제이티비씨, 제이티비씨 뉴스, ㅓ슟, 제이티비시, 제이티비시 뉴스, 서복현, 안나경, 한민용, 주린이, 주식 초보, 주식방, 오픈카톡방, 주식 카톡방, 주식 리딩방, 주식 리딩방 해지, 주식 리딩방 환불, 주식 투자, 주식갤러리, 주식 유튜버",https://www.youtube.com/watch?v=ywtnyBj4xaM
z33106XTAbI,남은 금괴 100개 추가 압수…주식 투자로 760억 손실 / JTBC 아침&,JTBC News,UCsU-I-vHLiaMfV_ceaYz5rQ,2022-01-13 09:23:55,long,121.0,2432,23.0,7.0,4900000,100만+,1730.472036582581,1.4053968793409861,0.0004963265306122448,,,insufficient,False,False,True,False,0.009457236842105263,0.0028782894736842104,목,9,42,50.0,"오스템임플란트, 재무팀장, 금괴, 압수, 사망, 아버지, 소식, 자백, 여동생, 투자, 손실, 2200억, 1880억, 횡령, JTBC, JTBC NEWS, 뉴스, 뉴스룸, 손석희, newsroom, sohnsukhee, 제이티비씨, 제이티비씨 뉴스, ㅓ슟, 제이티비시, 제이티비시 뉴스, 안나경, 한민용, 오대영",https://www.youtube.com/watch?v=z33106XTAbI
z5vG-t72OGE,돈뭉치 인증 사진에 혹해서...'투자 리딩방' 사기 / YTN, YTN,UChlgI3UHCOnwUGzWzbJ3H5w,2022-10-06 23:49:41,long,141.0,5496,40.0,7.0,5410000,100만+,1463.8708097307292,3.754429669248585,0.0010158964879852126,,,insufficient,False,False,True,False,0.00727802037845706,0.0012736535662299854,목,23,34,50.0,"source:영상, type:방송, genre:전국, format:기타, person:지환",https://www.youtube.com/watch?v=z5vG-t72OGE
zAy3b37hgyU,"""5억 4천 날리고 파혼까지""…주식리딩방, 사기 수법과 녹취록 공개",뉴스1TV,UCHBvfByzuzamrZiL398jopQ,2024-07-25 17:01:28,long,504.0,569099,3202.0,2064.0,944000,10만~100만,806.1542935270254,705.9430242691149,0.6028591101694916,,,insufficient,False,False,True,False,0.005626437579401827,0.0036267854977780666,목,17,37,50.0,"공모주, 뉴스1, 보이스피싱, 비상장주식, 사모펀드, 주식, 주식리딩방, 코인, 해외선물코인",https://www.youtube.com/watch?v=zAy3b37hgyU
zBz6qBO6hk8,"61. 은퇴 후 투자 실패? 아니요, 저는 삶을 다시 배웠습니다.| 인생사연 | 60대",안드레,UCyrsrAr2Sa0rDKoQvXWAVQg,2025-09-14 02:01:26,long,3601.0,18,1.0,0.0,1,1천 미만,390.7793166751736,0.046061803252913945,18.0,,0.0,same_format,False,True,True,False,0.05555555555555555,0.0,일,2,48,11.898101261340377,,https://www.youtube.com/watch?v=zBz6qBO6hk8
